Business / DBA Name,Legal Entity Name,Street Address,City,State,ZIP Code,NAICS Code,Industry Category,Entity Type,Permit Issue Date,MSSP Regulatory Sales Hook
"10 POINT, INC.","10 POINT, INC.",7000 CUNNINGHAM RD,HOUSTON,TX,77041,238991,"Construction (General, Civil, Specialty Trades)",Texas Corporation,2017-07-21T00:00:00.000,Business Email Compromise (BEC) & Cyber Insurance Renewal
"1ST TEXAS FIRE PROTECTION, INC.","1ST TEXAS FIRE PROTECTION, INC.",6315 GESSNER RD STE B,HOUSTON,TX,77041,238991,"Construction (General, Civil, Specialty Trades)",Texas Corporation,2019-05-01T00:00:00.000,Business Email Compromise (BEC) & Cyber Insurance Renewal
24/6 TECHNICAL SERVICES,24/6 TECHNICAL SERVICES LLC,11874 FAIRPOINT DR,HOUSTON,TX,77099,238210,Electrical Contractors and Other Wiring Installation,Limited Liability Company (LLC),2024-08-14T00:00:00.000,Business Email Compromise (BEC) & Cyber Insurance Renewal
"2ND OPINION AC, LLC","2ND OPINION AC, LLC",6314 N MAIN ST,HOUSTON,TX,77009,238220,"Plumbing, Heating, and Air-Conditioning Contractors",Limited Liability Company (LLC),2023-10-04T00:00:00.000,Business Email Compromise (BEC) & Cyber Insurance Renewal
2X DESIGN BUILD,"2XSTUDIO, LLC",1502 SAWYER ST STE 135,HOUSTON,TX,77007,238912,"Construction (General, Civil, Specialty Trades)",Limited Liability Company (LLC),2021-01-30T00:00:00.000,Business Email Compromise (BEC) & Cyber Insurance Renewal
2XTREME CONSTRUCTION,MARIA ISABEL RIOS,615 BRIGHT PENNY LN,HOUSTON,TX,77015,238992,"Construction (General, Civil, Specialty Trades)",Type IS,2016-02-25T00:00:00.000,Business Email Compromise (BEC) & Cyber Insurance Renewal
"3-TIER COMMUNICATIONS, LLC","3-TIER COMMUNICATIONS, LLC",5710 W 34TH ST STE E,HOUSTON,TX,77092,238210,Electrical Contractors and Other Wiring Installation,Limited Liability Company (LLC),2010-11-23T00:00:00.000,Business Email Compromise (BEC) & Cyber Insurance Renewal
"31-W INSULATION CO., INC.","31-W INSULATION CO., INC.",3838 PINEMONT DR,HOUSTON,TX,77018,238990,"Construction (General, Civil, Specialty Trades)",Foreign Corporation (Out-of-State),2004-12-29T00:00:00.000,Business Email Compromise (BEC) & Cyber Insurance Renewal
"5-NET SOLUTIONS, LLC","5-NET SOLUTIONS, LLC",550 MAXEY RD # 96141,HOUSTON,TX,77013,238210,Electrical Contractors and Other Wiring Installation,Limited Liability Company (LLC),2021-07-28T00:00:00.000,Business Email Compromise (BEC) & Cyber Insurance Renewal
503 HVAC HEATING & COOLING HOUSTON TX,503 HVAC HEATING & COOLING HOUSTON TX  LLC,6523 GLENN LAKES DR,HOUSTON,TX,77069,238220,"Plumbing, Heating, and Air-Conditioning Contractors",Limited Liability Company (LLC),2024-03-20T00:00:00.000,Business Email Compromise (BEC) & Cyber Insurance Renewal
"700 LOUISIANA STREET, SUITE 4250","CATALYST AC & HEAT, LLC",700 LOUISIANA ST STE 4250,HOUSTON,TX,77002,238220,"Plumbing, Heating, and Air-Conditioning Contractors",Corporation / Corporate Entity,2025-06-21T00:00:00.000,Business Email Compromise (BEC) & Cyber Insurance Renewal
713-722-9600 PROBUILD LLC,713-722-9600 PROBUILD LLC,64 LEGEND LN,HOUSTON,TX,77024,238160,Roofing Contractors,Limited Liability Company (LLC),2026-03-04T00:00:00.000,Business Email Compromise (BEC) & Cyber Insurance Renewal
9520 WILCREST DR,KRYSTALLOS LLC,9520 WILCREST DR APT 3112,HOUSTON,TX,77099,238150,"Construction (General, Civil, Specialty Trades)",Limited Liability Company (LLC),2023-10-13T00:00:00.000,Business Email Compromise (BEC) & Cyber Insurance Renewal
9555 W SAM HOUSTON PKWY S,LGS FRAMEX LLC,9555 W SAM HOUSTON PKWY S,HOUSTON,TX,77099,238130,"Construction (General, Civil, Specialty Trades)",Limited Liability Company (LLC),2026-06-17T00:00:00.000,Business Email Compromise (BEC) & Cyber Insurance Renewal
"A & A GENPRO, INC.","A & A GENPRO, INC.",4303 DACOMA ST,HOUSTON,TX,77092,238290,"Construction (General, Civil, Specialty Trades)",Texas Corporation,2011-09-22T00:00:00.000,Business Email Compromise (BEC) & Cyber Insurance Renewal
A & A WELDING SERVICE INC,A & A WELDING SERVICE INC,3153 TILFER ST,HOUSTON,TX,77087,238190,"Construction (General, Civil, Specialty Trades)",Texas Corporation,2025-01-16T00:00:00.000,Business Email Compromise (BEC) & Cyber Insurance Renewal
A & C PLASTIC PRODUCTS INC,"A & C PLASTIC PRODUCTS, INC.",6135 NORTHDALE ST,HOUSTON,TX,77087,238990,"Construction (General, Civil, Specialty Trades)",Texas Corporation,2007-03-28T00:00:00.000,Business Email Compromise (BEC) & Cyber Insurance Renewal
"A & L BUILDING SOLUTIONS, INC.","A & L BUILDING SOLUTIONS, INC.",7822 OAK VISTA ST,HOUSTON,TX,77087,238220,"Plumbing, Heating, and Air-Conditioning Contractors",Texas Corporation,2017-07-15T00:00:00.000,Business Email Compromise (BEC) & Cyber Insurance Renewal
A BEST GUTTER ORIGINAL LLC,A BEST GUTTER ORIGINAL LLC,14606 WADLINGTON DR,HOUSTON,TX,77044,238170,"Construction (General, Civil, Specialty Trades)",Limited Liability Company (LLC),2023-09-01T00:00:00.000,Business Email Compromise (BEC) & Cyber Insurance Renewal
A G  WELDING,"SEPTH GROUP, LLC",8125 MCGEE LN,HOUSTON,TX,77071,238121,"Construction (General, Civil, Specialty Trades)",Limited Liability Company (LLC),2003-01-29T00:00:00.000,Business Email Compromise (BEC) & Cyber Insurance Renewal
A G T INC,"AGT, INC.",5620 RAMPART ST,HOUSTON,TX,77081,238151,"Construction (General, Civil, Specialty Trades)",Texas Corporation,1993-03-09T00:00:00.000,Business Email Compromise (BEC) & Cyber Insurance Renewal
A STEP ABOVE AC HEAT & REFRIGERATION,A STEP ABOVE AC/HEAT & REFRIGERATION LLC,2427 BRIARWEST BLVD,HOUSTON,TX,77077,238220,"Plumbing, Heating, and Air-Conditioning Contractors",Limited Liability Company (LLC),2023-08-15T00:00:00.000,Business Email Compromise (BEC) & Cyber Insurance Renewal
A TO B FIBER AND LOW VOLTAGE TECHNOLOGY,A TO B FIBER AND LOW VOLTAGE TECHNOLOGY LLC,17350 STATE HIGHWAY 249 STE 220 # 27658,HOUSTON,TX,77064,238210,Electrical Contractors and Other Wiring Installation,Limited Liability Company (LLC),2025-03-18T00:00:00.000,Business Email Compromise (BEC) & Cyber Insurance Renewal
A&A GENPRO LLC,A&A GENPRO LLC,4400 BLALOCK RD STE 400,HOUSTON,TX,77041,238210,Electrical Contractors and Other Wiring Installation,Corporation / Corporate Entity,2024-01-19T00:00:00.000,Business Email Compromise (BEC) & Cyber Insurance Renewal
"A&M SHOWER AND GLASS DESIGN, INC","A&M SHOWER AND GLASS DESIGN, INC",9333 HARWIN DR,HOUSTON,TX,77036,238150,"Construction (General, Civil, Specialty Trades)",Texas Corporation,2024-08-23T00:00:00.000,Business Email Compromise (BEC) & Cyber Insurance Renewal
A-1 CONSTRUCTION SERVICES,A-1 STRIPING & PAVING COMPANY,6108 BRITTMOORE RD,HOUSTON,TX,77041,238992,"Construction (General, Civil, Specialty Trades)",Foreign Corporation (Out-of-State),2013-09-24T00:00:00.000,Business Email Compromise (BEC) & Cyber Insurance Renewal
A-1 NATIONAL FIRE CO,SUMMIT FIRE & SECURITY LLC,12711 EAST FWY,HOUSTON,TX,77015,238290,"Construction (General, Civil, Specialty Trades)",Corporation / Corporate Entity,2018-11-03T00:00:00.000,Business Email Compromise (BEC) & Cyber Insurance Renewal
A-1 TOPS SERVICES,"G&B INVESTMENTS, INC.",8950 WESTPARK DR STE 305,HOUSTON,TX,77063,238220,"Plumbing, Heating, and Air-Conditioning Contractors",Texas Corporation,2005-03-19T00:00:00.000,Business Email Compromise (BEC) & Cyber Insurance Renewal
A-PLUS GLASS SERVICES INC,"A-PLUS GLASS SERVICES, INC.",5015 GESSNER DR STE C,HOUSTON,TX,77041,238150,"Construction (General, Civil, Specialty Trades)",Texas Corporation,2024-08-07T00:00:00.000,Business Email Compromise (BEC) & Cyber Insurance Renewal
A.D.H. INSTALLERS,A.D.H. INSTALLERS COMPANY,9231 CLARIDGE DR,HOUSTON,TX,77031,238292,"Construction (General, Civil, Specialty Trades)",Texas Corporation,2023-08-22T00:00:00.000,Business Email Compromise (BEC) & Cyber Insurance Renewal
A.I.R. DUCT CLEANING,HONDOLOS INC,10406 BOB WHITE DR,HOUSTON,TX,77096,238220,"Plumbing, Heating, and Air-Conditioning Contractors",Texas Corporation,2025-05-12T00:00:00.000,Business Email Compromise (BEC) & Cyber Insurance Renewal
A.K. BUILD UP L.L.C.,A.K. BUILD UP L.L.C.,11803 ALMEDA RD,HOUSTON,TX,77045,238910,"Construction (General, Civil, Specialty Trades)",Limited Liability Company (LLC),2025-10-09T00:00:00.000,Business Email Compromise (BEC) & Cyber Insurance Renewal
A.V. INSTALLATION AND REMODELING,ARTURO JOEL VILLAGOMEZ,3230 S GESSNER RD,HOUSTON,TX,77063,238391,"Construction (General, Civil, Specialty Trades)",Type IS,2026-04-06T00:00:00.000,Business Email Compromise (BEC) & Cyber Insurance Renewal
A/C ADVANCE,"A/C ADVANCE, LLC",2249 HIGHWAY 6 S,HOUSTON,TX,77077,238220,"Plumbing, Heating, and Air-Conditioning Contractors",Limited Liability Company (LLC),2011-03-25T00:00:00.000,Business Email Compromise (BEC) & Cyber Insurance Renewal
A/C MAN COOLING & HEATING INC.,A/C MAN COOLING & HEATING INC.,14173 NORTHWEST FWY # 268,HOUSTON,TX,77040,238220,"Plumbing, Heating, and Air-Conditioning Contractors",Texas Corporation,2026-05-05T00:00:00.000,Business Email Compromise (BEC) & Cyber Insurance Renewal
"A/C NATION, INC.","A/C NATION, INC.",11526 LYNDA DR,HOUSTON,TX,77038,238220,"Plumbing, Heating, and Air-Conditioning Contractors",Texas Corporation,2012-05-10T00:00:00.000,Business Email Compromise (BEC) & Cyber Insurance Renewal
A/W MECHANICAL SERVICES,"A/W MECHANICAL SERVICES, L.P.",3331 W 11TH ST,HOUSTON,TX,77008,238222,"Construction (General, Civil, Specialty Trades)",Type PL,1988-09-06T00:00:00.000,Business Email Compromise (BEC) & Cyber Insurance Renewal
A1 MOOSE FLOORS INC,A1 MOOSE FLOORS INC,8628 SCHUMACHER LN,HOUSTON,TX,77063,238330,"Construction (General, Civil, Specialty Trades)",Texas Corporation,2024-02-15T00:00:00.000,Business Email Compromise (BEC) & Cyber Insurance Renewal
A1 PLUS ELECTRICAL LLC,A1 PLUS ELECTRICAL CO.,2001 KARBACH ST STE I,HOUSTON,TX,77092,238210,Electrical Contractors and Other Wiring Installation,Texas Corporation,2020-03-10T00:00:00.000,Business Email Compromise (BEC) & Cyber Insurance Renewal
A1 STEEL INDUSTRY LLC,A1 STEEL INDUSTRY LLC,11501 ROWAN LN UNIT F3,HOUSTON,TX,77072,238290,"Construction (General, Civil, Specialty Trades)",Limited Liability Company (LLC),2024-02-10T00:00:00.000,Business Email Compromise (BEC) & Cyber Insurance Renewal
A2 GLASS LLC,A2 GLASS LLC,6511 MYRTLE ST,HOUSTON,TX,77087,238150,"Construction (General, Civil, Specialty Trades)",Limited Liability Company (LLC),2021-10-22T00:00:00.000,Business Email Compromise (BEC) & Cyber Insurance Renewal
AA CANN MECHANICAL INC,"AA CANN MECHANICAL, INC.",12718 ROBERT E LEE RD,HOUSTON,TX,77044,238211,"Construction (General, Civil, Specialty Trades)",Texas Corporation,1998-02-09T00:00:00.000,Business Email Compromise (BEC) & Cyber Insurance Renewal
"AA&T, INC.","AA&T, INC.",2021 ALDINE MAIL RD STE 1005,HOUSTON,TX,77039,238220,"Plumbing, Heating, and Air-Conditioning Contractors",Texas Corporation,2016-04-14T00:00:00.000,Business Email Compromise (BEC) & Cyber Insurance Renewal
AAA AUGER,"AUGERMAN, INC.",18702 KIETH HARROW BLVD,HOUSTON,TX,77084,238220,"Plumbing, Heating, and Air-Conditioning Contractors",Texas Corporation,2012-01-24T00:00:00.000,Business Email Compromise (BEC) & Cyber Insurance Renewal
AAA CAPITAL ROOFING  ENTERPRISE INC,AAA CAPITAL ROOFING  ENTERPRISE INC,8214 SPLIT OAK DR,HOUSTON,TX,77040,238160,Roofing Contractors,Texas Corporation,2015-09-30T00:00:00.000,Business Email Compromise (BEC) & Cyber Insurance Renewal
AAA PAVING SINCE 1964,"AAA PAVING SINCE 1964, LLC",14601 LILLJA RD,HOUSTON,TX,77060,238110,"Construction (General, Civil, Specialty Trades)",Limited Liability Company (LLC),2025-01-23T00:00:00.000,Business Email Compromise (BEC) & Cyber Insurance Renewal
"AAA PLUMBERS, INC.","AAA PLUMBERS, LLC",6547 PETROPARK DR,HOUSTON,TX,77041,238221,"Construction (General, Civil, Specialty Trades)",Corporation / Corporate Entity,2006-12-05T00:00:00.000,Business Email Compromise (BEC) & Cyber Insurance Renewal
AAA TSM ENTERPRISES INC,AAA TSM ENTERPRISES INC,5710 STAR LN,HOUSTON,TX,77057,238160,Roofing Contractors,Texas Corporation,2014-01-06T00:00:00.000,Business Email Compromise (BEC) & Cyber Insurance Renewal
AAA TSM ENTERPRISES INC,AAA TSM ENTERPRISES INC,6839 SOUTH LOOP E,HOUSTON,TX,77087,238160,Roofing Contractors,Texas Corporation,2022-12-10T00:00:00.000,Business Email Compromise (BEC) & Cyber Insurance Renewal
AAR INCORPORATED,AAR INCORPORATED,6640 SIGNAT DR,HOUSTON,TX,77041,238992,"Construction (General, Civil, Specialty Trades)",Texas Corporation,2006-12-05T00:00:00.000,Business Email Compromise (BEC) & Cyber Insurance Renewal
AARDVARK A/C & HEATING INC,"AARDVARK AIR CONDITIONING & HEATING, INC.",11111 NEESHAW DR,HOUSTON,TX,77065,238221,"Construction (General, Civil, Specialty Trades)",Texas Corporation,2008-08-25T00:00:00.000,Business Email Compromise (BEC) & Cyber Insurance Renewal
"AARM ELECTRICAL & CONTROLS, LLC","AARM ELECTRICAL & CONTROLS, LLC",14423 WADLINGTON DR,HOUSTON,TX,77044,238210,Electrical Contractors and Other Wiring Installation,Limited Liability Company (LLC),2016-02-23T00:00:00.000,Business Email Compromise (BEC) & Cyber Insurance Renewal
AARON WILLIAM TECHNOLOGY SOLUTIONS LLC,AARON WILLIAM TECHNOLOGY SOLUTIONS LLC,6323 RIVERVIEW WAY,HOUSTON,TX,77057,238210,Electrical Contractors and Other Wiring Installation,Limited Liability Company (LLC),2026-08-27T00:00:00.000,Business Email Compromise (BEC) & Cyber Insurance Renewal
AARON-CARTER ELECTRIC INC,"AARON-CARTER ELECTRIC, INC.",1714 STRAWN RD,HOUSTON,TX,77039,238211,"Construction (General, Civil, Specialty Trades)",Texas Corporation,1998-04-09T00:00:00.000,Business Email Compromise (BEC) & Cyber Insurance Renewal
ABBARELI SERVICES LLC,ABBARELI SERVICES LLC,10802 GREENCREEK DR APT 1103,HOUSTON,TX,77070,238310,"Construction (General, Civil, Specialty Trades)",Limited Liability Company (LLC),2017-06-01T00:00:00.000,Business Email Compromise (BEC) & Cyber Insurance Renewal
ABC STEEL PRODUCTS CO INC,"A B C STEEL PRODUCTS CO., INC.",5100 S WILLOW DR,HOUSTON,TX,77035,238992,"Construction (General, Civil, Specialty Trades)",Texas Corporation,1985-10-25T00:00:00.000,Business Email Compromise (BEC) & Cyber Insurance Renewal
"ABCO DOOR COMPANY, LLC","ABCO DOOR COMPANY, LLC",15255 GULF FWY STE 173B,HOUSTON,TX,77034,238990,"Construction (General, Civil, Specialty Trades)",Limited Liability Company (LLC),2025-12-06T00:00:00.000,Business Email Compromise (BEC) & Cyber Insurance Renewal
"ABER FENCE AND SUPPLY COMPANY, INC.","ABER FENCE AND SUPPLY COMPANY, INC.",12239 MOSIELEE ST,HOUSTON,TX,77086,238190,"Construction (General, Civil, Specialty Trades)",Texas Corporation,2007-01-25T00:00:00.000,Business Email Compromise (BEC) & Cyber Insurance Renewal
"ABERLE PLUMBING, LLC","ABERLE PLUMBING, LLC",13141 KINSMAN RD,HOUSTON,TX,77049,238220,"Plumbing, Heating, and Air-Conditioning Contractors",Limited Liability Company (LLC),2010-10-26T00:00:00.000,Business Email Compromise (BEC) & Cyber Insurance Renewal
ABLE & WILLING CONSTRUCTION CO,"ABLE & WILLING CONSTRUCTION, INC.",13721 ALMEDA SCHOOL RD,HOUSTON,TX,77047,238000,"Construction (General, Civil, Specialty Trades)",Texas Corporation,1995-02-09T00:00:00.000,Business Email Compromise (BEC) & Cyber Insurance Renewal
ABLE INSULATION CONTRACTORS,"ABLE INSULATION CONTRACTORS, INC.",9500 TAVE NOR,HOUSTON,TX,77075,238991,"Construction (General, Civil, Specialty Trades)",Texas Corporation,1992-03-20T00:00:00.000,Business Email Compromise (BEC) & Cyber Insurance Renewal
"ABM ELECTRICAL POWER SERVICES, LLC","ABM ELECTRICAL POWER SERVICES, LLC",8101 W SAM HOUSTON PKWY S STE 150,HOUSTON,TX,77072,238290,"Construction (General, Civil, Specialty Trades)",Corporation / Corporate Entity,2014-05-16T00:00:00.000,Business Email Compromise (BEC) & Cyber Insurance Renewal
ABR PLUMBING SERVICES,ANNE H ROSS,7342 WOODOAK DR,HOUSTON,TX,77040,238220,"Plumbing, Heating, and Air-Conditioning Contractors",Type IS,2011-09-22T00:00:00.000,Business Email Compromise (BEC) & Cyber Insurance Renewal
"ABRASIVE WAREHOUSE & EQUIPMENT, L.P.","ABRASIVE WAREHOUSE & EQUIPMENT, L.P.",10775 KEMPWOOD DR STE 1,HOUSTON,TX,77043,238990,"Construction (General, Civil, Specialty Trades)",Type PL,2022-12-07T00:00:00.000,Business Email Compromise (BEC) & Cyber Insurance Renewal
"ABSOLUTE DESIGNS COUNTERTOPS & TILE, INC.","ABSOLUTE DESIGNS COUNTERTOPS & TILE, INC.",11634 EVESBOROUGH DR,HOUSTON,TX,77099,238340,"Construction (General, Civil, Specialty Trades)",Texas Corporation,2023-05-25T00:00:00.000,Business Email Compromise (BEC) & Cyber Insurance Renewal
ABSOLUTE GLASSWORKS,"HOUSTON'S ABSOLUTE GLASSWORKS, INC.",6718 CHETWOOD DR,HOUSTON,TX,77081,238151,"Construction (General, Civil, Specialty Trades)",Texas Corporation,2022-05-19T00:00:00.000,Business Email Compromise (BEC) & Cyber Insurance Renewal
ABSOLUTE MECHANICAL LLC,ABSOLUTE MECHANICAL LLC,18414 KINGS LYNN ST,HOUSTON,TX,77058,238220,"Plumbing, Heating, and Air-Conditioning Contractors",Limited Liability Company (LLC),2019-09-10T00:00:00.000,Business Email Compromise (BEC) & Cyber Insurance Renewal
"ABT PLUMBING CO., INC.","ABT PLUMBING CO., INC.",2015 FIRNAT ST,HOUSTON,TX,77093,238220,"Plumbing, Heating, and Air-Conditioning Contractors",Texas Corporation,1991-09-25T00:00:00.000,Business Email Compromise (BEC) & Cyber Insurance Renewal
AC'S MECHANICAL LLC,AC'S MECHANICAL LLC,5208 BELL ST,HOUSTON,TX,77023,238220,"Plumbing, Heating, and Air-Conditioning Contractors",Limited Liability Company (LLC),2018-01-23T00:00:00.000,Business Email Compromise (BEC) & Cyber Insurance Renewal
AC/DC ELECTRIC INC,"AC/DC ELECTRIC, INC.",7031 HAZEN ST,HOUSTON,TX,77074,238210,Electrical Contractors and Other Wiring Installation,Texas Corporation,2006-07-06T00:00:00.000,Business Email Compromise (BEC) & Cyber Insurance Renewal
"ACADIAN ROOFING, LLC","ACADIAN ROOFING, LLC",12726 MEMORIAL DR,HOUSTON,TX,77024,238160,Roofing Contractors,Limited Liability Company (LLC),2024-01-16T00:00:00.000,Business Email Compromise (BEC) & Cyber Insurance Renewal
ACCELERATED CONTROLLED ENVIRONMENTS,ACCELERATED CONTROLLED ENVIRONMENTS LLC,956 GOLD MESA CT,HOUSTON,TX,77062,238220,"Plumbing, Heating, and Air-Conditioning Contractors",Limited Liability Company (LLC),2024-09-04T00:00:00.000,Business Email Compromise (BEC) & Cyber Insurance Renewal
ACCENT BUILDING RESTORATION INC,"ACCENT BUILDING RESTORATION, INC.",6106 WESTLINE DR,HOUSTON,TX,77036,238320,"Construction (General, Civil, Specialty Trades)",Foreign Corporation (Out-of-State),2008-08-14T00:00:00.000,Business Email Compromise (BEC) & Cyber Insurance Renewal
ACCESSIBLE ROOFERS,ACCESSIBLE ROOFERS LLC,1822 HAMLIN VALLEY DR,HOUSTON,TX,77090,238160,Roofing Contractors,Limited Liability Company (LLC),2025-02-11T00:00:00.000,Business Email Compromise (BEC) & Cyber Insurance Renewal
ACCU ROOF SYSTEMS LLC,ACCU ROOF SYSTEMS LLC,1614 LONGACRE DR,HOUSTON,TX,77055,238162,"Construction (General, Civil, Specialty Trades)",Limited Liability Company (LLC),2021-01-01T00:00:00.000,Business Email Compromise (BEC) & Cyber Insurance Renewal
ACE ASPHALT AND CONCRETE,"C.S. PATRICK REAL ESTATE, LLC",7557 BANYAN ST,HOUSTON,TX,77028,238990,"Construction (General, Civil, Specialty Trades)",Limited Liability Company (LLC),2024-10-02T00:00:00.000,Business Email Compromise (BEC) & Cyber Insurance Renewal
ACE CONSTRUCTION CONCEPTS,ACE CONSTRUCTION CONCEPTS L.L.C.,4419 N PINE BROOK WAY,HOUSTON,TX,77059,238992,"Construction (General, Civil, Specialty Trades)",Limited Liability Company (LLC),2022-08-26T00:00:00.000,Business Email Compromise (BEC) & Cyber Insurance Renewal
ACE DUCT CLEANING INC,"ACE DUCT CLEANING, INC.",14645 HERSHE ST,HOUSTON,TX,77015,238222,"Construction (General, Civil, Specialty Trades)",Texas Corporation,1996-10-01T00:00:00.000,Business Email Compromise (BEC) & Cyber Insurance Renewal
"ACE ELECTRIC SIGN COMPANY, LLC","ACE ELECTRIC SIGN COMPANY, LLC",14000 SCHILLER RD,HOUSTON,TX,77082,238992,"Construction (General, Civil, Specialty Trades)",Limited Liability Company (LLC),2024-03-26T00:00:00.000,Business Email Compromise (BEC) & Cyber Insurance Renewal
ACI MECHANICAL INC,"ACI MECHANICAL, INC.",2016 LOU ELLEN LN,HOUSTON,TX,77018,238221,"Construction (General, Civil, Specialty Trades)",Texas Corporation,1995-02-28T00:00:00.000,Business Email Compromise (BEC) & Cyber Insurance Renewal
ACN MILLWORK CORP,ACN MILLWORK CORP.,5711 RANSOM ST,HOUSTON,TX,77087,238350,"Construction (General, Civil, Specialty Trades)",Texas Corporation,2002-05-31T00:00:00.000,Business Email Compromise (BEC) & Cyber Insurance Renewal
ACN MILLWORK GROUP LLC,ACN MILLWORK GROUP LLC,5711 RANSOM ST,HOUSTON,TX,77087,238350,"Construction (General, Civil, Specialty Trades)",Limited Liability Company (LLC),2018-02-05T00:00:00.000,Business Email Compromise (BEC) & Cyber Insurance Renewal
ACOUSTI ENGINEERING CO OF FLA TX DIV,ACOUSTI ENGINEERING COMPANY OF FLORIDA,505 W 38TH ST,HOUSTON,TX,77018,238312,"Construction (General, Civil, Specialty Trades)",Foreign Corporation (Out-of-State),1982-08-17T00:00:00.000,Business Email Compromise (BEC) & Cyber Insurance Renewal
ACS FLOORING GROUP INC,"ACS FLOORING GROUP, INC.",4444 W 12TH ST,HOUSTON,TX,77055,238330,"Construction (General, Civil, Specialty Trades)",Texas Corporation,2006-10-05T00:00:00.000,Business Email Compromise (BEC) & Cyber Insurance Renewal
ACTION AIR AND HEAT,LEROY DAVIS,402 E KOWIS ST,HOUSTON,TX,77037,238221,"Construction (General, Civil, Specialty Trades)",Type IS,2020-06-23T00:00:00.000,Business Email Compromise (BEC) & Cyber Insurance Renewal
ACTION ELECTRICAL SERVICES INC,"ACTION ELECTRICAL SERVICES, INC.",9690 ALMEDA GENOA RD STE 304,HOUSTON,TX,77075,238212,"Construction (General, Civil, Specialty Trades)",Texas Corporation,2001-12-10T00:00:00.000,Business Email Compromise (BEC) & Cyber Insurance Renewal
ACTION TRUCKING CO,"TORO ROJO, INC.",1306 E ANDERSON RD,HOUSTON,TX,77047,238900,"Construction (General, Civil, Specialty Trades)",Texas Corporation,1998-06-16T00:00:00.000,Business Email Compromise (BEC) & Cyber Insurance Renewal
"ACUITY ELECTRIC, INC.","ACUITY ELECTRIC, INC.",7814 FULTON ST,HOUSTON,TX,77022,238211,"Construction (General, Civil, Specialty Trades)",Texas Corporation,2010-01-13T00:00:00.000,Business Email Compromise (BEC) & Cyber Insurance Renewal
ACURI HVAC CO,HORACIO SANTIAGO ARCURI,6106 S PINESAP DR,HOUSTON,TX,77072,238220,"Plumbing, Heating, and Air-Conditioning Contractors",Type IS,2026-08-06T00:00:00.000,Business Email Compromise (BEC) & Cyber Insurance Renewal
AD & R MAINTENANCE SERVICES,"AD & R  MAINTENANCE SERVICES, LLC",5910 CUNNINGHAM RD,HOUSTON,TX,77041,238990,"Construction (General, Civil, Specialty Trades)",Limited Liability Company (LLC),2024-06-03T00:00:00.000,Business Email Compromise (BEC) & Cyber Insurance Renewal
"ADAIR COMMERCIAL EXTERIOR ENTERPRISE, LLC",ADAIR COMMERCIAL EXTERIOR ENTERPRISES LLC,7001 LYONS AVE,HOUSTON,TX,77020,238160,Roofing Contractors,Limited Liability Company (LLC),2016-05-25T00:00:00.000,Business Email Compromise (BEC) & Cyber Insurance Renewal
ADAM'S SIGN MAINTENANCE LLC,ADAM'S SIGN MAINTENANCE LLC,1415 CHAMBOARD LN,HOUSTON,TX,77018,238992,"Construction (General, Civil, Specialty Trades)",Limited Liability Company (LLC),2016-05-06T00:00:00.000,Business Email Compromise (BEC) & Cyber Insurance Renewal
ADHESIVE SERVICES COMPANY,ADHESIVE SERVICES COMPANY,6730 NORTHWINDS DR,HOUSTON,TX,77041,238992,"Construction (General, Civil, Specialty Trades)",Texas Corporation,1988-03-04T00:00:00.000,Business Email Compromise (BEC) & Cyber Insurance Renewal
"ADMIRAL COMMERCIAL ELECTRIC, LLC","ADMIRAL COMMERCIAL ELECTRIC, LLC",5228 SH 6,HOUSTON,TX,77020,238210,Electrical Contractors and Other Wiring Installation,Limited Liability Company (LLC),2022-02-17T00:00:00.000,Business Email Compromise (BEC) & Cyber Insurance Renewal
ADMIRAL GLASS,"ELMORE INTERESTS, INC.",6655 POLK ST,HOUSTON,TX,77011,238152,"Construction (General, Civil, Specialty Trades)",Texas Corporation,2016-01-19T00:00:00.000,Business Email Compromise (BEC) & Cyber Insurance Renewal
ADROIT INDUSTRIAL MAINTENANCE,"ADROIT INDUSTRIAL MAINTENANCE COMPANY, INC.",14410 LUTHE RD STE 108,HOUSTON,TX,77039,238190,"Construction (General, Civil, Specialty Trades)",Texas Corporation,2023-04-26T00:00:00.000,Business Email Compromise (BEC) & Cyber Insurance Renewal
"ADVANCE INSTALLATION, INC.","ADVANCE INSTALLATION, INC.",5315 LOTUS ST,HOUSTON,TX,77045,238991,"Construction (General, Civil, Specialty Trades)",Texas Corporation,1989-05-16T00:00:00.000,Business Email Compromise (BEC) & Cyber Insurance Renewal
"ADVANCE PANEL SYSTEMS, LLC","ADVANCE PANEL SYSTEMS, LLC",1819 NOCTURNE LN,HOUSTON,TX,77043,238320,"Construction (General, Civil, Specialty Trades)",Limited Liability Company (LLC),2010-02-23T00:00:00.000,Business Email Compromise (BEC) & Cyber Insurance Renewal
ADVANCED ELECTRICAL SERVICES & SOLUTIONS,MICHAEL R HAWTHORN,17534 HEARTWIND CT,HOUSTON,TX,77095,238310,"Construction (General, Civil, Specialty Trades)",Type IS,2011-08-31T00:00:00.000,Business Email Compromise (BEC) & Cyber Insurance Renewal
ADVANCED ENERGY FILMS,ADVANCED ENERGY FILMS LLC,12319 VINTAGE LEAF CIR,HOUSTON,TX,77070,238990,"Construction (General, Civil, Specialty Trades)",Limited Liability Company (LLC),2020-01-17T00:00:00.000,Business Email Compromise (BEC) & Cyber Insurance Renewal
"ADVANCED GLASS SOLUTIONS, LLC","FIRST ADVANCED GLASS SOLUTIONS, LLC",7123 BREEN DR,HOUSTON,TX,77086,238150,"Construction (General, Civil, Specialty Trades)",Limited Liability Company (LLC),2025-03-18T00:00:00.000,Business Email Compromise (BEC) & Cyber Insurance Renewal
"ADVANCED UTILITY LOCATING SERVICES, LLC","ADVANCED UTILITY LOCATING SERVICES, LLC",18223 HOLLY BEND DR,HOUSTON,TX,77084,238990,"Construction (General, Civil, Specialty Trades)",Limited Liability Company (LLC),2018-08-17T00:00:00.000,Business Email Compromise (BEC) & Cyber Insurance Renewal
ADVANTAGE AMERICA,JAMES HARVEY GRIMM,615 RANKIN CIR N,HOUSTON,TX,77073,238910,"Construction (General, Civil, Specialty Trades)",Type IS,2009-03-02T00:00:00.000,Business Email Compromise (BEC) & Cyber Insurance Renewal
ADVANTAGE BUISNESS SOLOUTIONS INT,"ABS INTERNATIONAL, LLC",3050 POST OAK BLVD STE 510,HOUSTON,TX,77056,238990,"Construction (General, Civil, Specialty Trades)",Limited Liability Company (LLC),2025-05-16T00:00:00.000,Business Email Compromise (BEC) & Cyber Insurance Renewal
ADVANTAGE ELECTRIC INC,ADVANTAGE ELECTRIC INC.,720 W 20TH ST,HOUSTON,TX,77008,238210,Electrical Contractors and Other Wiring Installation,Texas Corporation,2006-03-27T00:00:00.000,Business Email Compromise (BEC) & Cyber Insurance Renewal
ADVANTAGE GLASS & ACCESSORIES LTD,"ADVANTAGE GLASS & ACCESSORIES, LTD.",406 E 31ST ST,HOUSTON,TX,77018,238150,"Construction (General, Civil, Specialty Trades)",Type PL,2007-03-07T00:00:00.000,Business Email Compromise (BEC) & Cyber Insurance Renewal
AEOLUS CONSTRUCTION,AEOLUS CONSTRUCTION LLC,915 FRANKLIN ST UNIT 8J,HOUSTON,TX,77002,238160,Roofing Contractors,Limited Liability Company (LLC),2026-02-20T00:00:00.000,Business Email Compromise (BEC) & Cyber Insurance Renewal
AESTHETIC GLASS AND MIRROR,AESTHETIC GLASS AND MIRROR LLC,8121 CATALINA LN,HOUSTON,TX,77075,238151,"Construction (General, Civil, Specialty Trades)",Limited Liability Company (LLC),2024-05-02T00:00:00.000,Business Email Compromise (BEC) & Cyber Insurance Renewal
"AESTHETIC POOL RENOVATIONS, INC","AESTHETIC POOL RENOVATIONS, INC.",9204 EMMOTT RD,HOUSTON,TX,77040,238190,"Construction (General, Civil, Specialty Trades)",Texas Corporation,2013-06-12T00:00:00.000,Business Email Compromise (BEC) & Cyber Insurance Renewal
"AFFILIATED TELEPHONE-HOUSTON, INC.","AFFILIATED TELEPHONE-HOUSTON, INC.",419 CENTURY PLAZA DR STE 200,HOUSTON,TX,77073,238210,Electrical Contractors and Other Wiring Installation,Texas Corporation,2013-09-09T00:00:00.000,Business Email Compromise (BEC) & Cyber Insurance Renewal
AFFINITY INTEREST GROUP LLC,AFFINITY INTEREST GROUP LLC,4622 PLAAG ST,HOUSTON,TX,77016,238210,Electrical Contractors and Other Wiring Installation,Limited Liability Company (LLC),2023-01-19T00:00:00.000,Business Email Compromise (BEC) & Cyber Insurance Renewal
AFFORDABLE BREEZE,MANSOUR FOROUGHI,4622 PLUM FOREST RD,HOUSTON,TX,77084,238220,"Plumbing, Heating, and Air-Conditioning Contractors",Type IS,2009-12-10T00:00:00.000,Business Email Compromise (BEC) & Cyber Insurance Renewal
AFFORDABLE HEAT & AIR COND/AFFORDABLE SALES,LAWRENCE LEE ELLIS,5204 NORTHINGTON ST,HOUSTON,TX,77039,238220,"Plumbing, Heating, and Air-Conditioning Contractors",Type IS,2000-11-30T00:00:00.000,Business Email Compromise (BEC) & Cyber Insurance Renewal
AFFORDABLE QUALITY AIR AND HEAT,MICAH STEPHENS,11227 SAGEWILLOW LN,HOUSTON,TX,77089,238220,"Plumbing, Heating, and Air-Conditioning Contractors",Type IS,1998-10-30T00:00:00.000,Business Email Compromise (BEC) & Cyber Insurance Renewal
"AFMS-GROUP, INC.","AFMS-GROUP, INC.",9039 KATY FWY STE 517,HOUSTON,TX,77024,238320,"Construction (General, Civil, Specialty Trades)",Texas Corporation,2018-12-14T00:00:00.000,Business Email Compromise (BEC) & Cyber Insurance Renewal
AGAPE PROPERTY REPAIR TEAM,AGAPE REPAIR TEAM LLC,6401 CALHOUN RD,HOUSTON,TX,77021,238991,"Construction (General, Civil, Specialty Trades)",Limited Liability Company (LLC),2026-01-26T00:00:00.000,Business Email Compromise (BEC) & Cyber Insurance Renewal
"AGGREGATE TECHNOLOGIES, INC.","AGGREGATE TECHNOLOGIES, INC.",10700 TOWER OAKS BLVD,HOUSTON,TX,77070,238910,"Construction (General, Civil, Specialty Trades)",Texas Corporation,2017-01-18T00:00:00.000,Business Email Compromise (BEC) & Cyber Insurance Renewal
AGS PAINTING LLC,AGS PAINTING LLC,7438 MARINETTE DR,HOUSTON,TX,77074,238320,"Construction (General, Civil, Specialty Trades)",Limited Liability Company (LLC),2026-05-01T00:00:00.000,Business Email Compromise (BEC) & Cyber Insurance Renewal
AGV PLUMBING SERVICES,AGV PLUMBING SERVICES INC.,11110 SELA LN,HOUSTON,TX,77072,238220,"Plumbing, Heating, and Air-Conditioning Contractors",Texas Corporation,2011-02-07T00:00:00.000,Business Email Compromise (BEC) & Cyber Insurance Renewal
AIR CLEAN FILTERS AND SERVICES,DAVID A CRAWFORD,13171 HIGH STAR DR,HOUSTON,TX,77072,238220,"Plumbing, Heating, and Air-Conditioning Contractors",Type IS,2026-03-04T00:00:00.000,Business Email Compromise (BEC) & Cyber Insurance Renewal
"AIR CLEANING SOLUTIONS, LLC","AIR CLEANING SOLUTIONS, LLC",2928 GREENS RD BLDG OFFICE1,HOUSTON,TX,77032,238990,"Construction (General, Civil, Specialty Trades)",Limited Liability Company (LLC),2025-08-12T00:00:00.000,Business Email Compromise (BEC) & Cyber Insurance Renewal
"AIR CLEANING SOLUTIONS, LLC","AIR CLEANING SOLUTIONS, LLC",1922 RANKIN RD,HOUSTON,TX,77073,238990,"Construction (General, Civil, Specialty Trades)",Limited Liability Company (LLC),2026-08-25T00:00:00.000,Business Email Compromise (BEC) & Cyber Insurance Renewal
AIR CONTROL SERVICES BY WILLARD,WILLARD WHITE,9819 RODGERS RD,HOUSTON,TX,77070,238220,"Plumbing, Heating, and Air-Conditioning Contractors",Type IS,1997-07-29T00:00:00.000,Business Email Compromise (BEC) & Cyber Insurance Renewal
AIR KOOL LLC,AIR KOOL LLC,16911 MEMORIAL CHASE RD STE 4,HOUSTON,TX,77070,238220,"Plumbing, Heating, and Air-Conditioning Contractors",Limited Liability Company (LLC),2019-06-04T00:00:00.000,Business Email Compromise (BEC) & Cyber Insurance Renewal
AIR MARSHALL,AIR MARSHALL LLC,6111 AUTUMN FOREST DR,HOUSTON,TX,77092,238220,"Plumbing, Heating, and Air-Conditioning Contractors",Limited Liability Company (LLC),2024-09-11T00:00:00.000,Business Email Compromise (BEC) & Cyber Insurance Renewal
"AIR MECHANIC SERVICES, LLC","AIR MECHANIC SERVICES, LLC",16950 CASTLE FRASER DR,HOUSTON,TX,77084,238220,"Plumbing, Heating, and Air-Conditioning Contractors",Limited Liability Company (LLC),2015-02-17T00:00:00.000,Business Email Compromise (BEC) & Cyber Insurance Renewal
"AIR PERFORMANCE SERVICE OF HOUSTON, LLC","AIR PERFORMANCE SERVICE OF HOUSTON, LLC",10130 W GULF BANK RD,HOUSTON,TX,77040,238220,"Plumbing, Heating, and Air-Conditioning Contractors",Limited Liability Company (LLC),2026-02-04T00:00:00.000,Business Email Compromise (BEC) & Cyber Insurance Renewal
AIR QUALITY TECH LLC,AIR QUALITY TECH LLC,8990 PARK WEST DR UNIT F1,HOUSTON,TX,77063,238220,"Plumbing, Heating, and Air-Conditioning Contractors",Limited Liability Company (LLC),2022-11-29T00:00:00.000,Business Email Compromise (BEC) & Cyber Insurance Renewal
AIR REY SERVICE,AIR REY SERVICE LLC,11321 RICHMOND AVE,HOUSTON,TX,77082,238220,"Plumbing, Heating, and Air-Conditioning Contractors",Limited Liability Company (LLC),2017-10-24T00:00:00.000,Business Email Compromise (BEC) & Cyber Insurance Renewal
AIR TECH 24 LLC,AIR TECH 24 LLC,872 BETTINA CT APT 240,HOUSTON,TX,77024,238220,"Plumbing, Heating, and Air-Conditioning Contractors",Limited Liability Company (LLC),2022-06-30T00:00:00.000,Business Email Compromise (BEC) & Cyber Insurance Renewal
AIR TECHS OF HOUSTON LLC,AIR TECHS OF HOUSTON LLC,2114 LOU ELLEN LN,HOUSTON,TX,77018,238220,"Plumbing, Heating, and Air-Conditioning Contractors",Corporation / Corporate Entity,2020-06-30T00:00:00.000,Business Email Compromise (BEC) & Cyber Insurance Renewal
"AIR TEXAS MECHANICAL, LLC","AIR TEXAS MECHANICAL, LLC",1724 TOWNHURST DR,HOUSTON,TX,77043,238220,"Plumbing, Heating, and Air-Conditioning Contractors",Corporation / Corporate Entity,2010-06-21T00:00:00.000,Business Email Compromise (BEC) & Cyber Insurance Renewal
AIR VENT REMODELING AND DESIGN CENTER,"AVADEK, INC.",9201 WINKLER DR,HOUSTON,TX,77017,238190,"Construction (General, Civil, Specialty Trades)",Texas Corporation,2004-12-28T00:00:00.000,Business Email Compromise (BEC) & Cyber Insurance Renewal
AIR WELL,AIR WELL AIR CONDITIONING & HEATING LLC,13859 CROSSHAVEN DR,HOUSTON,TX,77015,238221,"Construction (General, Civil, Specialty Trades)",Limited Liability Company (LLC),2025-02-04T00:00:00.000,Business Email Compromise (BEC) & Cyber Insurance Renewal
AIR ZONE INTERNATIONAL,"AIR ZONE INDUSTRIES INTERNATIONAL, INC.",5220 TED ST,HOUSTON,TX,77040,238220,"Plumbing, Heating, and Air-Conditioning Contractors",Texas Corporation,2005-08-26T00:00:00.000,Business Email Compromise (BEC) & Cyber Insurance Renewal
AIR ZONE PLUS LLC,AIR ZONE PLUS LLC,8735 E RYLANDER CIR,HOUSTON,TX,77071,238220,"Plumbing, Heating, and Air-Conditioning Contractors",Limited Liability Company (LLC),2021-06-09T00:00:00.000,Business Email Compromise (BEC) & Cyber Insurance Renewal
AIR-TON HEATING & A/C,T&D NEWTON LLC,4102 DAWN ST,HOUSTON,TX,77025,238221,"Construction (General, Civil, Specialty Trades)",Limited Liability Company (LLC),2025-06-05T00:00:00.000,Business Email Compromise (BEC) & Cyber Insurance Renewal
"AIRAMEDICS, INC.","AIRAMEDICS, INC.",15818 SANDY HILL DR,HOUSTON,TX,77084,238220,"Plumbing, Heating, and Air-Conditioning Contractors",Texas Corporation,2025-05-21T00:00:00.000,Business Email Compromise (BEC) & Cyber Insurance Renewal
"AIRCHAMPION AIR CONDITIONING, INC.","AIRCHAMPION AIR CONDITIONING, INC.",10014 GILSON LN,HOUSTON,TX,77086,238220,"Plumbing, Heating, and Air-Conditioning Contractors",Texas Corporation,2011-02-10T00:00:00.000,Business Email Compromise (BEC) & Cyber Insurance Renewal
AIRCON REFRIGERATION,XUYEN TIEU TU,14234 ANDREA WAY LN,HOUSTON,TX,77083,238220,"Plumbing, Heating, and Air-Conditioning Contractors",Type IS,2013-04-25T00:00:00.000,Business Email Compromise (BEC) & Cyber Insurance Renewal
"AIRTEAM, LTD.","AIRTEAM, LTD.",6119 WESTVIEW DR,HOUSTON,TX,77055,238220,"Plumbing, Heating, and Air-Conditioning Contractors",Type PL,2010-04-13T00:00:00.000,Business Email Compromise (BEC) & Cyber Insurance Renewal
"AIRTRON, INC.",AIRTRON LLC,3300 BINGLE RD,HOUSTON,TX,77055,238220,"Plumbing, Heating, and Air-Conditioning Contractors",Corporation / Corporate Entity,2017-05-12T00:00:00.000,Business Email Compromise (BEC) & Cyber Insurance Renewal
AIRVANA SYSTEMS LLC,AIRVANA SYSTEMS LLC,13702 PEPPER KNOLL DR,HOUSTON,TX,77065,238220,"Plumbing, Heating, and Air-Conditioning Contractors",Limited Liability Company (LLC),2025-05-22T00:00:00.000,Business Email Compromise (BEC) & Cyber Insurance Renewal
AJ'S TURF & OUTDOORS LLC,AJ'S TURF & OUTDOORS LLC,12122 PINE MEADOW DR,HOUSTON,TX,77071,238990,"Construction (General, Civil, Specialty Trades)",Limited Liability Company (LLC),2026-08-29T00:00:00.000,Business Email Compromise (BEC) & Cyber Insurance Renewal
AJB CONSTRUCTION,AJB CONSTRUCTION INC,11777 KATY FWY STE 341,HOUSTON,TX,77079,238990,"Construction (General, Civil, Specialty Trades)",Texas Corporation,2015-07-23T00:00:00.000,Business Email Compromise (BEC) & Cyber Insurance Renewal
"AL'S COOLING & HEATING, INC.","AL'S COOLING & HEATING, INC.",815 CENTERWOOD DR,HOUSTON,TX,77013,238221,"Construction (General, Civil, Specialty Trades)",Texas Corporation,1994-07-11T00:00:00.000,Business Email Compromise (BEC) & Cyber Insurance Renewal
ALADDIN FLOORING,"ALADDIN FLOORING, LLC",15825 STATE HIGHWAY 249 STE 1,HOUSTON,TX,77086,238330,"Construction (General, Civil, Specialty Trades)",Limited Liability Company (LLC),2011-12-28T00:00:00.000,Business Email Compromise (BEC) & Cyber Insurance Renewal
ALANIS POOL EVENTS,RODRIGO ALANIS FLORES,2328 DE SOTO ST,HOUSTON,TX,77091,238990,"Construction (General, Civil, Specialty Trades)",Type IS,2026-06-30T00:00:00.000,Business Email Compromise (BEC) & Cyber Insurance Renewal
ALCUM CORPORATION,ALCUM CORPORATION,1104 WAKEFIELD DR,HOUSTON,TX,77018,238220,"Plumbing, Heating, and Air-Conditioning Contractors",Texas Corporation,2024-03-27T00:00:00.000,Business Email Compromise (BEC) & Cyber Insurance Renewal
"ALEX PLUMBING SERVICES, LLC","ALEX PLUMBING SERVICES, LLC",914 ROPER ST,HOUSTON,TX,77034,238220,"Plumbing, Heating, and Air-Conditioning Contractors",Limited Liability Company (LLC),2024-05-29T00:00:00.000,Business Email Compromise (BEC) & Cyber Insurance Renewal
ALFRED'S CONTRUCTION & RENOVATION,"NELFREDO, INC.",5419B CLAREWOOD DR,HOUSTON,TX,77081,238321,"Construction (General, Civil, Specialty Trades)",Texas Corporation,2025-05-22T00:00:00.000,Business Email Compromise (BEC) & Cyber Insurance Renewal
ALG PLUMBING MECHANICAL,OTHON GUILLEN IV,3118 BLACKCASTLE DR,HOUSTON,TX,77068,238220,"Plumbing, Heating, and Air-Conditioning Contractors",Type IS,2021-03-18T00:00:00.000,Business Email Compromise (BEC) & Cyber Insurance Renewal
ALL AMERICAN AIR & APPLIANCE MECHANICAL SERVICES,"ALL AMERICAN AIR & APPLIANCE MECHANICAL SERVICES,",15002 MINTZ LN,HOUSTON,TX,77014,238222,"Construction (General, Civil, Specialty Trades)",Texas Corporation,1993-05-04T00:00:00.000,Business Email Compromise (BEC) & Cyber Insurance Renewal
ALL AQUATICS & KIDPLAY EQUIPMENT,AUGUSTINE ARANDA II,16930 BALLY CASTLE DR,HOUSTON,TX,77070,238990,"Construction (General, Civil, Specialty Trades)",Type IS,2011-02-08T00:00:00.000,Business Email Compromise (BEC) & Cyber Insurance Renewal
ALL BRITE GROUP LLC,ALL BRITE GROUP LLC,6001 TEAGUE RD,HOUSTON,TX,77041,238330,"Construction (General, Civil, Specialty Trades)",Limited Liability Company (LLC),2026-01-13T00:00:00.000,Business Email Compromise (BEC) & Cyber Insurance Renewal
ALL DAY CONCRETE INC,ALL DAY CONCRETE INC.,5621 SCHURMIER RD,HOUSTON,TX,77048,238110,"Construction (General, Civil, Specialty Trades)",Texas Corporation,2007-04-23T00:00:00.000,Business Email Compromise (BEC) & Cyber Insurance Renewal
ALL DESIGN INC.,ALL DESIGN INC.,14 GREENWAY PLZ UNIT 23M,HOUSTON,TX,77046,238390,"Construction (General, Civil, Specialty Trades)",Texas Corporation,2026-06-08T00:00:00.000,Business Email Compromise (BEC) & Cyber Insurance Renewal
ALL DESIGN SOLUTIONS LLC,ALL DESIGN SOLUTIONS LLC,13214 MISSION VALLEY DR,HOUSTON,TX,77069,238340,"Construction (General, Civil, Specialty Trades)",Limited Liability Company (LLC),2022-06-21T00:00:00.000,Business Email Compromise (BEC) & Cyber Insurance Renewal
ALL KIND GLASS SHOWER DOORS,'ALL KIND GLASS SHOWER DOORS LLC',14518 HEMPSTEAD RD STE 5F,HOUSTON,TX,77040,238150,"Construction (General, Civil, Specialty Trades)",Limited Liability Company (LLC),2024-09-04T00:00:00.000,Business Email Compromise (BEC) & Cyber Insurance Renewal
"ALL PHASE ELECTRICAL SERVICES, LLC","ALL PHASE ELECTRICAL SERVICES, LLC",2317 RUTH ST,HOUSTON,TX,77004,238210,Electrical Contractors and Other Wiring Installation,Limited Liability Company (LLC),2011-05-18T00:00:00.000,Business Email Compromise (BEC) & Cyber Insurance Renewal
"ALL SAFE & SOUND, LLC","ALL SAFE & SOUND, LLC",1000 JACKSON BLVD,HOUSTON,TX,77006,238210,Electrical Contractors and Other Wiring Installation,Limited Liability Company (LLC),2014-03-03T00:00:00.000,Business Email Compromise (BEC) & Cyber Insurance Renewal
ALL SPRAY COATINGS LLC,ALL SPRAY COATINGS LLC,11927 BRIAR FOREST DR,HOUSTON,TX,77077,238990,"Construction (General, Civil, Specialty Trades)",Limited Liability Company (LLC),2025-09-16T00:00:00.000,Business Email Compromise (BEC) & Cyber Insurance Renewal
"ALL STAR AIR TEXAS, INC.","ALL STAR AIR TEXAS, INC.",9418 MILLS RD,HOUSTON,TX,77070,238220,"Plumbing, Heating, and Air-Conditioning Contractors",Texas Corporation,2024-06-11T00:00:00.000,Business Email Compromise (BEC) & Cyber Insurance Renewal
ALL TEAM SERVICES,ALL TEAM SERVICES LIMITED LIABILITY COMPANY,12018 DOUBLEDAY DR,HOUSTON,TX,77089,238220,"Plumbing, Heating, and Air-Conditioning Contractors",Limited Liability Company (LLC),2017-04-08T00:00:00.000,Business Email Compromise (BEC) & Cyber Insurance Renewal
ALL TEXAS HANDYMAN & CONSTRUCTION,ALL TEXAS HANDYMAN & CONSTRUCTION LLC,6229 OCTAVIA ST,HOUSTON,TX,77026,238992,"Construction (General, Civil, Specialty Trades)",Limited Liability Company (LLC),2026-09-17T00:00:00.000,Business Email Compromise (BEC) & Cyber Insurance Renewal
"ALL TYPE ROOFING, INC.","ALL TYPE ROOFING, INC.",13625 CHRISMAN RD,HOUSTON,TX,77039,238162,"Construction (General, Civil, Specialty Trades)",Texas Corporation,2011-06-16T00:00:00.000,Business Email Compromise (BEC) & Cyber Insurance Renewal
ALL-RITE SHEET METAL INC,"ALL-RITE SHEET METAL, INC.",5718 BROOM ST,HOUSTON,TX,77091,238170,"Construction (General, Civil, Specialty Trades)",Texas Corporation,1994-01-13T00:00:00.000,Business Email Compromise (BEC) & Cyber Insurance Renewal
"ALL-TEX BOILER & PLUMBING SERVICES, LLC","ALL-TEX BOILER & PLUMBING SERVICES, LLC",10635 TOWER OAKS BLVD STE I,HOUSTON,TX,77070,238220,"Plumbing, Heating, and Air-Conditioning Contractors",Limited Liability Company (LLC),2016-08-11T00:00:00.000,Business Email Compromise (BEC) & Cyber Insurance Renewal
ALL-TEX OVERHEAD DOORS & OPENERS,DANIEL VEGA,11311 IBERIA DR,HOUSTON,TX,77065,238990,"Construction (General, Civil, Specialty Trades)",Type IS,2022-01-24T00:00:00.000,Business Email Compromise (BEC) & Cyber Insurance Renewal
"ALL-TEX ROOFING, LLC","ALL-TEX ROOFING, LLC",5605 CREEKMONT DR,HOUSTON,TX,77091,238162,"Construction (General, Civil, Specialty Trades)",Limited Liability Company (LLC),2025-07-25T00:00:00.000,Business Email Compromise (BEC) & Cyber Insurance Renewal
ALLEN MAINTENANCE GROUP LLC,ALLEN MAINTENANCE GROUP LLC,1218 W 21ST ST,HOUSTON,TX,77008,238220,"Plumbing, Heating, and Air-Conditioning Contractors",Limited Liability Company (LLC),2022-10-26T00:00:00.000,Business Email Compromise (BEC) & Cyber Insurance Renewal
ALLEN PLUMBING COMPANY,ROBERT CURTIS ALLEN,2330 HARWOOD DR,HOUSTON,TX,77055,238221,"Construction (General, Civil, Specialty Trades)",Type IS,1992-09-04T00:00:00.000,Business Email Compromise (BEC) & Cyber Insurance Renewal
ALLIANCE PLUMBING,"KELTEX, LLC",15930 BUCCANEER LN,HOUSTON,TX,77062,238220,"Plumbing, Heating, and Air-Conditioning Contractors",Limited Liability Company (LLC),2025-11-14T00:00:00.000,Business Email Compromise (BEC) & Cyber Insurance Renewal
ALLIED COMMUNICATIONS,CHRIS VILLARREAL,9801 IRVINGTON BLVD,HOUSTON,TX,77076,238210,Electrical Contractors and Other Wiring Installation,Type IS,2011-01-26T00:00:00.000,Business Email Compromise (BEC) & Cyber Insurance Renewal
"ALLIED ELECTRICAL CONTRACTORS OF HOUSTON, INC.","ALLIED ELECTRICAL CONTRACTORS OF HOUSTON, INC.",301 GREENS LANDING DR,HOUSTON,TX,77038,238210,Electrical Contractors and Other Wiring Installation,Texas Corporation,2010-08-27T00:00:00.000,Business Email Compromise (BEC) & Cyber Insurance Renewal
ALLPRO FIXES,"ALLPRO FIXES, INC.",9039 KATY FWY STE 517,HOUSTON,TX,77024,238990,"Construction (General, Civil, Specialty Trades)",Texas Corporation,2020-11-20T00:00:00.000,Business Email Compromise (BEC) & Cyber Insurance Renewal
ALLSTATE CONTRACTING LLC,ALLSTATE CONTRACTING LLC,11707 LEANING PINE DR,HOUSTON,TX,77070,238150,"Construction (General, Civil, Specialty Trades)",Limited Liability Company (LLC),2006-02-01T00:00:00.000,Business Email Compromise (BEC) & Cyber Insurance Renewal
"ALLSTATELINING, LLC","ALLSTATELINING, LLC",9218 BENCHLEY DR,HOUSTON,TX,77099,238990,"Construction (General, Civil, Specialty Trades)",Limited Liability Company (LLC),2025-04-11T00:00:00.000,Business Email Compromise (BEC) & Cyber Insurance Renewal
ALLY ROOFING SERVICES LLC,ALLY ROOFING SERVICES LLC,507 RANKIN CIR N,HOUSTON,TX,77073,238160,Roofing Contractors,Limited Liability Company (LLC),2015-10-01T00:00:00.000,Business Email Compromise (BEC) & Cyber Insurance Renewal
ALPHA BRAVO CONSTRUCTION LLC,ALPHA BRAVO CONSTRUCTION LLC,2313 W SAM HOUSTON PKWY N STE 147,HOUSTON,TX,77043,238990,"Construction (General, Civil, Specialty Trades)",Limited Liability Company (LLC),2020-10-27T00:00:00.000,Business Email Compromise (BEC) & Cyber Insurance Renewal
ALPHA DEMOLITION & REMEDIATION LLC,ALPHA DEMOLITION & REMEDIATION LLC,7710 CHERRY PARK DR STE T351,HOUSTON,TX,77095,238910,"Construction (General, Civil, Specialty Trades)",Limited Liability Company (LLC),2022-09-07T00:00:00.000,Business Email Compromise (BEC) & Cyber Insurance Renewal
"ALPHA ENERGY SOLUTIONS, LLC","ALPHA ENERGY SOLUTIONS, LLC",1177 WEST LOOP S STE 1180,HOUSTON,TX,77027,238210,Electrical Contractors and Other Wiring Installation,Limited Liability Company (LLC),2025-07-22T00:00:00.000,Business Email Compromise (BEC) & Cyber Insurance Renewal
ALPHA PAVING INDUSTRIES LLC,ALPHA PAVING INDUSTRIES LLC,5618 E HOUSTON RD,HOUSTON,TX,77028,238990,"Construction (General, Civil, Specialty Trades)",Limited Liability Company (LLC),2024-03-18T00:00:00.000,Business Email Compromise (BEC) & Cyber Insurance Renewal
ALPHA REFRIGERATION CO,ALPHA REFRIGERATION COMPANY,9425 EMNORA LN,HOUSTON,TX,77080,238222,"Construction (General, Civil, Specialty Trades)",Texas Corporation,1966-09-02T00:00:00.000,Business Email Compromise (BEC) & Cyber Insurance Renewal
ALPINE AIR INC,"ALPINE AIRE, INC.",2016 ALMEDA GENOA RD,HOUSTON,TX,77047,238221,"Construction (General, Civil, Specialty Trades)",Texas Corporation,1966-03-21T00:00:00.000,Business Email Compromise (BEC) & Cyber Insurance Renewal
"ALPINE ENGINEERING AND CONSTRUCTION, LLC","ALPINE ENGINEERING AND CONSTRUCTION, LLC",2821 JORDENS RD STE 100,HOUSTON,TX,77084,238132,"Construction (General, Civil, Specialty Trades)",Limited Liability Company (LLC),2022-07-06T00:00:00.000,Business Email Compromise (BEC) & Cyber Insurance Renewal
"ALTAMIRANO BUILDERS, LLC","ALTAMIRANO BUILDERS, LLC",5637 VALERIE ST,HOUSTON,TX,77081,238310,"Construction (General, Civil, Specialty Trades)",Limited Liability Company (LLC),2025-07-23T00:00:00.000,Business Email Compromise (BEC) & Cyber Insurance Renewal
ALTECH HVAC/R SOLUTIONS,ALBERTO RAMIREZ-GOMEZ,7298 KINGS GATE CIR APT 69,HOUSTON,TX,77074,238220,"Plumbing, Heating, and Air-Conditioning Contractors",Type IS,2020-02-05T00:00:00.000,Business Email Compromise (BEC) & Cyber Insurance Renewal
ALWAYS HOME SECURITY & SOUND,JASON DOUGLAS SHERBER,231 W 30TH ST,HOUSTON,TX,77018,238990,"Construction (General, Civil, Specialty Trades)",Type IS,2013-05-20T00:00:00.000,Business Email Compromise (BEC) & Cyber Insurance Renewal
"AM-PM GLASS & MIRROR, LLC","AM-PM GLASS & MIRROR, LLC",9415 LANGLEY SPRINGS DR,HOUSTON,TX,77095,238150,"Construction (General, Civil, Specialty Trades)",Limited Liability Company (LLC),2016-12-08T00:00:00.000,Business Email Compromise (BEC) & Cyber Insurance Renewal
AMAGINE TECHNOLOGIES LLC,AMAGINE TECHNOLOGIES LLC,17106 COPPER SHORE DR,HOUSTON,TX,77095,238210,Electrical Contractors and Other Wiring Installation,Limited Liability Company (LLC),2019-08-26T00:00:00.000,Business Email Compromise (BEC) & Cyber Insurance Renewal
AMAZING AIR SOLUTIONS LLC,AMAZING AIR SOLUTIONS LLC,13223 BEECHDALE CT,HOUSTON,TX,77014,238220,"Plumbing, Heating, and Air-Conditioning Contractors",Limited Liability Company (LLC),2023-08-02T00:00:00.000,Business Email Compromise (BEC) & Cyber Insurance Renewal
AMC GRANITE & MARBLE CORPORATION,AMC GRANITE & MARBLE CORPORATION,3541 CREEKMONT DR,HOUSTON,TX,77091,238330,"Construction (General, Civil, Specialty Trades)",Texas Corporation,2023-07-25T00:00:00.000,Business Email Compromise (BEC) & Cyber Insurance Renewal
AMERICA'S BEST PLUMBING LLC,AMERICA'S BEST PLUMBING LLC,2427 WALCOTT LN,HOUSTON,TX,77088,238220,"Plumbing, Heating, and Air-Conditioning Contractors",Limited Liability Company (LLC),2025-11-05T00:00:00.000,Business Email Compromise (BEC) & Cyber Insurance Renewal
"AMERICAN ABRASIVES & COATINGS, INC.","AMERICAN ABRASIVES & COATINGS, INC.",6722 SATSUMA DR,HOUSTON,TX,77041,238990,"Construction (General, Civil, Specialty Trades)",Texas Corporation,2014-09-30T00:00:00.000,Business Email Compromise (BEC) & Cyber Insurance Renewal
AMERICAN ANCHOR,"AMERICAN ANCHOR, INC.",11213 TODD ST,HOUSTON,TX,77055,238992,"Construction (General, Civil, Specialty Trades)",Foreign Corporation (Out-of-State),2019-08-14T00:00:00.000,Business Email Compromise (BEC) & Cyber Insurance Renewal
AMERICAN BUILDERS GROUP LLC,AMERICAN BUILDERS GROUP LLC,5606 HAMPTON RIDGE LN,HOUSTON,TX,77069,238990,"Construction (General, Civil, Specialty Trades)",Limited Liability Company (LLC),2022-08-12T00:00:00.000,Business Email Compromise (BEC) & Cyber Insurance Renewal
"AMERICAN CABLE SERVICES, INC.","AMERICAN CABLE SERVICES, INC.",15700 EXPORT PLAZA DR STE T,HOUSTON,TX,77032,238212,"Construction (General, Civil, Specialty Trades)",Texas Corporation,2021-10-13T00:00:00.000,Business Email Compromise (BEC) & Cyber Insurance Renewal
"AMERICAN CONTRACT EXCAVATION SERVICES, INC","AMERICAN CONTRACT EXCAVATION SERVICES, INC",502 E 16TH ST,HOUSTON,TX,77008,238910,"Construction (General, Civil, Specialty Trades)",Texas Corporation,2024-02-08T00:00:00.000,Business Email Compromise (BEC) & Cyber Insurance Renewal
"AMERICAN DRILLING & SAWING, INC","AMERICAN DRILLING & SAWING, INC.",12217 SOWDEN RD,HOUSTON,TX,77080,238911,"Construction (General, Civil, Specialty Trades)",Texas Corporation,1988-01-09T00:00:00.000,Business Email Compromise (BEC) & Cyber Insurance Renewal
"AMERICAN DRYWALL SOLUTIONS, LLC","AMERICAN DRYWALL SOLUTIONS, LLC",15715 TREMOUT HOLLOW LN,HOUSTON,TX,77044,238390,"Construction (General, Civil, Specialty Trades)",Limited Liability Company (LLC),2026-03-21T00:00:00.000,Business Email Compromise (BEC) & Cyber Insurance Renewal
"AMERICAN EAGLE ELECTRIC, INC.","AMERICAN EAGLE ELECTRIC, INC.",10410 COSSEY RD,HOUSTON,TX,77070,238210,Electrical Contractors and Other Wiring Installation,Texas Corporation,2011-07-14T00:00:00.000,Business Email Compromise (BEC) & Cyber Insurance Renewal
AMERICAN EAGLE PLUMBING,JULIA SANTOS,11715 SATCHEL CT,HOUSTON,TX,77038,238220,"Plumbing, Heating, and Air-Conditioning Contractors",Type IS,2026-08-12T00:00:00.000,Business Email Compromise (BEC) & Cyber Insurance Renewal
"AMERICAN ENVIRONMENTAL GROUP, LTD.","AMERICAN ENVIRONMENTAL GROUP, LTD.",14850 WOODHAM DR STE B-135,HOUSTON,TX,77073,238990,"Construction (General, Civil, Specialty Trades)",Corporation / Corporate Entity,2012-08-10T00:00:00.000,Business Email Compromise (BEC) & Cyber Insurance Renewal
AMERICAN FENCE CO,BARRY J BEAGO,913B LEHMAN ST,HOUSTON,TX,77018,238990,"Construction (General, Civil, Specialty Trades)",Type IS,2019-07-26T00:00:00.000,Business Email Compromise (BEC) & Cyber Insurance Renewal
"AMERICAN FIRE PROTECTION GROUP, INC.","AMERICAN FIRE PROTECTION GROUP, INC.",6711 N SAM HOUSTON PKWY W,HOUSTON,TX,77064,238220,"Plumbing, Heating, and Air-Conditioning Contractors",Foreign Corporation (Out-of-State),2016-07-21T00:00:00.000,Business Email Compromise (BEC) & Cyber Insurance Renewal
"AMERICAN HORIZON CONSTRUCTORS, INC.","AMERICAN HORIZON CONSTRUCTORS, INC.",12526 MILE DR,HOUSTON,TX,77065,238990,"Construction (General, Civil, Specialty Trades)",Texas Corporation,2009-10-15T00:00:00.000,Business Email Compromise (BEC) & Cyber Insurance Renewal
AMERICAN LIGHTING AND ELECTRIC CO,ANTHONY C CANNATA SR,1620 OAK TREE DR,HOUSTON,TX,77080,238210,Electrical Contractors and Other Wiring Installation,Type IS,1990-01-29T00:00:00.000,Business Email Compromise (BEC) & Cyber Insurance Renewal
AMERICAN QUALITY ROOFING LLC,"AMERICAN QUALITY ROOFING, LLC",1006 SAULNIER ST,HOUSTON,TX,77019,238160,Roofing Contractors,Limited Liability Company (LLC),2025-05-08T00:00:00.000,Business Email Compromise (BEC) & Cyber Insurance Renewal
"AMERICAN SCREEN & WINDOW COMPANY, INC.","AMERICAN SCREEN & WINDOW COMPANY, INC.",9830 TANNER RD STE K,HOUSTON,TX,77041,238190,"Construction (General, Civil, Specialty Trades)",Texas Corporation,2025-03-28T00:00:00.000,Business Email Compromise (BEC) & Cyber Insurance Renewal
"AMERICAN STONE COMPANY OF TEXAS, L.P.","AMERICAN STONE COMPANY OF TEXAS, L.P.",6445 BURLINGTON NORTH,HOUSTON,TX,77092,238342,"Construction (General, Civil, Specialty Trades)",Type PL,2023-08-10T00:00:00.000,Business Email Compromise (BEC) & Cyber Insurance Renewal
"AMERITEX IMAGING AND SERVICES, LLC","AMERITEX IMAGING AND SERVICES, LLC",6942 SIGNAT DR,HOUSTON,TX,77041,238910,"Construction (General, Civil, Specialty Trades)",Limited Liability Company (LLC),2024-06-20T00:00:00.000,Business Email Compromise (BEC) & Cyber Insurance Renewal
AMETAL BUILDING LLC,AMETAL BUILDING LLC,700 BROADWAY ST,HOUSTON,TX,77012,238132,"Construction (General, Civil, Specialty Trades)",Limited Liability Company (LLC),2021-06-04T00:00:00.000,Business Email Compromise (BEC) & Cyber Insurance Renewal
AMI HANDYMAN SERVICES,AMI HANDYMAN SERVICES LLC,8 FARTHER PT,HOUSTON,TX,77024,238991,"Construction (General, Civil, Specialty Trades)",Limited Liability Company (LLC),2022-03-18T00:00:00.000,Business Email Compromise (BEC) & Cyber Insurance Renewal
AMI STONE SOLUTIONS LLC,AMI STONE SOLUTIONS LLC,11606 N GARDEN ST,HOUSTON,TX,77071,238340,"Construction (General, Civil, Specialty Trades)",Limited Liability Company (LLC),2026-09-10T00:00:00.000,Business Email Compromise (BEC) & Cyber Insurance Renewal
AMPM SERVICES,AMM SERVICES LLC,5829 W SAM HOUSTON PKWY N STE 709,HOUSTON,TX,77041,238220,"Plumbing, Heating, and Air-Conditioning Contractors",Limited Liability Company (LLC),2015-08-14T00:00:00.000,Business Email Compromise (BEC) & Cyber Insurance Renewal
"AMSLOT ENTERPRISES, INC.","AMSLOT ENTERPRISES, INC.",2715 STRATHWOOD LN,HOUSTON,TX,77082,238290,"Construction (General, Civil, Specialty Trades)",Texas Corporation,2026-06-30T00:00:00.000,Business Email Compromise (BEC) & Cyber Insurance Renewal
ANCHOR FENCE OR AFCO FENCE,"THE ANCHOR GROUP, INC.",803 E WHITNEY ST,HOUSTON,TX,77022,238990,"Construction (General, Civil, Specialty Trades)",Texas Corporation,1990-01-10T00:00:00.000,Business Email Compromise (BEC) & Cyber Insurance Renewal
ANCOM MECHANICAL LLC,ANCOM MECHANICAL LLC,7807 HARDING ST,HOUSTON,TX,77012,238220,"Plumbing, Heating, and Air-Conditioning Contractors",Limited Liability Company (LLC),2025-09-19T00:00:00.000,Business Email Compromise (BEC) & Cyber Insurance Renewal
ANDINO'S SERVICES,ISMAEL JUVANNE ANDINO FLORES,12118 WOOD BAYOU DR,HOUSTON,TX,77013,238210,Electrical Contractors and Other Wiring Installation,Type IS,2023-06-10T00:00:00.000,Business Email Compromise (BEC) & Cyber Insurance Renewal
"ANDREW-JORDAN INDUSTRIAL, LLC","ANDREW-JORDAN INDUSTRIAL, LLC",11011 BROOKLET DR,HOUSTON,TX,77099,238212,"Construction (General, Civil, Specialty Trades)",Limited Liability Company (LLC),2013-09-07T00:00:00.000,Business Email Compromise (BEC) & Cyber Insurance Renewal
ANGEL AAA ELECTRIC LLC,ANGEL AAA ELECTRIC LLC,4434 STERLING WOOD WAY,HOUSTON,TX,77059,238210,Electrical Contractors and Other Wiring Installation,Limited Liability Company (LLC),2022-10-19T00:00:00.000,Business Email Compromise (BEC) & Cyber Insurance Renewal
"ANTEX ROOFING, INC.","ANTEX ROOFING, INC.",1360 HUGH RD,HOUSTON,TX,77067,238162,"Construction (General, Civil, Specialty Trades)",Texas Corporation,2024-08-20T00:00:00.000,Business Email Compromise (BEC) & Cyber Insurance Renewal
ANTHONY & SYLVAN CORP.,ANTHONY & SYLVAN CORP.,1424 W SAM HOUSTON PKWY N STE 180,HOUSTON,TX,77043,238990,"Construction (General, Civil, Specialty Trades)",Foreign Corporation (Out-of-State),2006-02-08T00:00:00.000,Business Email Compromise (BEC) & Cyber Insurance Renewal
AOS CONTRACTORS,AOS CONTRACTORS LLC,3514 MURDOCK ST,HOUSTON,TX,77047,238132,"Construction (General, Civil, Specialty Trades)",Limited Liability Company (LLC),2026-04-07T00:00:00.000,Business Email Compromise (BEC) & Cyber Insurance Renewal
AP BAUTISTA SERVICE INC,AP BAUTISTA SERVICE INC,6611 CASTLE LANE DR,HOUSTON,TX,77066,238220,"Plumbing, Heating, and Air-Conditioning Contractors",Texas Corporation,2026-04-11T00:00:00.000,Business Email Compromise (BEC) & Cyber Insurance Renewal
"APACHE INDUSTRIAL SERVICES, INC.","APACHE INDUSTRIAL SERVICES, INC.",250 ASSAY ST STE 500,HOUSTON,TX,77044,238990,"Construction (General, Civil, Specialty Trades)",Foreign Corporation (Out-of-State),2018-05-03T00:00:00.000,Business Email Compromise (BEC) & Cyber Insurance Renewal
"APACHE INDUSTRIAL SERVICES, INC.","APACHE INDUSTRIAL SERVICES, INC.",11611 N LAKE HOUSTON PKWY,HOUSTON,TX,77044,238990,"Construction (General, Civil, Specialty Trades)",Foreign Corporation (Out-of-State),2020-03-19T00:00:00.000,Business Email Compromise (BEC) & Cyber Insurance Renewal
APACHE SIGN & SERVICE,"APACHE SIGN & SERVICE, INC.",4123 HOLLISTER ST STE A,HOUSTON,TX,77080,238990,"Construction (General, Civil, Specialty Trades)",Texas Corporation,2007-10-17T00:00:00.000,Business Email Compromise (BEC) & Cyber Insurance Renewal
APD HERNANDEZ CONSTRUCTION LLC,APD HERNANDEZ CONSTRUCTION LLC,7926 SOUTHMEADOW DR,HOUSTON,TX,77071,238990,"Construction (General, Civil, Specialty Trades)",Limited Liability Company (LLC),2025-01-14T00:00:00.000,Business Email Compromise (BEC) & Cyber Insurance Renewal
APEX AIR INC,APEX AIR INC,8802 NEFF ST,HOUSTON,TX,77036,238220,"Plumbing, Heating, and Air-Conditioning Contractors",Texas Corporation,2025-06-27T00:00:00.000,Business Email Compromise (BEC) & Cyber Insurance Renewal
APEX CARPET TILE & REMODELING,"FIZA, INC",4551 HIGHWAY 6 N,HOUSTON,TX,77084,238330,"Construction (General, Civil, Specialty Trades)",Texas Corporation,2024-09-23T00:00:00.000,Business Email Compromise (BEC) & Cyber Insurance Renewal
APEX CASEWORK SYSTEMS LC,APEX CASEWORK SYSTEMS LC,14807 SAINT CLOUD DR,HOUSTON,TX,77062,238990,"Construction (General, Civil, Specialty Trades)",Limited Liability Company (LLC),2025-03-10T00:00:00.000,Business Email Compromise (BEC) & Cyber Insurance Renewal
"APEX DRYWALL SERVICES, L.L.C.","APEX DRYWALL SERVICES, L.L.C.",8564 KATY FWY STE 134,HOUSTON,TX,77024,238310,"Construction (General, Civil, Specialty Trades)",Limited Liability Company (LLC),2019-04-03T00:00:00.000,Business Email Compromise (BEC) & Cyber Insurance Renewal
APEX INSULATION LLC,APEX INSULATION LLC,14065 ASTON ST,HOUSTON,TX,77040,238290,"Construction (General, Civil, Specialty Trades)",Limited Liability Company (LLC),2017-02-22T00:00:00.000,Business Email Compromise (BEC) & Cyber Insurance Renewal
"APEX ONSITE SOLUTIONS, LLC","APEX ONSITE SOLUTIONS, LLC",9535 CLAY RD,HOUSTON,TX,77080,238170,"Construction (General, Civil, Specialty Trades)",Limited Liability Company (LLC),2020-02-19T00:00:00.000,Business Email Compromise (BEC) & Cyber Insurance Renewal
APEX QUARTZ USA INC,APEX QUARTZ USA INC,9618 W TIDWELL RD,HOUSTON,TX,77041,238330,"Construction (General, Civil, Specialty Trades)",Texas Corporation,2022-05-28T00:00:00.000,Business Email Compromise (BEC) & Cyber Insurance Renewal
"APEX TELECOMMUNICATIONS SERVICES, INC.","APEX TELECOMMUNICATIONS SERVICES, INC.",505 N SAM HOUSTON PKWY E STE 340,HOUSTON,TX,77060,238210,Electrical Contractors and Other Wiring Installation,Texas Corporation,2009-12-29T00:00:00.000,Business Email Compromise (BEC) & Cyber Insurance Renewal
"APM-AIR, LLC","APM-AIR, LLC",3818 ASPEN STAR CT,HOUSTON,TX,77053,238222,"Construction (General, Civil, Specialty Trades)",Limited Liability Company (LLC),2018-01-26T00:00:00.000,Business Email Compromise (BEC) & Cyber Insurance Renewal
APOLLO PAINTING AND SERVICES,RAUL GOMEZ RIVAS,3605 RUNNELS ST,HOUSTON,TX,77003,238321,"Construction (General, Civil, Specialty Trades)",Type IS,2020-11-10T00:00:00.000,Business Email Compromise (BEC) & Cyber Insurance Renewal
APPLE RETAIL STORE,"SEELE, INC.",4012 WESTHEIMER RD,HOUSTON,TX,77027,238990,"Construction (General, Civil, Specialty Trades)",Foreign Corporation (Out-of-State),2012-02-21T00:00:00.000,Business Email Compromise (BEC) & Cyber Insurance Renewal
APPLIED FINISH SYSTEMS,"APPLIED FINISH SYSTEMS, LLC",11603 BRITTMOORE PARK DR,HOUSTON,TX,77041,238310,"Construction (General, Civil, Specialty Trades)",Limited Liability Company (LLC),2019-03-27T00:00:00.000,Business Email Compromise (BEC) & Cyber Insurance Renewal
AQUA SHIELD BACKFLOW & PLUMBING SERVICES,AQUA SHIELD BACKFLOW & PLUMBING SERVICES LLC,15903 VINEY CREEK DR,HOUSTON,TX,77095,238220,"Plumbing, Heating, and Air-Conditioning Contractors",Limited Liability Company (LLC),2024-02-07T00:00:00.000,Business Email Compromise (BEC) & Cyber Insurance Renewal
"AQUARIUM ENVIRONMENTS, INC.","AQUARIUM ENVIRONMENTS, INC.",2909 FOUNTAIN VIEW DR,HOUSTON,TX,77057,238390,"Construction (General, Civil, Specialty Trades)",Texas Corporation,2016-03-07T00:00:00.000,Business Email Compromise (BEC) & Cyber Insurance Renewal
ARA,ALIREZA RANGCHI AMIN,14716 PERTHSHIRE RD UNIT B,HOUSTON,TX,77079,238210,Electrical Contractors and Other Wiring Installation,Type IS,2012-06-08T00:00:00.000,Business Email Compromise (BEC) & Cyber Insurance Renewal
"ARBOR CONTRACT CARPET, INC.","ARBOR CONTRACT CARPET, INC.",8728 W LITTLE YORK RD STE 190,HOUSTON,TX,77040,238330,"Construction (General, Civil, Specialty Trades)",Texas Corporation,2021-01-13T00:00:00.000,Business Email Compromise (BEC) & Cyber Insurance Renewal
"ARC MECHANICAL, LLC","ARC MECHANICAL, LLC",14925 STUEBNER AIRLINE RD STE 304,HOUSTON,TX,77069,238220,"Plumbing, Heating, and Air-Conditioning Contractors",Limited Liability Company (LLC),2025-12-11T00:00:00.000,Business Email Compromise (BEC) & Cyber Insurance Renewal
ARCHER REFRIGERATION LLC,ARCHER REFRIGERATION LLC,18219 HUMBER RIVER LN,HOUSTON,TX,77044,238220,"Plumbing, Heating, and Air-Conditioning Contractors",Limited Liability Company (LLC),2024-10-17T00:00:00.000,Business Email Compromise (BEC) & Cyber Insurance Renewal
ARCHIE'S ELECTRICAL & AC MECHANICAL SERVICE LLC,ARCHIE'S ELECTRICAL & AC MECHANICAL SERVICE LLC,9323 BARONSMEDE DR,HOUSTON,TX,77083,238210,Electrical Contractors and Other Wiring Installation,Limited Liability Company (LLC),2022-08-04T00:00:00.000,Business Email Compromise (BEC) & Cyber Insurance Renewal
ARCHITECTURAL FABRIC SYSTEMS,"J. B. TINNEY, INC.",1207 VILLMONT LN,HOUSTON,TX,77077,238390,"Construction (General, Civil, Specialty Trades)",Texas Corporation,1992-08-26T00:00:00.000,Business Email Compromise (BEC) & Cyber Insurance Renewal
ARCHITECTURAL FLOORS,"ARCH FLOORS, INC.",5120 WOODWAY DR STE 211,HOUSTON,TX,77056,238332,"Construction (General, Civil, Specialty Trades)",Texas Corporation,1997-03-27T00:00:00.000,Business Email Compromise (BEC) & Cyber Insurance Renewal
"ARCO ROOFING, INC.","ARCO ROOFING, INC.",4709 AMALIE,HOUSTON,TX,77093,238160,Roofing Contractors,Texas Corporation,2011-11-23T00:00:00.000,Business Email Compromise (BEC) & Cyber Insurance Renewal
ARCON MASONRY LLC,ARCON MASONRY LLC,9830 TANNER RD STE H,HOUSTON,TX,77041,238140,"Construction (General, Civil, Specialty Trades)",Limited Liability Company (LLC),2025-03-17T00:00:00.000,Business Email Compromise (BEC) & Cyber Insurance Renewal
AREA MECHANICAL SERVICES,THERESA H WILLIAMSON,11911 WINDFERN RD,HOUSTON,TX,77064,238220,"Plumbing, Heating, and Air-Conditioning Contractors",Type IS,2015-05-07T00:00:00.000,Business Email Compromise (BEC) & Cyber Insurance Renewal
"ARIN-AIR, INC.","ARIN-AIR, INC.",5710 BRITTMOORE RD STE 13,HOUSTON,TX,77041,238222,"Construction (General, Civil, Specialty Trades)",Texas Corporation,2008-02-25T00:00:00.000,Business Email Compromise (BEC) & Cyber Insurance Renewal
"ARLO'S HVAC HTX, INC","ARLO'S HVAC HTX, INC.",2911 CHASE CROSS LN,HOUSTON,TX,77047,238220,"Plumbing, Heating, and Air-Conditioning Contractors",Texas Corporation,2025-10-24T00:00:00.000,Business Email Compromise (BEC) & Cyber Insurance Renewal
ARMADILLO GLASS INC,ARMADILLO GLASS INC.,9227 RONDA LN,HOUSTON,TX,77074,238152,"Construction (General, Civil, Specialty Trades)",Texas Corporation,1991-07-09T00:00:00.000,Business Email Compromise (BEC) & Cyber Insurance Renewal
ARMANDO'S HANDYMAN SERVICES,ARMANDO'S HANDYMAN SERVICES? LLC,14411 W SYLVANFIELD DR STE 700,HOUSTON,TX,77014,238990,"Construction (General, Civil, Specialty Trades)",Limited Liability Company (LLC),2025-06-06T00:00:00.000,Business Email Compromise (BEC) & Cyber Insurance Renewal
ARMENTA EMPIRE CONSTRUCTION,"ARMENTA EMPIRE, LLC",16027 KRISTA CT,HOUSTON,TX,77049,238321,"Construction (General, Civil, Specialty Trades)",Limited Liability Company (LLC),2025-06-26T00:00:00.000,Business Email Compromise (BEC) & Cyber Insurance Renewal
ARMSCO DOORS & DOCKS,ARMSCO DOORS AND DOCKS LLC,12020 HEMPSTEAD RD,HOUSTON,TX,77092,238990,"Construction (General, Civil, Specialty Trades)",Limited Liability Company (LLC),2022-12-13T00:00:00.000,Business Email Compromise (BEC) & Cyber Insurance Renewal
"ARNULFO RODRIGUEZ CONSTRUCTION, LLC","ARNULFO RODRIGUEZ CONSTRUCTION, LLC",6811 THEALL RD STE A,HOUSTON,TX,77066,238160,Roofing Contractors,Limited Liability Company (LLC),2021-03-09T00:00:00.000,Business Email Compromise (BEC) & Cyber Insurance Renewal
AROMA ITALIANO INC.,AROMA ITALIANO INC.,12625 MEMORIAL DR APT 3,HOUSTON,TX,77024,238910,"Construction (General, Civil, Specialty Trades)",Texas Corporation,2011-11-16T00:00:00.000,Business Email Compromise (BEC) & Cyber Insurance Renewal
ARROW CONCRETE SERVICES,"KART ENTERPRISES, INC.",11914 CEDARCLIFF DR,HOUSTON,TX,77070,238912,"Construction (General, Civil, Specialty Trades)",Texas Corporation,2004-02-18T00:00:00.000,Business Email Compromise (BEC) & Cyber Insurance Renewal
"ARROW MIRROR & GLASS, INC.","ARROW MIRROR & GLASS, INC.",9700 W GULF BANK RD,HOUSTON,TX,77040,238151,"Construction (General, Civil, Specialty Trades)",Texas Corporation,2021-02-11T00:00:00.000,Business Email Compromise (BEC) & Cyber Insurance Renewal
ARROW PLUMBING,"J. L. MCGEE ENTERPRISES, INC.",16770 HEDGECROFT DR STE 706,HOUSTON,TX,77060,238220,"Plumbing, Heating, and Air-Conditioning Contractors",Texas Corporation,2012-01-17T00:00:00.000,Business Email Compromise (BEC) & Cyber Insurance Renewal
ARROW PLUMBING,"J. L. MCGEE ENTERPRISES, INC.",15730 W HARDY RD STE 340,HOUSTON,TX,77060,238220,"Plumbing, Heating, and Air-Conditioning Contractors",Texas Corporation,2021-01-21T00:00:00.000,Business Email Compromise (BEC) & Cyber Insurance Renewal
"ARROWHEAD GLASS, LLC","ARROWHEAD GLASS, LLC",9203 SWEETBRUSH DR,HOUSTON,TX,77064,238150,"Construction (General, Civil, Specialty Trades)",Limited Liability Company (LLC),2019-05-21T00:00:00.000,Business Email Compromise (BEC) & Cyber Insurance Renewal
ARS,AMERICAN RESIDENTIAL SERVICES L.L.C.,10515 OKANELLA ST STE 100,HOUSTON,TX,77041,238220,"Plumbing, Heating, and Air-Conditioning Contractors",Corporation / Corporate Entity,2022-07-18T00:00:00.000,Business Email Compromise (BEC) & Cyber Insurance Renewal
ARS DFW,AMERICAN RESIDENTIAL SERVICES L.L.C.,3403 E JOHN W CARPENTAR FWY,HOUSTON,TX,75062,238220,"Plumbing, Heating, and Air-Conditioning Contractors",Corporation / Corporate Entity,2022-09-01T00:00:00.000,Business Email Compromise (BEC) & Cyber Insurance Renewal
ART HOUSE GROUP LLC,ART HOUSE GROUP LLC,10446 TENNECO DR,HOUSTON,TX,77099,238991,"Construction (General, Civil, Specialty Trades)",Limited Liability Company (LLC),2021-07-10T00:00:00.000,Business Email Compromise (BEC) & Cyber Insurance Renewal
"ART'S AIR CONTROL, LLC","ART'S AIR CONTROL, LLC",8907 OPELIKA ST,HOUSTON,TX,77080,238220,"Plumbing, Heating, and Air-Conditioning Contractors",Limited Liability Company (LLC),2011-07-19T00:00:00.000,Business Email Compromise (BEC) & Cyber Insurance Renewal
ARTESA - BUILD & DESIGN,ARTESA - BUILD & DESIGN LLC,5506 DRYAD DR,HOUSTON,TX,77035,238990,"Construction (General, Civil, Specialty Trades)",Limited Liability Company (LLC),2025-02-19T00:00:00.000,Business Email Compromise (BEC) & Cyber Insurance Renewal
ARV ELECTRIC SOLUTION LLC,ARV ELECTRIC SOLUTION LLC,10770 BARELY LN APT 1408,HOUSTON,TX,77070,238210,Electrical Contractors and Other Wiring Installation,Limited Liability Company (LLC),2023-06-07T00:00:00.000,Business Email Compromise (BEC) & Cyber Insurance Renewal
ASCENTIAL ENVIRO CONSULTING,YOSEF WINARD,5839 BRAESHEATHER DR,HOUSTON,TX,77096,238990,"Construction (General, Civil, Specialty Trades)",Type IS,2020-06-23T00:00:00.000,Business Email Compromise (BEC) & Cyber Insurance Renewal
ASHFORD GLASS & MIRROR INC,"ASHFORD GLASS & MIRROR, INC.",5626 WEEPING WILLOW RD,HOUSTON,TX,77092,238152,"Construction (General, Civil, Specialty Trades)",Texas Corporation,1992-12-04T00:00:00.000,Business Email Compromise (BEC) & Cyber Insurance Renewal
"ASHTON SAWING & DRILLING, L.L.C.","ASHTON SAWING & DRILLING, L.L.C.",13511 GREENLOW DR,HOUSTON,TX,77067,238912,"Construction (General, Civil, Specialty Trades)",Limited Liability Company (LLC),2016-01-27T00:00:00.000,Business Email Compromise (BEC) & Cyber Insurance Renewal
ASI SECURITY INTERGRATORS LLC,ASI SECURITY INTERGRATORS LLC,4202 BLUEBONNET DR,HOUSTON,TX,77053,238210,Electrical Contractors and Other Wiring Installation,Limited Liability Company (LLC),2025-10-23T00:00:00.000,Business Email Compromise (BEC) & Cyber Insurance Renewal
ASTORIA LIGHTING CO - HOUSTON,ALC HOUSTON LLC,600 CENTURY PLAZA DR STE C115,HOUSTON,TX,77073,238210,Electrical Contractors and Other Wiring Installation,Limited Liability Company (LLC),2025-09-04T00:00:00.000,Business Email Compromise (BEC) & Cyber Insurance Renewal
ASTRO FENCE COMPANY,"BURNS AND BURNS, INC.",129 W CROSSTIMBERS ST,HOUSTON,TX,77018,238992,"Construction (General, Civil, Specialty Trades)",Texas Corporation,2016-09-22T00:00:00.000,Business Email Compromise (BEC) & Cyber Insurance Renewal
ASTRO-TEX AIR CONDITIONING & HEATING,TCG HOME AND COMMERCIAL SOLUTIONS LLC,14233 MARKET STREET RD,HOUSTON,TX,77015,238220,"Plumbing, Heating, and Air-Conditioning Contractors",Limited Liability Company (LLC),2020-09-11T00:00:00.000,Business Email Compromise (BEC) & Cyber Insurance Renewal
ASTRO-TEX AIR CONDITIONING & HEATING,TCG HOME AND COMMERCIAL SOLUTIONS LLC,9009 NORTH LOOP E STE 150,HOUSTON,TX,77029,238220,"Plumbing, Heating, and Air-Conditioning Contractors",Limited Liability Company (LLC),2021-08-09T00:00:00.000,Business Email Compromise (BEC) & Cyber Insurance Renewal
ATB RENOVATIONS INC.,ATB RENOVATIONS INC.,505 PARKER ST,HOUSTON,TX,77007,238990,"Construction (General, Civil, Specialty Trades)",Texas Corporation,2024-07-18T00:00:00.000,Business Email Compromise (BEC) & Cyber Insurance Renewal
ATELIER DOMINGUE,"ATELIER DOMINGUE, LLC",9919 TANNER RD,HOUSTON,TX,77041,238990,"Construction (General, Civil, Specialty Trades)",Limited Liability Company (LLC),2023-06-13T00:00:00.000,Business Email Compromise (BEC) & Cyber Insurance Renewal
ATLANTIC AIR EDWIN RIVERA CONTRACTOR A/C,EDWIN SALVADOR RIVERA,7714 RENWICK DR APT 10,HOUSTON,TX,77081,238220,"Plumbing, Heating, and Air-Conditioning Contractors",Type IS,2018-04-06T00:00:00.000,Business Email Compromise (BEC) & Cyber Insurance Renewal
ATLAS ALARMS LLC,"ATLAS ALARMS, LLC",4103 ASCOT LN,HOUSTON,TX,77092,238990,"Construction (General, Civil, Specialty Trades)",Limited Liability Company (LLC),2007-08-15T00:00:00.000,Business Email Compromise (BEC) & Cyber Insurance Renewal
"ATLAS CLIMATE CONTROL, INC.","ATLAS CLIMATE CONTROL, INC.",13309 REEVESTON RD,HOUSTON,TX,77039,238220,"Plumbing, Heating, and Air-Conditioning Contractors",Texas Corporation,2016-02-18T00:00:00.000,Business Email Compromise (BEC) & Cyber Insurance Renewal
ATLAS FENCE COMPANY INC,"ATLAS FENCE COMPANY, INC.",16221 ALDINE WESTFIELD RD,HOUSTON,TX,77032,238990,"Construction (General, Civil, Specialty Trades)",Texas Corporation,1989-01-20T00:00:00.000,Business Email Compromise (BEC) & Cyber Insurance Renewal
ATLAS FOUNDATION REPAIR,"ATLAS-GULF COAST, INC.",8945 SOLON RD,HOUSTON,TX,77064,238190,"Construction (General, Civil, Specialty Trades)",Texas Corporation,2020-07-23T00:00:00.000,Business Email Compromise (BEC) & Cyber Insurance Renewal
ATLAS UNIVERSAL ROOFING,"ATLAS UNIVERSAL ROOFING, INC.",735 W TIDWELL RD STE A,HOUSTON,TX,77091,238391,"Construction (General, Civil, Specialty Trades)",Texas Corporation,2004-05-10T00:00:00.000,Business Email Compromise (BEC) & Cyber Insurance Renewal
AUDIO DEVELOPMENT INC,"AUDIO DEVELOPMENT, INC.",3207 RIDGE GREEN DR,HOUSTON,TX,77345,238210,Electrical Contractors and Other Wiring Installation,Texas Corporation,2002-02-19T00:00:00.000,Business Email Compromise (BEC) & Cyber Insurance Renewal
AUDIO VIDEO GROUP,CALEB MICAH SPENCE,15422 WINDY COVE DR,HOUSTON,TX,77095,238990,"Construction (General, Civil, Specialty Trades)",Type IS,2018-07-18T00:00:00.000,Business Email Compromise (BEC) & Cyber Insurance Renewal
AUDIO VIDEO GROUP LLC,AUDIO VIDEO GROUP LLC,15422 WINDY COVE DR,HOUSTON,TX,77095,238990,"Construction (General, Civil, Specialty Trades)",Limited Liability Company (LLC),2015-07-02T00:00:00.000,Business Email Compromise (BEC) & Cyber Insurance Renewal
AUDIO VISUAL PRODUCTION SOLUTIONS,AUDIO VISUAL PRODUCTION SOLUTIONS,9802 TILTREE ST,HOUSTON,TX,77075,238210,Electrical Contractors and Other Wiring Installation,Type AB,2018-03-27T00:00:00.000,Business Email Compromise (BEC) & Cyber Insurance Renewal
AURA FINISHES,"AURA FINISHES, LLC",4311 W ALABAMA ST APT 5,HOUSTON,TX,77027,238320,"Construction (General, Civil, Specialty Trades)",Limited Liability Company (LLC),2024-06-21T00:00:00.000,Business Email Compromise (BEC) & Cyber Insurance Renewal
"AUSTIN'S CABINETS & CONSTRUCTION, INC.","AUSTIN'S CABINETS & CONSTRUCTION, INC.",2622 LAKEMONT DR,HOUSTON,TX,77039,238350,"Construction (General, Civil, Specialty Trades)",Texas Corporation,2009-01-06T00:00:00.000,Business Email Compromise (BEC) & Cyber Insurance Renewal
AUTOMATED ATM SERVICES CORPORATION,AUTOMATED ATM SERVICES CORPORATION,8566 KATY FWY STE 125,HOUSTON,TX,77024,238290,"Construction (General, Civil, Specialty Trades)",Texas Corporation,2007-08-21T00:00:00.000,Business Email Compromise (BEC) & Cyber Insurance Renewal
"AUTOMATED BUILDING SOLUTIONS, INC.","AUTOMATED BUILDING SOLUTIONS, INC.",5910 SCHUMACHER LN,HOUSTON,TX,77057,238220,"Plumbing, Heating, and Air-Conditioning Contractors",Texas Corporation,2024-04-17T00:00:00.000,Business Email Compromise (BEC) & Cyber Insurance Renewal
AUTOMATIC GATES & FENCING OF TEXAS,WILLIAM POWERS,10414 RIPPLING FIELDS DR,HOUSTON,TX,77064,238210,Electrical Contractors and Other Wiring Installation,Type IS,2016-12-17T00:00:00.000,Business Email Compromise (BEC) & Cyber Insurance Renewal
AV DESIGN PROS,"ELLIOTT CONCEPTS AND DESIGN, LLC",1516 BAY AREA BLVD APT K4,HOUSTON,TX,77058,238210,Electrical Contractors and Other Wiring Installation,Limited Liability Company (LLC),2026-03-17T00:00:00.000,Business Email Compromise (BEC) & Cyber Insurance Renewal
"AV DISCOUNTERS, LP","AV DISCOUNTERS, LP",17435 PROSPECT MEADOWS DR,HOUSTON,TX,77095,238210,Electrical Contractors and Other Wiring Installation,Type PL,2012-01-21T00:00:00.000,Business Email Compromise (BEC) & Cyber Insurance Renewal
AV STRATEGIES LLC,AV STRATEGIES LLC,11811 DERWENT LN,HOUSTON,TX,77064,238210,Electrical Contractors and Other Wiring Installation,Limited Liability Company (LLC),2015-02-11T00:00:00.000,Business Email Compromise (BEC) & Cyber Insurance Renewal
AVAILABLE PLUMBING,"DAVID GUILLORY'S AVAILABLE PLUMBING, LLC",10813 W HARDY RD,HOUSTON,TX,77076,238222,"Construction (General, Civil, Specialty Trades)",Limited Liability Company (LLC),2025-11-24T00:00:00.000,Business Email Compromise (BEC) & Cyber Insurance Renewal
AVALON AIR SYSTEMS INC,AVALON AIR SYSTEMS INC,6622 WHARTON ST,HOUSTON,TX,77055,238220,"Plumbing, Heating, and Air-Conditioning Contractors",Texas Corporation,2017-01-14T00:00:00.000,Business Email Compromise (BEC) & Cyber Insurance Renewal
AVALON INDUSTRIES,LOUIE H BRENTS,6001 MCGINTY DR,HOUSTON,TX,77041,238220,"Plumbing, Heating, and Air-Conditioning Contractors",Type IS,2019-02-14T00:00:00.000,Business Email Compromise (BEC) & Cyber Insurance Renewal
"AVEX, LLC","AVEX, LLC",10200 HEMPSTEAD RD,HOUSTON,TX,77092,238210,Electrical Contractors and Other Wiring Installation,Limited Liability Company (LLC),2015-11-12T00:00:00.000,Business Email Compromise (BEC) & Cyber Insurance Renewal
"AVID1, LTD.","AVID1, LTD.",15711 CRAIGHURST DR,HOUSTON,TX,77059,238210,Electrical Contractors and Other Wiring Installation,Type PL,2024-01-05T00:00:00.000,Business Email Compromise (BEC) & Cyber Insurance Renewal
"AVID1, LTD.","AVID1, LTD.",600 N SHEPHERD DR STE 309,HOUSTON,TX,77007,238210,Electrical Contractors and Other Wiring Installation,Type PL,2024-01-05T00:00:00.000,Business Email Compromise (BEC) & Cyber Insurance Renewal
"AVID1, LTD.","AVID1, LTD.",1102 OLIVER ST,HOUSTON,TX,77007,238210,Electrical Contractors and Other Wiring Installation,Type PL,2024-08-06T00:00:00.000,Business Email Compromise (BEC) & Cyber Insurance Renewal
AVX SOLUTION LLC,AVX SOLUTION LLC,16443 SHEFFIELD RUN DR,HOUSTON,TX,77084,238210,Electrical Contractors and Other Wiring Installation,Limited Liability Company (LLC),2026-08-14T00:00:00.000,Business Email Compromise (BEC) & Cyber Insurance Renewal
AWL ELECTRIC INC,"AWL ELECTRIC, INC.",4702 INKER ST,HOUSTON,TX,77007,238212,"Construction (General, Civil, Specialty Trades)",Texas Corporation,1992-03-10T00:00:00.000,Business Email Compromise (BEC) & Cyber Insurance Renewal
AWM CONSTRUCTION,ANDREW W MELTON,5814 LUDINGTON DR,HOUSTON,TX,77035,238220,"Plumbing, Heating, and Air-Conditioning Contractors",Type IS,2018-04-03T00:00:00.000,Business Email Compromise (BEC) & Cyber Insurance Renewal
AZTEC AS DISPLAY,MALDONADO FRANCISCO,7034 LYONS AVE,HOUSTON,TX,77020,238350,"Construction (General, Civil, Specialty Trades)",Type IS,2007-05-29T00:00:00.000,Business Email Compromise (BEC) & Cyber Insurance Renewal
"AZTEC COMMUNICATIONS, LTD.","AZTEC COMMUNICATIONS, LTD.",5829 W SAM HOUSTON PKWY N STE 1108,HOUSTON,TX,77041,238212,"Construction (General, Civil, Specialty Trades)",Type PL,2014-04-18T00:00:00.000,Business Email Compromise (BEC) & Cyber Insurance Renewal
AZUA PAINTING,MARTIN MARTINEZ JR,608 TABOR ST,HOUSTON,TX,77009,238160,Roofing Contractors,Type IS,2019-11-08T00:00:00.000,Business Email Compromise (BEC) & Cyber Insurance Renewal
B & C PAINTING & WALLCOVERING LLC,"B & C PAINTING & WALLCOVERING, LLC",9135 SPRING BRANCH DR STE 203,HOUSTON,TX,77080,238321,"Construction (General, Civil, Specialty Trades)",Limited Liability Company (LLC),2007-09-11T00:00:00.000,Business Email Compromise (BEC) & Cyber Insurance Renewal
"B & F MAINTENANCE SERVICE, INC.","B & F MAINTENANCE SERVICE, INC.",408 DALE ST,HOUSTON,TX,77060,238290,"Construction (General, Civil, Specialty Trades)",Texas Corporation,2010-08-02T00:00:00.000,Business Email Compromise (BEC) & Cyber Insurance Renewal
"B & S GLASS, INC.","B & S GLASS, INC.",9102 SWEETBRUSH DR,HOUSTON,TX,77064,238150,"Construction (General, Civil, Specialty Trades)",Texas Corporation,2011-07-29T00:00:00.000,Business Email Compromise (BEC) & Cyber Insurance Renewal
B WYT MECHANICAL ENGINEERING,WILBERT BOWSER III,7633 KINGSLEY ST,HOUSTON,TX,77087,238220,"Plumbing, Heating, and Air-Conditioning Contractors",Type IS,2016-12-16T00:00:00.000,Business Email Compromise (BEC) & Cyber Insurance Renewal
B'S CONTRACTING SERVICE,SANDRA PLAISANCE,10510 CHAMBERS ST,HOUSTON,TX,77034,238390,"Construction (General, Civil, Specialty Trades)",Type IS,2012-06-22T00:00:00.000,Business Email Compromise (BEC) & Cyber Insurance Renewal
B. GLASS COMPANY LLC,B. GLASS COMPANY LLC,8610 FAIRBANKS N HOUSTON RD,HOUSTON,TX,77064,238190,"Construction (General, Civil, Specialty Trades)",Limited Liability Company (LLC),2024-08-09T00:00:00.000,Business Email Compromise (BEC) & Cyber Insurance Renewal
"B. J. INTERESTS, INC. DBA GULFTEX","B. J. INTERESTS, INC.",7710 CHERRY PARK DR STE T-425,HOUSTON,TX,77095,238990,"Construction (General, Civil, Specialty Trades)",Texas Corporation,2017-05-26T00:00:00.000,Business Email Compromise (BEC) & Cyber Insurance Renewal
BACKBONE PLUMBING LLC,BACKBONE PLUMBING LLC,9700 ALMEDA GENOA RD STE 205,HOUSTON,TX,77075,238220,"Plumbing, Heating, and Air-Conditioning Contractors",Limited Liability Company (LLC),2024-04-23T00:00:00.000,Business Email Compromise (BEC) & Cyber Insurance Renewal
BACKWATER FENCE,"BACKWATER FENCE, LLC",11603 N HOUSTON ROSSLYN RD BLDG 2,HOUSTON,TX,77086,238990,"Construction (General, Civil, Specialty Trades)",Limited Liability Company (LLC),2020-01-23T00:00:00.000,Business Email Compromise (BEC) & Cyber Insurance Renewal
"BACKWATER LEASING LLC DBA BACKWATER RENTALS, LLC",BACKWATER LEASING LLC,11603 N HOUSTON ROSSLYN RD BLDG 2,HOUSTON,TX,77086,238990,"Construction (General, Civil, Specialty Trades)",Limited Liability Company (LLC),2017-06-28T00:00:00.000,Business Email Compromise (BEC) & Cyber Insurance Renewal
BAEZ ELECTRICAL. LLC,"BAEZ ELECTRICAL, LLC",8581 MOSLEY RD,HOUSTON,TX,77075,238210,Electrical Contractors and Other Wiring Installation,Limited Liability Company (LLC),2024-10-02T00:00:00.000,Business Email Compromise (BEC) & Cyber Insurance Renewal
"BAI DELIVERY & INSTALLATION, LLC","BAI DELIVERY & INSTALLATION, LLC",555 GARDEN OAKS BLVD,HOUSTON,TX,77018,238210,Electrical Contractors and Other Wiring Installation,Limited Liability Company (LLC),2021-06-18T00:00:00.000,Business Email Compromise (BEC) & Cyber Insurance Renewal
BAI JIA CONSTRUCTION INC,BAI JIA CONSTRUCTION INC,8826 NEFF ST,HOUSTON,TX,77036,238992,"Construction (General, Civil, Specialty Trades)",Texas Corporation,2025-01-08T00:00:00.000,Business Email Compromise (BEC) & Cyber Insurance Renewal
BAKENHUS ELECTRIC CO INC,"BAKENHUS ELECTRIC CO., INC.",3609 PINEMONT DR,HOUSTON,TX,77018,238212,"Construction (General, Civil, Specialty Trades)",Texas Corporation,1999-10-25T00:00:00.000,Business Email Compromise (BEC) & Cyber Insurance Renewal
BAKER CONCRETE CONSTRUCTION INC,"BAKER CONCRETE CONSTRUCTION, INC.",6301 HURST ST,HOUSTON,TX,77008,238112,"Construction (General, Civil, Specialty Trades)",Foreign Corporation (Out-of-State),1993-04-06T00:00:00.000,Business Email Compromise (BEC) & Cyber Insurance Renewal
BAKER DISTRIBUTING CO BRANCH #745,BAKER DISTRIBUTING COMPANY LLC,13903 MUSCATINE ST,HOUSTON,TX,77015,238220,"Plumbing, Heating, and Air-Conditioning Contractors",Corporation / Corporate Entity,2003-05-01T00:00:00.000,Business Email Compromise (BEC) & Cyber Insurance Renewal
BAKER DISTRIBUTING CO BRANCH #751,BAKER DISTRIBUTING COMPANY LLC,6605 ROXBURGH DR STE 200,HOUSTON,TX,77041,238220,"Plumbing, Heating, and Air-Conditioning Contractors",Corporation / Corporate Entity,2018-06-28T00:00:00.000,Business Email Compromise (BEC) & Cyber Insurance Renewal
"BAKER DRYWALL HOUSTON, LTD.","BAKER DRYWALL HOUSTON, LTD.",15740 TUCKERTON RD,HOUSTON,TX,77095,238310,"Construction (General, Civil, Specialty Trades)",Type PL,2014-10-15T00:00:00.000,Business Email Compromise (BEC) & Cyber Insurance Renewal
BAKER SERVICES OF TEXAS LLC,BAKER SERVICES OF TEXAS LLC,9235 DAWNFIELDS DR,HOUSTON,TX,77064,238990,"Construction (General, Civil, Specialty Trades)",Limited Liability Company (LLC),2025-08-23T00:00:00.000,Business Email Compromise (BEC) & Cyber Insurance Renewal
BAKER WOODWORKS LLC,BAKER WOODWORKS LLC,6808 ORVILLE ST,HOUSTON,TX,77028,238990,"Construction (General, Civil, Specialty Trades)",Limited Liability Company (LLC),2020-07-14T00:00:00.000,Business Email Compromise (BEC) & Cyber Insurance Renewal
BAKER-JONES CO INC,"BAKER-JONES COMPANY, INC.",4116 CAROLINE ST,HOUSTON,TX,77004,238221,"Construction (General, Civil, Specialty Trades)",Texas Corporation,1979-05-25T00:00:00.000,Business Email Compromise (BEC) & Cyber Insurance Renewal
BALLARD CABLING SERVICES,BALLARD CABLING SERVICES LLC,12227 ROY MIX BOHN LN,HOUSTON,TX,77044,238210,Electrical Contractors and Other Wiring Installation,Limited Liability Company (LLC),2018-03-28T00:00:00.000,Business Email Compromise (BEC) & Cyber Insurance Renewal
BALLEZA ROOFING & CONSTRUCTION,"JB ROOFING, INC.",11022 TOWER OAKS BLVD,HOUSTON,TX,77065,238160,Roofing Contractors,Texas Corporation,2023-03-01T00:00:00.000,Business Email Compromise (BEC) & Cyber Insurance Renewal
BARNHART CRANE AND RIGGING CO.,BARNHART CRANE AND RIGGING CO.,13026 ELLEN LN,HOUSTON,TX,77015,238990,"Construction (General, Civil, Specialty Trades)",Foreign Corporation (Out-of-State),2017-10-13T00:00:00.000,Business Email Compromise (BEC) & Cyber Insurance Renewal
"BARRY WORTHINGTON AND CO., INC.","BARRY WORTHINGTON AND CO., INC.",14919 BROOKPOINT DR,HOUSTON,TX,77062,238992,"Construction (General, Civil, Specialty Trades)",Texas Corporation,2024-08-23T00:00:00.000,Business Email Compromise (BEC) & Cyber Insurance Renewal
BARTLETT MASONRY,"W. W. BARTLETT, INC.",9130 CENTER POINT DR,HOUSTON,TX,77054,238140,"Construction (General, Civil, Specialty Trades)",Texas Corporation,2010-02-16T00:00:00.000,Business Email Compromise (BEC) & Cyber Insurance Renewal
"BATES AIR CONDITIONING & SERVICE CO., INC.","BATES AIR CONDITIONING & SERVICE CO., LLC",620 RANKIN CIR N,HOUSTON,TX,77073,238220,"Plumbing, Heating, and Air-Conditioning Contractors",Limited Liability Company (LLC),2015-11-03T00:00:00.000,Business Email Compromise (BEC) & Cyber Insurance Renewal
"BATTLEGROUND CONCRETE, LLC","BATTLEGROUND CONCRETE, LLC",14900 MARKET STREET RD,HOUSTON,TX,77015,238110,"Construction (General, Civil, Specialty Trades)",Limited Liability Company (LLC),2023-01-31T00:00:00.000,Business Email Compromise (BEC) & Cyber Insurance Renewal
BAUER SPORT FLOORS INC,"BAUER SPORT FLOORS, INC.",10026 TALLEY LN,HOUSTON,TX,77041,238330,"Construction (General, Civil, Specialty Trades)",Texas Corporation,2006-01-16T00:00:00.000,Business Email Compromise (BEC) & Cyber Insurance Renewal
"BAYOU CITY AIRE, LLC","BAYOU CITY AIRE, LLC",1205 NORTH LOOP,HOUSTON,TX,77022,238220,"Plumbing, Heating, and Air-Conditioning Contractors",Limited Liability Company (LLC),2021-01-29T00:00:00.000,Business Email Compromise (BEC) & Cyber Insurance Renewal
BAYOU CITY GUNITE,"BAYOU CITY GUNITE, INC.",12712 W LAKE HOUSTON PKWY STE B,HOUSTON,TX,77044,238190,"Construction (General, Civil, Specialty Trades)",Texas Corporation,2026-06-08T00:00:00.000,Business Email Compromise (BEC) & Cyber Insurance Renewal
"BAYOU CITY PAINTING, LLC","BAYOU CITY PAINTING, LLC",707 N SHEPHERD DR STE 700,HOUSTON,TX,77007,238320,"Construction (General, Civil, Specialty Trades)",Limited Liability Company (LLC),2013-11-08T00:00:00.000,Business Email Compromise (BEC) & Cyber Insurance Renewal
BAYOU CITY STRIPING,PETER F MARTIN,9217 IMOGENE ST,HOUSTON,TX,77036,238990,"Construction (General, Civil, Specialty Trades)",Type IS,2016-05-10T00:00:00.000,Business Email Compromise (BEC) & Cyber Insurance Renewal
BAYOU ELECTRICAL SERVICES,"BAYOU TECHNICAL SERVICES, L.P.",8036 MILLER ROAD 2,HOUSTON,TX,77049,238212,"Construction (General, Civil, Specialty Trades)",Type PL,2006-08-02T00:00:00.000,Business Email Compromise (BEC) & Cyber Insurance Renewal
BAYSIDE MECHANICAL CONTRACTORS LLC,BAYSIDE MECHANICAL CONTRACTORS LLC,3514 PINEMONT DR,HOUSTON,TX,77018,238220,"Plumbing, Heating, and Air-Conditioning Contractors",Limited Liability Company (LLC),2024-08-19T00:00:00.000,Business Email Compromise (BEC) & Cyber Insurance Renewal
BBO PROFESSIONAL CARPET CLEANING LLC,BBO PROFESSIONAL CARPET CLEANING LLC,11152 WESTHEIMER RD PMB 796,HOUSTON,TX,77042,238992,"Construction (General, Civil, Specialty Trades)",Limited Liability Company (LLC),2025-05-20T00:00:00.000,Business Email Compromise (BEC) & Cyber Insurance Renewal
BC PARTITIONS CORP.,BC PARTITIONS CORP.,8206 FAIRBANKS N HOUSTON,HOUSTON,TX,77064,238352,"Construction (General, Civil, Specialty Trades)",Texas Corporation,1996-02-29T00:00:00.000,Business Email Compromise (BEC) & Cyber Insurance Renewal
BC WOODWORKS,BRIAN P CONNER,9126 ELIZABETH RD,HOUSTON,TX,77055,238990,"Construction (General, Civil, Specialty Trades)",Type IS,2011-11-21T00:00:00.000,Business Email Compromise (BEC) & Cyber Insurance Renewal
BCI DRYWALL AND FINISHES,"BCI DRYWALL AND FINISHES, LLC",1153 BRITTMOORE RD,HOUSTON,TX,77043,238310,"Construction (General, Civil, Specialty Trades)",Limited Liability Company (LLC),2023-02-28T00:00:00.000,Business Email Compromise (BEC) & Cyber Insurance Renewal
"BDA HEATING & COOLING, LLC",BDA HEATING & COOLING LLC,17350 STATE HIGHWAY 249 STE 220 # 13471,HOUSTON,TX,77064,238220,"Plumbing, Heating, and Air-Conditioning Contractors",Limited Liability Company (LLC),2026-01-14T00:00:00.000,Business Email Compromise (BEC) & Cyber Insurance Renewal
BDS ELECTRIC,BDS ELECTRIC LLC,1314 CHAMBOARD LN,HOUSTON,TX,77018,238210,Electrical Contractors and Other Wiring Installation,Limited Liability Company (LLC),2008-04-08T00:00:00.000,Business Email Compromise (BEC) & Cyber Insurance Renewal
"BEAU POPE ELECTRIC, LLC","BEAU POPE ELECTRIC, LLC",5734 ETTRICK DR,HOUSTON,TX,77035,238210,Electrical Contractors and Other Wiring Installation,Limited Liability Company (LLC),2017-08-24T00:00:00.000,Business Email Compromise (BEC) & Cyber Insurance Renewal
BEDROCK STONES LLC,BEDROCK STONES LLC,8758 CLAY RD STE 410,HOUSTON,TX,77080,238990,"Construction (General, Civil, Specialty Trades)",Limited Liability Company (LLC),2023-12-12T00:00:00.000,Business Email Compromise (BEC) & Cyber Insurance Renewal
"BEFORE LISTING, INC.","BEFORE LISTING, INC.",11999 KATY FWY STE 393,HOUSTON,TX,77079,238991,"Construction (General, Civil, Specialty Trades)",Texas Corporation,2026-09-18T00:00:00.000,Business Email Compromise (BEC) & Cyber Insurance Renewal
BEL CONCRETE BUY & SALE,OSCAR A MEJIA,6428 BURDINE CT,HOUSTON,TX,77085,238110,"Construction (General, Civil, Specialty Trades)",Type IS,2013-01-09T00:00:00.000,Business Email Compromise (BEC) & Cyber Insurance Renewal
"BELKNAP CONCRETE, CUTTING & DRILLING, INC.","BELKNAP CONCRETE, CUTTING & DRILLING, INC.",9030 SOLON RD,HOUSTON,TX,77064,238120,"Construction (General, Civil, Specialty Trades)",Texas Corporation,2004-06-25T00:00:00.000,Business Email Compromise (BEC) & Cyber Insurance Renewal
"BELKNAP PLUMBING SYSTEMS, INC.","BELKNAP PLUMBING SYSTEMS, INC.",9030 SOLON RD,HOUSTON,TX,77064,238220,"Plumbing, Heating, and Air-Conditioning Contractors",Texas Corporation,2007-03-01T00:00:00.000,Business Email Compromise (BEC) & Cyber Insurance Renewal
"BELLAIRE AIR CONDITIONING AND HEATING, INC.","BELLAIRE AIR CONDITIONING AND HEATING, INC.",5325 GLENMONT DR STE A,HOUSTON,TX,77081,238220,"Plumbing, Heating, and Air-Conditioning Contractors",Texas Corporation,2024-09-27T00:00:00.000,Business Email Compromise (BEC) & Cyber Insurance Renewal
"BELLASERA DESIGN, LLC","BELLASERA DESIGN, LLC",4189 BELLAIRE BLVD STE 233,HOUSTON,TX,77025,238990,"Construction (General, Civil, Specialty Trades)",Limited Liability Company (LLC),2025-08-04T00:00:00.000,Business Email Compromise (BEC) & Cyber Insurance Renewal
"BELLOW ELECTRIC, LLC","BELLOW ELECTRIC, LLC",4110 AVERILL ST,HOUSTON,TX,77009,238210,Electrical Contractors and Other Wiring Installation,Limited Liability Company (LLC),2017-09-14T00:00:00.000,Business Email Compromise (BEC) & Cyber Insurance Renewal
BENITEZ PLUMBING LLC,BENITEZ PLUMBING L L C,9802 WOLFE RD,HOUSTON,TX,77064,238220,"Plumbing, Heating, and Air-Conditioning Contractors",Limited Liability Company (LLC),2025-02-21T00:00:00.000,Business Email Compromise (BEC) & Cyber Insurance Renewal
"BENJAMIN ELECTRICAL SERVICES, LLC","BENJAMIN ELECTRICAL SERVICES, LLC",9908 CLARK RD,HOUSTON,TX,77076,238210,Electrical Contractors and Other Wiring Installation,Limited Liability Company (LLC),2014-03-29T00:00:00.000,Business Email Compromise (BEC) & Cyber Insurance Renewal
BENNETT FAN INSTALLATIONS INC,"BENNETT FAN INSTALLATIONS, INC.",10706 SAGEWIND CIR,HOUSTON,TX,77089,238211,"Construction (General, Civil, Specialty Trades)",Texas Corporation,2006-08-07T00:00:00.000,Business Email Compromise (BEC) & Cyber Insurance Renewal
"BENSORS, L.L.C.","BENSORS, L.L.C.",5322 W 43RD ST,HOUSTON,TX,77092,238220,"Plumbing, Heating, and Air-Conditioning Contractors",Limited Liability Company (LLC),2020-10-01T00:00:00.000,Business Email Compromise (BEC) & Cyber Insurance Renewal
BENTWOOD OF HOUSTON,"BENTWOOD KITCHENS, L.L.C.",2800 SAGE RD,HOUSTON,TX,77056,238991,"Construction (General, Civil, Specialty Trades)",Limited Liability Company (LLC),2010-11-10T00:00:00.000,Business Email Compromise (BEC) & Cyber Insurance Renewal
BERNHARD MCC HOUSTON SERVICE BRANCH,"ENFRA MCC, LLC",4888 LOOP CENTRAL DR STE 600,HOUSTON,TX,77081,238220,"Plumbing, Heating, and Air-Conditioning Contractors",Corporation / Corporate Entity,2020-02-03T00:00:00.000,Business Email Compromise (BEC) & Cyber Insurance Renewal
BERRYS CUSTOMIZED CABINETS,LESLIE M BERRY JR,8502 AUTUMN LN,HOUSTON,TX,77016,238990,"Construction (General, Civil, Specialty Trades)",Type IS,2006-12-19T00:00:00.000,Business Email Compromise (BEC) & Cyber Insurance Renewal
BEST COMMERCIAL GLASS LLC,BEST COMMERCIAL GLASS LLC,10111 GRANT RD STE S,HOUSTON,TX,77070,238150,"Construction (General, Civil, Specialty Trades)",Limited Liability Company (LLC),2024-12-14T00:00:00.000,Business Email Compromise (BEC) & Cyber Insurance Renewal
BEST DOOR SERVICE,BEST DOOR SERVICE LLC,4306 BROOKWOODS DR,HOUSTON,TX,77092,238350,"Construction (General, Civil, Specialty Trades)",Limited Liability Company (LLC),2019-05-16T00:00:00.000,Business Email Compromise (BEC) & Cyber Insurance Renewal
"BEST NETWORKS HOUSTON, LLC","BEST NETWORKS HOUSTON, LLC",8114 BO JACK DR,HOUSTON,TX,77040,238210,Electrical Contractors and Other Wiring Installation,Limited Liability Company (LLC),2002-12-10T00:00:00.000,Business Email Compromise (BEC) & Cyber Insurance Renewal
BEST PLUMBING L L C,"BEST PLUMBING, L.L.C.",7802 FARNSWORTH ST,HOUSTON,TX,77022,238222,"Construction (General, Civil, Specialty Trades)",Limited Liability Company (LLC),2002-05-16T00:00:00.000,Business Email Compromise (BEC) & Cyber Insurance Renewal
BEST ROOFING SUPPLY LLC,BEST ROOFING SUPPLY LLC,5632 PLAINVIEW ST,HOUSTON,TX,77087,238160,Roofing Contractors,Limited Liability Company (LLC),2023-04-18T00:00:00.000,Business Email Compromise (BEC) & Cyber Insurance Renewal
BEST STRONG FENCE LLC,"BEST STRONG FENCE, LLC",4410 WILEY RD,HOUSTON,TX,77093,238990,"Construction (General, Civil, Specialty Trades)",Limited Liability Company (LLC),2026-02-26T00:00:00.000,Business Email Compromise (BEC) & Cyber Insurance Renewal
"BEST SURFACE SOURCE, INC.","BEST SURFACE SOURCE, INC.",201 WILCREST DR APT 2103,HOUSTON,TX,77042,238340,"Construction (General, Civil, Specialty Trades)",Texas Corporation,2016-01-13T00:00:00.000,Business Email Compromise (BEC) & Cyber Insurance Renewal
BETHEL FIRE & SECURITY,"ALL THINGS SEAHORN, LLC",13201 NORTHWEST FWY STE 800,HOUSTON,TX,77040,238992,"Construction (General, Civil, Specialty Trades)",Limited Liability Company (LLC),2026-09-08T00:00:00.000,Business Email Compromise (BEC) & Cyber Insurance Renewal
BETTER MADE CABINETS,"LNM VENTURES, INC.",8700 JAMEEL RD STE 100,HOUSTON,TX,77040,238390,"Construction (General, Civil, Specialty Trades)",Texas Corporation,2026-07-11T00:00:00.000,Business Email Compromise (BEC) & Cyber Insurance Renewal
BETTER WATER SOLUTIONS,JUAN CARLOS VALENCIA,3120 SOUTHWEST FWY STE 101,HOUSTON,TX,77098,238221,"Construction (General, Civil, Specialty Trades)",Type IS,2026-07-07T00:00:00.000,Business Email Compromise (BEC) & Cyber Insurance Renewal
"BEVCO COMPANY, INC.","BEVCO COMPANY, INC.",104 RILEY RD,HOUSTON,TX,77047,238992,"Construction (General, Civil, Specialty Trades)",Texas Corporation,2014-06-18T00:00:00.000,Business Email Compromise (BEC) & Cyber Insurance Renewal
BEVO EQUIPMENT LLC,BEVO EQUIPMENT LLC,9201 TAVENOR LN,HOUSTON,TX,77075,238910,"Construction (General, Civil, Specialty Trades)",Limited Liability Company (LLC),2020-03-10T00:00:00.000,Business Email Compromise (BEC) & Cyber Insurance Renewal
"BEY'S CONTRACTING SERVICES, INC.","BEY'S CONTRACTING SERVICES, INC.",4711 FORTHBRIDGE DR,HOUSTON,TX,77084,238990,"Construction (General, Civil, Specialty Trades)",Texas Corporation,2009-06-01T00:00:00.000,Business Email Compromise (BEC) & Cyber Insurance Renewal
BEYOND CONTROLS,"BEYOND BALANCE SERVICES, INC.",9597 JONES RD # 246,HOUSTON,TX,77065,238210,Electrical Contractors and Other Wiring Installation,Texas Corporation,2022-12-05T00:00:00.000,Business Email Compromise (BEC) & Cyber Insurance Renewal
"BI POLAR AIR CONDITIONING & HEATING, LLC","BI POLAR AIR CONDITIONING & HEATING, LLC",10839 W LITTLE YORK RD,HOUSTON,TX,77041,238220,"Plumbing, Heating, and Air-Conditioning Contractors",Limited Liability Company (LLC),2025-10-03T00:00:00.000,Business Email Compromise (BEC) & Cyber Insurance Renewal
BIC'S PLUMBING SERVICE COMPANY,"MECHANICAL ENTERPRISES, INC.",6606 LINDBERGH ST,HOUSTON,TX,77087,238222,"Construction (General, Civil, Specialty Trades)",Texas Corporation,2013-02-21T00:00:00.000,Business Email Compromise (BEC) & Cyber Insurance Renewal
"BIG 3 PLUMBING, LLC","BIG 3 PLUMBING, LLC",5730 GARDENDALE DR,HOUSTON,TX,77092,238220,"Plumbing, Heating, and Air-Conditioning Contractors",Limited Liability Company (LLC),2024-06-04T00:00:00.000,Business Email Compromise (BEC) & Cyber Insurance Renewal
BIG 4 ERECTORS LP,"BIG 4 ERECTORS, L.P.",2600 CITADEL PLAZA DR STE 640,HOUSTON,TX,77008,238112,"Construction (General, Civil, Specialty Trades)",Type PL,1981-12-31T00:00:00.000,Business Email Compromise (BEC) & Cyber Insurance Renewal
"BIG TEX AIR CONDITIONING, INC.","BIG TEX AIR CONDITIONING, INC.",9340 N GREEN RIVER DR,HOUSTON,TX,77078,238220,"Plumbing, Heating, and Air-Conditioning Contractors",Texas Corporation,2024-03-19T00:00:00.000,Business Email Compromise (BEC) & Cyber Insurance Renewal
BILFINGER INDUSTRIAL SERVICES INC.,BILFINGER INDUSTRIAL SERVICES INC.,11770 N GESSNER RD,HOUSTON,TX,77064,238990,"Construction (General, Civil, Specialty Trades)",Foreign Corporation (Out-of-State),2026-03-26T00:00:00.000,Business Email Compromise (BEC) & Cyber Insurance Renewal
BILL REFRIGERATION SERVICE,SHAOQING QIU,7243 ROOS RD,HOUSTON,TX,77074,238220,"Plumbing, Heating, and Air-Conditioning Contractors",Type IS,2016-05-18T00:00:00.000,Business Email Compromise (BEC) & Cyber Insurance Renewal
BILLY C MORELAND A/C,BILLY C MORELAND JR,6106 IRONSIDE TURN DR,HOUSTON,TX,77053,238220,"Plumbing, Heating, and Air-Conditioning Contractors",Type IS,1991-05-16T00:00:00.000,Business Email Compromise (BEC) & Cyber Insurance Renewal
BILLY'S PAINTING,IBRAHIM BAJRAMI,18143 BROOKNOLL DR,HOUSTON,TX,77084,238320,"Construction (General, Civil, Specialty Trades)",Type IS,1988-02-02T00:00:00.000,Business Email Compromise (BEC) & Cyber Insurance Renewal
BINSWANGER GLASS # 48,"BINSWANGER ENTERPRISES, LLC",1724 CYPRESS CREEK PKWY,HOUSTON,TX,77090,238150,"Construction (General, Civil, Specialty Trades)",Corporation / Corporate Entity,2011-07-21T00:00:00.000,Business Email Compromise (BEC) & Cyber Insurance Renewal
BINSWANGER GLASS # 49,"BINSWANGER ENTERPRISES, LLC",3330 CHIMNEY ROCK RD,HOUSTON,TX,77056,238150,"Construction (General, Civil, Specialty Trades)",Corporation / Corporate Entity,2011-07-21T00:00:00.000,Business Email Compromise (BEC) & Cyber Insurance Renewal
BINSWANGER GLASS # 82,"BINSWANGER ENTERPRISES, LLC",1811 SAN JACINTO ST,HOUSTON,TX,77002,238150,"Construction (General, Civil, Specialty Trades)",Corporation / Corporate Entity,2011-07-21T00:00:00.000,Business Email Compromise (BEC) & Cyber Insurance Renewal
BINSWANGER GLASS # 86,"BINSWANGER ENTERPRISES, LLC",9147 CYPRESS CREEK PKWY,HOUSTON,TX,77070,238150,"Construction (General, Civil, Specialty Trades)",Corporation / Corporate Entity,2011-07-21T00:00:00.000,Business Email Compromise (BEC) & Cyber Insurance Renewal
BINSWANGER GLASS # 88,"BINSWANGER ENTERPRISES, LLC",1818 BINGLE RD,HOUSTON,TX,77055,238150,"Construction (General, Civil, Specialty Trades)",Corporation / Corporate Entity,2011-07-21T00:00:00.000,Business Email Compromise (BEC) & Cyber Insurance Renewal
BINSWANGER GLASS #29,"BINSWANGER ENTERPRISES, LLC",16721 HOLLISTER ST,HOUSTON,TX,77066,238150,"Construction (General, Civil, Specialty Trades)",Corporation / Corporate Entity,2019-03-11T00:00:00.000,Business Email Compromise (BEC) & Cyber Insurance Renewal
BINSWANGER GLASS #89,"BINSWANGER ENTERPRISES, LLC",11936 BRITTMOORE PARK DR,HOUSTON,TX,77041,238150,"Construction (General, Civil, Specialty Trades)",Corporation / Corporate Entity,2020-06-11T00:00:00.000,Business Email Compromise (BEC) & Cyber Insurance Renewal
"BIRD ANTENNA SYSTEMS, INC.","BIRD ANTENNA SYSTEMS, INC.",6040 WESTPARK DR UNIT B3,HOUSTON,TX,77057,238390,"Construction (General, Civil, Specialty Trades)",Texas Corporation,2020-11-18T00:00:00.000,Business Email Compromise (BEC) & Cyber Insurance Renewal
BIRD MECHANICAL SERVICE INC,BIRD MECHANICAL SERVICE INC,957 E NASA PKWY,HOUSTON,TX,77058,238220,"Plumbing, Heating, and Air-Conditioning Contractors",Texas Corporation,2021-12-13T00:00:00.000,Business Email Compromise (BEC) & Cyber Insurance Renewal
BIZAILLION FLOORS LLC,BIZAILLION FLOORS LLC,11903 SWAN CREEK DR,HOUSTON,TX,77065,238330,"Construction (General, Civil, Specialty Trades)",Limited Liability Company (LLC),2017-01-18T00:00:00.000,Business Email Compromise (BEC) & Cyber Insurance Renewal
BKTJGC ENTERPRISES,DONALD C BECKMAN,5703 BENNING DR,HOUSTON,TX,77096,238220,"Plumbing, Heating, and Air-Conditioning Contractors",Type IS,2014-12-12T00:00:00.000,Business Email Compromise (BEC) & Cyber Insurance Renewal
"BLACK SECURITY PRODUCTS, LLC","BLACK SECURITY PRODUCTS, LLC",6525 CUNNINGHAM RD STE E,HOUSTON,TX,77041,238990,"Construction (General, Civil, Specialty Trades)",Limited Liability Company (LLC),2025-10-13T00:00:00.000,Business Email Compromise (BEC) & Cyber Insurance Renewal
"BLACKHORSE ROOFING & CONSTRUCTION, LLC","BLACKHORSE ROOFING & CONSTRUCTION, LLC",17339 KIOWA RIVER LN,HOUSTON,TX,77095,238160,Roofing Contractors,Limited Liability Company (LLC),2024-12-07T00:00:00.000,Business Email Compromise (BEC) & Cyber Insurance Renewal
BLANCO ELECTRIC LTD. CO.,BLANCO ELECTRIC LTD. CO.,13333 NORTHWEST FWY STE 200,HOUSTON,TX,77040,238210,Electrical Contractors and Other Wiring Installation,Limited Liability Company (LLC),2023-12-18T00:00:00.000,Business Email Compromise (BEC) & Cyber Insurance Renewal
BLAZE UTILITIES LLC,BLAZE UTILITIES LLC,13722 CAMELOT CENTRE CT,HOUSTON,TX,77069,238910,"Construction (General, Civil, Specialty Trades)",Limited Liability Company (LLC),2020-06-04T00:00:00.000,Business Email Compromise (BEC) & Cyber Insurance Renewal
BLEUSTONE LIFE SAFETY,BLEUSTONE FOX INC.,4427 WINDRIFT DR,HOUSTON,TX,77066,238210,Electrical Contractors and Other Wiring Installation,Texas Corporation,2026-07-23T00:00:00.000,Business Email Compromise (BEC) & Cyber Insurance Renewal
BLUE HAVEN POOLS & SPAS,"BH POOLS OF HOUSTON, INC.",2201 HIGHWAY 6 S,HOUSTON,TX,77077,238990,"Construction (General, Civil, Specialty Trades)",Texas Corporation,2023-10-12T00:00:00.000,Business Email Compromise (BEC) & Cyber Insurance Renewal
BLUE INDUSTRIAL LLC,BLUE INDUSTRIAL LLC,3302 CANAL ST STE 54,HOUSTON,TX,77003,238220,"Plumbing, Heating, and Air-Conditioning Contractors",Corporation / Corporate Entity,2026-05-06T00:00:00.000,Business Email Compromise (BEC) & Cyber Insurance Renewal
"BLUE ION ELECTRIC, LLC","BLUE ION ELECTRIC, LLC",12922 PECAN SHORES DR,HOUSTON,TX,77044,238210,Electrical Contractors and Other Wiring Installation,Limited Liability Company (LLC),2022-12-07T00:00:00.000,Business Email Compromise (BEC) & Cyber Insurance Renewal
BLUE JAY ELECTRICAL SERVICES,SAMUEL FRANK MARTIN III,7510 GAILEY LN,HOUSTON,TX,77040,238210,Electrical Contractors and Other Wiring Installation,Type IS,2019-02-11T00:00:00.000,Business Email Compromise (BEC) & Cyber Insurance Renewal
BLUE KANGAROO PACKOUTZ OF HOUSTON NE/WOODLANDS,EVENLEVEL HOLDINGS LLC,6823 THEALL RD STE C,HOUSTON,TX,77066,238990,"Construction (General, Civil, Specialty Trades)",Limited Liability Company (LLC),2026-04-27T00:00:00.000,Business Email Compromise (BEC) & Cyber Insurance Renewal
BLUE LABEL HOME SERVICES LLC,BLUE LABEL HOME SERVICES LLC,5829 W SAM HOUSTON PKWY N STE 704,HOUSTON,TX,77041,238220,"Plumbing, Heating, and Air-Conditioning Contractors",Limited Liability Company (LLC),2019-09-11T00:00:00.000,Business Email Compromise (BEC) & Cyber Insurance Renewal
BLUE RYNO FENCE,JOSE URIEL LOPEZ ORTEGA,8706 BENNINGFIELD LN,HOUSTON,TX,77064,238990,"Construction (General, Civil, Specialty Trades)",Type IS,2026-04-17T00:00:00.000,Business Email Compromise (BEC) & Cyber Insurance Renewal
BLUE WATER IRRIGATION,DK IRRIGATION LLC,1636 CRESTDALE DR,HOUSTON,TX,77080,238220,"Plumbing, Heating, and Air-Conditioning Contractors",Limited Liability Company (LLC),2021-07-07T00:00:00.000,Business Email Compromise (BEC) & Cyber Insurance Renewal
BLUEFROG PLUMBING + DRAIN OF NORTHWEST HOUSTON,"DESSELLE HOME SERVICES, INC.",10015 N ELDRIDGE PKWY STE E-100,HOUSTON,TX,77065,238220,"Plumbing, Heating, and Air-Conditioning Contractors",Texas Corporation,2019-12-10T00:00:00.000,Business Email Compromise (BEC) & Cyber Insurance Renewal
BLYGOLD HOUSTON,"CORROSION CONTROL SPECIALISTS, INCORPORATED",5712 YALE ST,HOUSTON,TX,77076,238210,Electrical Contractors and Other Wiring Installation,Texas Corporation,2023-02-16T00:00:00.000,Business Email Compromise (BEC) & Cyber Insurance Renewal
BONTE ELECTRICAL LLC,"BONTE ELECTRICAL, LLC",2218 BROOKTREE DR,HOUSTON,TX,77008,238211,"Construction (General, Civil, Specialty Trades)",Limited Liability Company (LLC),2008-04-03T00:00:00.000,Business Email Compromise (BEC) & Cyber Insurance Renewal
BOOKER A/C & REFRIGERATION LLC,BOOKER A/C & REFRIGERATION LLC,16119 ELLIS SANDS LN,HOUSTON,TX,77044,238220,"Plumbing, Heating, and Air-Conditioning Contractors",Limited Liability Company (LLC),2025-01-07T00:00:00.000,Business Email Compromise (BEC) & Cyber Insurance Renewal
"BOSS ELECTRICAL SYSTEMS, INC.","BOSS ELECTRICAL SYSTEMS, INC.",2029 HEANEY DR,HOUSTON,TX,77093,238211,"Construction (General, Civil, Specialty Trades)",Texas Corporation,1988-03-22T00:00:00.000,Business Email Compromise (BEC) & Cyber Insurance Renewal
BOTELLO BUILDERS CORPORATION,BOTELLO BUILDERS CORPORATION,13326 RALPH CULVER RD,HOUSTON,TX,77086,238110,"Construction (General, Civil, Specialty Trades)",Texas Corporation,2018-04-10T00:00:00.000,Business Email Compromise (BEC) & Cyber Insurance Renewal
BOWEN AUDIO/VIDEO INTERGRATORS,STEVEN C BOWEN,12011 GRACE HALL DR,HOUSTON,TX,77065,238990,"Construction (General, Civil, Specialty Trades)",Type IS,2020-10-16T00:00:00.000,Business Email Compromise (BEC) & Cyber Insurance Renewal
BOYD'S PAINTING SERVICE INC,"BOYD'S PAINTING SERVICE, INC.",5891 W 34TH ST,HOUSTON,TX,77092,238322,"Construction (General, Civil, Specialty Trades)",Texas Corporation,2026-09-18T00:00:00.000,Business Email Compromise (BEC) & Cyber Insurance Renewal
"BOZAC CONSTRUCTION, LLC","BOZAC CONSTRUCTION, LLC",14110 N SUDDLEY CASTLE ST,HOUSTON,TX,77095,238990,"Construction (General, Civil, Specialty Trades)",Limited Liability Company (LLC),2015-10-01T00:00:00.000,Business Email Compromise (BEC) & Cyber Insurance Renewal
"BP ROOFING VENTURES, LLC",BP ROOFING VENTURES LLC,7942 BREEN DR,HOUSTON,TX,77064,238160,Roofing Contractors,Limited Liability Company (LLC),2024-11-19T00:00:00.000,Business Email Compromise (BEC) & Cyber Insurance Renewal
BPM MILLWORK LLC,BPM MILLWORK LLC,6715 MCGREW ST STE B,HOUSTON,TX,77087,238350,"Construction (General, Civil, Specialty Trades)",Limited Liability Company (LLC),2012-08-07T00:00:00.000,Business Email Compromise (BEC) & Cyber Insurance Renewal
BRADFORD BROTHERS UNDERGROUND SERVICE INC,"BRADFORD BROTHERS UNDERGROUND SERVICE, INC.",1515 MESQUITE ST,HOUSTON,TX,77093,238210,Electrical Contractors and Other Wiring Installation,Texas Corporation,2009-05-01T00:00:00.000,Business Email Compromise (BEC) & Cyber Insurance Renewal
BRAUN'S ROOFING INC,"BRAUN'S ROOFING, INC.",6122 SOUTH LOOP E,HOUSTON,TX,77087,238161,"Construction (General, Civil, Specialty Trades)",Texas Corporation,1989-10-27T00:00:00.000,Business Email Compromise (BEC) & Cyber Insurance Renewal
"BRAVAS NEW HOLDCO, LLC - HOUSTON LOCATION","BRAVAS NEW HOLDCO, LLC",6714 THEALL RD,HOUSTON,TX,77066,238210,Electrical Contractors and Other Wiring Installation,Corporation / Corporate Entity,2026-07-29T00:00:00.000,Business Email Compromise (BEC) & Cyber Insurance Renewal
BRIDGEPOS TX,"BRIDGE POS-TX, PROFESSIONAL CORPORATION",10060 VETERANS MEMORIAL DR,HOUSTON,TX,77038,238210,Electrical Contractors and Other Wiring Installation,Type CP,2026-06-24T00:00:00.000,Business Email Compromise (BEC) & Cyber Insurance Renewal
"BRIGHT EMPIRE ELECTRIC, LLC","BRIGHT EMPIRE ELECTRIC, LLC",11102 SAGEVIEW DR,HOUSTON,TX,77089,238210,Electrical Contractors and Other Wiring Installation,Limited Liability Company (LLC),2019-02-20T00:00:00.000,Business Email Compromise (BEC) & Cyber Insurance Renewal
BRIGHTENGALE,BRIGHTENGALE LLC,3574 W T C JESTER BLVD,HOUSTON,TX,77018,238210,Electrical Contractors and Other Wiring Installation,Limited Liability Company (LLC),2022-03-18T00:00:00.000,Business Email Compromise (BEC) & Cyber Insurance Renewal
BRIGHTER LIGHTS ELECTRIC,JONATHAN R SAENZ,5543 BERRY CREEK DR,HOUSTON,TX,77017,238210,Electrical Contractors and Other Wiring Installation,Type IS,2025-08-08T00:00:00.000,Business Email Compromise (BEC) & Cyber Insurance Renewal
BRIO SITE TASK FORCE,"CLEARWATER LOADERS, INC.",2501 DIXIE FARM RD,HOUSTON,TX,77089,238990,"Construction (General, Civil, Specialty Trades)",Texas Corporation,2006-11-02T00:00:00.000,Business Email Compromise (BEC) & Cyber Insurance Renewal
BRITAIN ELECTRIC COMPANY,BRITAIN ELECTRIC COMPANY,1640 BRITTMOORE RD STE A,HOUSTON,TX,77043,238212,"Construction (General, Civil, Specialty Trades)",Texas Corporation,2017-11-28T00:00:00.000,Business Email Compromise (BEC) & Cyber Insurance Renewal
BRITAIN ELECTRIC COMPANY,BRITAIN ELECTRIC COMPANY,14149 WESTFAIR EAST DR,HOUSTON,TX,77041,238210,Electrical Contractors and Other Wiring Installation,Texas Corporation,2023-01-24T00:00:00.000,Business Email Compromise (BEC) & Cyber Insurance Renewal
BRON & CLAUDE,"BRON & CLAUDE ENGINEERING, LLC",15407 MISTY HOLLOW DR,HOUSTON,TX,77068,238990,"Construction (General, Civil, Specialty Trades)",Limited Liability Company (LLC),2025-11-17T00:00:00.000,Business Email Compromise (BEC) & Cyber Insurance Renewal
BROS CAO ELECTRIC L L C,"BROS CAO ELECTRIC, L.L.C.",5251 GASMER DR APT 308,HOUSTON,TX,77035,238210,Electrical Contractors and Other Wiring Installation,Limited Liability Company (LLC),1999-07-15T00:00:00.000,Business Email Compromise (BEC) & Cyber Insurance Renewal
"BROWN MECHANICAL SERVICES, INC.","BROWN MECHANICAL SERVICES, INC.",4802 LOTUS ST,HOUSTON,TX,77045,238220,"Plumbing, Heating, and Air-Conditioning Contractors",Texas Corporation,2022-01-19T00:00:00.000,Business Email Compromise (BEC) & Cyber Insurance Renewal
"BRUSH MECHANICAL, INC.","BRUSH MECHANICAL, INC.",11811 CHARLES RD,HOUSTON,TX,77041,238222,"Construction (General, Civil, Specialty Trades)",Texas Corporation,1991-06-03T00:00:00.000,Business Email Compromise (BEC) & Cyber Insurance Renewal
BRYSON A/C SUPPLY,"BRYSON A/C SUPPLY, LLC",12441 CARLSBAD ST,HOUSTON,TX,77085,238220,"Plumbing, Heating, and Air-Conditioning Contractors",Limited Liability Company (LLC),2026-04-24T00:00:00.000,Business Email Compromise (BEC) & Cyber Insurance Renewal
"BSG OUTDOOR LIVING, LLC",BSG OUTDOOR LIVING LLC,24 GREENWAY PLZ STE 1800,HOUSTON,TX,77046,238990,"Construction (General, Civil, Specialty Trades)",Limited Liability Company (LLC),2024-09-24T00:00:00.000,Business Email Compromise (BEC) & Cyber Insurance Renewal
BUBBLEHEAD POOL SERVICE,MATTHEW ROBERTS,16206 SUMMER DAWN LN,HOUSTON,TX,77095,238991,"Construction (General, Civil, Specialty Trades)",Type IS,2025-09-15T00:00:00.000,Business Email Compromise (BEC) & Cyber Insurance Renewal
BUFFALO GLASS CO LLC,"BUFFALO GLASS CO., LLC",7936 HILLCROFT ST,HOUSTON,TX,77081,238150,"Construction (General, Civil, Specialty Trades)",Limited Liability Company (LLC),2024-09-24T00:00:00.000,Business Email Compromise (BEC) & Cyber Insurance Renewal
"BUILDER SERVICES GROUP, INC.","BUILDER SERVICES GROUP, INC.",15375 VANTAGE PKWY E,HOUSTON,TX,77032,238310,"Construction (General, Civil, Specialty Trades)",Foreign Corporation (Out-of-State),2019-01-30T00:00:00.000,Business Email Compromise (BEC) & Cyber Insurance Renewal
"BUILDER SERVICES GROUP, INC.","BUILDER SERVICES GROUP, INC.",10723 ROCKLEY RD,HOUSTON,TX,77099,238310,"Construction (General, Civil, Specialty Trades)",Foreign Corporation (Out-of-State),2020-11-06T00:00:00.000,Business Email Compromise (BEC) & Cyber Insurance Renewal
BUILDERS ALLIANCE LLC,BUILDERS ALLIANCE LLC,433 NORTHPARK CENTRAL DR,HOUSTON,TX,77073,238350,"Construction (General, Civil, Specialty Trades)",Corporation / Corporate Entity,2022-08-22T00:00:00.000,Business Email Compromise (BEC) & Cyber Insurance Renewal
BUILDERS QUALITY MARBLE,RONALD WAGMAN,1419 LAKECLIFF DR,HOUSTON,TX,77077,238991,"Construction (General, Civil, Specialty Trades)",Type IS,2011-02-17T00:00:00.000,Business Email Compromise (BEC) & Cyber Insurance Renewal
BUILDING AN OBSESSION LLC,BUILDING AN OBSESSION LLC,1030 FISHER ST,HOUSTON,TX,77018,238990,"Construction (General, Civil, Specialty Trades)",Limited Liability Company (LLC),2013-08-21T00:00:00.000,Business Email Compromise (BEC) & Cyber Insurance Renewal
BUILDING CONCRETE SOLUTIONS LP,"BUILDING CONCRETE SOLUTIONS, L.P.",777 BENMAR DR,HOUSTON,TX,77060,238110,"Construction (General, Civil, Specialty Trades)",Type PL,2007-03-28T00:00:00.000,Business Email Compromise (BEC) & Cyber Insurance Renewal
"BUILDING SPECIALTIES, INC.","BUILDING SPECIALTIES, INC.",7223 GESSNER RD,HOUSTON,TX,77040,238290,"Construction (General, Civil, Specialty Trades)",Texas Corporation,2020-02-01T00:00:00.000,Business Email Compromise (BEC) & Cyber Insurance Renewal
"BULLDOG SECURITY SERVICES, LLC","BULLDOG SECURITY SERVICES, LLC",14340 TORREY CHASE BLVD STE 250,HOUSTON,TX,77014,238210,Electrical Contractors and Other Wiring Installation,Limited Liability Company (LLC),2023-02-14T00:00:00.000,Business Email Compromise (BEC) & Cyber Insurance Renewal
BURLESON MECHANICAL SERVICES LLC,BURLESON MECHANICAL SERVICES LLC,6446 BROOKSIDE DR,HOUSTON,TX,77023,238220,"Plumbing, Heating, and Air-Conditioning Contractors",Limited Liability Company (LLC),2024-09-12T00:00:00.000,Business Email Compromise (BEC) & Cyber Insurance Renewal
BURNS ELECTRIC INC,"BURNS ELECTRIC, INC.",226 S 75TH ST,HOUSTON,TX,77011,238212,"Construction (General, Civil, Specialty Trades)",Texas Corporation,1976-05-05T00:00:00.000,Business Email Compromise (BEC) & Cyber Insurance Renewal
"BUSINESS FLOORING SPECIALISTS, LP","BUSINESS FLOORING SPECIALISTS, L.P.",7222 ERTEL LN,HOUSTON,TX,77040,238330,"Construction (General, Civil, Specialty Trades)",Type PL,2025-01-17T00:00:00.000,Business Email Compromise (BEC) & Cyber Insurance Renewal
"BUSINESS INSYSTEMS, INC.","BUSINESS INSYSTEMS, INC.",16630 IMPERIAL VALLEY DR STE 156,HOUSTON,TX,77060,238350,"Construction (General, Civil, Specialty Trades)",Texas Corporation,2014-08-26T00:00:00.000,Business Email Compromise (BEC) & Cyber Insurance Renewal
BV COMFORT A/C & HEATING LLC,BV COMFORT A/C & HEATING LLC,12007 HIGH STAR DR,HOUSTON,TX,77072,238220,"Plumbing, Heating, and Air-Conditioning Contractors",Limited Liability Company (LLC),2022-06-30T00:00:00.000,Business Email Compromise (BEC) & Cyber Insurance Renewal
BVR,"B . V . R . , LLC",5005 RIVERWAY DR STE 205,HOUSTON,TX,77056,238992,"Construction (General, Civil, Specialty Trades)",Limited Liability Company (LLC),2023-03-21T00:00:00.000,Business Email Compromise (BEC) & Cyber Insurance Renewal
C & R TELECOMMUNICATION INC,"C & R TELECOMMUNICATION, INC.",8818 TALCOTT LN,HOUSTON,TX,77049,238211,"Construction (General, Civil, Specialty Trades)",Texas Corporation,2006-08-28T00:00:00.000,Business Email Compromise (BEC) & Cyber Insurance Renewal
C & T DESIGN & EQUIPMENT CO INC,"C & T DESIGN AND EQUIPMENT CO., INC.",9550 BAYTHORNE DR STE 200,HOUSTON,TX,77041,238290,"Construction (General, Civil, Specialty Trades)",Foreign Corporation (Out-of-State),2011-07-20T00:00:00.000,Business Email Compromise (BEC) & Cyber Insurance Renewal
C AND H A/C AND HEATER,CANDELARIO HINOJOSA,12746 COULSON ST,HOUSTON,TX,77015,238220,"Plumbing, Heating, and Air-Conditioning Contractors",Type IS,2002-08-12T00:00:00.000,Business Email Compromise (BEC) & Cyber Insurance Renewal
C AND W ELECTRICAL SERVICES INC,"C & W ELECTRICAL SERVICES, INC.",9125 AIRPORT BLVD STE D-6,HOUSTON,TX,77061,238212,"Construction (General, Civil, Specialty Trades)",Texas Corporation,1990-07-21T00:00:00.000,Business Email Compromise (BEC) & Cyber Insurance Renewal
C F MCDONALD ELECTRIC INC,"C. F. MCDONALD ELECTRIC, INC.",5044 TIMBER CREEK DR,HOUSTON,TX,77017,238000,"Construction (General, Civil, Specialty Trades)",Texas Corporation,2000-01-05T00:00:00.000,Business Email Compromise (BEC) & Cyber Insurance Renewal
C W HENDERSON ELECTRIC INC,"C.W. HENDERSON ELECTRIC, INC.",8537 BERWYN DR,HOUSTON,TX,77037,238212,"Construction (General, Civil, Specialty Trades)",Texas Corporation,2004-09-07T00:00:00.000,Business Email Compromise (BEC) & Cyber Insurance Renewal
C-AIR-S MECHANICAL,"C-AIR-S MECHANICAL, INC.",8430 FAWNDALE LN,HOUSTON,TX,77040,238222,"Construction (General, Civil, Specialty Trades)",Texas Corporation,1996-06-21T00:00:00.000,Business Email Compromise (BEC) & Cyber Insurance Renewal
C-AUTOMATION,AVILIA VERALICE GOULD,10535 W LITTLE YORK RD,HOUSTON,TX,77041,238990,"Construction (General, Civil, Specialty Trades)",Type IS,2026-02-23T00:00:00.000,Business Email Compromise (BEC) & Cyber Insurance Renewal
"C. C. HUNTER, INC.","C. C. HUNTER, INC.",1950 KNOLL ST,HOUSTON,TX,77080,238190,"Construction (General, Civil, Specialty Trades)",Texas Corporation,2017-05-04T00:00:00.000,Business Email Compromise (BEC) & Cyber Insurance Renewal
CAB HOME RENOVATIONS,CHRISTOPHER ALEXANDER BASSEY,11518 BRIAR FOREST DR,HOUSTON,TX,77077,238991,"Construction (General, Civil, Specialty Trades)",Type IS,2025-01-16T00:00:00.000,Business Email Compromise (BEC) & Cyber Insurance Renewal
CABANA POOL SERVICE CO,"CABANA POOLS AQUATECH, INC.",1722 MONARCH OAKS ST,HOUSTON,TX,77055,238991,"Construction (General, Civil, Specialty Trades)",Texas Corporation,1992-11-04T00:00:00.000,Business Email Compromise (BEC) & Cyber Insurance Renewal
"CABINET DOOR USA, LLC","CABINET DOOR USA, LLC",221 BARREN SPRINGS DR STE 15A,HOUSTON,TX,77090,238350,"Construction (General, Civil, Specialty Trades)",Limited Liability Company (LLC),2023-09-22T00:00:00.000,Business Email Compromise (BEC) & Cyber Insurance Renewal
CABINETS FOR LIVING LLC,VLADIMIR KUZNETSOV,11875 W LITTLE YORK RD STE 802,HOUSTON,TX,77041,238350,"Construction (General, Civil, Specialty Trades)",Type IS,2026-08-08T00:00:00.000,Business Email Compromise (BEC) & Cyber Insurance Renewal
CABLE & ELECTRICAL SYSTEMS INC,"CABLE & ELECTRICAL SYSTEMS, INC.",811 CURTIN ST,HOUSTON,TX,77018,238210,Electrical Contractors and Other Wiring Installation,Texas Corporation,2005-03-29T00:00:00.000,Business Email Compromise (BEC) & Cyber Insurance Renewal
"CAI SERVICES, LLC","CAI SERVICES, LLC",5119 FULTON ST,HOUSTON,TX,77009,238220,"Plumbing, Heating, and Air-Conditioning Contractors",Limited Liability Company (LLC),2024-09-23T00:00:00.000,Business Email Compromise (BEC) & Cyber Insurance Renewal
CALIBER ELECTRIC LLC,CALIBER ELECTRIC LLC,18002 KARLOW TRAIL LN,HOUSTON,TX,77060,238210,Electrical Contractors and Other Wiring Installation,Limited Liability Company (LLC),2023-05-18T00:00:00.000,Business Email Compromise (BEC) & Cyber Insurance Renewal
CALUR ENERGIA LLC,CALUR ENERGIA LLC,814 AUGUSTA DR,HOUSTON,TX,77057,238210,Electrical Contractors and Other Wiring Installation,Limited Liability Company (LLC),2016-10-04T00:00:00.000,Business Email Compromise (BEC) & Cyber Insurance Renewal
CAM CARE SERVICES LLC,CAM CARE SERVICES LLC,3801 KIRBY DR STE 340,HOUSTON,TX,77098,238990,"Construction (General, Civil, Specialty Trades)",Limited Liability Company (LLC),2024-02-15T00:00:00.000,Business Email Compromise (BEC) & Cyber Insurance Renewal
"CAMARATA MASONRY SYSTEMS, LTD.","CAMARATA MASONRY SYSTEMS, LTD.",767 KENRICK DR STE 120,HOUSTON,TX,77060,238140,"Construction (General, Civil, Specialty Trades)",Type PL,2011-05-05T00:00:00.000,Business Email Compromise (BEC) & Cyber Insurance Renewal
CAMBRIDGE ASSET GROUP CORPORATION,CAMBRIDGE ASSET GROUP CORPORATION,16821 BUCCANEER LN STE 104,HOUSTON,TX,77058,238210,Electrical Contractors and Other Wiring Installation,Texas Corporation,2008-09-23T00:00:00.000,Business Email Compromise (BEC) & Cyber Insurance Renewal
"CAMP ROOFING, LTD.","CAMP ROOFING, LTD.",15139 S POST OAK RD,HOUSTON,TX,77053,238161,"Construction (General, Civil, Specialty Trades)",Type PL,2018-12-20T00:00:00.000,Business Email Compromise (BEC) & Cyber Insurance Renewal
CANIL CONSTRUCTION,CANIL CONSTRUCTION LLC,10002 GREEN TREE RD,HOUSTON,TX,77042,238111,"Construction (General, Civil, Specialty Trades)",Limited Liability Company (LLC),2026-09-09T00:00:00.000,Business Email Compromise (BEC) & Cyber Insurance Renewal
CAPITAL FIRE PROTECTION LLC,CAPITAL FIRE PROTECTION LLC,3350 ROGERDALE RD STE E,HOUSTON,TX,77042,238220,"Plumbing, Heating, and Air-Conditioning Contractors",Limited Liability Company (LLC),2011-06-01T00:00:00.000,Business Email Compromise (BEC) & Cyber Insurance Renewal
CAPITAL GLASS LLC,CAPITAL GLASS LLC,5611 WATER LEAF LN,HOUSTON,TX,77088,238150,"Construction (General, Civil, Specialty Trades)",Limited Liability Company (LLC),2023-10-17T00:00:00.000,Business Email Compromise (BEC) & Cyber Insurance Renewal
"CAPITAL ROOFING CONSTRUCTION, LLC","CAPITAL ROOFING CONSTRUCTION, LLC",30 LYERLY ST STE 2,HOUSTON,TX,77022,238160,Roofing Contractors,Limited Liability Company (LLC),2014-08-22T00:00:00.000,Business Email Compromise (BEC) & Cyber Insurance Renewal
CAPITOL CUSTON TILE,C.C.T.  INC.,11875 W LITTLE YORK RD STE 1202,HOUSTON,TX,77041,238340,"Construction (General, Civil, Specialty Trades)",Texas Corporation,2024-03-21T00:00:00.000,Business Email Compromise (BEC) & Cyber Insurance Renewal
CAPP ELECTRIC COMPANY INC,EVELYN BAIRD GENTRY CORPORATION,4303 GLEBE RD,HOUSTON,TX,77018,238212,"Construction (General, Civil, Specialty Trades)",Texas Corporation,1993-08-18T00:00:00.000,Business Email Compromise (BEC) & Cyber Insurance Renewal
CAPSTONE DEVELOPMENT GROUP LLC,CAPSTONE DEVELOPMENT GROUP LLC,10215 MILLRIDGE NORTH DR,HOUSTON,TX,77070,238990,"Construction (General, Civil, Specialty Trades)",Limited Liability Company (LLC),2023-07-19T00:00:00.000,Business Email Compromise (BEC) & Cyber Insurance Renewal
CARDENAS LONE STAR CONCRETE LLC,CARDENAS LONE STAR CONCRETE LLC,5038 HOLLYBROOK LN,HOUSTON,TX,77039,238110,"Construction (General, Civil, Specialty Trades)",Limited Liability Company (LLC),2026-04-29T00:00:00.000,Business Email Compromise (BEC) & Cyber Insurance Renewal
CARDENAS PLUMBING HLBV LLC,CARDENAS PLUMBING HLBV LLC,7705 WERNER ST,HOUSTON,TX,77037,238220,"Plumbing, Heating, and Air-Conditioning Contractors",Limited Liability Company (LLC),2025-02-12T00:00:00.000,Business Email Compromise (BEC) & Cyber Insurance Renewal
CARDINAL AUTOMATION SYSTEMS LLC,CARDINAL AUTOMATION SYSTEMS LLC,7405 AIRPORT BLVD,HOUSTON,TX,77061,238210,Electrical Contractors and Other Wiring Installation,Limited Liability Company (LLC),2026-03-11T00:00:00.000,Business Email Compromise (BEC) & Cyber Insurance Renewal
CAREMAN AIR SYSTEMS LLC,CAREMAN AIR SYSTEMS LLC,7643 CANDLEGREEN LN,HOUSTON,TX,77071,238220,"Plumbing, Heating, and Air-Conditioning Contractors",Limited Liability Company (LLC),2024-08-20T00:00:00.000,Business Email Compromise (BEC) & Cyber Insurance Renewal
CARMONA REMODELING LLC,CARMONA REMODELING LLC,11926 LYNDA DR,HOUSTON,TX,77038,238131,"Construction (General, Civil, Specialty Trades)",Limited Liability Company (LLC),2020-09-02T00:00:00.000,Business Email Compromise (BEC) & Cyber Insurance Renewal
"CARPET TECH, INC.","CARPET TECH, INC.",431 BAMMEL RD,HOUSTON,TX,77073,238330,"Construction (General, Civil, Specialty Trades)",Foreign Corporation (Out-of-State),2024-01-05T00:00:00.000,Business Email Compromise (BEC) & Cyber Insurance Renewal
CARR'S COMMERCIAL CONTRACTING,"CARR'S GENERAL CONTRACTING, INC.",13210 WEIMAN RD,HOUSTON,TX,77041,238320,"Construction (General, Civil, Specialty Trades)",Texas Corporation,2005-03-03T00:00:00.000,Business Email Compromise (BEC) & Cyber Insurance Renewal
CARTER MECHANICAL & CONTROLS LLC,CARTER MECHANICAL & CONTROLS LLC,7906 NAPAWOOD CT,HOUSTON,TX,77088,238220,"Plumbing, Heating, and Air-Conditioning Contractors",Limited Liability Company (LLC),2007-12-13T00:00:00.000,Business Email Compromise (BEC) & Cyber Insurance Renewal
"CARTHEY INSTALLATIONS, LLC","CARTHEY INSTALLATIONS, LLC",3902 HIGHPINES DR,HOUSTON,TX,77068,238320,"Construction (General, Civil, Specialty Trades)",Limited Liability Company (LLC),2021-08-18T00:00:00.000,Business Email Compromise (BEC) & Cyber Insurance Renewal
CARTWRIGHT ENTERPRISES,CHARITY LYNN CARTWRIGHT AND PATRICK CARTWRIGHT,5135 BUNGALOW LN,HOUSTON,TX,77048,238290,"Construction (General, Civil, Specialty Trades)",Type PI,2020-12-23T00:00:00.000,Business Email Compromise (BEC) & Cyber Insurance Renewal
CAS DAVILA CARPENTRY,MARIO JOSE CASTILLO DAVILA,6403 SIERRA BLANCA DR APT 1909,HOUSTON,TX,77083,238350,"Construction (General, Civil, Specialty Trades)",Type IS,2024-06-14T00:00:00.000,Business Email Compromise (BEC) & Cyber Insurance Renewal
CASA SMART SOLUTIONS LLC,CASA SMART SOLUTIONS LLC,11812 CHANTELOUP DR,HOUSTON,TX,77047,238990,"Construction (General, Civil, Specialty Trades)",Limited Liability Company (LLC),2023-04-18T00:00:00.000,Business Email Compromise (BEC) & Cyber Insurance Renewal
CASTEEL AUTOMATIC FIRE PROTECTION INC,"KC001, INC.",2836 DELAFIELD ST,HOUSTON,TX,77023,238990,"Construction (General, Civil, Specialty Trades)",Texas Corporation,2000-06-05T00:00:00.000,Business Email Compromise (BEC) & Cyber Insurance Renewal
CASTILLO POWER WASH CO..,EUSEBIO CASTILLO,4403 TRACEMEADOW DR,HOUSTON,TX,77066,238990,"Construction (General, Civil, Specialty Trades)",Type IS,2016-05-19T00:00:00.000,Business Email Compromise (BEC) & Cyber Insurance Renewal
CASTILLO'S FLOORING INSTALLATION,MIGUEL A CASTILLO,6721B ALDER DR,HOUSTON,TX,77081,238000,"Construction (General, Civil, Specialty Trades)",Type IS,2000-03-14T00:00:00.000,Business Email Compromise (BEC) & Cyber Insurance Renewal
CASTLE GLASS COMPANY,TC GLASS INC,10603 GOLD POINT DR,HOUSTON,TX,77064,238990,"Construction (General, Civil, Specialty Trades)",Texas Corporation,2018-05-03T00:00:00.000,Business Email Compromise (BEC) & Cyber Insurance Renewal
CASTRO STONE & MARBLE,"CASTRO STONE & GRANITE, INC.",4120B NORTH FWY,HOUSTON,TX,77022,238990,"Construction (General, Civil, Specialty Trades)",Texas Corporation,2010-09-07T00:00:00.000,Business Email Compromise (BEC) & Cyber Insurance Renewal
CASTROS CARPET,JOHN CASTRO AND YANE CASTRO,8383 COMMERCE PARK DR STE 618,HOUSTON,TX,77036,238330,"Construction (General, Civil, Specialty Trades)",Type PI,2024-04-26T00:00:00.000,Business Email Compromise (BEC) & Cyber Insurance Renewal
CAVANAUGH SERVICES LLC,CAVANAUGH SERVICES LLC,1220 BLALOCK RD,HOUSTON,TX,77055,238330,"Construction (General, Civil, Specialty Trades)",Limited Liability Company (LLC),2023-05-23T00:00:00.000,Business Email Compromise (BEC) & Cyber Insurance Renewal
CAVANAUGH SERVICES LLC,CAVANAUGH SERVICES LLC,17623 PATTIGLEN DR,HOUSTON,TX,77084,238331,"Construction (General, Civil, Specialty Trades)",Limited Liability Company (LLC),2023-05-23T00:00:00.000,Business Email Compromise (BEC) & Cyber Insurance Renewal
CB&I LLC,"MCDERMOTT, LLC",915 N ELDRIDGE PKWY,HOUSTON,TX,77079,238130,"Construction (General, Civil, Specialty Trades)",Limited Liability Company (LLC),2022-05-18T00:00:00.000,Business Email Compromise (BEC) & Cyber Insurance Renewal
CBI NA-CON SOUTHWEST,"MCDERMOTT, LLC",8900 FAIRBANKS N HOUSTON RD,HOUSTON,TX,77064,238130,"Construction (General, Civil, Specialty Trades)",Limited Liability Company (LLC),2022-04-20T00:00:00.000,Business Email Compromise (BEC) & Cyber Insurance Renewal
"CCOMM TECHNOLOGY, INC.","CCOMM TECHNOLOGY, INC.",5847 SAN FELIPE ST STE 1700,HOUSTON,TX,77057,238210,Electrical Contractors and Other Wiring Installation,Texas Corporation,2015-12-16T00:00:00.000,Business Email Compromise (BEC) & Cyber Insurance Renewal
CEC MECHANICAL LLC,"CEC MECHANICAL, LLC",10127 ELMHURST ST,HOUSTON,TX,77075,238000,"Construction (General, Civil, Specialty Trades)",Limited Liability Company (LLC),2002-12-27T00:00:00.000,Business Email Compromise (BEC) & Cyber Insurance Renewal
"CEDAR MILL COMMERCIAL GLASS CO., INC.","CEDAR MILL COMMERCIAL GLASS CO., INC.",6608 BRITTMOORE RD STE 900,HOUSTON,TX,77041,238150,"Construction (General, Civil, Specialty Trades)",Texas Corporation,2024-01-12T00:00:00.000,Business Email Compromise (BEC) & Cyber Insurance Renewal
"CEIL TEX, INC.","CEIL TEX, INC.",13211 WINDFERN RD STE J,HOUSTON,TX,77064,238310,"Construction (General, Civil, Specialty Trades)",Texas Corporation,2018-03-13T00:00:00.000,Business Email Compromise (BEC) & Cyber Insurance Renewal
"CEILINGTEK, LLC","CEILINGTEK, LLC",11391 MEADOWGLEN LN STE H,HOUSTON,TX,77082,238990,"Construction (General, Civil, Specialty Trades)",Limited Liability Company (LLC),2024-02-06T00:00:00.000,Business Email Compromise (BEC) & Cyber Insurance Renewal
CENTENO SHEET METAL & INSULATION LLC,CENTENO SHEET METAL & INSULATION LLC,12014 WINDFERN RD,HOUSTON,TX,77064,238220,"Plumbing, Heating, and Air-Conditioning Contractors",Limited Liability Company (LLC),2024-12-13T00:00:00.000,Business Email Compromise (BEC) & Cyber Insurance Renewal
CENTER ENTERPRISES INC,"CENTER ENTERPRISES, INC.",7405 RAILHEAD LN,HOUSTON,TX,77086,238212,"Construction (General, Civil, Specialty Trades)",Texas Corporation,2009-02-23T00:00:00.000,Business Email Compromise (BEC) & Cyber Insurance Renewal
CENTRAL CITY AIR,"DAVID DEBIEN ENTERPRISES, INC.",520 THORNTON RD,HOUSTON,TX,77018,238220,"Plumbing, Heating, and Air-Conditioning Contractors",Texas Corporation,2013-07-11T00:00:00.000,Business Email Compromise (BEC) & Cyber Insurance Renewal
CENTRI-AIR MECHANICAL,ANDREW DAVID FULLER,10010 CUCKLEBUR CIR,HOUSTON,TX,77095,238220,"Plumbing, Heating, and Air-Conditioning Contractors",Type IS,2011-10-25T00:00:00.000,Business Email Compromise (BEC) & Cyber Insurance Renewal
"CERTIFIED FIREPROOFING, INC.","CERTIFIED FIREPROOFING, INC.",12248 CUTTEN RD,HOUSTON,TX,77066,238310,"Construction (General, Civil, Specialty Trades)",Texas Corporation,2016-10-06T00:00:00.000,Business Email Compromise (BEC) & Cyber Insurance Renewal
"CERTIFIED OVERHEAD GARAGE DOORS, INC.","CERTIFIED OVERHEAD GARAGE DOORS, INC.",10615 TOWER OAKS BLVD,HOUSTON,TX,77070,238190,"Construction (General, Civil, Specialty Trades)",Texas Corporation,2007-04-05T00:00:00.000,Business Email Compromise (BEC) & Cyber Insurance Renewal
"CES/WAY, LTD.","CES/WAY, LTD.",5304 ASHBROOK DR,HOUSTON,TX,77081,238221,"Construction (General, Civil, Specialty Trades)",Type PL,2024-06-03T00:00:00.000,Business Email Compromise (BEC) & Cyber Insurance Renewal
CF GLASS,CHRISTOPHER BRAIN FLORES,9615 VILLITA ST,HOUSTON,TX,77013,238150,"Construction (General, Civil, Specialty Trades)",Type IS,2026-06-26T00:00:00.000,Business Email Compromise (BEC) & Cyber Insurance Renewal
"CFI MECHANICAL, INC.","CFI MECHANICAL, INC.",6109 BRITTMOORE RD,HOUSTON,TX,77041,238222,"Construction (General, Civil, Specialty Trades)",Texas Corporation,2010-09-14T00:00:00.000,Business Email Compromise (BEC) & Cyber Insurance Renewal
"CFR OPERATING, LLC","CFR OPERATING, LLC",2121 BRITTMOORE RD STE 5500,HOUSTON,TX,77043,238190,"Construction (General, Civil, Specialty Trades)",Limited Liability Company (LLC),2019-10-30T00:00:00.000,Business Email Compromise (BEC) & Cyber Insurance Renewal
"CHAMBERLIN HOUSTON, LLC","CHAMBERLIN HOUSTON, LLC",7510 LANGTRY ST,HOUSTON,TX,77040,238992,"Construction (General, Civil, Specialty Trades)",Limited Liability Company (LLC),2012-10-31T00:00:00.000,Business Email Compromise (BEC) & Cyber Insurance Renewal
"CHAMBERLIN HOUSTON, LLC","CHAMBERLIN HOUSTON, LLC",4545 LANGFIELD RD,HOUSTON,TX,77040,238992,"Construction (General, Civil, Specialty Trades)",Limited Liability Company (LLC),2021-05-26T00:00:00.000,Business Email Compromise (BEC) & Cyber Insurance Renewal
"CHAMPIONS COLUMNS AND SHUTTERS, INC.","CHAMPIONS COLUMNS AND SHUTTERS, INC.",8316 WILLOW PLACE DR N STE B,HOUSTON,TX,77070,238991,"Construction (General, Civil, Specialty Trades)",Texas Corporation,2016-08-04T00:00:00.000,Business Email Compromise (BEC) & Cyber Insurance Renewal
CHAMPIONS CONTRACTING & CONSTRUCTION SERVICES LLC,"CHAMPIONS CONTRACTING & CONSTRUCTION SERVICES, LLC",6430 FM 1960 RD W # 155,HOUSTON,TX,77069,238992,"Construction (General, Civil, Specialty Trades)",Limited Liability Company (LLC),2006-12-16T00:00:00.000,Business Email Compromise (BEC) & Cyber Insurance Renewal
CHARLES COOPER DESIGN,COOPER LANDSCAPE LLC,409 TRAVIS ST APT 2203,HOUSTON,TX,77002,238991,"Construction (General, Civil, Specialty Trades)",Limited Liability Company (LLC),2023-05-23T00:00:00.000,Business Email Compromise (BEC) & Cyber Insurance Renewal
"CHARLIE'S PLUMBING, INC.","CHARLIE'S PLUMBING, INC.",10114 THERMON ST,HOUSTON,TX,77075,238221,"Construction (General, Civil, Specialty Trades)",Texas Corporation,2018-07-31T00:00:00.000,Business Email Compromise (BEC) & Cyber Insurance Renewal
CHARTER DRYWALL DALLAS INC,"CHARTER DRYWALL DALLAS, INC.",1950 BRITTMOORE RD,HOUSTON,TX,77043,238311,"Construction (General, Civil, Specialty Trades)",Texas Corporation,2002-05-24T00:00:00.000,Business Email Compromise (BEC) & Cyber Insurance Renewal
CHARTER DRYWALL HOUSTON INC,"CHARTER DRYWALL HOUSTON, INC.",1950 BRITTMOORE RD,HOUSTON,TX,77043,238311,"Construction (General, Civil, Specialty Trades)",Texas Corporation,2002-04-05T00:00:00.000,Business Email Compromise (BEC) & Cyber Insurance Renewal
CHARTER ROOFING CO,"CHARTER ROOFING CO., INC.",6122 SCARLET DR,HOUSTON,TX,77048,238162,"Construction (General, Civil, Specialty Trades)",Texas Corporation,1988-01-06T00:00:00.000,Business Email Compromise (BEC) & Cyber Insurance Renewal
CHAVEZ STEEL CONSTRUCTION LLC,CHAVEZ STEEL CONSTRUCTION LLC,1905 LITTLE YORK RD,HOUSTON,TX,77093,238120,"Construction (General, Civil, Specialty Trades)",Limited Liability Company (LLC),2026-06-02T00:00:00.000,Business Email Compromise (BEC) & Cyber Insurance Renewal
"CHECK MARC, INC.","CHECK MARC, INC.",4002 DRUMMOND ST,HOUSTON,TX,77025,238320,"Construction (General, Civil, Specialty Trades)",Texas Corporation,2019-11-19T00:00:00.000,Business Email Compromise (BEC) & Cyber Insurance Renewal
CHERO-KEY PIPING COMPANY,CHERO-KEY PIPING COMPANY,1800 SHERWOOD FOREST ST STE D1,HOUSTON,TX,77043,238222,"Construction (General, Civil, Specialty Trades)",Texas Corporation,2009-06-19T00:00:00.000,Business Email Compromise (BEC) & Cyber Insurance Renewal
"CHERRY CONSTRUCTION SERVICES, INC.","CHERRY CONSTRUCTION SERVICES, INC.",9235 EDGEBROOK ST,HOUSTON,TX,77075,238910,"Construction (General, Civil, Specialty Trades)",Texas Corporation,2024-06-06T00:00:00.000,Business Email Compromise (BEC) & Cyber Insurance Renewal
"CHERRY MOVING COMPANY, INC","CHERRY MOVING COMPANY, INC.",6131 SELINSKY RD,HOUSTON,TX,77048,238910,"Construction (General, Civil, Specialty Trades)",Texas Corporation,1998-04-22T00:00:00.000,Business Email Compromise (BEC) & Cyber Insurance Renewal
CHICAGO BRIDGE & IRON COMPANY (DELAWARE),MCDERMOTT COMPANY (DELAWARE),17320 KATY FWY FL 4,HOUSTON,TX,77094,238122,"Construction (General, Civil, Specialty Trades)",Foreign Corporation (Out-of-State),2025-07-16T00:00:00.000,Business Email Compromise (BEC) & Cyber Insurance Renewal
"CHILL BROTHERS, LLC","CHILL BROTHERS, LLC",20465 STATE HIGHWAY 249 STE 350,HOUSTON,TX,77070,238220,"Plumbing, Heating, and Air-Conditioning Contractors",Corporation / Corporate Entity,2026-01-29T00:00:00.000,Business Email Compromise (BEC) & Cyber Insurance Renewal
"CHILLS & THRILLS, INC.","CHILLS & THRILLS, INC.",10815 SEABOARD LOOP,HOUSTON,TX,77099,238212,"Construction (General, Civil, Specialty Trades)",Texas Corporation,2013-02-12T00:00:00.000,Business Email Compromise (BEC) & Cyber Insurance Renewal
"CHILLTECH GROUP, LP","CHILLTECH GROUP, LP",6817 FLINTLOCK RD STE C,HOUSTON,TX,77040,238220,"Plumbing, Heating, and Air-Conditioning Contractors",Type PL,2007-02-21T00:00:00.000,Business Email Compromise (BEC) & Cyber Insurance Renewal
CHR SCISSOR LIFT RENTAL INC,CHR SCISSOR LIFT RENTAL INC,2526 WOODBOUGH DR,HOUSTON,TX,77038,238910,"Construction (General, Civil, Specialty Trades)",Texas Corporation,2021-07-01T00:00:00.000,Business Email Compromise (BEC) & Cyber Insurance Renewal
CHRIS KEEPING GREEN LANDSCAPING SERVICE,MARIANA ALVARENGA,1701 1/2 OAK TREE DR,HOUSTON,TX,77080,238991,"Construction (General, Civil, Specialty Trades)",Type IS,2016-03-22T00:00:00.000,Business Email Compromise (BEC) & Cyber Insurance Renewal
"CHRISTIAN GLASS & MIRROR, INC.","CHRISTIAN GLASS & MIRROR, INC.",4129 SOUTHERLAND RD STE A,HOUSTON,TX,77092,238152,"Construction (General, Civil, Specialty Trades)",Texas Corporation,2025-12-15T00:00:00.000,Business Email Compromise (BEC) & Cyber Insurance Renewal
"CHRISTIAN RODRIGUEZ, L.L.C.","CHRISTIAN RODRIGUEZ, L.L.C.",8600 HOWARD DR STE A,HOUSTON,TX,77017,238990,"Construction (General, Civil, Specialty Trades)",Limited Liability Company (LLC),2015-05-20T00:00:00.000,Business Email Compromise (BEC) & Cyber Insurance Renewal
CHROMALOX INC,CHROMALOX INC,521 NORTH BELT STE 605,HOUSTON,TX,77060,238221,"Construction (General, Civil, Specialty Trades)",Foreign Corporation (Out-of-State),2004-03-17T00:00:00.000,Business Email Compromise (BEC) & Cyber Insurance Renewal
CHURCH FOUNDATION REPAIR,"CFR OPERATING, LLC",2121 BRITTMOORE RD STE 5500,HOUSTON,TX,77043,238190,"Construction (General, Civil, Specialty Trades)",Limited Liability Company (LLC),2019-10-30T00:00:00.000,Business Email Compromise (BEC) & Cyber Insurance Renewal
CIMA INTERIORS LLC,CIMA INTERIORS LLC,12002 ENCHANTED PATH DR,HOUSTON,TX,77044,238130,"Construction (General, Civil, Specialty Trades)",Limited Liability Company (LLC),2026-02-03T00:00:00.000,Business Email Compromise (BEC) & Cyber Insurance Renewal
CITI FENCE & CONCRETE LLC,CITI FENCE & CONCRETE LLC,5605 DOROTHY ANN DR,HOUSTON,TX,77076,238990,"Construction (General, Civil, Specialty Trades)",Limited Liability Company (LLC),2016-01-08T00:00:00.000,Business Email Compromise (BEC) & Cyber Insurance Renewal
CJR ELECTRIC LLC,CJR ELECTRIC LLC,9018 SAINT LAURENT LN,HOUSTON,TX,77044,238210,Electrical Contractors and Other Wiring Installation,Limited Liability Company (LLC),2026-04-08T00:00:00.000,Business Email Compromise (BEC) & Cyber Insurance Renewal
"CLASS I CONTROLS, INC.","CLASS I CONTROLS, INC.",10801 HAMMERLY BLVD STE 214,HOUSTON,TX,77043,238220,"Plumbing, Heating, and Air-Conditioning Contractors",Texas Corporation,2022-07-18T00:00:00.000,Business Email Compromise (BEC) & Cyber Insurance Renewal
CLASSY WINDOWS,CLASSY BOY LLC,7723 LONDON TOWER LN,HOUSTON,TX,77044,238150,"Construction (General, Civil, Specialty Trades)",Limited Liability Company (LLC),2025-09-19T00:00:00.000,Business Email Compromise (BEC) & Cyber Insurance Renewal
CLAY'S STREET EATS,"CLAY'S STREET EATS, LLC",10495 SOUTHWEST FWY,HOUSTON,TX,77074,238290,"Construction (General, Civil, Specialty Trades)",Limited Liability Company (LLC),2025-03-11T00:00:00.000,Business Email Compromise (BEC) & Cyber Insurance Renewal
CLEAN AND CLEAR PLUMBING LLC,CLEAN AND CLEAR PLUMBING LLC,1919 TAYLOR ST # F1732,HOUSTON,TX,77007,238220,"Plumbing, Heating, and Air-Conditioning Contractors",Limited Liability Company (LLC),2023-03-31T00:00:00.000,Business Email Compromise (BEC) & Cyber Insurance Renewal
CLEAN ENERGY SERVICES CES LLC,CLEAN ENERGY SERVICES CES LLC,4201 MAIN ST STE 298,HOUSTON,TX,77002,238990,"Construction (General, Civil, Specialty Trades)",Corporation / Corporate Entity,2022-10-20T00:00:00.000,Business Email Compromise (BEC) & Cyber Insurance Renewal
"CLEAN SEAL AMERICA, INC.","CLEAN SEAL AMERICA, INC.",17515 EL CAMINO REAL,HOUSTON,TX,77058,238192,"Construction (General, Civil, Specialty Trades)",Texas Corporation,2019-04-23T00:00:00.000,Business Email Compromise (BEC) & Cyber Insurance Renewal
CLEANROOM FLOORS LLC,CLEANROOM FLOORS LLC,9000 CLAY RD STE 122,HOUSTON,TX,77080,238330,"Construction (General, Civil, Specialty Trades)",Limited Liability Company (LLC),2026-04-14T00:00:00.000,Business Email Compromise (BEC) & Cyber Insurance Renewal
CLEARWATER LOADERS INC,"CLEARWATER LOADERS, INC.",11150 WILCREST DR,HOUSTON,TX,77099,238200,"Construction (General, Civil, Specialty Trades)",Texas Corporation,1989-02-01T00:00:00.000,Business Email Compromise (BEC) & Cyber Insurance Renewal
CLEARY CONSTRUCTION SERVICES INC,CLEARY CONSTRUCTION SERVICES INC,8520 SWEETWATER LN STE D34,HOUSTON,TX,77037,238110,"Construction (General, Civil, Specialty Trades)",Texas Corporation,2017-07-12T00:00:00.000,Business Email Compromise (BEC) & Cyber Insurance Renewal
"CLI-ENERGY AND CONSTRUCTION, LLC","CLI-ENERGY AND CONSTRUCTION, LLC",12619 NORTHWOOD COLONY TRL,HOUSTON,TX,77044,238210,Electrical Contractors and Other Wiring Installation,Limited Liability Company (LLC),2022-01-08T00:00:00.000,Business Email Compromise (BEC) & Cyber Insurance Renewal
CLIMATE BY DESIGN LLC,CLIMATE BY DESIGN LLC,16215 WESTHEIMER RD STE 105,HOUSTON,TX,77082,238220,"Plumbing, Heating, and Air-Conditioning Contractors",Limited Liability Company (LLC),2024-02-13T00:00:00.000,Business Email Compromise (BEC) & Cyber Insurance Renewal
CLIMATE PROS LLC,CLIMATE PROS LLC,12055 BRITTMOORE PARK DR,HOUSTON,TX,77041,238220,"Plumbing, Heating, and Air-Conditioning Contractors",Corporation / Corporate Entity,2019-08-28T00:00:00.000,Business Email Compromise (BEC) & Cyber Insurance Renewal
"CLIMATE ZONE, INC.","CLIMATE ZONE, INC.",13106 CONIFER RD,HOUSTON,TX,77079,238220,"Plumbing, Heating, and Air-Conditioning Contractors",Texas Corporation,2015-10-13T00:00:00.000,Business Email Compromise (BEC) & Cyber Insurance Renewal
CLIMATEC,BOSCH BUILDING TECHNOLOGIES LLC,7240 BRITTMOORE RD STE 119,HOUSTON,TX,77041,238992,"Construction (General, Civil, Specialty Trades)",Corporation / Corporate Entity,2014-03-04T00:00:00.000,Business Email Compromise (BEC) & Cyber Insurance Renewal
CLIMATEC,BOSCH BUILDING TECHNOLOGIES LLC,7701 W LITTLE YORK RD STE 100,HOUSTON,TX,77040,238992,"Construction (General, Civil, Specialty Trades)",Corporation / Corporate Entity,2017-01-25T00:00:00.000,Business Email Compromise (BEC) & Cyber Insurance Renewal
CLUTCH CITY ROOFING AND SIDING,GARY SCOTT BARNHILL JR,3311 SPRING VALLEY RD,HOUSTON,TX,77080,238160,Roofing Contractors,Type IS,2026-03-20T00:00:00.000,Business Email Compromise (BEC) & Cyber Insurance Renewal
CLUTCH CITY SECURITY LLC,CLUTCH CITY SECURITY LLC,3702 WOODCREEK GLEN LN,HOUSTON,TX,77073,238990,"Construction (General, Civil, Specialty Trades)",Limited Liability Company (LLC),2023-07-19T00:00:00.000,Business Email Compromise (BEC) & Cyber Insurance Renewal
CLUTCH CITY WORKS LLC,CLUTCH CITY WORKS LLC,7005 ROOKIN ST,HOUSTON,TX,77074,238191,"Construction (General, Civil, Specialty Trades)",Limited Liability Company (LLC),2026-05-20T00:00:00.000,Business Email Compromise (BEC) & Cyber Insurance Renewal
"CLW LANDSCAPE, LLC","CLW LANDSCAPE, LLC",10707 SHADY RIVER DR,HOUSTON,TX,77042,238991,"Construction (General, Civil, Specialty Trades)",Limited Liability Company (LLC),2021-03-12T00:00:00.000,Business Email Compromise (BEC) & Cyber Insurance Renewal
CM TELECOM SERVICES LLC,CM TELECOM SERVICES LLC,17422 PINECREEK HOLLOW LN,HOUSTON,TX,77095,238210,Electrical Contractors and Other Wiring Installation,Limited Liability Company (LLC),2025-12-03T00:00:00.000,Business Email Compromise (BEC) & Cyber Insurance Renewal
CME POWER GROUP LLC,CME POWER GROUP LLC,10802 LEGACY PARK DR APT 5307,HOUSTON,TX,77064,238210,Electrical Contractors and Other Wiring Installation,Limited Liability Company (LLC),2026-02-12T00:00:00.000,Business Email Compromise (BEC) & Cyber Insurance Renewal
CMJ TECHNOLOGIES,CMJ TECHNOLOGIES LLC,4305 WAY OUT WEST DR,HOUSTON,TX,77092,238210,Electrical Contractors and Other Wiring Installation,Limited Liability Company (LLC),2020-04-07T00:00:00.000,Business Email Compromise (BEC) & Cyber Insurance Renewal
CNL ELECTRIC,TCNL ELECTRIC INC,8642 BART LN,HOUSTON,TX,77040,238210,Electrical Contractors and Other Wiring Installation,Texas Corporation,2007-02-22T00:00:00.000,Business Email Compromise (BEC) & Cyber Insurance Renewal
CNS PLUMBING LLC,CNS PLUMBING LLC,11039 TALL TIMBERS DR,HOUSTON,TX,77065,238220,"Plumbing, Heating, and Air-Conditioning Contractors",Limited Liability Company (LLC),2025-05-12T00:00:00.000,Business Email Compromise (BEC) & Cyber Insurance Renewal
"COALE-RICE ROOFING, INC.","COALE-RICE ROOFING, INC.",4229 BELLAIRE BLVD STE F,HOUSTON,TX,77025,238160,Roofing Contractors,Texas Corporation,2021-04-10T00:00:00.000,Business Email Compromise (BEC) & Cyber Insurance Renewal
COAST 2 COAST SIGNS,"E. TURMAN & COMPANY, INC.",10208 FAIRBANKS N HOUSTON RD,HOUSTON,TX,77064,238990,"Construction (General, Civil, Specialty Trades)",Foreign Corporation (Out-of-State),2015-02-24T00:00:00.000,Business Email Compromise (BEC) & Cyber Insurance Renewal
"COASTAL CABINETRY, LLC","COASTAL CABINETRY, LLC",7045 SATSUMA DR STE B,HOUSTON,TX,77041,238350,"Construction (General, Civil, Specialty Trades)",Limited Liability Company (LLC),2023-05-24T00:00:00.000,Business Email Compromise (BEC) & Cyber Insurance Renewal
COASTAL ELECTRIC,JUAN EDUARDO RODRIGUEZ,5735 EDWARD DR,HOUSTON,TX,77032,238210,Electrical Contractors and Other Wiring Installation,Type IS,2007-07-09T00:00:00.000,Business Email Compromise (BEC) & Cyber Insurance Renewal
"COASTAL FLOORING, INC.","COASTAL FLOORING, INC.",5871 W 34TH ST,HOUSTON,TX,77092,238330,"Construction (General, Civil, Specialty Trades)",Texas Corporation,1990-09-08T00:00:00.000,Business Email Compromise (BEC) & Cyber Insurance Renewal
"COASTAL LEAK CONSULTING, INC.","COASTAL LEAK CONSULTING, INC.",12040 WINDFERN RD,HOUSTON,TX,77064,238220,"Plumbing, Heating, and Air-Conditioning Contractors",Texas Corporation,2024-10-22T00:00:00.000,Business Email Compromise (BEC) & Cyber Insurance Renewal
"COASTAL TANK & TESTING, LLC","COASTAL TANK & TESTING, LLC",1717 STRAWN RD,HOUSTON,TX,77039,238910,"Construction (General, Civil, Specialty Trades)",Limited Liability Company (LLC),2016-05-10T00:00:00.000,Business Email Compromise (BEC) & Cyber Insurance Renewal
COASTLINE ELECTRIC COMPANY L P,"COASTLINE ELECTRIC COMPANY, INC.",3729 CREEKMONT DR,HOUSTON,TX,77091,238212,"Construction (General, Civil, Specialty Trades)",Texas Corporation,1991-05-16T00:00:00.000,Business Email Compromise (BEC) & Cyber Insurance Renewal
COATING ENGINEERS,"COATING INDUSTRIES, INC.",6414 THOMAS RD,HOUSTON,TX,77041,238191,"Construction (General, Civil, Specialty Trades)",Texas Corporation,1986-04-02T00:00:00.000,Business Email Compromise (BEC) & Cyber Insurance Renewal
"COBB COMFORT CONTROL, LLC","COBB COMFORT CONTROL, LLC",12340 JONES RD STE 140.133,HOUSTON,TX,77070,238220,"Plumbing, Heating, and Air-Conditioning Contractors",Limited Liability Company (LLC),2021-01-23T00:00:00.000,Business Email Compromise (BEC) & Cyber Insurance Renewal
COFFEE MECHANIX AND MORE,RUBEN RAFFUL GARCIA,6335 LANGHAM WAY,HOUSTON,TX,77084,238220,"Plumbing, Heating, and Air-Conditioning Contractors",Type IS,2025-04-15T00:00:00.000,Business Email Compromise (BEC) & Cyber Insurance Renewal
COLD AIR PROS,"COLD AIR PROS, INC.",409 ORIOLE ST,HOUSTON,TX,77018,238220,"Plumbing, Heating, and Air-Conditioning Contractors",Texas Corporation,2026-05-19T00:00:00.000,Business Email Compromise (BEC) & Cyber Insurance Renewal
"COLLINSWORTH DAY ENTERPRISES, LLC","COLLINSWORTH DAY ENTERPRISES, LLC",2019 ALTHEA DR,HOUSTON,TX,77018,238210,Electrical Contractors and Other Wiring Installation,Limited Liability Company (LLC),2011-06-07T00:00:00.000,Business Email Compromise (BEC) & Cyber Insurance Renewal
COLWELL TEXAS ELECTRICAL GROUP LLC,COLWELL TEXAS ELECTRICAL GROUP LLC,6829 GUHN RD,HOUSTON,TX,77040,238210,Electrical Contractors and Other Wiring Installation,Limited Liability Company (LLC),2018-04-12T00:00:00.000,Business Email Compromise (BEC) & Cyber Insurance Renewal
COMFORT AIR DYNAMICS HVAC LLC,COMFORT AIR DYNAMICS HVAC LLC,12848 QUEENSBURY LN STE 208,HOUSTON,TX,77024,238220,"Plumbing, Heating, and Air-Conditioning Contractors",Limited Liability Company (LLC),2026-05-26T00:00:00.000,Business Email Compromise (BEC) & Cyber Insurance Renewal
"COMFORT SPACE SOLUTIONS, LLC","COMFORT SPACE SOLUTIONS, LLC",10310 AUTUMN MEADOW LN,HOUSTON,TX,77064,238220,"Plumbing, Heating, and Air-Conditioning Contractors",Limited Liability Company (LLC),2025-07-01T00:00:00.000,Business Email Compromise (BEC) & Cyber Insurance Renewal
"COMFORT STARS, INC.","COMFORT STARS, INC.",9319 LONG POINT RD,HOUSTON,TX,77055,238220,"Plumbing, Heating, and Air-Conditioning Contractors",Texas Corporation,2026-09-03T00:00:00.000,Business Email Compromise (BEC) & Cyber Insurance Renewal
COMFORT TEMPERATURE SYSTEMS A/C AND HEATING,C AND J CRUZ SERVICES LLC,1935 STONEY BROOK DR,HOUSTON,TX,77063,238221,"Construction (General, Civil, Specialty Trades)",Limited Liability Company (LLC),2018-09-06T00:00:00.000,Business Email Compromise (BEC) & Cyber Insurance Renewal
COMLETRIC INC,COMLETRIC INC.,8310 HAZEN ST,HOUSTON,TX,77036,238992,"Construction (General, Civil, Specialty Trades)",Foreign Corporation (Out-of-State),2003-09-25T00:00:00.000,Business Email Compromise (BEC) & Cyber Insurance Renewal
"COMMERCIAL FLOORING, INC.","COMMERCIAL FLOORING, INC.",9146 SPRING BRANCH DR,HOUSTON,TX,77080,238330,"Construction (General, Civil, Specialty Trades)",Texas Corporation,2015-06-25T00:00:00.000,Business Email Compromise (BEC) & Cyber Insurance Renewal
COMMERCIAL GLASS CONCEPTS,JAMES G FORD,36 COOPER RD,HOUSTON,TX,77076,238150,"Construction (General, Civil, Specialty Trades)",Type IS,2025-01-31T00:00:00.000,Business Email Compromise (BEC) & Cyber Insurance Renewal
COMMERCIAL SIDING & MAINTENANCE COMPANY,COMMERCIAL SIDING & MAINTENANCE LLC,8660 LAMBRIGHT RD,HOUSTON,TX,77075,238172,"Construction (General, Civil, Specialty Trades)",Limited Liability Company (LLC),2012-08-06T00:00:00.000,Business Email Compromise (BEC) & Cyber Insurance Renewal
"COMMERCIAL WALLS & CEILINGS, LTD.","COMMERCIAL WALLS & CEILINGS, LTD.",3340 GREENS RD STE C600,HOUSTON,TX,77032,238312,"Construction (General, Civil, Specialty Trades)",Type PL,2020-03-16T00:00:00.000,Business Email Compromise (BEC) & Cyber Insurance Renewal
"COMMUNICATIONS CABLING INNOVATIONS, LLC","COMMUNICATIONS CABLING INNOVATIONS, LLC",10223 GREAT PLAINS LN,HOUSTON,TX,77064,238290,"Construction (General, Civil, Specialty Trades)",Limited Liability Company (LLC),2025-02-19T00:00:00.000,Business Email Compromise (BEC) & Cyber Insurance Renewal
"COMPASS ABATEMENT SERVICES, LLC","COMPASS ABATEMENT SERVICES, LLC",6730 WINDFERN RD,HOUSTON,TX,77040,238990,"Construction (General, Civil, Specialty Trades)",Limited Liability Company (LLC),2022-03-17T00:00:00.000,Business Email Compromise (BEC) & Cyber Insurance Renewal
"COMPASS CONCRETE SERVICES, LLC","COMPASS CONCRETE SERVICES, LLC",6730 WINDFERN RD,HOUSTON,TX,77040,238990,"Construction (General, Civil, Specialty Trades)",Limited Liability Company (LLC),2022-03-30T00:00:00.000,Business Email Compromise (BEC) & Cyber Insurance Renewal
COMPASS PAINTING,DAVID DAVILA,503 W SUNNYSIDE ST,HOUSTON,TX,77091,238320,"Construction (General, Civil, Specialty Trades)",Type IS,2014-03-14T00:00:00.000,Business Email Compromise (BEC) & Cyber Insurance Renewal
"COMPETITION POOL, LLC","COMPETITION POOL, LLC",10602 ARCHMONT DR,HOUSTON,TX,77070,238990,"Construction (General, Civil, Specialty Trades)",Limited Liability Company (LLC),2024-02-23T00:00:00.000,Business Email Compromise (BEC) & Cyber Insurance Renewal
COMPETITION ROOFING INC,"COMPETITION ROOFING, INC.",7310 FAIRVIEW ST,HOUSTON,TX,77041,238160,Roofing Contractors,Texas Corporation,1998-09-03T00:00:00.000,Business Email Compromise (BEC) & Cyber Insurance Renewal
COMPLETE JOBSITE RESOURCES,"COMPLETE  JOBSITE RESOURCES, LLC",4100 N SAM HOUSTON PKWY W STE 220,HOUSTON,TX,77086,238290,"Construction (General, Civil, Specialty Trades)",Limited Liability Company (LLC),2023-10-02T00:00:00.000,Business Email Compromise (BEC) & Cyber Insurance Renewal
COMPLETE MECHANIC COMMERCIAL TRUCK LLC,COMPLETE MECHANIC COMMERCIAL TRUCK LLC,14411 SYLVANFIELD DR STE 100,HOUSTON,TX,77014,238290,"Construction (General, Civil, Specialty Trades)",Limited Liability Company (LLC),2024-10-16T00:00:00.000,Business Email Compromise (BEC) & Cyber Insurance Renewal
COMPLETE PLUMBING INC,"COMPLETE PLUMBING, INC.",730 HOLLYWOOD ST,HOUSTON,TX,77015,238220,"Plumbing, Heating, and Air-Conditioning Contractors",Texas Corporation,2006-03-13T00:00:00.000,Business Email Compromise (BEC) & Cyber Insurance Renewal
COMPTECH BUILDINGS LLC,COMPTECH BUILDINGS LLC,6312 WILLOW DALE ST,HOUSTON,TX,77087,238210,Electrical Contractors and Other Wiring Installation,Limited Liability Company (LLC),2026-05-05T00:00:00.000,Business Email Compromise (BEC) & Cyber Insurance Renewal
CONCEPTS N CONCRETE,CONCEPTS N CONCRETE LLC,11215 JONES RD W STE H,HOUSTON,TX,77065,238332,"Construction (General, Civil, Specialty Trades)",Limited Liability Company (LLC),2023-12-09T00:00:00.000,Business Email Compromise (BEC) & Cyber Insurance Renewal
CONCON17,"CONCON17, INC.",7711 SHANNON DR,HOUSTON,TX,77055,238911,"Construction (General, Civil, Specialty Trades)",Texas Corporation,2025-09-18T00:00:00.000,Business Email Compromise (BEC) & Cyber Insurance Renewal
CONCORD AIR SYSTEMS,JAMES J OYLER,6125 FLINTLOCK RD,HOUSTON,TX,77040,238220,"Plumbing, Heating, and Air-Conditioning Contractors",Type IS,2016-10-21T00:00:00.000,Business Email Compromise (BEC) & Cyber Insurance Renewal
"CONCRETE CONSTRUCTORS, LLC","CONCRETE CONSTRUCTORS, LLC",1415 S VOSS RD STE 110-386,HOUSTON,TX,77057,238110,"Construction (General, Civil, Specialty Trades)",Limited Liability Company (LLC),2009-05-20T00:00:00.000,Business Email Compromise (BEC) & Cyber Insurance Renewal
CONCRETE FLOORS TEXAS LLC.,CONCRETE FLOORS TEXAS LLC.,17030 CLAN MACGREGOR DR,HOUSTON,TX,77084,238330,"Construction (General, Civil, Specialty Trades)",Limited Liability Company (LLC),2023-01-11T00:00:00.000,Business Email Compromise (BEC) & Cyber Insurance Renewal
CONCRETE RAISING CORPORATION OF TEXAS,CONCRETE RAISING CORPORATION,10118 MOERS RD,HOUSTON,TX,77075,238110,"Construction (General, Civil, Specialty Trades)",Texas Corporation,1996-01-03T00:00:00.000,Business Email Compromise (BEC) & Cyber Insurance Renewal
"CONNECT 2 EVERYTHING, LLC","CONNECT 2 EVERYTHING, LLC",480 N SAM HOUSTON PKWY E STE 100,HOUSTON,TX,77060,238210,Electrical Contractors and Other Wiring Installation,Limited Liability Company (LLC),2015-06-18T00:00:00.000,Business Email Compromise (BEC) & Cyber Insurance Renewal
CONNECT SOURCE COMMINICATIONS INC,"CONNECT SOURCE COMMUNICATIONS, INC.",9630 CLAREWOOD DR STE D1,HOUSTON,TX,77036,238990,"Construction (General, Civil, Specialty Trades)",Foreign Corporation (Out-of-State),2009-01-20T00:00:00.000,Business Email Compromise (BEC) & Cyber Insurance Renewal
CONQUERED WALLS,"KAY AND J BOUTIQUE, LLC",8466 N SAM HOUSTON PKWY W,HOUSTON,TX,77064,238350,"Construction (General, Civil, Specialty Trades)",Limited Liability Company (LLC),2022-10-18T00:00:00.000,Business Email Compromise (BEC) & Cyber Insurance Renewal
CONSOLIDATED CRANE,CONSOLIDATED CRANE AND RIGGING LTD,6370 LONG DR,HOUSTON,TX,77087,238990,"Construction (General, Civil, Specialty Trades)",Type PL,2001-11-02T00:00:00.000,Business Email Compromise (BEC) & Cyber Insurance Renewal
"CONSTANZA DESIGNS USA, LLC","CONSTANZA DESIGNS USA, LLC",5110 SAN FELIPE ST UNIT 44W,HOUSTON,TX,77056,238130,"Construction (General, Civil, Specialty Trades)",Limited Liability Company (LLC),2023-03-27T00:00:00.000,Business Email Compromise (BEC) & Cyber Insurance Renewal
"CONSTRUCT AIR AND HEAT, L.L.C.","CONSTRUCT AIR AND HEAT, L.L.C.",1611 ELMVIEW DR,HOUSTON,TX,77080,238220,"Plumbing, Heating, and Air-Conditioning Contractors",Limited Liability Company (LLC),2016-10-25T00:00:00.000,Business Email Compromise (BEC) & Cyber Insurance Renewal
"CONSTRUCTION & DESIGN, INC.","CONSTRUCTION & DESIGN, INC.",12911 AVENIDA VAQUERO ST,HOUSTON,TX,77077,238990,"Construction (General, Civil, Specialty Trades)",Texas Corporation,2010-09-28T00:00:00.000,Business Email Compromise (BEC) & Cyber Insurance Renewal
"CONSTRUCTION ECOSERVICES II, LLC","CONSTRUCTION ECOSERVICES II, LLC",13810 HOLLISTER DR STE 100,HOUSTON,TX,77086,238910,"Construction (General, Civil, Specialty Trades)",Corporation / Corporate Entity,2022-07-07T00:00:00.000,Business Email Compromise (BEC) & Cyber Insurance Renewal
"CONSTRUCTION ECOSERVICES, LLC","CONSTRUCTION ECOSERVICES, LLC",13810 HOLLISTER DR STE 100,HOUSTON,TX,77086,238910,"Construction (General, Civil, Specialty Trades)",Corporation / Corporate Entity,2022-07-07T00:00:00.000,Business Email Compromise (BEC) & Cyber Insurance Renewal
CONSTRUCTION PARTNERS OF TEXAS,"CONSTRUCTION PARTNERS OF TEXAS, LLC",1750 N SAM HOUSTON PKWY W,HOUSTON,TX,77038,238992,"Construction (General, Civil, Specialty Trades)",Limited Liability Company (LLC),2024-05-15T00:00:00.000,Business Email Compromise (BEC) & Cyber Insurance Renewal
CONSUS INC,"CONSUS, INC.",8801 JAMEEL RD STE 150,HOUSTON,TX,77040,238210,Electrical Contractors and Other Wiring Installation,Texas Corporation,2008-08-20T00:00:00.000,Business Email Compromise (BEC) & Cyber Insurance Renewal
CONTELLO PLUMBING CO INC,"CONTELLO PLUMBING CO., INC.",5047 CHEENA DR,HOUSTON,TX,77096,238220,"Plumbing, Heating, and Air-Conditioning Contractors",Texas Corporation,2004-05-25T00:00:00.000,Business Email Compromise (BEC) & Cyber Insurance Renewal
CONTINENTAL PLUMBING SYSTEMS LLC,CONTINENTAL PLUMBING SYSTEMS LLC,839 BISHOPVALE DR,HOUSTON,TX,77037,238220,"Plumbing, Heating, and Air-Conditioning Contractors",Limited Liability Company (LLC),2022-09-21T00:00:00.000,Business Email Compromise (BEC) & Cyber Insurance Renewal
CONTRACTORS CRANE COMPANY,"CONTRACTORS CRANE COMPANY, INC.",5606 JENSEN DR,HOUSTON,TX,77026,238290,"Construction (General, Civil, Specialty Trades)",Texas Corporation,2013-02-20T00:00:00.000,Business Email Compromise (BEC) & Cyber Insurance Renewal
"CONTROLLED AIR SERVICE, INC.","CONTROLLED AIR SERVICE, INC.",6101 PINEMONT DR STE N,HOUSTON,TX,77092,238220,"Plumbing, Heating, and Air-Conditioning Contractors",Texas Corporation,2008-08-08T00:00:00.000,Business Email Compromise (BEC) & Cyber Insurance Renewal
COOKWOOD AIR CONDITIONING AND HEATING LLC,COOKWOOD AIR CONDITIONING AND HEATING LLC,15023 ROYAL SHADOWS DR,HOUSTON,TX,77082,238220,"Plumbing, Heating, and Air-Conditioning Contractors",Limited Liability Company (LLC),2024-05-22T00:00:00.000,Business Email Compromise (BEC) & Cyber Insurance Renewal
COOL AID SERVICES,JASON D THOMPSON,8250 HICKOK LN,HOUSTON,TX,77075,238220,"Plumbing, Heating, and Air-Conditioning Contractors",Type IS,2004-09-22T00:00:00.000,Business Email Compromise (BEC) & Cyber Insurance Renewal
COOL CARE,"COOL FACILITIES SERVICES, INC.",1923 SPILLERS LN,HOUSTON,TX,77043,238220,"Plumbing, Heating, and Air-Conditioning Contractors",Texas Corporation,2013-02-14T00:00:00.000,Business Email Compromise (BEC) & Cyber Insurance Renewal
COOL PATIO SOLUTIONS LLC,COOL PATIO SOLUTIONS LLC,3308 ELLA BLVD STE MM,HOUSTON,TX,77018,238990,"Construction (General, Civil, Specialty Trades)",Limited Liability Company (LLC),2024-07-16T00:00:00.000,Business Email Compromise (BEC) & Cyber Insurance Renewal
COOLSYS COMMERCIAL & INDUSTRIAL SOLUTIONS INC.,"COOLSYS COMMERCIAL & INDUSTRIAL SOLUTIONS, INC.",15800 INTERNATIONAL PLAZA DR,HOUSTON,TX,77032,238220,"Plumbing, Heating, and Air-Conditioning Contractors",Foreign Corporation (Out-of-State),2024-08-05T00:00:00.000,Business Email Compromise (BEC) & Cyber Insurance Renewal
COOLVU OF SUGAR LAND,INVISAFILM OF TEXAS LLC,1109 ROXELLA ST,HOUSTON,TX,77076,238150,"Construction (General, Civil, Specialty Trades)",Limited Liability Company (LLC),2025-01-22T00:00:00.000,Business Email Compromise (BEC) & Cyber Insurance Renewal
COONS ROOFING,"COONS ROOFING, LLC",10607 LYNBROOK DR,HOUSTON,TX,77042,238160,Roofing Contractors,Limited Liability Company (LLC),2024-04-10T00:00:00.000,Business Email Compromise (BEC) & Cyber Insurance Renewal
COOPER PLUMBING LLC,COOPER PLUMBING LLC,9930 WINDRIVER DR,HOUSTON,TX,77070,238221,"Construction (General, Civil, Specialty Trades)",Limited Liability Company (LLC),2019-04-11T00:00:00.000,Business Email Compromise (BEC) & Cyber Insurance Renewal
COOPWOOD'S AIR CONDITIONING INC,"COOPWOOD'S AIR CONDITIONING, INC.",414 W TIDWELL RD,HOUSTON,TX,77091,238222,"Construction (General, Civil, Specialty Trades)",Texas Corporation,1999-02-15T00:00:00.000,Business Email Compromise (BEC) & Cyber Insurance Renewal
COPPERFIELD ELECTRIC SERVICES LLC,COPPERFIELD ELECTRIC SERVICES LLC,13223 PLUM VALE CT,HOUSTON,TX,77065,238210,Electrical Contractors and Other Wiring Installation,Limited Liability Company (LLC),2025-02-25T00:00:00.000,Business Email Compromise (BEC) & Cyber Insurance Renewal
CORESHIELD HOME SYSTEMS LLC,CORESHIELD HOME SYSTEMS LLC,4801 WOODWAY DR STE 300E,HOUSTON,TX,77056,238160,Roofing Contractors,Limited Liability Company (LLC),2026-06-15T00:00:00.000,Business Email Compromise (BEC) & Cyber Insurance Renewal
CORIAN JS FABRICATOR & INSTALLER LLC,CORIAN JS FABRICATOR & INSTALLER LLC,5731 BELVEDERE ST,HOUSTON,TX,77021,238990,"Construction (General, Civil, Specialty Trades)",Limited Liability Company (LLC),2026-07-29T00:00:00.000,Business Email Compromise (BEC) & Cyber Insurance Renewal
CORNERSTONE OVERHEAD GARAGE DOORS LLC,CORNERSTONE OVERHEAD GARAGE DOORS LLC,6101 PINEMONT DR STE G,HOUSTON,TX,77092,238990,"Construction (General, Civil, Specialty Trades)",Limited Liability Company (LLC),2013-01-29T00:00:00.000,Business Email Compromise (BEC) & Cyber Insurance Renewal
CORONADO CABINETS LLC,CORONADO CABINETS LLC,7528 EAGLE PASS ST,HOUSTON,TX,77020,238350,"Construction (General, Civil, Specialty Trades)",Limited Liability Company (LLC),2023-11-17T00:00:00.000,Business Email Compromise (BEC) & Cyber Insurance Renewal
CORONADO CABINETS LLC,CORONADO CABINETS LLC,2616 ELYSIAN ST,HOUSTON,TX,77009,238350,"Construction (General, Civil, Specialty Trades)",Limited Liability Company (LLC),2023-11-28T00:00:00.000,Business Email Compromise (BEC) & Cyber Insurance Renewal
CORRECT ELECTRIC INC.,"CORRECT ELECTRIC, INC.",6610 SUPPLY ROW,HOUSTON,TX,77011,238212,"Construction (General, Civil, Specialty Trades)",Texas Corporation,1995-08-31T00:00:00.000,Business Email Compromise (BEC) & Cyber Insurance Renewal
CORRECT REFRIGERATION AND AIR-CONDITIONING,"CORRECT REFRIGERATION AND AIR-CONDITIONING, LLC.",6610 SUPPLY ROW,HOUSTON,TX,77011,238220,"Plumbing, Heating, and Air-Conditioning Contractors",Limited Liability Company (LLC),2013-01-29T00:00:00.000,Business Email Compromise (BEC) & Cyber Insurance Renewal
"COSMOS GARDEN DESIGN, INC.","COSMOS GARDEN DESIGN, INC.",3733 WESTHEIMER RD STE 1-1023,HOUSTON,TX,77027,238191,"Construction (General, Civil, Specialty Trades)",Texas Corporation,2021-10-02T00:00:00.000,Business Email Compromise (BEC) & Cyber Insurance Renewal
"COTEMP, INC.","COTEMP, INC.",3345 PINEMONT DR,HOUSTON,TX,77018,238221,"Construction (General, Civil, Specialty Trades)",Texas Corporation,1983-11-08T00:00:00.000,Business Email Compromise (BEC) & Cyber Insurance Renewal
"COURTESY ELECTRIC, LLC","COURTESY ELECTRIC, LLC",11914 SARA JO LN,HOUSTON,TX,77086,238210,Electrical Contractors and Other Wiring Installation,Limited Liability Company (LLC),2019-10-03T00:00:00.000,Business Email Compromise (BEC) & Cyber Insurance Renewal
COURTESY ROOFING INCORPORATED,COURTESY ROOFING INCORPORATED,15515 GARRETT RD,HOUSTON,TX,77044,238160,Roofing Contractors,Texas Corporation,2012-01-28T00:00:00.000,Business Email Compromise (BEC) & Cyber Insurance Renewal
COVENANT COMMUNICATIONS CORPORATION,COVENANT COMMUNICATIONS CORPORATION,8626 FAIRBANKS N HOUSTON RD,HOUSTON,TX,77064,238210,Electrical Contractors and Other Wiring Installation,Texas Corporation,2021-07-21T00:00:00.000,Business Email Compromise (BEC) & Cyber Insurance Renewal
COVERITALL FLOORING DESIGN,"COVERITALL FLOORING & DESIGN, LLC",14110 N SUDDLEY CASTLE ST,HOUSTON,TX,77095,238330,"Construction (General, Civil, Specialty Trades)",Limited Liability Company (LLC),2020-11-13T00:00:00.000,Business Email Compromise (BEC) & Cyber Insurance Renewal
CP ELECTRIC LLC,CP ELECTRIC LLC,1615 CASTLEROCK DR,HOUSTON,TX,77090,238210,Electrical Contractors and Other Wiring Installation,Corporation / Corporate Entity,2026-05-23T00:00:00.000,Business Email Compromise (BEC) & Cyber Insurance Renewal
CPL AIR SOLUTIONS INC,CPL AIR SOLUTIONS INC,13406 GARDENIA MIST LN,HOUSTON,TX,77044,238220,"Plumbing, Heating, and Air-Conditioning Contractors",Texas Corporation,2026-04-17T00:00:00.000,Business Email Compromise (BEC) & Cyber Insurance Renewal
CRAFTMASTERS,"BMP & ASSOCIATES, INC.",1707 HARTWICK RD,HOUSTON,TX,77093,238352,"Construction (General, Civil, Specialty Trades)",Texas Corporation,2025-12-23T00:00:00.000,Business Email Compromise (BEC) & Cyber Insurance Renewal
CRAFTSMANSHIP BY JOHN INC,"CRAFTSMANSHIP BY JOHN, INC.",1418 CEDAR POST LN,HOUSTON,TX,77055,238131,"Construction (General, Civil, Specialty Trades)",Texas Corporation,2004-03-22T00:00:00.000,Business Email Compromise (BEC) & Cyber Insurance Renewal
CRAIG MECHANICAL INC.,CRAIG MECHANICAL INC.,1900 ALDINE WESTERN RD,HOUSTON,TX,77038,238220,"Plumbing, Heating, and Air-Conditioning Contractors",Texas Corporation,2007-01-24T00:00:00.000,Business Email Compromise (BEC) & Cyber Insurance Renewal
CREATIVE WORKS SOLUTIONS LLC,CREATIVE WORKS SOLUTIONS LLC,6803 FULTON ST,HOUSTON,TX,77022,238990,"Construction (General, Civil, Specialty Trades)",Limited Liability Company (LLC),2025-05-14T00:00:00.000,Business Email Compromise (BEC) & Cyber Insurance Renewal
CREATUM SOLAR LLC,CREATUM SOLAR LLC,7109 BELGOLD ST STE D,HOUSTON,TX,77066,238210,Electrical Contractors and Other Wiring Installation,Limited Liability Company (LLC),2025-08-01T00:00:00.000,Business Email Compromise (BEC) & Cyber Insurance Renewal
CREDENCE CONSTRUCTION SERVICES INC.,CREDENCE CONSTRUCTION SERVICES INC.,11103 DAWN HARVEST DR,HOUSTON,TX,77064,238991,"Construction (General, Civil, Specialty Trades)",Texas Corporation,2022-10-04T00:00:00.000,Business Email Compromise (BEC) & Cyber Insurance Renewal
"CREL, LLC","CREL, LLC",6877 WYNNWOOD LN,HOUSTON,TX,77008,238992,"Construction (General, Civil, Specialty Trades)",Limited Liability Company (LLC),2019-04-24T00:00:00.000,Business Email Compromise (BEC) & Cyber Insurance Renewal
CRISP AND ASSOCIATES INC,"CRISP & ASSOCIATES, INC.",5528 CORNISH ST,HOUSTON,TX,77007,238122,"Construction (General, Civil, Specialty Trades)",Texas Corporation,1993-04-14T00:00:00.000,Business Email Compromise (BEC) & Cyber Insurance Renewal
CRITICAL POWER ELECTRIC LLC,"CRITICAL POWER ELECTRIC, LLC",16820 BARKER SPRINGS RD STE 521,HOUSTON,TX,77084,238210,Electrical Contractors and Other Wiring Installation,Limited Liability Company (LLC),2025-05-29T00:00:00.000,Business Email Compromise (BEC) & Cyber Insurance Renewal
CRODIN,CRODIN INCORPORATED,3730 KIRBY DR STE 1200,HOUSTON,TX,77098,238990,"Construction (General, Civil, Specialty Trades)",Texas Corporation,2024-12-02T00:00:00.000,Business Email Compromise (BEC) & Cyber Insurance Renewal
CROWN DOOR LTD,"CROWN DOOR, LTD.",5701 BINGLE RD STE A1,HOUSTON,TX,77092,238290,"Construction (General, Civil, Specialty Trades)",Type PL,2005-11-07T00:00:00.000,Business Email Compromise (BEC) & Cyber Insurance Renewal
CROWN SERVICES,BILLY DON SEXTON,4609 VIKING DR,HOUSTON,TX,77092,238322,"Construction (General, Civil, Specialty Trades)",Type IS,2014-07-18T00:00:00.000,Business Email Compromise (BEC) & Cyber Insurance Renewal
"CRS BUILDING SERVICES, LLC","CRS BUILDING SERVICES, LLC",8181 W HARDY RD STE D,HOUSTON,TX,77022,238160,Roofing Contractors,Limited Liability Company (LLC),2013-06-07T00:00:00.000,Business Email Compromise (BEC) & Cyber Insurance Renewal
CRUX HAVEN OPCO LLC,"CRUX HAVEN OPCO, LLC",9505 W TIDWELL RD,HOUSTON,TX,77041,238990,"Construction (General, Civil, Specialty Trades)",Corporation / Corporate Entity,2025-05-23T00:00:00.000,Business Email Compromise (BEC) & Cyber Insurance Renewal
CRUZ BROTHERS PLUMBING LLC,CRUZ BROTHERS PLUMBING LLC,9410 TAFTSBERRY DR,HOUSTON,TX,77095,238222,"Construction (General, Civil, Specialty Trades)",Limited Liability Company (LLC),2023-10-16T00:00:00.000,Business Email Compromise (BEC) & Cyber Insurance Renewal
CRUZ LAMINATES INC,"CRUZ LAMINATES, INC.",5207 HARRISBURG BLVD,HOUSTON,TX,77011,238990,"Construction (General, Civil, Specialty Trades)",Texas Corporation,2009-08-20T00:00:00.000,Business Email Compromise (BEC) & Cyber Insurance Renewal
"CRX, INC.","CRX, INC.",8720 MEADOWCROFT DR,HOUSTON,TX,77063,238390,"Construction (General, Civil, Specialty Trades)",Texas Corporation,2003-01-23T00:00:00.000,Business Email Compromise (BEC) & Cyber Insurance Renewal
CRYER PLASTERING CO INC,"CRYER PLASTERING CO., INC.",10110 PAPALOTE ST,HOUSTON,TX,77041,238312,"Construction (General, Civil, Specialty Trades)",Texas Corporation,2001-07-06T00:00:00.000,Business Email Compromise (BEC) & Cyber Insurance Renewal
CRYMAR FINISHES,"CRYMAR FINISHES, LLC",8963 GILDER RD STE B,HOUSTON,TX,77064,238330,"Construction (General, Civil, Specialty Trades)",Limited Liability Company (LLC),2018-02-15T00:00:00.000,Business Email Compromise (BEC) & Cyber Insurance Renewal
CS MULTI SERVICE SOLUTIONS,"CS MULTISERVICE SOLUTIONS, LLC",6630 ESCONDIDO CIR,HOUSTON,TX,77083,238220,"Plumbing, Heating, and Air-Conditioning Contractors",Limited Liability Company (LLC),2022-07-06T00:00:00.000,Business Email Compromise (BEC) & Cyber Insurance Renewal
"CSM PRODUCTS & SOLUTIONS, LLC","CSM PRODUCTS & SOLUTIONS, LLC",8660 LAMBRIGHT RD,HOUSTON,TX,77075,238172,"Construction (General, Civil, Specialty Trades)",Limited Liability Company (LLC),2016-02-02T00:00:00.000,Business Email Compromise (BEC) & Cyber Insurance Renewal
"CTCI AMERICAS, INC.","CTCI AMERICAS, INC.",15271 PARK ROW STE 300,HOUSTON,TX,77084,238992,"Construction (General, Civil, Specialty Trades)",Texas Corporation,2026-01-16T00:00:00.000,Business Email Compromise (BEC) & Cyber Insurance Renewal
CUETO SIGNATURE CONTRACTING LLC,CUETO SIGNATURE CONTRACTING LLC,16130 SOARING EAGLE DR,HOUSTON,TX,77083,238321,"Construction (General, Civil, Specialty Trades)",Limited Liability Company (LLC),2026-07-23T00:00:00.000,Business Email Compromise (BEC) & Cyber Insurance Renewal
CULTUS AUTO GLASS,MAHDI RAHHIMI,9701 MEYER FOREST DR APT 14208,HOUSTON,TX,77096,238150,"Construction (General, Civil, Specialty Trades)",Type IS,2025-06-04T00:00:00.000,Business Email Compromise (BEC) & Cyber Insurance Renewal
CURRENT ELECTRIC,STEPHEN D MULVEHILL,5326 INDIGO ST,HOUSTON,TX,77096,238210,Electrical Contractors and Other Wiring Installation,Type IS,2024-03-27T00:00:00.000,Business Email Compromise (BEC) & Cyber Insurance Renewal
CURRENT POWER TECHNOLOGIES - HOUSTON LLC,"CURRENT POWER TECHNOLOGIES - HOUSTON, LLC",1500 N POST OAK RD STE 140,HOUSTON,TX,77055,238210,Electrical Contractors and Other Wiring Installation,Limited Liability Company (LLC),2024-11-13T00:00:00.000,Business Email Compromise (BEC) & Cyber Insurance Renewal
CURTAINWALL SPECIALIST INC.,CURTAINWALL SPECIALIST INC.,19031 ALDINE WESTFIELD RD,HOUSTON,TX,77073,238150,"Construction (General, Civil, Specialty Trades)",Texas Corporation,2021-09-20T00:00:00.000,Business Email Compromise (BEC) & Cyber Insurance Renewal
"CUSTOM AIR CONDITIONING AND SHEET METAL, INC.","CUSTOM AIR CONDITIONING AND SHEET METAL, INC.",8321 HEMPSTEAD RD,HOUSTON,TX,77008,238222,"Construction (General, Civil, Specialty Trades)",Texas Corporation,2017-08-28T00:00:00.000,Business Email Compromise (BEC) & Cyber Insurance Renewal
CUSTOM COOLING & CONSTRUCTION LLC,CUSTOM COOLING & CONSTRUCTION LLC,9403 MELDRUM LN,HOUSTON,TX,77075,238990,"Construction (General, Civil, Specialty Trades)",Limited Liability Company (LLC),2026-05-15T00:00:00.000,Business Email Compromise (BEC) & Cyber Insurance Renewal
"CUSTOM FLOORS UNLIMITED, INC.","CUSTOM FLOORS UNLIMITED, INC.",12405 SOWDEN RD,HOUSTON,TX,77080,238330,"Construction (General, Civil, Specialty Trades)",Texas Corporation,2022-01-26T00:00:00.000,Business Email Compromise (BEC) & Cyber Insurance Renewal
"CUSTOM PAVING, INC.","CUSTOM PAVING, INC.",7016 BREEN DR,HOUSTON,TX,77086,238990,"Construction (General, Civil, Specialty Trades)",Texas Corporation,1996-07-31T00:00:00.000,Business Email Compromise (BEC) & Cyber Insurance Renewal
CUSTOM SERVICES & CO,ASHLEY WILSON INC.,13201 NORTHWEST FWY STE 800,HOUSTON,TX,77040,238221,"Construction (General, Civil, Specialty Trades)",Texas Corporation,2018-10-04T00:00:00.000,Business Email Compromise (BEC) & Cyber Insurance Renewal
CUSTOM STEEL INTERNATIONAL,"CAD DRAFTING SERVICES, INC",6529 W SAM HOUSTON PKWY N,HOUSTON,TX,77041,238130,"Construction (General, Civil, Specialty Trades)",Texas Corporation,,Business Email Compromise (BEC) & Cyber Insurance Renewal
CUSTOM STEEL INTERNATIONAL,"CAD DRAFTING SERVICES, INC",10303 NORTHWEST FWY STE 205,HOUSTON,TX,77092,238130,"Construction (General, Civil, Specialty Trades)",Texas Corporation,2011-09-02T00:00:00.000,Business Email Compromise (BEC) & Cyber Insurance Renewal
CUSTOM SURFACE SOLUTIONS INC,"CUSTOM SURFACE SOLUTIONS, INC.",7999 HANSEN RD STE 422,HOUSTON,TX,77061,238331,"Construction (General, Civil, Specialty Trades)",Texas Corporation,2000-05-25T00:00:00.000,Business Email Compromise (BEC) & Cyber Insurance Renewal
CUSTOM THEATER SOLUTIONS LLC,CUSTOM THEATER SOLUTIONS LLC,700 SMITH ST # 61070,HOUSTON,TX,77002,238210,Electrical Contractors and Other Wiring Installation,Limited Liability Company (LLC),2020-08-26T00:00:00.000,Business Email Compromise (BEC) & Cyber Insurance Renewal
"CUSTOM WALL PRINTS & MORE, LLC","CUSTOM WALL PRINTS & MORE, LLC",9818 LYNETTE FALLS DR,HOUSTON,TX,77095,238320,"Construction (General, Civil, Specialty Trades)",Limited Liability Company (LLC),2014-01-29T00:00:00.000,Business Email Compromise (BEC) & Cyber Insurance Renewal
"CWS ROAD PLATE, L.L.C.","CWS ROAD PLATE, L.L.C.",7600 S SANTA FE DR STE B-WEST,HOUSTON,TX,77061,238910,"Construction (General, Civil, Specialty Trades)",Limited Liability Company (LLC),2023-01-24T00:00:00.000,Business Email Compromise (BEC) & Cyber Insurance Renewal
CWW MILLWORK LLC,CWW MILLWORK LLC,11353 DOVER ST,HOUSTON,TX,77031,238350,"Construction (General, Civil, Specialty Trades)",Limited Liability Company (LLC),2025-10-02T00:00:00.000,Business Email Compromise (BEC) & Cyber Insurance Renewal
"CYBERFUSION TECHNOLOGIES, INC.","CYBERFUSION TECHNOLOGIES, INC.",10402 BLACK SANDS DR,HOUSTON,TX,77095,238210,Electrical Contractors and Other Wiring Installation,Texas Corporation,2024-08-13T00:00:00.000,Business Email Compromise (BEC) & Cyber Insurance Renewal
CYPRESS EMPIRE ELECTRIC INC,"CYPRESS EMPIRE ELECTRIC, INC.",11450 FM 1960 RD W STE 304,HOUSTON,TX,77065,238210,Electrical Contractors and Other Wiring Installation,Texas Corporation,2006-02-17T00:00:00.000,Business Email Compromise (BEC) & Cyber Insurance Renewal
CYPRESS SHUTTERS,CHASE L CHRISNER,15922 SWEETWATER CREEK DR,HOUSTON,TX,77095,238350,"Construction (General, Civil, Specialty Trades)",Type IS,2014-02-08T00:00:00.000,Business Email Compromise (BEC) & Cyber Insurance Renewal
"CYREX GLASS & MIRROR, INC","CYREX GLASS & MIRROR, INC.",7020 WINDFERN RD,HOUSTON,TX,77040,238150,"Construction (General, Civil, Specialty Trades)",Texas Corporation,2008-11-24T00:00:00.000,Business Email Compromise (BEC) & Cyber Insurance Renewal
D & C PAINTING,WIL E DOMINGUEZ,14300 NORTHWEST FWY STE A18,HOUSTON,TX,77040,238321,"Construction (General, Civil, Specialty Trades)",Type IS,2008-08-05T00:00:00.000,Business Email Compromise (BEC) & Cyber Insurance Renewal
D & C PAINTING,WIL E DOMINGUEZ,6102 FLINTLOCK RD,HOUSTON,TX,77040,238320,"Construction (General, Civil, Specialty Trades)",Type IS,2021-03-08T00:00:00.000,Business Email Compromise (BEC) & Cyber Insurance Renewal
"D & L ELECTRIC COMPANY, INC.","D & L ELECTRIC COMPANY, INC.",15353 VANTAGE PKWY E,HOUSTON,TX,77032,238210,Electrical Contractors and Other Wiring Installation,Texas Corporation,2019-01-03T00:00:00.000,Business Email Compromise (BEC) & Cyber Insurance Renewal
D & L QUALITY PAINTING INC,"D & L QUALITY PAINTING, INC.",12212 GREEN RIVER DR,HOUSTON,TX,77044,238322,"Construction (General, Civil, Specialty Trades)",Texas Corporation,2001-07-05T00:00:00.000,Business Email Compromise (BEC) & Cyber Insurance Renewal
"D & P TECHNOLOGIES, INC.","D & P TECHNOLOGIES, INC.",5715 MARTHA LN,HOUSTON,TX,77032,238211,"Construction (General, Civil, Specialty Trades)",Texas Corporation,2020-02-04T00:00:00.000,Business Email Compromise (BEC) & Cyber Insurance Renewal
D & R CONSTRUCTION AND REPAIR SERVICES,GENE E BOHACK,5541 NORMENTS ST,HOUSTON,TX,77039,238990,"Construction (General, Civil, Specialty Trades)",Type IS,2010-01-19T00:00:00.000,Business Email Compromise (BEC) & Cyber Insurance Renewal
D & R METAL FINISHING,"METAL PROTECTIVE COATING PROFESSIONALS, INC.",6448 CUNNINGHAM RD,HOUSTON,TX,77041,238992,"Construction (General, Civil, Specialty Trades)",Texas Corporation,2024-08-19T00:00:00.000,Business Email Compromise (BEC) & Cyber Insurance Renewal
"D AND R FOUNDATION DRILLING COMPANY, INC.","D AND R FOUNDATION DRILLING COMPANY, INC.",7406 GARDEN PARKS DR,HOUSTON,TX,77075,238910,"Construction (General, Civil, Specialty Trades)",Texas Corporation,2018-06-12T00:00:00.000,Business Email Compromise (BEC) & Cyber Insurance Renewal
D CASTLE GLASS SERVICES LLC,D CASTLE GLASS SERVICES LLC AND JOSE CASTILLO,2815 JORENT DR,HOUSTON,TX,77088,238150,"Construction (General, Civil, Specialty Trades)",Type PB,2026-08-21T00:00:00.000,Business Email Compromise (BEC) & Cyber Insurance Renewal
D&E TIRE & AUTO SERVICE LLC,D&E TIRE & AUTO SERVICE LLC,10103 TANNER RD,HOUSTON,TX,77041,238290,"Construction (General, Civil, Specialty Trades)",Limited Liability Company (LLC),2017-01-28T00:00:00.000,Business Email Compromise (BEC) & Cyber Insurance Renewal
D'AMBRA CONSTRUCTION CORPORATION,D'AMBRA CONSTRUCTION CORPORATION,2726 BISSONNET ST,HOUSTON,TX,77005,238120,"Construction (General, Civil, Specialty Trades)",Texas Corporation,2013-10-29T00:00:00.000,Business Email Compromise (BEC) & Cyber Insurance Renewal
"D.B. A/C HEATING, INC.","D.B. A/C HEATING, INC.",12123 ROCKY LAKE DR,HOUSTON,TX,77070,238221,"Construction (General, Civil, Specialty Trades)",Texas Corporation,2004-03-29T00:00:00.000,Business Email Compromise (BEC) & Cyber Insurance Renewal
D360W,SASTI SHABANI SATHIYAYANI,7919 BURGOYNE RD,HOUSTON,TX,77063,238990,"Construction (General, Civil, Specialty Trades)",Type IS,2024-06-13T00:00:00.000,Business Email Compromise (BEC) & Cyber Insurance Renewal
"D9-TILE, INC.","D9-TILE, INC.",14726 HEMPSTEAD RD,HOUSTON,TX,77040,238342,"Construction (General, Civil, Specialty Trades)",Texas Corporation,2021-01-05T00:00:00.000,Business Email Compromise (BEC) & Cyber Insurance Renewal
DAGGS REFRIGERATION A/C AND HEATING,"DAGGS REFRIGERATION, AIR CONDITIONING & HEATING, L",14811 VIA DEL NORTE DR,HOUSTON,TX,77083,238220,"Plumbing, Heating, and Air-Conditioning Contractors",Limited Liability Company (LLC),2024-05-23T00:00:00.000,Business Email Compromise (BEC) & Cyber Insurance Renewal
DAISY KATY,TRUE DOMOTICS LLC,17350 STATE HIGHWAY 249 STE 220 # 30477,HOUSTON,TX,77064,238210,Electrical Contractors and Other Wiring Installation,Limited Liability Company (LLC),2025-10-21T00:00:00.000,Business Email Compromise (BEC) & Cyber Insurance Renewal
DALE CONSTRUCTION SERVUCES,"DALE CONSTRUCTION SERVICES, LLC",10123 SHADY RIVER DR,HOUSTON,TX,77042,238910,"Construction (General, Civil, Specialty Trades)",Limited Liability Company (LLC),2013-10-11T00:00:00.000,Business Email Compromise (BEC) & Cyber Insurance Renewal
DALEIGH LTD PARTNERSHIP,DALEIGH LTD PARTNERSHIP,4503 HONEYWOOD CT,HOUSTON,TX,77059,238990,"Construction (General, Civil, Specialty Trades)",Type PL,2013-03-18T00:00:00.000,Business Email Compromise (BEC) & Cyber Insurance Renewal
DALLAS HOME SERVICES LLC,DALLAS HOME SERVICES LLC,10101 FONDREN RD STE 110,HOUSTON,TX,77096,238220,"Plumbing, Heating, and Air-Conditioning Contractors",Limited Liability Company (LLC),2024-07-24T00:00:00.000,Business Email Compromise (BEC) & Cyber Insurance Renewal
"DAMCON, L.P.","DAMCON, L.P.",2726 BISSONNET ST # 240-200,HOUSTON,TX,77005,238120,"Construction (General, Civil, Specialty Trades)",Type PL,2013-05-02T00:00:00.000,Business Email Compromise (BEC) & Cyber Insurance Renewal
DATA DEMAND SOLUTIONS LLC,DATA DEMAND SOLUTIONS LLC,3322 HURLINGHAM ST,HOUSTON,TX,77093,238210,Electrical Contractors and Other Wiring Installation,Limited Liability Company (LLC),2023-10-11T00:00:00.000,Business Email Compromise (BEC) & Cyber Insurance Renewal
DATA SERVICES COMMUNICATIONS LLC,DATA SERVICES COMMUNICATIONS LLC,13098 WESTHEIMER RD APT 1379,HOUSTON,TX,77077,238990,"Construction (General, Civil, Specialty Trades)",Limited Liability Company (LLC),2020-08-13T00:00:00.000,Business Email Compromise (BEC) & Cyber Insurance Renewal
"DATASMART, L.L.C.","DATASMART, L.L.C.",9750 W SAM HOUSTON PKWY N STE 150,HOUSTON,TX,77064,238210,Electrical Contractors and Other Wiring Installation,Limited Liability Company (LLC),2015-08-24T00:00:00.000,Business Email Compromise (BEC) & Cyber Insurance Renewal
DATAVOX INC.,DATAVOX INC.,6650 W SAM HOUSTON PKWY S,HOUSTON,TX,77072,238210,Electrical Contractors and Other Wiring Installation,Texas Corporation,2012-09-21T00:00:00.000,Business Email Compromise (BEC) & Cyber Insurance Renewal
"DAVE LANE AIR CONDITIONING, INC.","DAVE LANE AIR CONDITIONING, INC.",15825 STATE HIGHWAY 249 STE 15,HOUSTON,TX,77086,238220,"Plumbing, Heating, and Air-Conditioning Contractors",Texas Corporation,2017-04-17T00:00:00.000,Business Email Compromise (BEC) & Cyber Insurance Renewal
DAVID HICKS PLUMBING INC,"DAVID HICKS PLUMBING, INC.",2402 BRUN ST,HOUSTON,TX,77019,238221,"Construction (General, Civil, Specialty Trades)",Texas Corporation,1995-06-16T00:00:00.000,Business Email Compromise (BEC) & Cyber Insurance Renewal
DAVID SANTACROCE,DAVID SANTACROCE,13214 MISSION VALLEY DR,HOUSTON,TX,77069,238340,"Construction (General, Civil, Specialty Trades)",Type IS,2019-01-07T00:00:00.000,Business Email Compromise (BEC) & Cyber Insurance Renewal
DAVIS MECHANICAL CONTRACTORS,NORMAN LEON DAVIS JR,5634 LUDINGTON DR,HOUSTON,TX,77035,238220,"Plumbing, Heating, and Air-Conditioning Contractors",Type IS,2014-01-14T00:00:00.000,Business Email Compromise (BEC) & Cyber Insurance Renewal
DAWSON FOUNDATION REPAIR INC,"DAWSON FOUNDATION REPAIR, INC.",6906 CHETWOOD DR,HOUSTON,TX,77081,238141,"Construction (General, Civil, Specialty Trades)",Texas Corporation,1991-04-24T00:00:00.000,Business Email Compromise (BEC) & Cyber Insurance Renewal
DCO ENTERPRISES INC,DCO ENTERPRISES INC,5829 W SAM HOUSTON PKWY N STE 302,HOUSTON,TX,77041,238210,Electrical Contractors and Other Wiring Installation,Texas Corporation,2025-12-16T00:00:00.000,Business Email Compromise (BEC) & Cyber Insurance Renewal
"DECARLO REBAR, INC","DECARLO REBAR, INC",15610 EASTON GATE LN,HOUSTON,TX,77044,238990,"Construction (General, Civil, Specialty Trades)",Texas Corporation,2026-08-17T00:00:00.000,Business Email Compromise (BEC) & Cyber Insurance Renewal
DECORATIVE AND FAUX FINISHES BY RAFAEL LLC,DECORATIVE AND FAUX FINISHES BY RAFAEL LLC,1718 FRY RD STE 133,HOUSTON,TX,77084,238320,"Construction (General, Civil, Specialty Trades)",Limited Liability Company (LLC),2026-07-16T00:00:00.000,Business Email Compromise (BEC) & Cyber Insurance Renewal
DECORATIVE CONCRETE SUPPLY INC,"DECORATIVE CONCRETE SUPPLY, INC.",8310 CASTLEFORD ST STE 250,HOUSTON,TX,77040,238990,"Construction (General, Civil, Specialty Trades)",Texas Corporation,2007-07-13T00:00:00.000,Business Email Compromise (BEC) & Cyber Insurance Renewal
DEEP SOUTH CRANE & RIGGING,CAMILE J LANDRY ETAL,200 HOLMES RD,HOUSTON,TX,77045,238992,"Construction (General, Civil, Specialty Trades)",Type PI,2006-07-07T00:00:00.000,Business Email Compromise (BEC) & Cyber Insurance Renewal
"DEEPWATER CORROSION SERVICES, INC.","DEEPWATER CORROSION SERVICES, INC.",10851 TRAIN CT,HOUSTON,TX,77041,238290,"Construction (General, Civil, Specialty Trades)",Foreign Corporation (Out-of-State),2003-09-25T00:00:00.000,Business Email Compromise (BEC) & Cyber Insurance Renewal
"DEEPWOODS HOMES, LLC","DEEPWOODS HOMES, LLC",11767 KATY FWY STE 1010,HOUSTON,TX,77079,238190,"Construction (General, Civil, Specialty Trades)",Limited Liability Company (LLC),2025-06-14T00:00:00.000,Business Email Compromise (BEC) & Cyber Insurance Renewal
DEER PARK,"ABLE INDUSTRIAL, LLC",1600 S SAM HOUSTON PKWY W,HOUSTON,TX,77047,238990,"Construction (General, Civil, Specialty Trades)",Limited Liability Company (LLC),2024-01-18T00:00:00.000,Business Email Compromise (BEC) & Cyber Insurance Renewal
"DELTA 10 MECHANICAL, LLC","DELTA 10 MECHANICAL, LLC",5444 WESTHEIMER RD STE 1000,HOUSTON,TX,77056,238220,"Plumbing, Heating, and Air-Conditioning Contractors",Limited Liability Company (LLC),2022-05-12T00:00:00.000,Business Email Compromise (BEC) & Cyber Insurance Renewal
DELTA A/C,DELTA AIR CONDITIONING & HEATING LLC,9612 WESTPARK DR,HOUSTON,TX,77063,238221,"Construction (General, Civil, Specialty Trades)",Limited Liability Company (LLC),2019-02-20T00:00:00.000,Business Email Compromise (BEC) & Cyber Insurance Renewal
"DELTA GLASS, LLC","DELTA GLASS, LLC",15255 GULF FWY STE 165B,HOUSTON,TX,77034,238150,"Construction (General, Civil, Specialty Trades)",Limited Liability Company (LLC),2016-07-07T00:00:00.000,Business Email Compromise (BEC) & Cyber Insurance Renewal
DENNY'S ELECTRICAL COMPANY,"BIENEK ELECTRIC, LP",2300 BLALOCK RD,HOUSTON,TX,77080,238000,"Construction (General, Civil, Specialty Trades)",Type PL,2024-07-22T00:00:00.000,Business Email Compromise (BEC) & Cyber Insurance Renewal
"DESCO COATINGS, LLC","DESCO COATINGS, LLC",5633 TRENDALE ST,HOUSTON,TX,77087,238190,"Construction (General, Civil, Specialty Trades)",Limited Liability Company (LLC),2022-01-20T00:00:00.000,Business Email Compromise (BEC) & Cyber Insurance Renewal
DESCOLA GLASS SOLUTIONS,BRYAN R QUINTERO LORA,1303 GEARS RD APT 1402,HOUSTON,TX,77067,238150,"Construction (General, Civil, Specialty Trades)",Type IS,2025-01-22T00:00:00.000,Business Email Compromise (BEC) & Cyber Insurance Renewal
DESIGN & DECOR WINDOW COVERING,MYRIAM SOLIS,18711 SHANNON GLEN LN,HOUSTON,TX,77084,238390,"Construction (General, Civil, Specialty Trades)",Type IS,2023-07-05T00:00:00.000,Business Email Compromise (BEC) & Cyber Insurance Renewal
DESIGN AIR,MARK A RENDON,8805 SOLON RD STE G5,HOUSTON,TX,77064,238220,"Plumbing, Heating, and Air-Conditioning Contractors",Type IS,2010-06-05T00:00:00.000,Business Email Compromise (BEC) & Cyber Insurance Renewal
DESIGN CARPET COMPANY,DAVID MUTI,6223 THEALL RD,HOUSTON,TX,77066,238330,"Construction (General, Civil, Specialty Trades)",Type IS,2023-05-01T00:00:00.000,Business Email Compromise (BEC) & Cyber Insurance Renewal
DESIGN MANAGEMENT,CARLA G WILLIAMSON,6624 VANDERBILT ST,HOUSTON,TX,77005,238391,"Construction (General, Civil, Specialty Trades)",Type IS,2008-10-30T00:00:00.000,Business Email Compromise (BEC) & Cyber Insurance Renewal
DESIGN SECURITY CONTROLS,"DESIGN SECURITY CONTROLS, LLC",1511 UPLAND DR STE 103,HOUSTON,TX,77043,238210,Electrical Contractors and Other Wiring Installation,Limited Liability Company (LLC),2014-07-22T00:00:00.000,Business Email Compromise (BEC) & Cyber Insurance Renewal
"DESIGNER STONE CENTER, INC.","DESIGNER STONE CENTER, INC.",5610 BAIRD CT,HOUSTON,TX,77041,238340,"Construction (General, Civil, Specialty Trades)",Texas Corporation,2005-01-06T00:00:00.000,Business Email Compromise (BEC) & Cyber Insurance Renewal
DESIGNS OF TECHNOLOGY,JUAREZ PARTNERS GROUP LLC,9319 GUYWOOD ST,HOUSTON,TX,77040,238292,"Construction (General, Civil, Specialty Trades)",Limited Liability Company (LLC),2025-12-01T00:00:00.000,Business Email Compromise (BEC) & Cyber Insurance Renewal
DETAILS2DOTS,"DETAILS2DOTS, LLC",4430 WILDACRES DR,HOUSTON,TX,77072,238320,"Construction (General, Civil, Specialty Trades)",Limited Liability Company (LLC),2025-08-30T00:00:00.000,Business Email Compromise (BEC) & Cyber Insurance Renewal
DEUCE ELECTRICAL,LEX & D ENTERPRISES LLC,1824 WILBURFORCE ST,HOUSTON,TX,77091,238210,Electrical Contractors and Other Wiring Installation,Limited Liability Company (LLC),2023-04-05T00:00:00.000,Business Email Compromise (BEC) & Cyber Insurance Renewal
DGPV FUND 4 LLC,DGPV FUND 4 LLC,910 LOUISIANA ST # 10002A,HOUSTON,TX,77002,238210,Electrical Contractors and Other Wiring Installation,Corporation / Corporate Entity,2018-12-07T00:00:00.000,Business Email Compromise (BEC) & Cyber Insurance Renewal
"DHL MECHANICAL, LLC","DHL MECHANICAL, LLC",9715 MYSTIC CROSSING CT,HOUSTON,TX,77065,238220,"Plumbing, Heating, and Air-Conditioning Contractors",Limited Liability Company (LLC),2025-05-12T00:00:00.000,Business Email Compromise (BEC) & Cyber Insurance Renewal
DIAMOND ELECTRIC SERVICES INC,DIAMOND ELECTRIC SERVICES INC,6518 BRITTMOORE RD STE I,HOUSTON,TX,77041,238210,Electrical Contractors and Other Wiring Installation,Texas Corporation,2019-06-20T00:00:00.000,Business Email Compromise (BEC) & Cyber Insurance Renewal
DIAMOND FOUNDATION AND FABRICATION,GERARDO CAZARES,8939 THEYSEN DR,HOUSTON,TX,77080,238170,"Construction (General, Civil, Specialty Trades)",Type IS,2006-05-04T00:00:00.000,Business Email Compromise (BEC) & Cyber Insurance Renewal
DIAMOND INTEGRATION,DIAMOND INTEGRATION LLC,3363 N SAM HOUSTON PKWY W,HOUSTON,TX,77038,238210,Electrical Contractors and Other Wiring Installation,Limited Liability Company (LLC),2019-06-19T00:00:00.000,Business Email Compromise (BEC) & Cyber Insurance Renewal
"DIAMOND READY MIX, INC.","DIAMOND READY MIX, INC.",5521 BREEN DR,HOUSTON,TX,77086,238111,"Construction (General, Civil, Specialty Trades)",Texas Corporation,2020-03-23T00:00:00.000,Business Email Compromise (BEC) & Cyber Insurance Renewal
"DIAMOND REFRACTORY SERVICES, LLC","DIAMOND REFRACTORY SERVICES, LLC",8431 MOSLEY RD,HOUSTON,TX,77075,238142,"Construction (General, Civil, Specialty Trades)",Limited Liability Company (LLC),2000-01-11T00:00:00.000,Business Email Compromise (BEC) & Cyber Insurance Renewal
DIFFCO LLC,DIFFCO LLC,6604 CALLE LOZANO DR,HOUSTON,TX,77041,238110,"Construction (General, Civil, Specialty Trades)",Limited Liability Company (LLC),2017-02-22T00:00:00.000,Business Email Compromise (BEC) & Cyber Insurance Renewal
DIGITAL SATELLITE,RUSSEL S CRAIG,10910 KIRKRIDGE DR,HOUSTON,TX,77089,238290,"Construction (General, Civil, Specialty Trades)",Type IS,2013-08-28T00:00:00.000,Business Email Compromise (BEC) & Cyber Insurance Renewal
"DILLON CONSTRUCTION, INC.","DILLON CONSTRUCTION, INC.",12902 HAYNES RD STE 8,HOUSTON,TX,77066,238121,"Construction (General, Civil, Specialty Trades)",Texas Corporation,2011-11-14T00:00:00.000,Business Email Compromise (BEC) & Cyber Insurance Renewal
DIMAS CONCRETE CUTTING,DIMAS C MARTINEZ,11807 WESTHEIMER RD STE 550 # 735,HOUSTON,TX,77077,238110,"Construction (General, Civil, Specialty Trades)",Type IS,2024-03-05T00:00:00.000,Business Email Compromise (BEC) & Cyber Insurance Renewal
DIRECT ELECTRIC/DIRECT PLUMBING/DIRECT MAINTENANCE,THE RICE-TINSLEY CORPORATION,8129 SIGNET ST,HOUSTON,TX,77029,238212,"Construction (General, Civil, Specialty Trades)",Texas Corporation,2002-07-26T00:00:00.000,Business Email Compromise (BEC) & Cyber Insurance Renewal
DIRECT SHUTTER & AWNINGS CORPORATION,DIRECT SHUTTER & AWNINGS CORPORATION,12014 PALMSPRINGS DR,HOUSTON,TX,77034,238190,"Construction (General, Civil, Specialty Trades)",Texas Corporation,2020-06-04T00:00:00.000,Business Email Compromise (BEC) & Cyber Insurance Renewal
DIRT DEVELOPERS LLC,DIRT DEVELOPERS LLC,5511 PINE ARBOR DR,HOUSTON,TX,77066,238390,"Construction (General, Civil, Specialty Trades)",Limited Liability Company (LLC),2024-01-17T00:00:00.000,Business Email Compromise (BEC) & Cyber Insurance Renewal
DIRTY DOGS JUNK REMOVAL & DEMO,BAEZ & REYES GROUP INC,4815 EDFIELD ST,HOUSTON,TX,77033,238910,"Construction (General, Civil, Specialty Trades)",Texas Corporation,2024-12-18T00:00:00.000,Business Email Compromise (BEC) & Cyber Insurance Renewal
DISCOUNT PLUMBING,JEREMY ALLEN RODRIGUEZ,6747 LINDYANN LN,HOUSTON,TX,77008,238220,"Plumbing, Heating, and Air-Conditioning Contractors",Type IS,2019-06-19T00:00:00.000,Business Email Compromise (BEC) & Cyber Insurance Renewal
DIVERGENT INTEGRATION SOLUTIONS,MARLON DARNELL ROSE SR,11152 WESTHEIMER RD STE 835,HOUSTON,TX,77042,238210,Electrical Contractors and Other Wiring Installation,Type IS,2022-01-05T00:00:00.000,Business Email Compromise (BEC) & Cyber Insurance Renewal
"DIVERSIFIED PLASTERING, INC.","DIVERSIFIED PLASTERING, INC.",15250 SELLERS RD,HOUSTON,TX,77060,238312,"Construction (General, Civil, Specialty Trades)",Texas Corporation,2007-07-09T00:00:00.000,Business Email Compromise (BEC) & Cyber Insurance Renewal
"DIVERSIFIED THERMAL, INC.","DIVERSIFIED THERMAL, INC.",6727 SIGNAT DR,HOUSTON,TX,77041,238312,"Construction (General, Civil, Specialty Trades)",Texas Corporation,1998-06-20T00:00:00.000,Business Email Compromise (BEC) & Cyber Insurance Renewal
"DIVISION ELECTRICAL, INC.","DIVISION ELECTRICAL, INC.",10400 RODGERS RD,HOUSTON,TX,77070,238210,Electrical Contractors and Other Wiring Installation,Texas Corporation,2016-07-28T00:00:00.000,Business Email Compromise (BEC) & Cyber Insurance Renewal
DIXIE WELD & FAB.,ALAN L HALES,7117 BELGOLD ST STE D,HOUSTON,TX,77066,238190,"Construction (General, Civil, Specialty Trades)",Type IS,2024-05-04T00:00:00.000,Business Email Compromise (BEC) & Cyber Insurance Renewal
DJDURAN WOODWORK,"DJDURAN WOODWORK, LLC",16414 LOCKE HAVEN DR,HOUSTON,TX,77059,238350,"Construction (General, Civil, Specialty Trades)",Limited Liability Company (LLC),2023-02-22T00:00:00.000,Business Email Compromise (BEC) & Cyber Insurance Renewal
DK PAINTER LLC,DK PAINTER LLC,3620 WESTON MANOR LN,HOUSTON,TX,77055,238320,"Construction (General, Civil, Specialty Trades)",Limited Liability Company (LLC),2025-09-30T00:00:00.000,Business Email Compromise (BEC) & Cyber Insurance Renewal
DND ELECTRIC,JOSE L NUNO GONZALEZ,8523 CHESWICK DR,HOUSTON,TX,77037,238210,Electrical Contractors and Other Wiring Installation,Type IS,2015-07-21T00:00:00.000,Business Email Compromise (BEC) & Cyber Insurance Renewal
"DNG ELECTRICAL SERVICES, LLC","DNG ELECTRICAL SERVICES, LLC",5401 MITCHELLDALE ST STE A7,HOUSTON,TX,77092,238210,Electrical Contractors and Other Wiring Installation,Limited Liability Company (LLC),2024-09-10T00:00:00.000,Business Email Compromise (BEC) & Cyber Insurance Renewal
"DNS ELECTRICAL CONTRACTORS, LLC","DNS ELECTRICAL CONTRACTORS, LLC",1115 FRANKIE ST,HOUSTON,TX,77015,238210,Electrical Contractors and Other Wiring Installation,Limited Liability Company (LLC),2015-04-16T00:00:00.000,Business Email Compromise (BEC) & Cyber Insurance Renewal
DNTB-USA CORP,DNTB-USA CORP,1900 WEST LOOP S STE 1550,HOUSTON,TX,77027,238210,Electrical Contractors and Other Wiring Installation,Foreign Corporation (Out-of-State),2026-06-09T00:00:00.000,Business Email Compromise (BEC) & Cyber Insurance Renewal
DOB ELECTRIC,DOB ELECTRIC LLC,4028 JOYCE BLVD,HOUSTON,TX,77084,238210,Electrical Contractors and Other Wiring Installation,Limited Liability Company (LLC),2024-06-27T00:00:00.000,Business Email Compromise (BEC) & Cyber Insurance Renewal
"DOBBINS FLOOR COVERING, INC.","DOBBINS FLOOR COVERING, INC.",2224 HOSKINS DR,HOUSTON,TX,77080,238331,"Construction (General, Civil, Specialty Trades)",Texas Corporation,2017-10-03T00:00:00.000,Business Email Compromise (BEC) & Cyber Insurance Renewal
DOCTOR DEMOLITION LLC,"DOCTOR DEMOLITION, LLC",13322 CHIMNEY SWEEP DR,HOUSTON,TX,77041,238990,"Construction (General, Civil, Specialty Trades)",Limited Liability Company (LLC),2025-07-11T00:00:00.000,Business Email Compromise (BEC) & Cyber Insurance Renewal
"DOMINGUE ENTERPRISES, LLC","DOMINGUE ENTERPRISES, LLC",13329 VETERANS MEMORIAL DR STE Q,HOUSTON,TX,77014,238210,Electrical Contractors and Other Wiring Installation,Limited Liability Company (LLC),2026-03-19T00:00:00.000,Business Email Compromise (BEC) & Cyber Insurance Renewal
DONALD DUCT & CLEANING SERVICES,DONALD DUCT AND STEAM SERVICES LLC,6214 SHADOW CREST ST,HOUSTON,TX,77074,238220,"Plumbing, Heating, and Air-Conditioning Contractors",Limited Liability Company (LLC),2026-05-07T00:00:00.000,Business Email Compromise (BEC) & Cyber Insurance Renewal
DOOR & DOCK SOLUTIONS INC,DOOR & DOCK SOLUTIONS INC,505 N SAM HOUSTON PKWY E STE 505F,HOUSTON,TX,77060,238290,"Construction (General, Civil, Specialty Trades)",Texas Corporation,2016-04-11T00:00:00.000,Business Email Compromise (BEC) & Cyber Insurance Renewal
DOOR KING,"BLBJSD GROUP, INC.",2209 HURFUS DR,HOUSTON,TX,77092,238351,"Construction (General, Civil, Specialty Trades)",Texas Corporation,2013-04-20T00:00:00.000,Business Email Compromise (BEC) & Cyber Insurance Renewal
DOOR MASTERS OF TEXAS,HOME PRO CONSTRUCTION COMPANY,7203 COCKRUM BLVD,HOUSTON,TX,77066,238991,"Construction (General, Civil, Specialty Trades)",Texas Corporation,2002-01-09T00:00:00.000,Business Email Compromise (BEC) & Cyber Insurance Renewal
"DORO'S UNIQUE FLOORING, INC.","DORO'S UNIQUE FLOORING, INC.",9867 TANNER RD,HOUSTON,TX,77041,238330,"Construction (General, Civil, Specialty Trades)",Texas Corporation,2017-04-27T00:00:00.000,Business Email Compromise (BEC) & Cyber Insurance Renewal
DOTGROUP INTERNATIONAL USA INC.,DOTGROUP INTERNATIONAL USA INC.,7125 W TIDWELL RD,HOUSTON,TX,77092,238992,"Construction (General, Civil, Specialty Trades)",Texas Corporation,2017-07-18T00:00:00.000,Business Email Compromise (BEC) & Cyber Insurance Renewal
DOUBLE B GENERAL CONSTRUCTION LLC,DOUBLE B GENERAL CONSTRUCTION LLC,16634 LAKE AQUILLA LN,HOUSTON,TX,77044,238130,"Construction (General, Civil, Specialty Trades)",Limited Liability Company (LLC),2025-05-21T00:00:00.000,Business Email Compromise (BEC) & Cyber Insurance Renewal
DOUHSAR,"DOUHSAR, LLC",16225 PARK TEN PL STE 500,HOUSTON,TX,77084,238990,"Construction (General, Civil, Specialty Trades)",Limited Liability Company (LLC),2021-12-04T00:00:00.000,Business Email Compromise (BEC) & Cyber Insurance Renewal
DP SOUTH TEXAS PLUMBING COMPANY,DP SOUTH TEXAS PLUMBING COMPANY,5431 BRYSTONE DR,HOUSTON,TX,77041,238220,"Plumbing, Heating, and Air-Conditioning Contractors",Texas Corporation,2004-11-18T00:00:00.000,Business Email Compromise (BEC) & Cyber Insurance Renewal
"DR DIAMOND POWER SERVICES, LP","DR DIAMOND POWER SERVICES, LP",13413 TOPEKA ST,HOUSTON,TX,77015,238210,Electrical Contractors and Other Wiring Installation,Type PL,2020-10-24T00:00:00.000,Business Email Compromise (BEC) & Cyber Insurance Renewal
DREAM MAKERS,BILL BYRN,9820 TANNER RD STE 260,HOUSTON,TX,77041,238350,"Construction (General, Civil, Specialty Trades)",Type IS,2014-08-06T00:00:00.000,Business Email Compromise (BEC) & Cyber Insurance Renewal
DREAMS KITCHEN AND BATH,DREAMS GROUP SECURITY LLC,6923 KETTLEMAR DR,HOUSTON,TX,77084,238350,"Construction (General, Civil, Specialty Trades)",Limited Liability Company (LLC),2025-07-17T00:00:00.000,Business Email Compromise (BEC) & Cyber Insurance Renewal
DREYFUS CONSTRUCTION CO,DREYFUS CONSTRUCTION CO.,8524 HAMMERLY BLVD,HOUSTON,TX,77055,238112,"Construction (General, Civil, Specialty Trades)",Texas Corporation,1988-08-25T00:00:00.000,Business Email Compromise (BEC) & Cyber Insurance Renewal
DRYWALL SERVICES INC,"DRYWALL SERVICES, INCORPORATED",4560 W 34TH ST STE I,HOUSTON,TX,77092,238312,"Construction (General, Civil, Specialty Trades)",Texas Corporation,1999-02-17T00:00:00.000,Business Email Compromise (BEC) & Cyber Insurance Renewal
"DS RECREATIONAL SERVICES, INC.","DS RECREATIONAL SERVICES, INC.",18821 INTERCONTINENTAL CROSSING DR,HOUSTON,TX,77073,238990,"Construction (General, Civil, Specialty Trades)",Texas Corporation,2018-11-15T00:00:00.000,Business Email Compromise (BEC) & Cyber Insurance Renewal
DSKE COMMUNICATIONS LLC,DSKE COMMUNICATIONS LLC,6902 CHESTER OAK DR,HOUSTON,TX,77083,238210,Electrical Contractors and Other Wiring Installation,Limited Liability Company (LLC),2025-06-13T00:00:00.000,Business Email Compromise (BEC) & Cyber Insurance Renewal
DUCTWORK DEPOT LLC,DUCTWORK DEPOT LLC,8310 CASTLEFORD ST STE 200,HOUSTON,TX,77040,238222,"Construction (General, Civil, Specialty Trades)",Limited Liability Company (LLC),2021-08-21T00:00:00.000,Business Email Compromise (BEC) & Cyber Insurance Renewal
DUPURE,"BALANCE ENERGY, LLC",11321 WINDFERN RD STE N,HOUSTON,TX,77064,238291,"Construction (General, Civil, Specialty Trades)",Corporation / Corporate Entity,2022-06-08T00:00:00.000,Business Email Compromise (BEC) & Cyber Insurance Renewal
"DURA PIER FACILITIES SERVICES, LTD.","DURA PIER FACILITIES SERVICES, LTD.",13124 PLAYER ST,HOUSTON,TX,77045,238990,"Construction (General, Civil, Specialty Trades)",Type PL,2012-06-14T00:00:00.000,Business Email Compromise (BEC) & Cyber Insurance Renewal
DURANGO DOORS OF HOUSTON,"SMP GROUP, INC.",1224 N POST OAK RD STE 134,HOUSTON,TX,77055,238990,"Construction (General, Civil, Specialty Trades)",Texas Corporation,2023-06-21T00:00:00.000,Business Email Compromise (BEC) & Cyber Insurance Renewal
DURASTONE CORPORATION,DURASTONE CORPORATION,9815 NORTH FWY,HOUSTON,TX,77037,238330,"Construction (General, Civil, Specialty Trades)",Texas Corporation,2006-03-14T00:00:00.000,Business Email Compromise (BEC) & Cyber Insurance Renewal
"DUST COLLECTION OF TEXAS, L.L.C.","DUST COLLECTION OF TEXAS, L.L.C.",3730 RIO VISTA ST,HOUSTON,TX,77021,238220,"Plumbing, Heating, and Air-Conditioning Contractors",Limited Liability Company (LLC),2012-07-27T00:00:00.000,Business Email Compromise (BEC) & Cyber Insurance Renewal
"DUTY CONSTRUCTION, INC.","DUTY CONSTRUCTION, INC.",1507 HADDON ST,HOUSTON,TX,77006,238912,"Construction (General, Civil, Specialty Trades)",Texas Corporation,1994-02-11T00:00:00.000,Business Email Compromise (BEC) & Cyber Insurance Renewal
"DYNA TORQUE TECHNOLOGIES, INC","DYNA TORQUE TECHNOLOGIES, INC",11050 W LITTLE YORK RD BLDG F,HOUSTON,TX,77041,238992,"Construction (General, Civil, Specialty Trades)",Texas Corporation,2007-09-24T00:00:00.000,Business Email Compromise (BEC) & Cyber Insurance Renewal
DYNAMIC ASPHALT SERVICES,DYNAMIC ASPHALT SERVICES LLC,15222 WICKMERE DR,HOUSTON,TX,77062,238990,"Construction (General, Civil, Specialty Trades)",Limited Liability Company (LLC),2023-06-16T00:00:00.000,Business Email Compromise (BEC) & Cyber Insurance Renewal
DYNAMIC GLASS LLC,"DYNAMIC GLASS, LLC",9320 ZAKA RD,HOUSTON,TX,77064,238150,"Construction (General, Civil, Specialty Trades)",Corporation / Corporate Entity,2014-05-06T00:00:00.000,Business Email Compromise (BEC) & Cyber Insurance Renewal
"DYNAMIC SOLUTIONS HEALTHCARE, LLC","DYNAMIC SOLUTIONS HEALTHCARE, LLC",8412 VAN HUT LN,HOUSTON,TX,77044,238992,"Construction (General, Civil, Specialty Trades)",Limited Liability Company (LLC),2015-08-06T00:00:00.000,Business Email Compromise (BEC) & Cyber Insurance Renewal
DYNAMIQ A/V INTEGRATION,"DYNAMIQ A/V INTEGRATION, LLC",7630 GREENSTONE ST,HOUSTON,TX,77087,238291,"Construction (General, Civil, Specialty Trades)",Limited Liability Company (LLC),2015-06-04T00:00:00.000,Business Email Compromise (BEC) & Cyber Insurance Renewal
DYNASTY SOUND LLC,DYNASTY SOUND LLC,13410 ELMSGROVE LN,HOUSTON,TX,77070,238210,Electrical Contractors and Other Wiring Installation,Limited Liability Company (LLC),2023-09-14T00:00:00.000,Business Email Compromise (BEC) & Cyber Insurance Renewal
E N CARPET AND FLOORING,ELEAZAR NUNEZ & MARIA NUNEZ,9138 WAYFARER LN,HOUSTON,TX,77075,238330,"Construction (General, Civil, Specialty Trades)",Type PI,2020-01-16T00:00:00.000,Business Email Compromise (BEC) & Cyber Insurance Renewal
E R S,"ELEVATOR REPAIR SERVICE, INC.",4250 N SAM HOUSTON PKWY E STE 130,HOUSTON,TX,77032,238292,"Construction (General, Civil, Specialty Trades)",Texas Corporation,2009-08-28T00:00:00.000,Business Email Compromise (BEC) & Cyber Insurance Renewal
E Z FLOORS,"E Z FLOORS, INC.",17111 WEST RD STE 105,HOUSTON,TX,77095,238330,"Construction (General, Civil, Specialty Trades)",Texas Corporation,2019-08-19T00:00:00.000,Business Email Compromise (BEC) & Cyber Insurance Renewal
E-3 ELECTRIC LTD,"E-3 ELECTRIC GP, LLC",510 BERING DR STE 455,HOUSTON,TX,77057,238211,"Construction (General, Civil, Specialty Trades)",Limited Liability Company (LLC),2019-01-08T00:00:00.000,Business Email Compromise (BEC) & Cyber Insurance Renewal
E. R. SCHROEDER WALLPAPER,CARL SCHROEDER,5734 KULDELL DR,HOUSTON,TX,77096,238320,"Construction (General, Civil, Specialty Trades)",Type IS,2019-03-26T00:00:00.000,Business Email Compromise (BEC) & Cyber Insurance Renewal
E.C. & J REMODELING & PAINTING,JOSE J GAITAN SANTOS,9502 CHAPELSTONE CT,HOUSTON,TX,77044,238320,"Construction (General, Civil, Specialty Trades)",Type IS,2012-04-02T00:00:00.000,Business Email Compromise (BEC) & Cyber Insurance Renewal
"E.M. ELECTRICAL SOLUTIONS, LLC","E.M. ELECTRICAL SOLUTIONS, LLC",939 OAK MEADOWS ST,HOUSTON,TX,77017,238210,Electrical Contractors and Other Wiring Installation,Limited Liability Company (LLC),2013-10-10T00:00:00.000,Business Email Compromise (BEC) & Cyber Insurance Renewal
E.W.A. CONSTRUCTION CORPORATION,E.W.A. CONSTRUCTION CORPORATION,11914 BALD MOUNTAIN CIR,HOUSTON,TX,77067,238192,"Construction (General, Civil, Specialty Trades)",Texas Corporation,2014-04-24T00:00:00.000,Business Email Compromise (BEC) & Cyber Insurance Renewal
EAAF ANDRADE PLUMBING LLC,EAAF ANDRADE PLUMBING LLC,2317 PEPPERMILL RD,HOUSTON,TX,77080,238220,"Plumbing, Heating, and Air-Conditioning Contractors",Limited Liability Company (LLC),2025-05-03T00:00:00.000,Business Email Compromise (BEC) & Cyber Insurance Renewal
EAGLE ELECTRICAL SERVICES LLC,EAGLE ELECTRICAL SERVICES LLC,7702 GABLE POINT DR,HOUSTON,TX,77095,238210,Electrical Contractors and Other Wiring Installation,Limited Liability Company (LLC),2021-05-12T00:00:00.000,Business Email Compromise (BEC) & Cyber Insurance Renewal
EAGLE GLASSWORKS,MINH DUC NGUYEN,10555 TURTLEWOOD CT UNIT 1312,HOUSTON,TX,77072,238150,"Construction (General, Civil, Specialty Trades)",Type IS,2009-01-15T00:00:00.000,Business Email Compromise (BEC) & Cyber Insurance Renewal
"EAGLE MECHANICAL, LLC","EAGLE MECHANICAL, LLC",11000 EQUITY DR,HOUSTON,TX,77041,238220,"Plumbing, Heating, and Air-Conditioning Contractors",Limited Liability Company (LLC),2026-03-04T00:00:00.000,Business Email Compromise (BEC) & Cyber Insurance Renewal
EAGLE NED CONSTRUCTION INC,EAGLE NED CONSTRUCTION INC,16100 CAIRNWAY DR,HOUSTON,TX,77084,238321,"Construction (General, Civil, Specialty Trades)",Texas Corporation,2017-05-23T00:00:00.000,Business Email Compromise (BEC) & Cyber Insurance Renewal
EAGLE PLUMBING COMPANY LLC,EAGLE PLUMBING COMPANY LLC,2001 BINGLE RD,HOUSTON,TX,77055,238220,"Plumbing, Heating, and Air-Conditioning Contractors",Limited Liability Company (LLC),2021-11-23T00:00:00.000,Business Email Compromise (BEC) & Cyber Insurance Renewal
EAGLE POINT SOLUTIONS LLC,"EAGLE POINT SOLUTIONS, LLC",6401 W LITTLE YORK RD STE 300,HOUSTON,TX,77091,238330,"Construction (General, Civil, Specialty Trades)",Limited Liability Company (LLC),2025-09-25T00:00:00.000,Business Email Compromise (BEC) & Cyber Insurance Renewal
EASY AIRE INC,"EASY AIRE, INC.",6341 ASHCROFT DR STE 5-A,HOUSTON,TX,77081,238222,"Construction (General, Civil, Specialty Trades)",Texas Corporation,1990-06-21T00:00:00.000,Business Email Compromise (BEC) & Cyber Insurance Renewal
"EBEN-EZER MECHANICAL, LLC","EBEN-EZER MECHANICAL, LLC",3310 TERRY ST,HOUSTON,TX,77009,238220,"Plumbing, Heating, and Air-Conditioning Contractors",Limited Liability Company (LLC),2013-05-10T00:00:00.000,Business Email Compromise (BEC) & Cyber Insurance Renewal
EC AIR CORPORATION,EC AIR CORPORATION,10003 CHICKASAW LN,HOUSTON,TX,77041,238220,"Plumbing, Heating, and Air-Conditioning Contractors",Texas Corporation,2024-05-28T00:00:00.000,Business Email Compromise (BEC) & Cyber Insurance Renewal
ECO FLOORING LLC,ECO FLOORING LLC,13035 S POST OAK RD STE E,HOUSTON,TX,77045,238330,"Construction (General, Civil, Specialty Trades)",Limited Liability Company (LLC),2016-09-13T00:00:00.000,Business Email Compromise (BEC) & Cyber Insurance Renewal
ECONSERVE LLC,ECONSERVE LLC,3535 WESTHEIMER RD STE 228,HOUSTON,TX,77027,238220,"Plumbing, Heating, and Air-Conditioning Contractors",Limited Liability Company (LLC),2012-06-27T00:00:00.000,Business Email Compromise (BEC) & Cyber Insurance Renewal
ECOQUANTUM,ECOQUANTUM LLC,8034 ANTOINE DR APT 242,HOUSTON,TX,77088,238220,"Plumbing, Heating, and Air-Conditioning Contractors",Limited Liability Company (LLC),2026-02-12T00:00:00.000,Business Email Compromise (BEC) & Cyber Insurance Renewal
EDCO MECHANICAL LLC,EDCO MECHANICAL LLC,2602 DETERING ST,HOUSTON,TX,77007,238220,"Plumbing, Heating, and Air-Conditioning Contractors",Limited Liability Company (LLC),2019-06-04T00:00:00.000,Business Email Compromise (BEC) & Cyber Insurance Renewal
EDDIE'S CARPET,ENEDINO AMADOR PINO,6625 RUPLEY CIR,HOUSTON,TX,77087,238330,"Construction (General, Civil, Specialty Trades)",Type IS,2010-05-20T00:00:00.000,Business Email Compromise (BEC) & Cyber Insurance Renewal
EDGE ARCHITECTURAL RESTORATION LLC,EAR LEGACY HOLDINGS LLC,539 GREENPARK DR,HOUSTON,TX,77079,238992,"Construction (General, Civil, Specialty Trades)",Limited Liability Company (LLC),2014-10-09T00:00:00.000,Business Email Compromise (BEC) & Cyber Insurance Renewal
EDGE FACADE LLC,EF LEGACY HOLDINGS LLC,539 GREENPARK DR,HOUSTON,TX,77079,238390,"Construction (General, Civil, Specialty Trades)",Limited Liability Company (LLC),2022-07-06T00:00:00.000,Business Email Compromise (BEC) & Cyber Insurance Renewal
"EDH PLUMBING CONTRACTORS, LLC","EDH PLUMBING CONTRACTORS, LLC",7025 W TIDWELL RD STE H108,HOUSTON,TX,77092,238222,"Construction (General, Civil, Specialty Trades)",Limited Liability Company (LLC),2012-08-11T00:00:00.000,Business Email Compromise (BEC) & Cyber Insurance Renewal
"EDM OFFICE SERVICES, INC.","EDM OFFICE SERVICES, INC.",1501 GREENGRASS DR,HOUSTON,TX,77008,238392,"Construction (General, Civil, Specialty Trades)",Texas Corporation,2022-04-12T00:00:00.000,Business Email Compromise (BEC) & Cyber Insurance Renewal
EFFICIENT POWER TECH LLC,EFFICIENT POWER TECH LLC,1808 AUGUSTA DR STE 232,HOUSTON,TX,77057,238210,Electrical Contractors and Other Wiring Installation,Limited Liability Company (LLC),2016-03-03T00:00:00.000,Business Email Compromise (BEC) & Cyber Insurance Renewal
"EGNSI, INC.","EGNSI, INC.",908 TOWN AND COUNTRY BLVD STE 260,HOUSTON,TX,77024,238210,Electrical Contractors and Other Wiring Installation,Texas Corporation,2022-10-31T00:00:00.000,Business Email Compromise (BEC) & Cyber Insurance Renewal
EL GUERO GLASS AND MIRRORS,EL GUERO GLASS LLC,16118 DARWOOD CT,HOUSTON,TX,77083,238150,"Construction (General, Civil, Specialty Trades)",Limited Liability Company (LLC),2026-03-24T00:00:00.000,Business Email Compromise (BEC) & Cyber Insurance Renewal
ELECTRA GLASS,ELECTRA GLASS LLC,1231 SPACE PARK DR STE A2,HOUSTON,TX,77058,238150,"Construction (General, Civil, Specialty Trades)",Limited Liability Company (LLC),2024-09-24T00:00:00.000,Business Email Compromise (BEC) & Cyber Insurance Renewal
"ELECTRIC MANEUVERS, LLC","ELECTRIC MANEUVERS, LLC",3735 COSTA RICA RD,HOUSTON,TX,77092,238210,Electrical Contractors and Other Wiring Installation,Limited Liability Company (LLC),2022-09-30T00:00:00.000,Business Email Compromise (BEC) & Cyber Insurance Renewal
ELECTRICAL DATA AND CONTROL SERVICES INC,"ELECTRICAL DATA AND CONTROL SERVICES, INC.",10890 ALCOTT DR STE 103,HOUSTON,TX,77043,238210,Electrical Contractors and Other Wiring Installation,Texas Corporation,2001-05-24T00:00:00.000,Business Email Compromise (BEC) & Cyber Insurance Renewal
ELECTRICAL MASTERS COMPANY INC,ELECTRICAL MASTERS COMPANY INC,14531 BUFFALO SPEEDWAY APT A,HOUSTON,TX,77045,238210,Electrical Contractors and Other Wiring Installation,Texas Corporation,2026-01-16T00:00:00.000,Business Email Compromise (BEC) & Cyber Insurance Renewal
"ELECTRICAL MECHANICAL SERVICE, INC.","ELECTRICAL MECHANICAL SERVICE, INC.",5710 BRITTMOORE RD # B10,HOUSTON,TX,77041,238212,"Construction (General, Civil, Specialty Trades)",Texas Corporation,2021-03-16T00:00:00.000,Business Email Compromise (BEC) & Cyber Insurance Renewal
"ELECTRICAL RELIABILITY SERVICES, INC.","ELECTRICAL RELIABILITY SERVICES, INC.",6039 SOUTH LOOP E # EAST0,HOUSTON,TX,77033,238210,Electrical Contractors and Other Wiring Installation,Foreign Corporation (Out-of-State),2004-02-26T00:00:00.000,Business Email Compromise (BEC) & Cyber Insurance Renewal
ELECTRICAL WORKS OF HOUSTON SERVICE COMPANY,ELECTRICAL WORKS OF HOUSTON SERVICE COMPANY,409 ORIOLE ST,HOUSTON,TX,77018,238210,Electrical Contractors and Other Wiring Installation,Texas Corporation,2024-11-19T00:00:00.000,Business Email Compromise (BEC) & Cyber Insurance Renewal
"ELECTRICAL WORKS OF HOUSTON, INC","ELECTRICAL WORKS OF HOUSTON, INC",409 ORIOLE ST,HOUSTON,TX,77018,238211,"Construction (General, Civil, Specialty Trades)",Texas Corporation,2023-01-12T00:00:00.000,Business Email Compromise (BEC) & Cyber Insurance Renewal
ELECTRICWORKS,ELECTRICWORKS LLC,5614 SAXON DR,HOUSTON,TX,77092,238210,Electrical Contractors and Other Wiring Installation,Limited Liability Company (LLC),2025-03-07T00:00:00.000,Business Email Compromise (BEC) & Cyber Insurance Renewal
"ELECTRONICS UNLIMITED, INC.","ELECTRONICS UNLIMITED, INC.",1345 BLALOCK RD,HOUSTON,TX,77055,238210,Electrical Contractors and Other Wiring Installation,Texas Corporation,2006-05-08T00:00:00.000,Business Email Compromise (BEC) & Cyber Insurance Renewal
ELEGANT GLOW,"ELEGANT GLOW LIGHTING, LLC",10834 ALY TRACE CT,HOUSTON,TX,77064,238990,"Construction (General, Civil, Specialty Trades)",Limited Liability Company (LLC),2022-01-20T00:00:00.000,Business Email Compromise (BEC) & Cyber Insurance Renewal
ELEGANT STONE FABRICATION,MOHAMMED TINWALA,11981 FM 529 RD,HOUSTON,TX,77041,238390,"Construction (General, Civil, Specialty Trades)",Type IS,2023-10-26T00:00:00.000,Business Email Compromise (BEC) & Cyber Insurance Renewal
ELEMENT 3 SERVICE INC.,ELEMENT 3 SERVICE INC.,6100 CORPORATE DR STE 350,HOUSTON,TX,77036,238210,Electrical Contractors and Other Wiring Installation,Texas Corporation,2024-06-07T00:00:00.000,Business Email Compromise (BEC) & Cyber Insurance Renewal
ELITE CONSTRUCTION WORKS LLC,ELITE CONSTRUCTION WORKS LLC,13746 SLATE MOUNTAIN LN,HOUSTON,TX,77044,238990,"Construction (General, Civil, Specialty Trades)",Limited Liability Company (LLC),2024-07-23T00:00:00.000,Business Email Compromise (BEC) & Cyber Insurance Renewal
"ELITE DEVELOPMENT, INC.","ELITE DEVELOPMENT, INC.",11411 BEDFORD ST,HOUSTON,TX,77031,238320,"Construction (General, Civil, Specialty Trades)",Texas Corporation,2022-10-21T00:00:00.000,Business Email Compromise (BEC) & Cyber Insurance Renewal
ELITE FSA LLC,ELITE FSA LLC,2500 YALE ST STE A,HOUSTON,TX,77008,238210,Electrical Contractors and Other Wiring Installation,Limited Liability Company (LLC),2026-01-29T00:00:00.000,Business Email Compromise (BEC) & Cyber Insurance Renewal
ELITE PLUMBING CORPORATION,ELITE PLUMBING CORPORATION,13645 WESTLAND EAST BLVD,HOUSTON,TX,77041,238220,"Plumbing, Heating, and Air-Conditioning Contractors",Texas Corporation,1994-05-06T00:00:00.000,Business Email Compromise (BEC) & Cyber Insurance Renewal
ELITE POWER SOLUTIONS,"ELITE POWER SOLUTIONS, LLC",114 SIBELIUS LN,HOUSTON,TX,77079,238210,Electrical Contractors and Other Wiring Installation,Limited Liability Company (LLC),2025-12-04T00:00:00.000,Business Email Compromise (BEC) & Cyber Insurance Renewal
ELITE ROOFING LLC,ELITE ROOFING LLC,900 APOLLO ST,HOUSTON,TX,77058,238160,Roofing Contractors,Limited Liability Company (LLC),2026-08-20T00:00:00.000,Business Email Compromise (BEC) & Cyber Insurance Renewal
ELK ROOFING SOLUTIONS,"ELK ROOFING SOLUTIONS, LLC",845 AUGUSTA DR UNIT 64,HOUSTON,TX,77057,238160,Roofing Contractors,Limited Liability Company (LLC),2020-02-26T00:00:00.000,Business Email Compromise (BEC) & Cyber Insurance Renewal
ELL INDUSTRIES LLC,ELL INDUSTRIES LLC,12611 DERMOTT DR,HOUSTON,TX,77065,238220,"Plumbing, Heating, and Air-Conditioning Contractors",Limited Liability Company (LLC),2024-07-25T00:00:00.000,Business Email Compromise (BEC) & Cyber Insurance Renewal
ELLA EL GRECO ENTERPRISE LLC,ELLA EL GRECO ENTERPRISE LLC,7611 BEECH COVE LN,HOUSTON,TX,77072,238992,"Construction (General, Civil, Specialty Trades)",Limited Liability Company (LLC),2025-05-08T00:00:00.000,Business Email Compromise (BEC) & Cyber Insurance Renewal
ELLIOTT MECHANICAL LLC,ELLIOTT MECHANICAL LLC,8322 CLIFFSHIRE CT,HOUSTON,TX,77083,238220,"Plumbing, Heating, and Air-Conditioning Contractors",Limited Liability Company (LLC),2024-12-17T00:00:00.000,Business Email Compromise (BEC) & Cyber Insurance Renewal
EMA NETWORKING LLC,EMA NETWORKING LLC,14230 WUNDERLICH DR APT 346,HOUSTON,TX,77069,238210,Electrical Contractors and Other Wiring Installation,Limited Liability Company (LLC),2019-07-10T00:00:00.000,Business Email Compromise (BEC) & Cyber Insurance Renewal
EMANUEL  AIR SYSTEMS,EMANUEL  AIR SYSTEMS INC.,2915 QUAILWOOD ST,HOUSTON,TX,77014,238220,"Plumbing, Heating, and Air-Conditioning Contractors",Texas Corporation,2017-09-18T00:00:00.000,Business Email Compromise (BEC) & Cyber Insurance Renewal
EMAX DEPOT,EMAX DEPOT LLC,5718 FONDREN RD,HOUSTON,TX,77036,238210,Electrical Contractors and Other Wiring Installation,Limited Liability Company (LLC),2019-04-05T00:00:00.000,Business Email Compromise (BEC) & Cyber Insurance Renewal
EMCOR GOWAN INC,"GOWAN/GARRETT, INC.",5550 AIRLINE DR,HOUSTON,TX,77076,238222,"Construction (General, Civil, Specialty Trades)",Texas Corporation,1966-06-24T00:00:00.000,Business Email Compromise (BEC) & Cyber Insurance Renewal
EMERSON - ROGERDALE,TEXAS SNACK COMPANY LLC,6005 ROGERDALE RD,HOUSTON,TX,77072,238290,"Construction (General, Civil, Specialty Trades)",Limited Liability Company (LLC),2024-12-12T00:00:00.000,Business Email Compromise (BEC) & Cyber Insurance Renewal
"EMPIRE PLUMBING COMPANY, INC.","EMPIRE PLUMBING COMPANY, INC.",1106 WISTERWOOD DR STE F,HOUSTON,TX,77043,238220,"Plumbing, Heating, and Air-Conditioning Contractors",Texas Corporation,2011-12-15T00:00:00.000,Business Email Compromise (BEC) & Cyber Insurance Renewal
"EMPIRE ROOFING COMPANIES, INC.","EMPIRE ROOFING COMPANIES, INC.",1404 N SAM HOUSTON PKWY E,HOUSTON,TX,77032,238141,"Construction (General, Civil, Specialty Trades)",Texas Corporation,2011-03-23T00:00:00.000,Business Email Compromise (BEC) & Cyber Insurance Renewal
EMPIRE SUPPLY,EMPIRE SUPPLY LLC,3615 CANVASBACK LN,HOUSTON,TX,77047,238992,"Construction (General, Civil, Specialty Trades)",Limited Liability Company (LLC),2026-08-08T00:00:00.000,Business Email Compromise (BEC) & Cyber Insurance Renewal
ENCHANTED ROCK LLC,"ENCHANTED ROCK, LLC",1113 VINE ST STE 101,HOUSTON,TX,77002,238292,"Construction (General, Civil, Specialty Trades)",Limited Liability Company (LLC),2023-03-15T00:00:00.000,Business Email Compromise (BEC) & Cyber Insurance Renewal
ENERGY DEVELOPMENTS INC,"ENERGY DEVELOPMENTS, INC.",7700 SAN FELIPE,HOUSTON,TX,77063,238912,"Construction (General, Civil, Specialty Trades)",Foreign Corporation (Out-of-State),1999-03-15T00:00:00.000,Business Email Compromise (BEC) & Cyber Insurance Renewal
"ENERGYGAURD FOAM INSULATORS, L.P.","ENERGYGUARD FOAM INSULATORS, L.P.",419 VAN MOLAN ST,HOUSTON,TX,77022,238310,"Construction (General, Civil, Specialty Trades)",Type PL,2025-01-17T00:00:00.000,Business Email Compromise (BEC) & Cyber Insurance Renewal
ENGELBRINK LANDSCAPING,"ENGELBRINK LANDSCAPING, LLC",5455 RICHMOND AVE APT 1015,HOUSTON,TX,77056,238990,"Construction (General, Civil, Specialty Trades)",Limited Liability Company (LLC),2020-02-07T00:00:00.000,Business Email Compromise (BEC) & Cyber Insurance Renewal
"ENTACT, LLC","ENTACT, LLC",10260 WESTHEIMER RD STE 240,HOUSTON,TX,77042,238990,"Construction (General, Civil, Specialty Trades)",Corporation / Corporate Entity,2018-09-13T00:00:00.000,Business Email Compromise (BEC) & Cyber Insurance Renewal
"ENTECH SALES AND SERVICE, LLC","ENTECH SALES AND SERVICE, LLC",1930 LAUDER RD,HOUSTON,TX,77039,238210,Electrical Contractors and Other Wiring Installation,Corporation / Corporate Entity,2009-12-14T00:00:00.000,Business Email Compromise (BEC) & Cyber Insurance Renewal
ENTERPRISE COMMERCIAL PAVING INC,"ENTERPRISE COMMERCIAL PAVING, INC.",5407 GLENMONT DR STE F,HOUSTON,TX,77081,238990,"Construction (General, Civil, Specialty Trades)",Texas Corporation,2006-04-21T00:00:00.000,Business Email Compromise (BEC) & Cyber Insurance Renewal
ENTERPRISE SYSTEMS CORPORATION,ENTERPRISE SYSTEMS CORPORATION,4325 W SAM HOUSTON PKWY N STE 130,HOUSTON,TX,77043,238210,Electrical Contractors and Other Wiring Installation,Texas Corporation,2026-05-18T00:00:00.000,Business Email Compromise (BEC) & Cyber Insurance Renewal
ENTORNO TECH 360,ENTORNO TECH 360 LLC,10300 S WILCREST DR APT 2501,HOUSTON,TX,77099,238210,Electrical Contractors and Other Wiring Installation,Limited Liability Company (LLC),2026-03-31T00:00:00.000,Business Email Compromise (BEC) & Cyber Insurance Renewal
"ENVIRO-LAWN, LLC","ENVIRO-LAWN, LLC",713 SOMERSET COMMONS LN,HOUSTON,TX,77055,238320,"Construction (General, Civil, Specialty Trades)",Limited Liability Company (LLC),2025-10-29T00:00:00.000,Business Email Compromise (BEC) & Cyber Insurance Renewal
ENVIROCON SYSTEMS INC,"ENVIROCON SYSTEMS, INC.",1921 GREENS RD,HOUSTON,TX,77032,238990,"Construction (General, Civil, Specialty Trades)",Texas Corporation,2006-03-27T00:00:00.000,Business Email Compromise (BEC) & Cyber Insurance Renewal
ENVIROEYE,"ENVIROEYE, LLC",4635 SOUTHWEST FWY STE 910,HOUSTON,TX,77027,238990,"Construction (General, Civil, Specialty Trades)",Limited Liability Company (LLC),2023-02-22T00:00:00.000,Business Email Compromise (BEC) & Cyber Insurance Renewal
ENVIRONMENTAL AIR SYSTEMS INC,"ENVIRONMENTAL AIR SYSTEMS, INC.",4913 MANGUM RD,HOUSTON,TX,77092,238220,"Plumbing, Heating, and Air-Conditioning Contractors",Texas Corporation,1987-05-15T00:00:00.000,Business Email Compromise (BEC) & Cyber Insurance Renewal
"ENVIRONMENTAL CONTROL SOLUTIONS, LLC","ENVIRONMENTAL CONTROL SOLUTIONS, LLC",830 W 42ND ST,HOUSTON,TX,77018,238220,"Plumbing, Heating, and Air-Conditioning Contractors",Limited Liability Company (LLC),2018-12-12T00:00:00.000,Business Email Compromise (BEC) & Cyber Insurance Renewal
"ENVIRONMENTAL REMEDIATION SERVICES, INC.","ENVIRONMENTAL REMEDIATION SERVICES, INC.",5074 STEADMONT DR,HOUSTON,TX,77040,238990,"Construction (General, Civil, Specialty Trades)",Foreign Corporation (Out-of-State),2025-05-07T00:00:00.000,Business Email Compromise (BEC) & Cyber Insurance Renewal
ENVIROTECH DRILLING SERVICES,"ENVIROTECH DRILLING SERVICES, LLC",4214 CREEKMONT DR,HOUSTON,TX,77091,238910,"Construction (General, Civil, Specialty Trades)",Limited Liability Company (LLC),2023-08-28T00:00:00.000,Business Email Compromise (BEC) & Cyber Insurance Renewal
EOS DIGITAL SERVICES,EOS DIGITAL SERVICES LLC,2429 BISSONNET ST # 195,HOUSTON,TX,77005,238210,Electrical Contractors and Other Wiring Installation,Limited Liability Company (LLC),2014-01-30T00:00:00.000,Business Email Compromise (BEC) & Cyber Insurance Renewal
EP3 ELECTRICAL SOLUTIONS,EP3 ELECTRICAL SOLUTIONS LLC,8235 WHISPER POINT DR,HOUSTON,TX,77040,238210,Electrical Contractors and Other Wiring Installation,Limited Liability Company (LLC),2024-10-22T00:00:00.000,Business Email Compromise (BEC) & Cyber Insurance Renewal
EPOXY DESIGN SYSTEMS INC,"EPOXY DESIGN SYSTEMS, INC.",5805A CENTRALCREST ST,HOUSTON,TX,77092,238990,"Construction (General, Civil, Specialty Trades)",Texas Corporation,2005-08-30T00:00:00.000,Business Email Compromise (BEC) & Cyber Insurance Renewal
"ERGONOMICHOME.COM, INC.","ERGONOMICHOME.COM, INC.",14611 SUNNY GROVE DR,HOUSTON,TX,77070,238390,"Construction (General, Civil, Specialty Trades)",Texas Corporation,2018-08-29T00:00:00.000,Business Email Compromise (BEC) & Cyber Insurance Renewal
ERIC V EITNER WALLCOVERINGS,ERIC V EITNER,9002 ARCIDIAN FOREST DR,HOUSTON,TX,77088,238320,"Construction (General, Civil, Specialty Trades)",Type IS,1999-04-09T00:00:00.000,Business Email Compromise (BEC) & Cyber Insurance Renewal
"ERSI OF TEXAS, LLC","ERSI OF TEXAS, LLC",6741 SATSUMA DR STE A,HOUSTON,TX,77041,238910,"Construction (General, Civil, Specialty Trades)",Corporation / Corporate Entity,2025-10-29T00:00:00.000,Business Email Compromise (BEC) & Cyber Insurance Renewal
ESCAMILLA GENERAL SERVICES,HUMBERTO VICTOR ESCAMILLA,8165 RICHMOND AVE APT 1401,HOUSTON,TX,77063,238322,"Construction (General, Civil, Specialty Trades)",Type IS,2024-06-27T00:00:00.000,Business Email Compromise (BEC) & Cyber Insurance Renewal
ESPINOZA ELECTRICAL CONTRACTOR AND SERVICES,ESPINOZA ELECTRICAL CONTRACTOR AND SERVICES LLC,7323 ASHCROFT DR,HOUSTON,TX,77081,238210,Electrical Contractors and Other Wiring Installation,Limited Liability Company (LLC),2025-08-05T00:00:00.000,Business Email Compromise (BEC) & Cyber Insurance Renewal
ESPITIA TECHNOLGOIES,DENISE T ESPITIA,13023 BREEZY MEADOW LN,HOUSTON,TX,77044,238210,Electrical Contractors and Other Wiring Installation,Type IS,2025-09-09T00:00:00.000,Business Email Compromise (BEC) & Cyber Insurance Renewal
ESPITIA'S CABINET & DOOR MAKERS INC,"ESPITIA'S CABINET & DOOR MAKERS, INC.",8529 RANNIE RD,HOUSTON,TX,77080,238900,"Construction (General, Civil, Specialty Trades)",Texas Corporation,1999-09-08T00:00:00.000,Business Email Compromise (BEC) & Cyber Insurance Renewal
"ESPOSITO POOLS, INCORPORATED","ESPOSITO POOLS, INCORPORATED",17318 SUNSET BLUFF DR,HOUSTON,TX,77095,238990,"Construction (General, Civil, Specialty Trades)",Texas Corporation,2006-09-18T00:00:00.000,Business Email Compromise (BEC) & Cyber Insurance Renewal
ESSENTIAL HOME SERVICES INP,ESSENTIAL HOME SERVICES INCORPORATED,2616 S LOOP W STE 330,HOUSTON,TX,77054,238220,"Plumbing, Heating, and Air-Conditioning Contractors",Texas Corporation,2020-11-10T00:00:00.000,Business Email Compromise (BEC) & Cyber Insurance Renewal
ETEK RESIDENTIAL,ERNESTINA EWELL,2418 GENTLE BROOK CT,HOUSTON,TX,77062,238990,"Construction (General, Civil, Specialty Trades)",Type IS,2020-03-03T00:00:00.000,Business Email Compromise (BEC) & Cyber Insurance Renewal
ETHAN CLARK AIR CONDITIONING,CLARK HALL GWOZDECKI,1320 ROTHWELL ST,HOUSTON,TX,77002,238220,"Plumbing, Heating, and Air-Conditioning Contractors",Type IS,2021-12-11T00:00:00.000,Business Email Compromise (BEC) & Cyber Insurance Renewal
"ETHOS DATACOM, LLC","ETHOS DATACOM, LLC",1419 HAMLIN VALLEY DR,HOUSTON,TX,77090,238210,Electrical Contractors and Other Wiring Installation,Limited Liability Company (LLC),2026-03-25T00:00:00.000,Business Email Compromise (BEC) & Cyber Insurance Renewal
EURESTE PAINTING & WALLCOVERING,DANIEL R EURESTE,3807 R V MAYFIELD ST,HOUSTON,TX,77088,238900,"Construction (General, Civil, Specialty Trades)",Type IS,2004-10-12T00:00:00.000,Business Email Compromise (BEC) & Cyber Insurance Renewal
"EVC SERVICES, LLC","EVC SERVICES, LLC",3753 NOTTINGHAM ST,HOUSTON,TX,77005,238290,"Construction (General, Civil, Specialty Trades)",Limited Liability Company (LLC),2021-01-27T00:00:00.000,Business Email Compromise (BEC) & Cyber Insurance Renewal
EVERLINE COATINGS AND SERVICES - HOUSTON,JK TURNER CORPORATION,9960 BAMMEL NORTH HOUSTON RD,HOUSTON,TX,77086,238990,"Construction (General, Civil, Specialty Trades)",Texas Corporation,2023-11-22T00:00:00.000,Business Email Compromise (BEC) & Cyber Insurance Renewal
EVERPOINT SERVICES INC.,EVERPOINT SERVICES INC.,1800 BERING DR STE 850,HOUSTON,TX,77057,238990,"Construction (General, Civil, Specialty Trades)",Texas Corporation,2026-03-06T00:00:00.000,Business Email Compromise (BEC) & Cyber Insurance Renewal
"EVOLUTION TILE & MORE, LLC","EVOLUTION TILE & MORE, LLC",11601 WESTWAY,HOUSTON,TX,77093,238340,"Construction (General, Civil, Specialty Trades)",Limited Liability Company (LLC),2024-04-30T00:00:00.000,Business Email Compromise (BEC) & Cyber Insurance Renewal
"EVYS ELECTRIC, INC.","EVYS ELECTRIC, INC.",10914 MOONLIT FIELDS CT,HOUSTON,TX,77064,238210,Electrical Contractors and Other Wiring Installation,Texas Corporation,2006-08-08T00:00:00.000,Business Email Compromise (BEC) & Cyber Insurance Renewal
EXCALIBUR ROOFING INC,"EXCALIBUR ROOFING, INC.",14041 CHRISMAN RD # 3A,HOUSTON,TX,77039,238160,Roofing Contractors,Texas Corporation,2005-05-25T00:00:00.000,Business Email Compromise (BEC) & Cyber Insurance Renewal
EXCELL CONTROLS LLC,EXCELL CONTROLS LLC,5910 MELANITE AVE,HOUSTON,TX,77053,238210,Electrical Contractors and Other Wiring Installation,Limited Liability Company (LLC),2024-08-07T00:00:00.000,Business Email Compromise (BEC) & Cyber Insurance Renewal
EXCELL ELECTRIC,"STEVEN FRIESS EXCELL ELECTRIC, INC.",411 RUELL ST,HOUSTON,TX,77017,238210,Electrical Contractors and Other Wiring Installation,Texas Corporation,2026-02-05T00:00:00.000,Business Email Compromise (BEC) & Cyber Insurance Renewal
EXODUS SOLUTIONS LLC,EXODUS SOLUTIONS LLC,11665 FUQUA ST STE C308,HOUSTON,TX,77034,238290,"Construction (General, Civil, Specialty Trades)",Limited Liability Company (LLC),2024-01-24T00:00:00.000,Business Email Compromise (BEC) & Cyber Insurance Renewal
EXOTIC POOLS LLC,EXOTIC POOLS LLC,17350 STATE HIGHWAY 249 STE 220,HOUSTON,TX,77064,238990,"Construction (General, Civil, Specialty Trades)",Limited Liability Company (LLC),2025-01-22T00:00:00.000,Business Email Compromise (BEC) & Cyber Insurance Renewal
"EXPERT CLIMATE CONTROL SERVICE, LLC","SOLSTICE AIR, LLC",541 RANKIN RD,HOUSTON,TX,77073,238220,"Plumbing, Heating, and Air-Conditioning Contractors",Limited Liability Company (LLC),2024-12-19T00:00:00.000,Business Email Compromise (BEC) & Cyber Insurance Renewal
"EXPERT CLIMATE CONTROL, LLC","EXPERT CLIMATE CONTROL, LLC",541 RANKIN RD,HOUSTON,TX,77073,238220,"Plumbing, Heating, and Air-Conditioning Contractors",Limited Liability Company (LLC),2020-05-06T00:00:00.000,Business Email Compromise (BEC) & Cyber Insurance Renewal
"EXPRESS ELECTRICAL SERVICES, INC.","EXPRESS ELECTRICAL SERVICES, INC.",502 FREEPORT ST C/O BARI DEAVER,HOUSTON,TX,77015,238210,Electrical Contractors and Other Wiring Installation,Texas Corporation,2007-01-09T00:00:00.000,Business Email Compromise (BEC) & Cyber Insurance Renewal
EXTREME AIR DUCT CLEANING AND RESTORATION SERVICES,EXTREME AIR DUCT CLEANING AND RESTORATION SERVICES,5934 RUTHERGLENN DR,HOUSTON,TX,77096,238220,"Plumbing, Heating, and Air-Conditioning Contractors",Limited Liability Company (LLC),2016-12-30T00:00:00.000,Business Email Compromise (BEC) & Cyber Insurance Renewal
"EXTREME FAB, INC.","EXTREME FAB, INC.",12889 MARKET STREET RD,HOUSTON,TX,77015,238390,"Construction (General, Civil, Specialty Trades)",Texas Corporation,2005-04-05T00:00:00.000,Business Email Compromise (BEC) & Cyber Insurance Renewal
EXTREME POWER SERVICES,LOUDON SERVICES LLC,13202 WEIMAN RD STE A,HOUSTON,TX,77041,238210,Electrical Contractors and Other Wiring Installation,Limited Liability Company (LLC),2015-04-23T00:00:00.000,Business Email Compromise (BEC) & Cyber Insurance Renewal
EXTREMUM AV SOLUTIONS LLC,EXTREMUM AV SOLUTIONS LLC,17515 BAMWOOD DR,HOUSTON,TX,77090,238210,Electrical Contractors and Other Wiring Installation,Limited Liability Company (LLC),2026-01-21T00:00:00.000,Business Email Compromise (BEC) & Cyber Insurance Renewal
EYEON INTEGRATED SYSTEMS,"CONSUS, INC.",8700 JAMEEL RD STE 130,HOUSTON,TX,77040,238210,Electrical Contractors and Other Wiring Installation,Texas Corporation,2024-08-09T00:00:00.000,Business Email Compromise (BEC) & Cyber Insurance Renewal
"EZ GLASS, LLC","EZ GLASS, LLC",130 OUTLOOK DR,HOUSTON,TX,77034,238150,"Construction (General, Civil, Specialty Trades)",Limited Liability Company (LLC),2025-08-22T00:00:00.000,Business Email Compromise (BEC) & Cyber Insurance Renewal
F & L DEMOLITION LLC,F & L DEMOLITION LLC,11930 KNOTTY PINE TRL,HOUSTON,TX,77050,238910,"Construction (General, Civil, Specialty Trades)",Limited Liability Company (LLC),2023-10-17T00:00:00.000,Business Email Compromise (BEC) & Cyber Insurance Renewal
"F & S FLOORS, INC.","F & S FLOORS, INC.",1289 N POST OAK RD STE 190,HOUSTON,TX,77055,238330,"Construction (General, Civil, Specialty Trades)",Texas Corporation,2017-07-28T00:00:00.000,Business Email Compromise (BEC) & Cyber Insurance Renewal
"F. W. WALTON, INC.","F. W. WALTON, INC.",3741 TRAILMOBILE DR,HOUSTON,TX,77013,238160,Roofing Contractors,Texas Corporation,1998-01-12T00:00:00.000,Business Email Compromise (BEC) & Cyber Insurance Renewal
"F. W. WALTON, INC.","F. W. WALTON, INC.",8350 MOSLEY RD,HOUSTON,TX,77075,238160,Roofing Contractors,Texas Corporation,2010-06-23T00:00:00.000,Business Email Compromise (BEC) & Cyber Insurance Renewal
"F.C. DESIGNS QUALITY WOOD WORK, CORP.","F.C. DESIGNS QUALITY WOOD WORK, CORP.",12218 JONES RD STE D117,HOUSTON,TX,77070,238352,"Construction (General, Civil, Specialty Trades)",Texas Corporation,2010-03-04T00:00:00.000,Business Email Compromise (BEC) & Cyber Insurance Renewal
"FACILITIES ELECTRIC, INCORPORATED","FACILITIES ELECTRIC, LLC",12933 BRITTMOORE PARK DR,HOUSTON,TX,77041,238210,Electrical Contractors and Other Wiring Installation,Limited Liability Company (LLC),2006-12-09T00:00:00.000,Business Email Compromise (BEC) & Cyber Insurance Renewal
"FACILITIES MECHANICAL, INC.","FACILITIES MECHANICAL, LLC",12933 BRITTMOORE PARK DR,HOUSTON,TX,77041,238222,"Construction (General, Civil, Specialty Trades)",Limited Liability Company (LLC),2006-12-06T00:00:00.000,Business Email Compromise (BEC) & Cyber Insurance Renewal
FACILITY SOLUTIONS GROUP INC.,"FACILITY SOLUTIONS GROUP, INC.",5115 STEADMONT DR,HOUSTON,TX,77040,238210,Electrical Contractors and Other Wiring Installation,Foreign Corporation (Out-of-State),2008-02-11T00:00:00.000,Business Email Compromise (BEC) & Cyber Insurance Renewal
FAIR RENEWABLES LLC,FAIR RENEWABLES LLC,4034 TARTAN LN,HOUSTON,TX,77025,238210,Electrical Contractors and Other Wiring Installation,Limited Liability Company (LLC),2021-05-05T00:00:00.000,Business Email Compromise (BEC) & Cyber Insurance Renewal
FAIRWAY MECHANICAL INC,"FAIRWAY MECHANICAL, INC.",6206 EVERGREEN ST,HOUSTON,TX,77081,238222,"Construction (General, Civil, Specialty Trades)",Texas Corporation,1995-11-16T00:00:00.000,Business Email Compromise (BEC) & Cyber Insurance Renewal
"FANAR 1 ENTERPRISE, LLC","FANAR 1 ENTERPRISE, LLC",4606 FM 1960 RD W STE 430,HOUSTON,TX,77069,238110,"Construction (General, Civil, Specialty Trades)",Limited Liability Company (LLC),2026-06-03T00:00:00.000,Business Email Compromise (BEC) & Cyber Insurance Renewal
"FANG CONSTRUCTION & CONSULTING, LLC","FANG CONSTRUCTION & CONSULTING, LLC",9506 SANDSTONE ST,HOUSTON,TX,77036,238991,"Construction (General, Civil, Specialty Trades)",Limited Liability Company (LLC),2019-04-18T00:00:00.000,Business Email Compromise (BEC) & Cyber Insurance Renewal
FARLEY'S INSULATION INC,FARLEY'S INSULATION INC.,6502 BENDING OAKS ST,HOUSTON,TX,77050,238312,"Construction (General, Civil, Specialty Trades)",Texas Corporation,1998-02-02T00:00:00.000,Business Email Compromise (BEC) & Cyber Insurance Renewal
FAS DESIGN LLC,FAS DESIGN LLC,11623 SAGEDOWNE LN,HOUSTON,TX,77089,238210,Electrical Contractors and Other Wiring Installation,Limited Liability Company (LLC),2019-05-07T00:00:00.000,Business Email Compromise (BEC) & Cyber Insurance Renewal
FAST FENCE TEXAS,VISUAL CONSTRUCTION AND REMODELING LLC,1825 BINGLE RD,HOUSTON,TX,77055,238990,"Construction (General, Civil, Specialty Trades)",Limited Liability Company (LLC),2016-05-04T00:00:00.000,Business Email Compromise (BEC) & Cyber Insurance Renewal
FASTSIGNS,"BTB SIGNS, LP",2535 BLUE WILLOW DR,HOUSTON,TX,77042,238990,"Construction (General, Civil, Specialty Trades)",Type PL,2016-11-29T00:00:00.000,Business Email Compromise (BEC) & Cyber Insurance Renewal
"FEDERAL HEATH SIGN COMPANY, LLC","FEDERAL HEATH SIGN COMPANY, LLC",15534 WEST HARDY RD,HOUSTON,TX,77060,238192,"Construction (General, Civil, Specialty Trades)",Corporation / Corporate Entity,2003-06-17T00:00:00.000,Business Email Compromise (BEC) & Cyber Insurance Renewal
FEDERAL MASONRY,"FMI MASONRY, INC.",9419 ANTOINE DR,HOUSTON,TX,77086,238140,"Construction (General, Civil, Specialty Trades)",Texas Corporation,2019-03-21T00:00:00.000,Business Email Compromise (BEC) & Cyber Insurance Renewal
FENCEKEEPER CORP.,FENCEKEEPER CORP.,7851 VICKIJOHN DR,HOUSTON,TX,77071,238990,"Construction (General, Civil, Specialty Trades)",Texas Corporation,2024-10-14T00:00:00.000,Business Email Compromise (BEC) & Cyber Insurance Renewal
FERNANDO LOZANO,FERNANDO LOZANO,7655 SOUTHERN ST,HOUSTON,TX,77087,238210,Electrical Contractors and Other Wiring Installation,Type IS,2016-07-20T00:00:00.000,Business Email Compromise (BEC) & Cyber Insurance Renewal
"FG AIR CONDITIONING & HEAT, LLC","FG AIR CONDITIONING & HEAT, LLC",6111 BIRDWOOD RD,HOUSTON,TX,77074,238220,"Plumbing, Heating, and Air-Conditioning Contractors",Limited Liability Company (LLC),2010-11-17T00:00:00.000,Business Email Compromise (BEC) & Cyber Insurance Renewal
FGH FABRICATORS INC,"FGH FABRICATORS, INC.",9550 BAMBOO RD,HOUSTON,TX,77041,238310,"Construction (General, Civil, Specialty Trades)",Texas Corporation,1996-02-03T00:00:00.000,Business Email Compromise (BEC) & Cyber Insurance Renewal
FGH INSULATION CO,FGH INSULATION CO.,9550 BAMBOO RD,HOUSTON,TX,77041,238312,"Construction (General, Civil, Specialty Trades)",Texas Corporation,1974-11-25T00:00:00.000,Business Email Compromise (BEC) & Cyber Insurance Renewal
FH TEXAS LLC,"FH TEXAS, LLC",2643 COLQUITT ST,HOUSTON,TX,77098,238330,"Construction (General, Civil, Specialty Trades)",Limited Liability Company (LLC),2025-03-18T00:00:00.000,Business Email Compromise (BEC) & Cyber Insurance Renewal
FIBERCITY LLC,FIBERCITY LLC,12436 FM 1960 RD W # 313,HOUSTON,TX,77065,238210,Electrical Contractors and Other Wiring Installation,Limited Liability Company (LLC),2024-03-09T00:00:00.000,Business Email Compromise (BEC) & Cyber Insurance Renewal
"FIDELIS CABLING AND COMMUNICATIONS, INCORPORATED","FIDELIS CABLING AND COMMUNICATIONS, INCORPORATED",11911 WINDFERN RD,HOUSTON,TX,77064,238212,"Construction (General, Civil, Specialty Trades)",Texas Corporation,2025-03-06T00:00:00.000,Business Email Compromise (BEC) & Cyber Insurance Renewal
"FIERRO MILLWORK, LLC","FIERRO MILLWORK, LLC",14010 S POST OAK RD STE 1209,HOUSTON,TX,77045,238352,"Construction (General, Civil, Specialty Trades)",Limited Liability Company (LLC),2012-05-15T00:00:00.000,Business Email Compromise (BEC) & Cyber Insurance Renewal
FILTER TECHNOLOGY COMPANY,"FILTER TECHNOLOGY COMPANY, INC.",9018B SCRANTON ST,HOUSTON,TX,77075,238220,"Plumbing, Heating, and Air-Conditioning Contractors",Texas Corporation,2013-10-14T00:00:00.000,Business Email Compromise (BEC) & Cyber Insurance Renewal
FINANCIAL BUILDING SERVICES.COM,MEC ENTERPRISES INC.,1926 RANKIN RD STE 105,HOUSTON,TX,77073,238290,"Construction (General, Civil, Specialty Trades)",Foreign Corporation (Out-of-State),2015-11-18T00:00:00.000,Business Email Compromise (BEC) & Cyber Insurance Renewal
"FINE TOUCH WOOD FINISHING, LLC","FINE TOUCH WOOD FINISHING, LLC",6102 ENGLAND ST,HOUSTON,TX,77021,238350,"Construction (General, Civil, Specialty Trades)",Limited Liability Company (LLC),2019-05-25T00:00:00.000,Business Email Compromise (BEC) & Cyber Insurance Renewal
"FIORELLA LUXURY STONES, LLC",FIORELLA LUXURY STONES LLC,14730 YARBERRY ST,HOUSTON,TX,77039,238340,"Construction (General, Civil, Specialty Trades)",Limited Liability Company (LLC),2024-08-23T00:00:00.000,Business Email Compromise (BEC) & Cyber Insurance Renewal
"FIRE SECURITY, INC.","FIRE SECURITY, INC.",16000 PARK TEN PL STE 803,HOUSTON,TX,77084,238992,"Construction (General, Civil, Specialty Trades)",Texas Corporation,2019-12-13T00:00:00.000,Business Email Compromise (BEC) & Cyber Insurance Renewal
FIREPOT MEDIA,"FIREPOT MEDIA, LLC",10315 GOLD POINT DR,HOUSTON,TX,77064,238990,"Construction (General, Civil, Specialty Trades)",Limited Liability Company (LLC),2024-09-27T00:00:00.000,Business Email Compromise (BEC) & Cyber Insurance Renewal
"FIREPROOF CONTRACTORS, INC.","FIREPROOF CONTRACTORS, INC.",6904 WINDFERN RD,HOUSTON,TX,77040,238311,"Construction (General, Civil, Specialty Trades)",Texas Corporation,2007-01-25T00:00:00.000,Business Email Compromise (BEC) & Cyber Insurance Renewal
"FIREPROOF CONTRACTORS, INC.","FIREPROOF CONTRACTORS, INC.",8100 BLANKENSHIP DR,HOUSTON,TX,77055,238311,"Construction (General, Civil, Specialty Trades)",Texas Corporation,2015-03-20T00:00:00.000,Business Email Compromise (BEC) & Cyber Insurance Renewal
FIRNAT PROPERTY GROUP LLC,FIRNAT PROPERTY GROUP LLC,714 FIRNAT ST,HOUSTON,TX,77022,238992,"Construction (General, Civil, Specialty Trades)",Limited Liability Company (LLC),2024-04-18T00:00:00.000,Business Email Compromise (BEC) & Cyber Insurance Renewal
FIRST CALL SECURITY INNOVATIONS,FIRST CALL SECURITY INNOVATIONS LLC,7630 SMILING WOOD LN,HOUSTON,TX,77086,238210,Electrical Contractors and Other Wiring Installation,Limited Liability Company (LLC),2025-04-30T00:00:00.000,Business Email Compromise (BEC) & Cyber Insurance Renewal
FIRST CHOICE COOLING AND HEATING LLC,FIRST CHOICE COOLING AND HEATING LLC,6536 MACROOM MEADOWS LN,HOUSTON,TX,77048,238220,"Plumbing, Heating, and Air-Conditioning Contractors",Limited Liability Company (LLC),2025-12-02T00:00:00.000,Business Email Compromise (BEC) & Cyber Insurance Renewal
FIRST WELDING SERVICES LLC,FIRST WELDING SERVICES LLC,12555 WALLISVILLE RD STE A400,HOUSTON,TX,77013,238190,"Construction (General, Civil, Specialty Trades)",Limited Liability Company (LLC),2020-09-16T00:00:00.000,Business Email Compromise (BEC) & Cyber Insurance Renewal
"FISK ACQUISITION, INC.","FISK ACQUISITION, INC.",10855 WESTVIEW DR,HOUSTON,TX,77043,238210,Electrical Contractors and Other Wiring Installation,Foreign Corporation (Out-of-State),2019-08-02T00:00:00.000,Business Email Compromise (BEC) & Cyber Insurance Renewal
FISK ELECTRIC COMPANY,FISK ELECTRIC COMPANY,10855 WESTVIEW DR,HOUSTON,TX,77043,238210,Electrical Contractors and Other Wiring Installation,Texas Corporation,2020-08-20T00:00:00.000,Business Email Compromise (BEC) & Cyber Insurance Renewal
FITZGERALD OUTDOOR,FITZGERALD OUTDOOR LLC,718 E 32ND 1/2 ST,HOUSTON,TX,77022,238990,"Construction (General, Civil, Specialty Trades)",Limited Liability Company (LLC),2021-01-20T00:00:00.000,Business Email Compromise (BEC) & Cyber Insurance Renewal
FLEXIBLE LIFELINE SYSTEMS,"FLEXDECKS, INC.",14325 W HARDY RD,HOUSTON,TX,77060,238990,"Construction (General, Civil, Specialty Trades)",Texas Corporation,2014-06-03T00:00:00.000,Business Email Compromise (BEC) & Cyber Insurance Renewal
FLOODBREAK LLC,"FLOODBREAK, LLC",520 POST OAK BLVD STE 850,HOUSTON,TX,77027,238390,"Construction (General, Civil, Specialty Trades)",Limited Liability Company (LLC),2003-12-04T00:00:00.000,Business Email Compromise (BEC) & Cyber Insurance Renewal
FLOOR COVERINGS INTERNATIONAL OF HOUSTON MEMORIAL,"GUIDESTONE ENTERPRISES, LLC",9039 KATY FWY STE 219,HOUSTON,TX,77024,238330,"Construction (General, Civil, Specialty Trades)",Limited Liability Company (LLC),2021-03-25T00:00:00.000,Business Email Compromise (BEC) & Cyber Insurance Renewal
FLOOR INSPIRATIONS,DINOSAUR UMBRELLA COMPANY LLC,14082 MEMORIAL DR,HOUSTON,TX,77079,238330,"Construction (General, Civil, Specialty Trades)",Limited Liability Company (LLC),2020-03-13T00:00:00.000,Business Email Compromise (BEC) & Cyber Insurance Renewal
"FLOOR ZONE, LLC","FLOOR ZONE, LLC",2500 CENTRAL PKWY STE V,HOUSTON,TX,77092,238330,"Construction (General, Civil, Specialty Trades)",Limited Liability Company (LLC),2017-08-07T00:00:00.000,Business Email Compromise (BEC) & Cyber Insurance Renewal
FLOORING & REMODELING CENTER,FLOORING & REMODELING CENTER INC.,10541 CYPRESS CREEK PKWY STE 101,HOUSTON,TX,77070,238991,"Construction (General, Civil, Specialty Trades)",Texas Corporation,2024-04-03T00:00:00.000,Business Email Compromise (BEC) & Cyber Insurance Renewal
FLOORING DEPOT,FLOORING DEPOT LLC,11037 FM 1960 RD W # M,HOUSTON,TX,77065,238330,"Construction (General, Civil, Specialty Trades)",Limited Liability Company (LLC),2024-08-15T00:00:00.000,Business Email Compromise (BEC) & Cyber Insurance Renewal
FLOORING OUTLET,RAJPAL AHUJA,15315 FM 529 RD STE 110,HOUSTON,TX,77095,238330,"Construction (General, Civil, Specialty Trades)",Type IS,2024-03-04T00:00:00.000,Business Email Compromise (BEC) & Cyber Insurance Renewal
"FLOORS 2 LUV, L.L.C.","FLOORS 2 LUV, L.L.C.",421 EICHWURZEL LN,HOUSTON,TX,77009,238330,"Construction (General, Civil, Specialty Trades)",Limited Liability Company (LLC),2020-06-24T00:00:00.000,Business Email Compromise (BEC) & Cyber Insurance Renewal
FLOORS BY BERNARD,"FLOORS BY BERNARD, INC.",5712 FONDREN RD,HOUSTON,TX,77036,238330,"Construction (General, Civil, Specialty Trades)",Texas Corporation,2021-10-07T00:00:00.000,Business Email Compromise (BEC) & Cyber Insurance Renewal
"FLOORS ETCETERA, INC.","FLOORS ETCETERA, INC.",1203 ROY ST,HOUSTON,TX,77007,238331,"Construction (General, Civil, Specialty Trades)",Texas Corporation,1995-09-07T00:00:00.000,Business Email Compromise (BEC) & Cyber Insurance Renewal
FLOORS OF TX LLC,FLOORS OF TX LLC,10103 FONDREN RD STE 402,HOUSTON,TX,77096,238330,"Construction (General, Civil, Specialty Trades)",Limited Liability Company (LLC),2025-03-11T00:00:00.000,Business Email Compromise (BEC) & Cyber Insurance Renewal
FLOORUP,"FLOORUP, LLC.",4305 RICHMOND AVE STE A,HOUSTON,TX,77027,238330,"Construction (General, Civil, Specialty Trades)",Limited Liability Company (LLC),2017-01-05T00:00:00.000,Business Email Compromise (BEC) & Cyber Insurance Renewal
"FLOR, INC.","FLOR, INC.",2800 KIRBY DR,HOUSTON,TX,77098,238330,"Construction (General, Civil, Specialty Trades)",Foreign Corporation (Out-of-State),2012-11-05T00:00:00.000,Business Email Compromise (BEC) & Cyber Insurance Renewal
"FLORES INTEGRAL ENTERPRISES, LLC","FLORES INTEGRAL ENTERPRISES, LLC",701 REID ST,HOUSTON,TX,77022,238210,Electrical Contractors and Other Wiring Installation,Limited Liability Company (LLC),2019-08-29T00:00:00.000,Business Email Compromise (BEC) & Cyber Insurance Renewal
FLY HVAC LLC,FLY HVAC LLC,8339 CARVEL LN,HOUSTON,TX,77036,238220,"Plumbing, Heating, and Air-Conditioning Contractors",Limited Liability Company (LLC),2025-10-22T00:00:00.000,Business Email Compromise (BEC) & Cyber Insurance Renewal
"FM MECHANICAL, LLC","FM MECHANICAL, LLC",14088 BELLAIRE BLVD LOT B,HOUSTON,TX,77083,238220,"Plumbing, Heating, and Air-Conditioning Contractors",Limited Liability Company (LLC),2025-03-26T00:00:00.000,Business Email Compromise (BEC) & Cyber Insurance Renewal
"FM SOLPRO, LLC","FM SOLPRO, LLC",2617 BISSONNET ST STE 485,HOUSTON,TX,77005,238220,"Plumbing, Heating, and Air-Conditioning Contractors",Limited Liability Company (LLC),2023-09-12T00:00:00.000,Business Email Compromise (BEC) & Cyber Insurance Renewal
FOAM-COATING OF HOUSTON,PETER JOSEPH HALLIGAN,10835 SAGEBURROW DR,HOUSTON,TX,77089,238160,Roofing Contractors,Type IS,2015-08-25T00:00:00.000,Business Email Compromise (BEC) & Cyber Insurance Renewal
"FORD AUDIO-VIDEO SYSTEMS, LLC","FORD AUDIO-VIDEO SYSTEMS, LLC",4380 BLALOCK RD,HOUSTON,TX,77041,238212,"Construction (General, Civil, Specialty Trades)",Corporation / Corporate Entity,2012-11-08T00:00:00.000,Business Email Compromise (BEC) & Cyber Insurance Renewal
"FORD CONTRACT SERVICES, INC.","FORD CONTRACT SERVICES, INC.",1237 ALLSTON ST,HOUSTON,TX,77008,238290,"Construction (General, Civil, Specialty Trades)",Texas Corporation,2002-05-10T00:00:00.000,Business Email Compromise (BEC) & Cyber Insurance Renewal
FORSYTH FLOOR,"FORSYTH FLOOR CO., INC.",9319 LONG POINT RD,HOUSTON,TX,77055,238331,"Construction (General, Civil, Specialty Trades)",Texas Corporation,1979-02-09T00:00:00.000,Business Email Compromise (BEC) & Cyber Insurance Renewal
"FORTRESS SHIELD SECURITY,LLC","FORTRESS SHIELD SECURITY, LLC",2345 SAGE RD APT 455,HOUSTON,TX,77056,238210,Electrical Contractors and Other Wiring Installation,Limited Liability Company (LLC),2016-08-27T00:00:00.000,Business Email Compromise (BEC) & Cyber Insurance Renewal
FOSCARI INTERIORS,MONICA WEHBI DESIGN & CONSTRUCTION COMPANY,2226 RICHMOND AVE,HOUSTON,TX,77098,238990,"Construction (General, Civil, Specialty Trades)",Texas Corporation,2016-09-14T00:00:00.000,Business Email Compromise (BEC) & Cyber Insurance Renewal
"FOSTER FENCE, LTD.","FOSTER FENCE, LTD.",16700 BEAUMONT HWY,HOUSTON,TX,77049,238990,"Construction (General, Civil, Specialty Trades)",Type PL,1995-01-13T00:00:00.000,Business Email Compromise (BEC) & Cyber Insurance Renewal
FOX PLUMBING,"DISCOVERY PLUMBING SOLUTIONS, INC.",12902 HAYNES RD,HOUSTON,TX,77066,238220,"Plumbing, Heating, and Air-Conditioning Contractors",Texas Corporation,2016-05-24T00:00:00.000,Business Email Compromise (BEC) & Cyber Insurance Renewal
FRANKLIN & MICHELLE LLC,FRANKLIN & MICHELLE LLC,8345 W LITTLE YORK RD STE 1,HOUSTON,TX,77040,238330,"Construction (General, Civil, Specialty Trades)",Limited Liability Company (LLC),2023-02-11T00:00:00.000,Business Email Compromise (BEC) & Cyber Insurance Renewal
FRANKS PLUMBING CO INC,"FRANK'S PLUMBING CO, INC.",6920 WINTON ST,HOUSTON,TX,77021,238221,"Construction (General, Civil, Specialty Trades)",Texas Corporation,1988-01-06T00:00:00.000,Business Email Compromise (BEC) & Cyber Insurance Renewal
"FRC ELECTRIC SERVICES, L.L.C.","FRC ELECTRIC SERVICES, L.L.C.",5818 SPRUCE FOREST DR,HOUSTON,TX,77092,238210,Electrical Contractors and Other Wiring Installation,Limited Liability Company (LLC),2007-09-06T00:00:00.000,Business Email Compromise (BEC) & Cyber Insurance Renewal
FREEDOM COMFORT SYSTEMS LLC,FREEDOM COMFORT SYSTEMS LLC,2870 GESSNER RD STE B3,HOUSTON,TX,77080,238220,"Plumbing, Heating, and Air-Conditioning Contractors",Limited Liability Company (LLC),2026-05-12T00:00:00.000,Business Email Compromise (BEC) & Cyber Insurance Renewal
FREEDOM SOLAR LLC,FREEDOM SOLAR LLC,1234 N POST OAK RD STE 170,HOUSTON,TX,77055,238210,Electrical Contractors and Other Wiring Installation,Limited Liability Company (LLC),2021-03-17T00:00:00.000,Business Email Compromise (BEC) & Cyber Insurance Renewal
"FREEMAN EXPOSITIONS, INC.","FREEMAN EXPOSITIONS, LLC",9258 PARK SOUTH VW,HOUSTON,TX,77051,238390,"Construction (General, Civil, Specialty Trades)",Limited Liability Company (LLC),2014-08-15T00:00:00.000,Business Email Compromise (BEC) & Cyber Insurance Renewal
FRESH COAT LLC,FRESH COAT LLC,17350 STATE HIGHWAY 249 STE 220,HOUSTON,TX,77064,238320,"Construction (General, Civil, Specialty Trades)",Limited Liability Company (LLC),2026-07-09T00:00:00.000,Business Email Compromise (BEC) & Cyber Insurance Renewal
"FRESHCOAT RENOVATIONS, LLC","FRESHCOAT RENOVATIONS, LLC",2021 ALDINE MAIL ROUTE RD,HOUSTON,TX,77039,238310,"Construction (General, Civil, Specialty Trades)",Limited Liability Company (LLC),2024-02-08T00:00:00.000,Business Email Compromise (BEC) & Cyber Insurance Renewal
FRONTLINE STRIPING LLC,"FRONTLINE STRIPING AND SAND BLASTING SOLUTIONS, LL",5510 OLD GREENHOUSE RD,HOUSTON,TX,77084,238990,"Construction (General, Civil, Specialty Trades)",Limited Liability Company (LLC),2016-04-18T00:00:00.000,Business Email Compromise (BEC) & Cyber Insurance Renewal
FROSTWELL AIR & HEAT,UNCLE J AIR & HEAT LLC,7530 COACHWOOD DR,HOUSTON,TX,77071,238220,"Plumbing, Heating, and Air-Conditioning Contractors",Limited Liability Company (LLC),2026-09-05T00:00:00.000,Business Email Compromise (BEC) & Cyber Insurance Renewal
FROSTY AC & HEATING,JENNIFER VELANDO,9519 CHARTER RIDGE DR,HOUSTON,TX,77070,238220,"Plumbing, Heating, and Air-Conditioning Contractors",Type IS,2019-04-23T00:00:00.000,Business Email Compromise (BEC) & Cyber Insurance Renewal
FROZEN STAR AIR CONDITIONING & HEATING LLC,FROZEN STAR AIR CONDITIONING & HEATING LLC,14133 BROWNWOOD ST,HOUSTON,TX,77015,238220,"Plumbing, Heating, and Air-Conditioning Contractors",Limited Liability Company (LLC),2021-04-01T00:00:00.000,Business Email Compromise (BEC) & Cyber Insurance Renewal
"FSB ELECTRIC, LLC","FSB ELECTRIC, LLC",1858 LATEXO DR,HOUSTON,TX,77018,238211,"Construction (General, Civil, Specialty Trades)",Limited Liability Company (LLC),2018-01-05T00:00:00.000,Business Email Compromise (BEC) & Cyber Insurance Renewal
"FTO INSTALLATIONS, INC.","FTO INSTALLATIONS, INC.",1746 PARANA DR,HOUSTON,TX,77080,238352,"Construction (General, Civil, Specialty Trades)",Texas Corporation,2009-10-09T00:00:00.000,Business Email Compromise (BEC) & Cyber Insurance Renewal
FUEGO SECURITY LLC,FUEGO SECURITY LLC,14507 WANDERING WOOD DR,HOUSTON,TX,77015,238990,"Construction (General, Civil, Specialty Trades)",Limited Liability Company (LLC),2025-01-14T00:00:00.000,Business Email Compromise (BEC) & Cyber Insurance Renewal
"FUJITEC AMERICA, INC.","FUJITEC AMERICA, INC.",1201 WEST LOOP N STE 160,HOUSTON,TX,77055,238292,"Construction (General, Civil, Specialty Trades)",Foreign Corporation (Out-of-State),2005-04-04T00:00:00.000,Business Email Compromise (BEC) & Cyber Insurance Renewal
FULLER CONTRACTORS LLC,FULLER CONTRACTORS LLC,38 N WICKERWOOD ST,HOUSTON,TX,77080,238990,"Construction (General, Civil, Specialty Trades)",Limited Liability Company (LLC),2021-02-10T00:00:00.000,Business Email Compromise (BEC) & Cyber Insurance Renewal
FUNBO DOOR SERVICES & WELDING FABRICATION,BOLAJI FUNSO FARINDE,9539 PONDEROSA LN,HOUSTON,TX,77036,238190,"Construction (General, Civil, Specialty Trades)",Type IS,2021-01-21T00:00:00.000,Business Email Compromise (BEC) & Cyber Insurance Renewal
"FUSE, LLC","FUSE, LLC",10310 GOODRUM RD,HOUSTON,TX,77041,238210,Electrical Contractors and Other Wiring Installation,Limited Liability Company (LLC),2014-08-05T00:00:00.000,Business Email Compromise (BEC) & Cyber Insurance Renewal
"FV LIFT SERVICES, LLC","FV LIFT SERVICES, LLC",6530 PRAIRIE DUNES DR,HOUSTON,TX,77069,238290,"Construction (General, Civil, Specialty Trades)",Limited Liability Company (LLC),2018-12-10T00:00:00.000,Business Email Compromise (BEC) & Cyber Insurance Renewal
G AND A MECHANICAL A/C  AND HEATING LIMITED LIABIL,G AND A MECHANICAL A/C  AND HEATING LIMITED LIABIL,12019 MOONGLOW DR,HOUSTON,TX,77038,238220,"Plumbing, Heating, and Air-Conditioning Contractors",Limited Liability Company (LLC),2023-11-27T00:00:00.000,Business Email Compromise (BEC) & Cyber Insurance Renewal
G L MACHINE WORKS,GLEN E LOVE,12040 WINDFERN RD,HOUSTON,TX,77064,238910,"Construction (General, Civil, Specialty Trades)",Type IS,2003-07-02T00:00:00.000,Business Email Compromise (BEC) & Cyber Insurance Renewal
G&A AIR CONDITIONING,GERSON A BONILLA,220 E HELMS RD,HOUSTON,TX,77037,238220,"Plumbing, Heating, and Air-Conditioning Contractors",Type IS,2025-08-01T00:00:00.000,Business Email Compromise (BEC) & Cyber Insurance Renewal
G&C TILE INSTALLATION,CRISELDA PEREZ,9422 PINOLE LN,HOUSTON,TX,77086,238340,"Construction (General, Civil, Specialty Trades)",Type IS,2023-11-21T00:00:00.000,Business Email Compromise (BEC) & Cyber Insurance Renewal
"G.K. MECHANICAL, INC.","G.K. MECHANICAL, INC.",10193 WINDFERN RD,HOUSTON,TX,77064,238222,"Construction (General, Civil, Specialty Trades)",Texas Corporation,2017-11-03T00:00:00.000,Business Email Compromise (BEC) & Cyber Insurance Renewal
"G.O. PLUMBING SERVICES, INC.","G.O. PLUS PLUMBING SERVICES, INC.",1919 W SAM HOUSTON PKWY N STE 201,HOUSTON,TX,77043,238220,"Plumbing, Heating, and Air-Conditioning Contractors",Texas Corporation,2011-03-04T00:00:00.000,Business Email Compromise (BEC) & Cyber Insurance Renewal
"G.R. BIRDWELL CONSTRUCTION, L.P.","G.R. BIRDWELL CONSTRUCTION, L.P.",9720 DERRINGTON RD,HOUSTON,TX,77064,238122,"Construction (General, Civil, Specialty Trades)",Type PL,2013-05-22T00:00:00.000,Business Email Compromise (BEC) & Cyber Insurance Renewal
GALI GARAGE DOOR LLC,"GALI GARAGE DOOR, LLC",3525 LONGHORN DR STE B,HOUSTON,TX,77084,238350,"Construction (General, Civil, Specialty Trades)",Limited Liability Company (LLC),2025-05-07T00:00:00.000,Business Email Compromise (BEC) & Cyber Insurance Renewal
GALVAN ELECTRICAL,GALVAN ELECTRICAL LLC,3120 SOUTHWEST FWY,HOUSTON,TX,77098,238990,"Construction (General, Civil, Specialty Trades)",Limited Liability Company (LLC),2026-08-06T00:00:00.000,Business Email Compromise (BEC) & Cyber Insurance Renewal
GARAGE DOOR SERVICES LLC,GARAGE DOOR SERVICES LLC,7121 PERIMETER PARK DR STE 205,HOUSTON,TX,77041,238990,"Construction (General, Civil, Specialty Trades)",Corporation / Corporate Entity,2024-03-19T00:00:00.000,Business Email Compromise (BEC) & Cyber Insurance Renewal
GARAGE LIVING OF HOUSTON,GARAGE LIVING HOUSTON LLC,6040 BRITTMOORE RD,HOUSTON,TX,77041,238390,"Construction (General, Civil, Specialty Trades)",Limited Liability Company (LLC),2023-09-07T00:00:00.000,Business Email Compromise (BEC) & Cyber Insurance Renewal
"GARCIA INDUSTRIES, LLC","GARCIA INDUSTRIES, LLC",11450 FM 1960 RD W STE 216,HOUSTON,TX,77065,238990,"Construction (General, Civil, Specialty Trades)",Limited Liability Company (LLC),2022-01-07T00:00:00.000,Business Email Compromise (BEC) & Cyber Insurance Renewal
GARCIA SALES,AURORA M SANCHEZ,5827 WANAKAH DR,HOUSTON,TX,77069,238310,"Construction (General, Civil, Specialty Trades)",Type IS,2024-08-19T00:00:00.000,Business Email Compromise (BEC) & Cyber Insurance Renewal
GARIBAY FLOORING. CO LLC,GARIBAY FLOORING. CO LLC,9218 CONCORD LN,HOUSTON,TX,77064,238330,"Construction (General, Civil, Specialty Trades)",Limited Liability Company (LLC),2026-08-25T00:00:00.000,Business Email Compromise (BEC) & Cyber Insurance Renewal
"GARTIN POOL & SPA COMPANY, INC.","GARTIN POOL & SPA COMPANY, INC.",15720 PARK ROW STE 500,HOUSTON,TX,77084,238191,"Construction (General, Civil, Specialty Trades)",Texas Corporation,1999-02-17T00:00:00.000,Business Email Compromise (BEC) & Cyber Insurance Renewal
GATEGUARD PRO SERVICES,25JMNX LLC,9223 SOLON RD STE F,HOUSTON,TX,77064,238990,"Construction (General, Civil, Specialty Trades)",Limited Liability Company (LLC),2026-08-01T00:00:00.000,Business Email Compromise (BEC) & Cyber Insurance Renewal
GAYLE ASSOCIATES,RAYMOND GAYLE JR,2600 S LOOP W STE 205,HOUSTON,TX,77054,238112,"Construction (General, Civil, Specialty Trades)",Type IS,2025-06-04T00:00:00.000,Business Email Compromise (BEC) & Cyber Insurance Renewal
"GBR ROOFING & SEALANTS, LLC","GBR ROOFING & SEALANTS, LLC",4016 ARNOLD ST,HOUSTON,TX,77005,238160,Roofing Contractors,Limited Liability Company (LLC),2020-05-19T00:00:00.000,Business Email Compromise (BEC) & Cyber Insurance Renewal
GC GLASS TINTING LLC,GC GLASS TINTING LLC,3004 YALE ST STE F,HOUSTON,TX,77018,238990,"Construction (General, Civil, Specialty Trades)",Limited Liability Company (LLC),2017-02-16T00:00:00.000,Business Email Compromise (BEC) & Cyber Insurance Renewal
GE ELECTRICAL SERVICES LLC,TEXAS GEM ELECTRIC LLC,13106 PANTANO DR,HOUSTON,TX,77065,238210,Electrical Contractors and Other Wiring Installation,Limited Liability Company (LLC),2023-05-26T00:00:00.000,Business Email Compromise (BEC) & Cyber Insurance Renewal
GE GLASS,GALDINO DOMINGUEZ ENSISO,6910 DUSTY DAWN DR,HOUSTON,TX,77086,238150,"Construction (General, Civil, Specialty Trades)",Type IS,2016-01-19T00:00:00.000,Business Email Compromise (BEC) & Cyber Insurance Renewal
"GEIGER SERVICE, INC.","GEIGER SERVICE, INC.",11806 MILL TRAIL LN,HOUSTON,TX,77070,238210,Electrical Contractors and Other Wiring Installation,Texas Corporation,2016-09-30T00:00:00.000,Business Email Compromise (BEC) & Cyber Insurance Renewal
GEKCO INC,"GEKCO, INC.",10926 HILLCROFT ST,HOUSTON,TX,77096,238321,"Construction (General, Civil, Specialty Trades)",Texas Corporation,2004-07-21T00:00:00.000,Business Email Compromise (BEC) & Cyber Insurance Renewal
"GEMINI PLUMBING, INC.","GEMINI PLUMBING, INC.",6989 W LITTLE YORK RD,HOUSTON,TX,77040,238221,"Construction (General, Civil, Specialty Trades)",Texas Corporation,2019-06-18T00:00:00.000,Business Email Compromise (BEC) & Cyber Insurance Renewal
GEN RC LLC,GEN RC LLC,3120 SOUTHWEST FWY STE 101 PMB 527251,HOUSTON,TX,77098,238211,"Construction (General, Civil, Specialty Trades)",Limited Liability Company (LLC),2026-06-13T00:00:00.000,Business Email Compromise (BEC) & Cyber Insurance Renewal
GEN-TECH SERVICES LLC,"GEN-TECH SERVICES, LLC",2211 W 34TH ST,HOUSTON,TX,77018,238222,"Construction (General, Civil, Specialty Trades)",Limited Liability Company (LLC),1999-04-09T00:00:00.000,Business Email Compromise (BEC) & Cyber Insurance Renewal
GENAN MARKET LLC,GENAN MARKET LLC,10954 BRITT WAY,HOUSTON,TX,77043,238330,"Construction (General, Civil, Specialty Trades)",Limited Liability Company (LLC),2023-01-24T00:00:00.000,Business Email Compromise (BEC) & Cyber Insurance Renewal
GENERAL AIR,"RC MECHANICAL, INC.",6102 MILWEE ST STE B,HOUSTON,TX,77092,238220,"Plumbing, Heating, and Air-Conditioning Contractors",Texas Corporation,2010-11-09T00:00:00.000,Business Email Compromise (BEC) & Cyber Insurance Renewal
"GENERATOR INDUSTRIES, L.L.C.","GENERATOR INDUSTRIES, L.L.C.",8409 MOSLEY RD,HOUSTON,TX,77075,238290,"Construction (General, Civil, Specialty Trades)",Limited Liability Company (LLC),2021-07-29T00:00:00.000,Business Email Compromise (BEC) & Cyber Insurance Renewal
GENTRY 360 ENTERPRISES,GENTRY 360 ENTERPRISES LLC,2404 FRANCIS ST UNIT A,HOUSTON,TX,77004,238110,"Construction (General, Civil, Specialty Trades)",Limited Liability Company (LLC),2026-08-08T00:00:00.000,Business Email Compromise (BEC) & Cyber Insurance Renewal
GEO CONSTRUCTION COMPANY LLC,GEO CONSTRUCTION COMPANY LLC,40 LYERLY ST,HOUSTON,TX,77022,238290,"Construction (General, Civil, Specialty Trades)",Limited Liability Company (LLC),2025-04-04T00:00:00.000,Business Email Compromise (BEC) & Cyber Insurance Renewal
GEO PETROLEUM LLC,GEO PETROLEUM LLC,40 LYERLY ST,HOUSTON,TX,77022,238290,"Construction (General, Civil, Specialty Trades)",Limited Liability Company (LLC),2025-05-15T00:00:00.000,Business Email Compromise (BEC) & Cyber Insurance Renewal
GEO-THERMAL SYSTEMS INC,"GEO-THERMAL SYSTEMS, INC.",7136 SWONKE LN,HOUSTON,TX,77040,238221,"Construction (General, Civil, Specialty Trades)",Texas Corporation,1991-10-25T00:00:00.000,Business Email Compromise (BEC) & Cyber Insurance Renewal
GERALD WILLIAMS,GERALD WILLIAMS,9896 BISSONNET ST STE 230C,HOUSTON,TX,77036,238992,"Construction (General, Civil, Specialty Trades)",Type IS,2022-09-29T00:00:00.000,Business Email Compromise (BEC) & Cyber Insurance Renewal
GF INSTALLATIONS & WOOD RESTORATION LLC,GF INSTALLATIONS & WOOD RESTORATION LLC,4560 W 34TH ST STE E,HOUSTON,TX,77092,238990,"Construction (General, Civil, Specialty Trades)",Limited Liability Company (LLC),2015-10-09T00:00:00.000,Business Email Compromise (BEC) & Cyber Insurance Renewal
GH MECHANICAL AND SERVICES,GH MECHANICAL AND SERVICES LLC,6321 THEALL RD,HOUSTON,TX,77066,238222,"Construction (General, Civil, Specialty Trades)",Limited Liability Company (LLC),2018-08-31T00:00:00.000,Business Email Compromise (BEC) & Cyber Insurance Renewal
GHMT LLC,GHMT LLC,6321 THEALL RD,HOUSTON,TX,77066,238220,"Plumbing, Heating, and Air-Conditioning Contractors",Limited Liability Company (LLC),2024-12-12T00:00:00.000,Business Email Compromise (BEC) & Cyber Insurance Renewal
"GIBSON ENTERPRISES, INC.","GIBSON ENTERPRISES, INC.",2507 MONTROSE BLVD APT 36,HOUSTON,TX,77006,238350,"Construction (General, Civil, Specialty Trades)",Texas Corporation,2026-07-16T00:00:00.000,Business Email Compromise (BEC) & Cyber Insurance Renewal
GID ELECTRIC,JOEY B HERNANDEZ,6810 ROXBURY RD,HOUSTON,TX,77087,238210,Electrical Contractors and Other Wiring Installation,Type IS,2020-08-28T00:00:00.000,Business Email Compromise (BEC) & Cyber Insurance Renewal
GIFFEN ELECTRIC COMPANY LC,"GIFFEN ELECTRIC COMPANY, L.C.",9326 MONTRIDGE DR,HOUSTON,TX,77080,238212,"Construction (General, Civil, Specialty Trades)",Limited Liability Company (LLC),1995-06-12T00:00:00.000,Business Email Compromise (BEC) & Cyber Insurance Renewal
GIL'S HEAVY EQUIPMENT REPAIR INC,"GIL'S HEAVY EQUIPMENT REPAIR, INC.",6431 BINGLE RD,HOUSTON,TX,77092,238990,"Construction (General, Civil, Specialty Trades)",Texas Corporation,2001-08-01T00:00:00.000,Business Email Compromise (BEC) & Cyber Insurance Renewal
GILBERT PLUMBING COMPANY LP,"GILBERT PLUMBING COMPANY, LP",4118 SOUTHERLAND RD,HOUSTON,TX,77092,238222,"Construction (General, Civil, Specialty Trades)",Type PL,1997-06-30T00:00:00.000,Business Email Compromise (BEC) & Cyber Insurance Renewal
GISETTE LEATHERS,GISETTE LEATHERS,2343 GLEN HAVEN BLVD,HOUSTON,TX,77030,238991,"Construction (General, Civil, Specialty Trades)",Type IS,2019-02-14T00:00:00.000,Business Email Compromise (BEC) & Cyber Insurance Renewal
GL WATERPROOFING,GERALDINE LOPEZ,1855 WIRT RD APT 4,HOUSTON,TX,77055,238390,"Construction (General, Civil, Specialty Trades)",Type IS,2024-07-24T00:00:00.000,Business Email Compromise (BEC) & Cyber Insurance Renewal
"GLASS MASTERS COMPANY, INC","GLASS MASTERS COMPANY, INC",7417 HILLCROFT ST STE 2C&2D,HOUSTON,TX,77081,238190,"Construction (General, Civil, Specialty Trades)",Texas Corporation,2019-07-09T00:00:00.000,Business Email Compromise (BEC) & Cyber Insurance Renewal
GLASS MASTERS OF TEXAS,GLASS MASTERS OF TEXAS LLC,11718 N GARDEN ST BLDG G,HOUSTON,TX,77071,238150,"Construction (General, Civil, Specialty Trades)",Limited Liability Company (LLC),2023-05-24T00:00:00.000,Business Email Compromise (BEC) & Cyber Insurance Renewal
GLASS PRO SERVICES LLC,"GLASS PRO SERVICES, LLC",9927 GREENCREEK DR,HOUSTON,TX,77070,238150,"Construction (General, Civil, Specialty Trades)",Limited Liability Company (LLC),2026-01-22T00:00:00.000,Business Email Compromise (BEC) & Cyber Insurance Renewal
GLASS SERVICES,MARIO HUMBERTO LOPEZ,11306 HYLANDER DR,HOUSTON,TX,77070,238150,"Construction (General, Civil, Specialty Trades)",Type IS,2020-12-11T00:00:00.000,Business Email Compromise (BEC) & Cyber Insurance Renewal
GLASS WIZ,WILLIE G ROSSER,6601 HOFFMAN ST,HOUSTON,TX,77028,238150,"Construction (General, Civil, Specialty Trades)",Type IS,2011-08-03T00:00:00.000,Business Email Compromise (BEC) & Cyber Insurance Renewal
GLAZECO GLASS LLC,GLAZECO GLASS LLC,1770 S POST OAK LN APT 1903,HOUSTON,TX,77056,238150,"Construction (General, Civil, Specialty Trades)",Limited Liability Company (LLC),2026-09-12T00:00:00.000,Business Email Compromise (BEC) & Cyber Insurance Renewal
"GLOBAL CATHODIC PROTECTION, INC.","GLOBAL CATHODIC PROTECTION, INC.",9300 LAWNDALE ST STE A,HOUSTON,TX,77012,238192,"Construction (General, Civil, Specialty Trades)",Texas Corporation,2022-11-07T00:00:00.000,Business Email Compromise (BEC) & Cyber Insurance Renewal
GLOBAL TRAX-ONE,"EMB SOLUTIONS, LLC",1331 GEMINI ST STE 201,HOUSTON,TX,77058,238210,Electrical Contractors and Other Wiring Installation,Limited Liability Company (LLC),2025-07-31T00:00:00.000,Business Email Compromise (BEC) & Cyber Insurance Renewal
"GLOBAL WELDING SERVICE, INC.","GLOBAL WELDING SERVICES, INC.",7931 HALL RD,HOUSTON,TX,77075,238192,"Construction (General, Civil, Specialty Trades)",Texas Corporation,2011-12-14T00:00:00.000,Business Email Compromise (BEC) & Cyber Insurance Renewal
GLORIA L SANCHEZ,GLORIA L SANCHEZ,3506 ASHLOCK DR,HOUSTON,TX,77082,238991,"Construction (General, Civil, Specialty Trades)",Type IS,2026-06-02T00:00:00.000,Business Email Compromise (BEC) & Cyber Insurance Renewal
"GM CONTRACTING, LLC","GM CONTRACTING, LLC",7711 COACHWOOD DR,HOUSTON,TX,77071,238992,"Construction (General, Civil, Specialty Trades)",Limited Liability Company (LLC),2023-11-16T00:00:00.000,Business Email Compromise (BEC) & Cyber Insurance Renewal
"GMORAN CONSTRUCTION, LLC","GMORAN CONSTRUCTION, LLC",11907 PASEO ARBOLES AVE,HOUSTON,TX,77076,238110,"Construction (General, Civil, Specialty Trades)",Limited Liability Company (LLC),2019-03-28T00:00:00.000,Business Email Compromise (BEC) & Cyber Insurance Renewal
GNZ ELECTRICAL SERVICES LLC,GNZ ELECTRICAL SERVICES LLC,10026 YELLOW BELL DR,HOUSTON,TX,77016,238210,Electrical Contractors and Other Wiring Installation,Limited Liability Company (LLC),2026-08-12T00:00:00.000,Business Email Compromise (BEC) & Cyber Insurance Renewal
GOLDEN ARROW CONCRETE PUMPING INC,GOLDEN ARROW CONCRETE PUMPING INC.,12303 AMELIA DR,HOUSTON,TX,77045,238110,"Construction (General, Civil, Specialty Trades)",Texas Corporation,2008-05-16T00:00:00.000,Business Email Compromise (BEC) & Cyber Insurance Renewal
GOLDEN BRUSH COMPANY,WESAM ALLOUSH,15000 PARK ROW APT 533,HOUSTON,TX,77084,238320,"Construction (General, Civil, Specialty Trades)",Type IS,2026-01-23T00:00:00.000,Business Email Compromise (BEC) & Cyber Insurance Renewal
GOLDEN HOUR LIGHTING,GOLDEN HOUR LIGHTING LLC,415 WILCHESTER BLVD,HOUSTON,TX,77079,238210,Electrical Contractors and Other Wiring Installation,Limited Liability Company (LLC),2026-08-19T00:00:00.000,Business Email Compromise (BEC) & Cyber Insurance Renewal
GOLDEN RULE AIR CONDITIONING & HEATING LLC,GOLDEN RULE AIR CONDITIONING & HEATING LLC,9306 THOMASVILLE DR,HOUSTON,TX,77064,238220,"Plumbing, Heating, and Air-Conditioning Contractors",Limited Liability Company (LLC),2016-04-07T00:00:00.000,Business Email Compromise (BEC) & Cyber Insurance Renewal
GOLDSTONE EXTERIOR SERVICES,"GOLDSTONE EXTERIOR SERVICES, LLC",10813 WARWANA RD STE 402,HOUSTON,TX,77043,238990,"Construction (General, Civil, Specialty Trades)",Limited Liability Company (LLC),2026-03-20T00:00:00.000,Business Email Compromise (BEC) & Cyber Insurance Renewal
"GOOD COE, LLC","GOOD COE, LLC",1401 GREENGRASS DR,HOUSTON,TX,77008,238990,"Construction (General, Civil, Specialty Trades)",Limited Liability Company (LLC),2023-08-22T00:00:00.000,Business Email Compromise (BEC) & Cyber Insurance Renewal
GOOD TURN PLUMBING SERVICE,MICHAEL J LENARD,7310 SCHILLER ST,HOUSTON,TX,77055,238220,"Plumbing, Heating, and Air-Conditioning Contractors",Type IS,1994-11-16T00:00:00.000,Business Email Compromise (BEC) & Cyber Insurance Renewal
GOOD WORKS ENERGY CORPORATION (GWEC),GOOD WORKS ENERGY CORPORATION (GWEC),5500 E SAM HOUSTON PKWY N STE 104,HOUSTON,TX,77015,238210,Electrical Contractors and Other Wiring Installation,Texas Corporation,2010-04-22T00:00:00.000,Business Email Compromise (BEC) & Cyber Insurance Renewal
GOODLAND CONSTRUCTION COMPANY,BRENT A GOODLAND,1410 CEDAR POST LN,HOUSTON,TX,77055,238991,"Construction (General, Civil, Specialty Trades)",Type IS,2026-06-03T00:00:00.000,Business Email Compromise (BEC) & Cyber Insurance Renewal
GORVELLE LLC,GORVELLE LLC,448 W 19TH ST STE 864,HOUSTON,TX,77008,238210,Electrical Contractors and Other Wiring Installation,Limited Liability Company (LLC),2025-08-26T00:00:00.000,Business Email Compromise (BEC) & Cyber Insurance Renewal
GRACE PAINTING AND REMODELING LLC,GRACE PAINTING AND REMODELING LLC,13100 WORTHAM CENTER DR STE 380,HOUSTON,TX,77065,238320,"Construction (General, Civil, Specialty Trades)",Limited Liability Company (LLC),2026-03-17T00:00:00.000,Business Email Compromise (BEC) & Cyber Insurance Renewal
GRACO MECHANICAL INC,GRACO MECHANICAL INC.,5910 SCHUMACHER LN,HOUSTON,TX,77057,238212,"Construction (General, Civil, Specialty Trades)",Texas Corporation,2009-08-04T00:00:00.000,Business Email Compromise (BEC) & Cyber Insurance Renewal
GRAINWELL CO.,"GRAINWELL CO., L.L.C.",18203 SEA BRANCH DR,HOUSTON,TX,77084,238330,"Construction (General, Civil, Specialty Trades)",Limited Liability Company (LLC),2026-04-14T00:00:00.000,Business Email Compromise (BEC) & Cyber Insurance Renewal
GRAND OFFICE FURNITURE PLACE,SAUL ALFREDO CHICAS RAMOS,4303 GESSNER RD,HOUSTON,TX,77041,238390,"Construction (General, Civil, Specialty Trades)",Type IS,2026-05-26T00:00:00.000,Business Email Compromise (BEC) & Cyber Insurance Renewal
GRAND SLAM AV AND SECURITY LLC,GRAND SLAM AV AND SECURITY LLC,9597 JONES RD # 356,HOUSTON,TX,77065,238210,Electrical Contractors and Other Wiring Installation,Limited Liability Company (LLC),2023-01-12T00:00:00.000,Business Email Compromise (BEC) & Cyber Insurance Renewal
GRANGER ELECTRIC COMPANY,FARLEY Y GRANGER,14317 S PACIFIC ST,HOUSTON,TX,77049,238210,Electrical Contractors and Other Wiring Installation,Type IS,2010-11-30T00:00:00.000,Business Email Compromise (BEC) & Cyber Insurance Renewal
GRANITE MASTER,VICTOR DEVELOPMENT INC,5007 STEFFANI LN,HOUSTON,TX,77041,238350,"Construction (General, Civil, Specialty Trades)",Texas Corporation,2005-11-03T00:00:00.000,Business Email Compromise (BEC) & Cyber Insurance Renewal
"GRAVES MECHANICAL, INC.","GRAVES MECHANICAL, INC.",5910 SCHUMACHER LN,HOUSTON,TX,77057,238212,"Construction (General, Civil, Specialty Trades)",Texas Corporation,1987-07-31T00:00:00.000,Business Email Compromise (BEC) & Cyber Insurance Renewal
"GRAY MECHANICAL CONTRACTORS, LLC","GRAY MECHANICAL CONTRACTORS, LLC",600 KENRICK DR STE C1,HOUSTON,TX,77060,238220,"Plumbing, Heating, and Air-Conditioning Contractors",Limited Liability Company (LLC),2015-10-19T00:00:00.000,Business Email Compromise (BEC) & Cyber Insurance Renewal
GRAY WALKER INC,"GRAY-WALKER, INC.",3700 ACE ST,HOUSTON,TX,77063,238140,"Construction (General, Civil, Specialty Trades)",Texas Corporation,1998-10-15T00:00:00.000,Business Email Compromise (BEC) & Cyber Insurance Renewal
GREAT ART STAR CONSTRUCTION INC.,GREAT ART STAR CONSTRUCTION INC.,5803 SOVEREIGN DR STE 204,HOUSTON,TX,77036,238210,Electrical Contractors and Other Wiring Installation,Texas Corporation,2018-09-28T00:00:00.000,Business Email Compromise (BEC) & Cyber Insurance Renewal
GREAT COOL AC SERVICE LLC,GREAT COOL AC SERVICE LLC,10555 TURTLEWOOD CT UNIT 2806,HOUSTON,TX,77072,238220,"Plumbing, Heating, and Air-Conditioning Contractors",Limited Liability Company (LLC),2026-07-31T00:00:00.000,Business Email Compromise (BEC) & Cyber Insurance Renewal
"GREAT ELECTRIC, INC.","GREAT ELECTRIC, INC.",1319 W GRAY ST,HOUSTON,TX,77019,238211,"Construction (General, Civil, Specialty Trades)",Texas Corporation,2024-04-05T00:00:00.000,Business Email Compromise (BEC) & Cyber Insurance Renewal
"GREATER COMFORT ENTERPRISE, LLC","GREATER COMFORT ENTERPRISE, LLC",13523 LUTHE RD,HOUSTON,TX,77039,238220,"Plumbing, Heating, and Air-Conditioning Contractors",Limited Liability Company (LLC),2020-05-14T00:00:00.000,Business Email Compromise (BEC) & Cyber Insurance Renewal
"GRECO STRUCTURES, LLC","GRECO STRUCTURES, LLC",8611 DERRINGTON RD,HOUSTON,TX,77064,238110,"Construction (General, Civil, Specialty Trades)",Limited Liability Company (LLC),2018-11-20T00:00:00.000,Business Email Compromise (BEC) & Cyber Insurance Renewal
GREEN ELECTRIC,BRET M GALLIFORD,7475 HAYWOOD DR,HOUSTON,TX,77061,238000,"Construction (General, Civil, Specialty Trades)",Type IS,1998-05-04T00:00:00.000,Business Email Compromise (BEC) & Cyber Insurance Renewal
GREEN LINKS,"PT GREEN LINKS, INC.",10803 SAINT MARYS LN,HOUSTON,TX,77079,238990,"Construction (General, Civil, Specialty Trades)",Texas Corporation,2003-12-30T00:00:00.000,Business Email Compromise (BEC) & Cyber Insurance Renewal
GREEN YARD TEXAS LLC,GREEN YARD TEXAS LLC,6802 SOMMERALL DR STE C,HOUSTON,TX,77084,238990,"Construction (General, Civil, Specialty Trades)",Limited Liability Company (LLC),2025-07-15T00:00:00.000,Business Email Compromise (BEC) & Cyber Insurance Renewal
"GREEN'S CONCRETE CONTRACTORS, INC.","GREEN'S CONCRETE CONTRACTORS, INC.",611 CRAVENS ST,HOUSTON,TX,77076,238110,"Construction (General, Civil, Specialty Trades)",Texas Corporation,2014-08-05T00:00:00.000,Business Email Compromise (BEC) & Cyber Insurance Renewal
"GREENLOGIC LIGHTING & ELECTRIC, LLC","GREENLOGIC LIGHTING & ELECTRIC, LLC",4000 AIRLINE DR STE D,HOUSTON,TX,77022,238210,Electrical Contractors and Other Wiring Installation,Limited Liability Company (LLC),2026-08-10T00:00:00.000,Business Email Compromise (BEC) & Cyber Insurance Renewal
GREENRISE TECHNOLOGIES,"GREENRISE TECHNOLOGIES, LLC",13810 HOLLISTER DR,HOUSTON,TX,77086,238910,"Construction (General, Civil, Specialty Trades)",Corporation / Corporate Entity,2025-06-05T00:00:00.000,Business Email Compromise (BEC) & Cyber Insurance Renewal
GREENSPAN PROJECTS TX LLC,GREENSPAN PROJECTS TX LLC,1120 BAY AREA BLVD,HOUSTON,TX,77058,238990,"Construction (General, Civil, Specialty Trades)",Limited Liability Company (LLC),2022-09-08T00:00:00.000,Business Email Compromise (BEC) & Cyber Insurance Renewal
GREG PRATT ENTERPRISES,ROBERT GREGORY PRATT,1502 SCENIC RIDGE DR,HOUSTON,TX,77043,238351,"Construction (General, Civil, Specialty Trades)",Type IS,2025-06-05T00:00:00.000,Business Email Compromise (BEC) & Cyber Insurance Renewal
"GREGORY-EDWARDS, INC.","GREGORY-EDWARDS, INC.",10808 ALCOTT DR,HOUSTON,TX,77043,238222,"Construction (General, Civil, Specialty Trades)",Texas Corporation,2010-05-06T00:00:00.000,Business Email Compromise (BEC) & Cyber Insurance Renewal
GRIFFIN FENCE,SINGH SAFRAN INC.,6307 BRITTMOORE RD,HOUSTON,TX,77041,238990,"Construction (General, Civil, Specialty Trades)",Texas Corporation,2014-06-23T00:00:00.000,Business Email Compromise (BEC) & Cyber Insurance Renewal
GRIND ELECTRIC INC.,GRIND ELECTRIC INC.,2100 WEST LOOP S STE 900,HOUSTON,TX,77027,238210,Electrical Contractors and Other Wiring Installation,Texas Corporation,2017-08-10T00:00:00.000,Business Email Compromise (BEC) & Cyber Insurance Renewal
GROUND CONTROL BY GEORGE JOHNSTON,GEORGE W JOHNSTON,2012 VERMONT ST,HOUSTON,TX,77019,238191,"Construction (General, Civil, Specialty Trades)",Type IS,2024-04-18T00:00:00.000,Business Email Compromise (BEC) & Cyber Insurance Renewal
"GROUNDWORKS TEXAS, LLC","GROUNDWORKS TEXAS, LLC",6422 CALLE LOZANO DR,HOUSTON,TX,77041,238990,"Construction (General, Civil, Specialty Trades)",Corporation / Corporate Entity,2023-08-17T00:00:00.000,Business Email Compromise (BEC) & Cyber Insurance Renewal
GRSERVICES03,GRSERVICES03 LLC,14710 FALLING CREEK DR,HOUSTON,TX,77068,238210,Electrical Contractors and Other Wiring Installation,Limited Liability Company (LLC),2024-09-10T00:00:00.000,Business Email Compromise (BEC) & Cyber Insurance Renewal
GS TURF LLC,GS TURF LLC,3906 RUSHCROFT DR,HOUSTON,TX,77082,238990,"Construction (General, Civil, Specialty Trades)",Limited Liability Company (LLC),2024-07-24T00:00:00.000,Business Email Compromise (BEC) & Cyber Insurance Renewal
"GUARANTEED BUILDERS, INC.","GUARANTEED BUILDERS, INC.",6533 W SAM HOUSTON PKWY N,HOUSTON,TX,77041,238911,"Construction (General, Civil, Specialty Trades)",Texas Corporation,2013-09-09T00:00:00.000,Business Email Compromise (BEC) & Cyber Insurance Renewal
"GUILI'S GLASS, INC","GUILI'S GLASS, INC",13113 JOLIET ST,HOUSTON,TX,77015,238150,"Construction (General, Civil, Specialty Trades)",Texas Corporation,2023-04-17T00:00:00.000,Business Email Compromise (BEC) & Cyber Insurance Renewal
"GULF COAST ALL PRO CONTRACTING COMPANY, LLC","GULF COAST ALL PRO CONTRACTING COMPANY, LLC",10200 HEMPSTEAD RD STE 1J,HOUSTON,TX,77092,238352,"Construction (General, Civil, Specialty Trades)",Limited Liability Company (LLC),2010-02-15T00:00:00.000,Business Email Compromise (BEC) & Cyber Insurance Renewal
GULF COAST BOILER SERVICE,"GULF COAST BOILER, LLC",14149 INTERDRIVE W,HOUSTON,TX,77032,238290,"Construction (General, Civil, Specialty Trades)",Limited Liability Company (LLC),2025-04-23T00:00:00.000,Business Email Compromise (BEC) & Cyber Insurance Renewal
"GULF COAST CONCRETE SERVICES, LLC","GULF COAST CONCRETE SURFACES, LLC",9703 PLAINFIELD ST,HOUSTON,TX,77036,238110,"Construction (General, Civil, Specialty Trades)",Limited Liability Company (LLC),2024-08-13T00:00:00.000,Business Email Compromise (BEC) & Cyber Insurance Renewal
"GULF COAST GROUTING, INC.","GULF COAST GROUTING, INC.",14114 FALL CHASE CT,HOUSTON,TX,77044,238111,"Construction (General, Civil, Specialty Trades)",Texas Corporation,2008-07-07T00:00:00.000,Business Email Compromise (BEC) & Cyber Insurance Renewal
GULF COAST INDUSTRIAL SERVICES,MARC PELL,10535 PINELAND RD,HOUSTON,TX,77044,238990,"Construction (General, Civil, Specialty Trades)",Type IS,2025-12-12T00:00:00.000,Business Email Compromise (BEC) & Cyber Insurance Renewal
GULF ELECTRIC SERVICES LLC,GULF ELECTRIC SERVICES LLC,8438 WETHERBY LN,HOUSTON,TX,77075,238210,Electrical Contractors and Other Wiring Installation,Limited Liability Company (LLC),2026-03-19T00:00:00.000,Business Email Compromise (BEC) & Cyber Insurance Renewal
GULF STATES PLUMBING & MECHANICAL INC,"GULF STATES PLUMBING & MECHANICAL, INC.",12340 PALMSPRINGS DR,HOUSTON,TX,77034,238220,"Plumbing, Heating, and Air-Conditioning Contractors",Texas Corporation,1990-08-09T00:00:00.000,Business Email Compromise (BEC) & Cyber Insurance Renewal
GUSTAVO GARAGE DOORS SERVICES,GUSTAVO ADOLFO COSAJAY ORTIZ,6002 W 34TH ST STE C,HOUSTON,TX,77092,238350,"Construction (General, Civil, Specialty Trades)",Type IS,2025-02-03T00:00:00.000,Business Email Compromise (BEC) & Cyber Insurance Renewal
GUZMAN MASONRY LLC,GUZMAN MASONRY LLC,6530 LEEDALE ST,HOUSTON,TX,77016,238140,"Construction (General, Civil, Specialty Trades)",Limited Liability Company (LLC),2026-03-20T00:00:00.000,Business Email Compromise (BEC) & Cyber Insurance Renewal
"GVMS I, LLC","GVMS I, LLC",14317 EAST FWY UNIT A,HOUSTON,TX,77015,238350,"Construction (General, Civil, Specialty Trades)",Limited Liability Company (LLC),2024-12-17T00:00:00.000,Business Email Compromise (BEC) & Cyber Insurance Renewal
H & J ELECTRIC CO.,H & J ELECTRIC CO.,1611 MILLER ST,HOUSTON,TX,77003,238212,"Construction (General, Civil, Specialty Trades)",Texas Corporation,1965-01-25T00:00:00.000,Business Email Compromise (BEC) & Cyber Insurance Renewal
H & P GLASS INC.,H & P GLASS INC.,15415 STONE GABLES LN,HOUSTON,TX,77044,238150,"Construction (General, Civil, Specialty Trades)",Texas Corporation,2020-04-14T00:00:00.000,Business Email Compromise (BEC) & Cyber Insurance Renewal
"H&E ELECTRIC, LLC",H & E ELECTRIC LLC,7234 POUTER DR,HOUSTON,TX,77083,238210,Electrical Contractors and Other Wiring Installation,Limited Liability Company (LLC),2024-07-23T00:00:00.000,Business Email Compromise (BEC) & Cyber Insurance Renewal
H-TOWN EMERGENCY PLUMBER,"H-TOWN EMERGENCY PLUMBER, INC.",12145 STONE EAST DR,HOUSTON,TX,77035,238220,"Plumbing, Heating, and Air-Conditioning Contractors",Texas Corporation,2026-04-03T00:00:00.000,Business Email Compromise (BEC) & Cyber Insurance Renewal
"H. J. LAREDO CO., INC.","H. J. LAREDO CO., INC.",6422 WHITBOURNE DR,HOUSTON,TX,77084,238990,"Construction (General, Civil, Specialty Trades)",Texas Corporation,2005-08-25T00:00:00.000,Business Email Compromise (BEC) & Cyber Insurance Renewal
"H. RAY SMITH CONSTRUCTION, LTD.","H. RAY SMITH CONSTRUCTION, LTD.",14018 E HARDY RD,HOUSTON,TX,77039,238990,"Construction (General, Civil, Specialty Trades)",Type PL,2026-02-20T00:00:00.000,Business Email Compromise (BEC) & Cyber Insurance Renewal
"H2I GROUP, INC.","H2I GROUP, INC.",15344 VANTAGE PKWY E STE 150,HOUSTON,TX,77032,238350,"Construction (General, Civil, Specialty Trades)",Texas Corporation,2019-10-18T00:00:00.000,Business Email Compromise (BEC) & Cyber Insurance Renewal
H2M EPOXY FLOORS CORP,H2M EPOXY FLOORS CORP,1600 ELDRIDGE PKWY APT 3801,HOUSTON,TX,77077,238331,"Construction (General, Civil, Specialty Trades)",Texas Corporation,2022-04-11T00:00:00.000,Business Email Compromise (BEC) & Cyber Insurance Renewal
H2M EPOXY FLOORS CORP,H2M EPOXY FLOORS CORP,17939 KIETH HARROW BLVD,HOUSTON,TX,77084,238330,"Construction (General, Civil, Specialty Trades)",Texas Corporation,2024-06-20T00:00:00.000,Business Email Compromise (BEC) & Cyber Insurance Renewal
HAE DATA LLC,HAE DATA LLC,5829 W SAM HOUSTON PKWY N STE 906,HOUSTON,TX,77041,238210,Electrical Contractors and Other Wiring Installation,Limited Liability Company (LLC),2024-08-08T00:00:00.000,Business Email Compromise (BEC) & Cyber Insurance Renewal
HALCO MECHANICAL INC,"HALCO MECHANICAL, INC.",5420 ACORN ST,HOUSTON,TX,77092,238220,"Plumbing, Heating, and Air-Conditioning Contractors",Texas Corporation,2026-02-19T00:00:00.000,Business Email Compromise (BEC) & Cyber Insurance Renewal
HALL SPRINKLER CO INC,"CONWAY HALL SPRINKLER COMPANY, INCORPORATED",5711 SCHUMACHER LN,HOUSTON,TX,77057,238222,"Construction (General, Civil, Specialty Trades)",Texas Corporation,1986-07-09T00:00:00.000,Business Email Compromise (BEC) & Cyber Insurance Renewal
HALO DOORS INC.,HALO DOORS INC.,6758 BOURGEOIS RD,HOUSTON,TX,77066,238290,"Construction (General, Civil, Specialty Trades)",Texas Corporation,2015-09-22T00:00:00.000,Business Email Compromise (BEC) & Cyber Insurance Renewal
"HALO DOORS, INC.",HALO DOORS INC.,6631 THEALL RD,HOUSTON,TX,77066,238290,"Construction (General, Civil, Specialty Trades)",Texas Corporation,2024-05-01T00:00:00.000,Business Email Compromise (BEC) & Cyber Insurance Renewal
"HALO PLUMBING SERVICES, L.L.C.","HALO PLUMBING SERVICES, L.L.C.",9009 LONG POINT RD STE B5,HOUSTON,TX,77055,238220,"Plumbing, Heating, and Air-Conditioning Contractors",Limited Liability Company (LLC),2021-06-30T00:00:00.000,Business Email Compromise (BEC) & Cyber Insurance Renewal
HALO WINDOWS LLC,HALO WINDOWS LLC,7407 WOODLAND WEST DR,HOUSTON,TX,77040,238150,"Construction (General, Civil, Specialty Trades)",Limited Liability Company (LLC),2026-06-10T00:00:00.000,Business Email Compromise (BEC) & Cyber Insurance Renewal
HAPPY HVAC,"HAPPY HVAC, LLC",11307 OLD MISSION RD,HOUSTON,TX,77095,238220,"Plumbing, Heating, and Air-Conditioning Contractors",Limited Liability Company (LLC),2022-08-25T00:00:00.000,Business Email Compromise (BEC) & Cyber Insurance Renewal
HAR-CON MECHANICAL CONTRACTORS LLC,HAR-CON MECHANICAL CONTRACTORS LLC,551 N SHEPHERD DR STE 270,HOUSTON,TX,77007,238220,"Plumbing, Heating, and Air-Conditioning Contractors",Limited Liability Company (LLC),2007-02-27T00:00:00.000,Business Email Compromise (BEC) & Cyber Insurance Renewal
HARBINGER ELECTRIC INC,"HARBINGER ELECTRIC, INC.",10703 CHIMNEY ROCK RD,HOUSTON,TX,77096,238000,"Construction (General, Civil, Specialty Trades)",Texas Corporation,2002-02-22T00:00:00.000,Business Email Compromise (BEC) & Cyber Insurance Renewal
"HARGRAVE ELECTRIC CO., INC.","HARGRAVE ELECTRIC CO., INC.",14021 HARGRAVE RD,HOUSTON,TX,77070,238212,"Construction (General, Civil, Specialty Trades)",Texas Corporation,1993-02-25T00:00:00.000,Business Email Compromise (BEC) & Cyber Insurance Renewal
"HARMONY ELECTRIC CO., INC.","HARMONY ELECTRIC CO., INC.",811 YALE ST,HOUSTON,TX,77007,238210,Electrical Contractors and Other Wiring Installation,Texas Corporation,1996-03-26T00:00:00.000,Business Email Compromise (BEC) & Cyber Insurance Renewal
HARMONY HOME TECHNOLOGIES,"PREFERRED HOME TECHNOLOGIES, INC.",14519 CULLEN BLVD STE H,HOUSTON,TX,77047,238210,Electrical Contractors and Other Wiring Installation,Texas Corporation,2018-08-15T00:00:00.000,Business Email Compromise (BEC) & Cyber Insurance Renewal
HATHUC HOME & COMMERCIAL SERVICES,JONY HA-THUC,9217 VOGUE LN APT A,HOUSTON,TX,77080,238990,"Construction (General, Civil, Specialty Trades)",Type IS,2025-03-29T00:00:00.000,Business Email Compromise (BEC) & Cyber Insurance Renewal
HAVANA GLASS AND MIRROR LLC,HAVANA GLASS AND MIRROR LLC,767 KENRICK DR STE 106,HOUSTON,TX,77060,238150,"Construction (General, Civil, Specialty Trades)",Limited Liability Company (LLC),2021-07-13T00:00:00.000,Business Email Compromise (BEC) & Cyber Insurance Renewal
HAVEMAN PLUMBING CO,HAVEMAN PLUMBING CO.,6110 MILWEE ST STE K,HOUSTON,TX,77092,238221,"Construction (General, Civil, Specialty Trades)",Texas Corporation,1988-03-02T00:00:00.000,Business Email Compromise (BEC) & Cyber Insurance Renewal
"HAY MECHANICAL, L.L.C.","HAY MECHANICAL, L.L.C.",3026 BROWNIE CAMPBELL RD,HOUSTON,TX,77038,238220,"Plumbing, Heating, and Air-Conditioning Contractors",Limited Liability Company (LLC),2020-09-23T00:00:00.000,Business Email Compromise (BEC) & Cyber Insurance Renewal
"HAYDEN PAVING, INC.","HAYDEN PAVING, INC.",4710 WINDSONG TRL,HOUSTON,TX,77084,238990,"Construction (General, Civil, Specialty Trades)",Texas Corporation,2009-10-06T00:00:00.000,Business Email Compromise (BEC) & Cyber Insurance Renewal
HAYWARD'S WELDING,WARREN HAYWARD,5314 ANTHA ST,HOUSTON,TX,77016,238121,"Construction (General, Civil, Specialty Trades)",Type IS,2023-08-30T00:00:00.000,Business Email Compromise (BEC) & Cyber Insurance Renewal
HBM SERVICES,CYPRESS ENVIRONMENTAL CONSULTING LLC,10754 NORCHESTER VILLAGE DR,HOUSTON,TX,77070,238990,"Construction (General, Civil, Specialty Trades)",Limited Liability Company (LLC),2015-05-20T00:00:00.000,Business Email Compromise (BEC) & Cyber Insurance Renewal
HC ARTISAN,EDUVIJEN GRIMALDO,12455 W BEAUPRE POINT DR,HOUSTON,TX,77015,238350,"Construction (General, Civil, Specialty Trades)",Type IS,2025-12-08T00:00:00.000,Business Email Compromise (BEC) & Cyber Insurance Renewal
"HCB MECHANICAL, INCORPORATED","HCB MECHANICAL, INCORPORATED",13215 WEIMAN RD,HOUSTON,TX,77041,238222,"Construction (General, Civil, Specialty Trades)",Texas Corporation,1992-06-18T00:00:00.000,Business Email Compromise (BEC) & Cyber Insurance Renewal
"HCL MECHANICAL SERVICES, LLC","HCL MECHANICAL SERVICES, LLC",6877 WYNNWOOD LN,HOUSTON,TX,77008,238220,"Plumbing, Heating, and Air-Conditioning Contractors",Limited Liability Company (LLC),2015-05-18T00:00:00.000,Business Email Compromise (BEC) & Cyber Insurance Renewal
HD OUTDOOR CONSTRUCTION,HD OUTDOOR CONSTRUCTION LLC,10318 LAKE RD STE 101A,HOUSTON,TX,77070,238990,"Construction (General, Civil, Specialty Trades)",Limited Liability Company (LLC),2024-11-05T00:00:00.000,Business Email Compromise (BEC) & Cyber Insurance Renewal
HDEZ FABRICATION,HDEZ FABRICATION LLC,5422 INDIANOLA DR,HOUSTON,TX,77032,238990,"Construction (General, Civil, Specialty Trades)",Limited Liability Company (LLC),2025-08-06T00:00:00.000,Business Email Compromise (BEC) & Cyber Insurance Renewal
HEAVY HITTERS CABLING LLC,HEAVY HITTERS CABLING LLC,10819 LANGDON LN,HOUSTON,TX,77072,238210,Electrical Contractors and Other Wiring Installation,Limited Liability Company (LLC),2024-11-18T00:00:00.000,Business Email Compromise (BEC) & Cyber Insurance Renewal
HEIGHTS A/C AND HEATING LLC,HEIGHTS A/C AND HEATING LLC,114 E 24TH ST,HOUSTON,TX,77008,238220,"Plumbing, Heating, and Air-Conditioning Contractors",Limited Liability Company (LLC),2018-06-28T00:00:00.000,Business Email Compromise (BEC) & Cyber Insurance Renewal
"HEIGHTS DOOR WORKS, LLC","HEIGHTS DOOR WORKS, LLC",2510 MONA LEE LN,HOUSTON,TX,77080,238990,"Construction (General, Civil, Specialty Trades)",Limited Liability Company (LLC),2019-04-23T00:00:00.000,Business Email Compromise (BEC) & Cyber Insurance Renewal
"HEIGHTS WEST 25TH, LLC","HEIGHTS WEST 25TH, LLC",1150 W 25TH ST,HOUSTON,TX,77008,238991,"Construction (General, Civil, Specialty Trades)",Limited Liability Company (LLC),2025-07-31T00:00:00.000,Business Email Compromise (BEC) & Cyber Insurance Renewal
"HERMETIC COMPRESSORS OF HOUSTON, INC.","HERMETIC COMPRESSORS OF HOUSTON, INC.",9103 EMMOTT RD BLDG 9 STE A,HOUSTON,TX,77040,238221,"Construction (General, Civil, Specialty Trades)",Texas Corporation,2006-07-19T00:00:00.000,Business Email Compromise (BEC) & Cyber Insurance Renewal
"HERNANDEZ MONREL PLUMBING, L. P.","HERNANDEZ MONREAL PLUMBING, L.P.",2603 KELLEY ST,HOUSTON,TX,77026,238220,"Plumbing, Heating, and Air-Conditioning Contractors",Type PL,2016-12-14T00:00:00.000,Business Email Compromise (BEC) & Cyber Insurance Renewal
"HERNDON/MUNCEY, INC.","HERNDON/MUNCEY, INC.",18000 GROSCHKE RD STE D1,HOUSTON,TX,77084,238220,"Plumbing, Heating, and Air-Conditioning Contractors",Texas Corporation,2024-04-01T00:00:00.000,Business Email Compromise (BEC) & Cyber Insurance Renewal
HEROES RAISING CONCRETE LLC,HEROES RAISING CONCRETE LLC,8805 STELLA LINK RD STE A,HOUSTON,TX,77025,238110,"Construction (General, Civil, Specialty Trades)",Limited Liability Company (LLC),2017-05-06T00:00:00.000,Business Email Compromise (BEC) & Cyber Insurance Renewal
HEXAGON PLUMBING LLC,HEXAGON PLUMBING LLC,3500 E T C JESTER BLVD STE E,HOUSTON,TX,77018,238220,"Plumbing, Heating, and Air-Conditioning Contractors",Limited Liability Company (LLC),2021-02-26T00:00:00.000,Business Email Compromise (BEC) & Cyber Insurance Renewal
HIGH PERFORMANCE HOME SYSTEMS,"CONTIGO CONSULTING, LLC",5438 GUHN RD,HOUSTON,TX,77040,238220,"Plumbing, Heating, and Air-Conditioning Contractors",Limited Liability Company (LLC),2016-11-08T00:00:00.000,Business Email Compromise (BEC) & Cyber Insurance Renewal
"HIGH-TECH CARPETS, INC.","HIGH-TECH CARPETS, INC.",7111 PERIMETER PARK DR STE 304,HOUSTON,TX,77041,238331,"Construction (General, Civil, Specialty Trades)",Texas Corporation,2024-07-24T00:00:00.000,Business Email Compromise (BEC) & Cyber Insurance Renewal
HIGHLANDER ELECTRICAL SERVICES LLC,HIGHLANDER ELECTRICAL SERVICES LLC,9407 SHOREHAM ST,HOUSTON,TX,77093,238210,Electrical Contractors and Other Wiring Installation,Limited Liability Company (LLC),2016-08-27T00:00:00.000,Business Email Compromise (BEC) & Cyber Insurance Renewal
HIGHLIGHTS OF HOUSTON INC,"HIGHLIGHTS OF HOUSTON, INC.",4544 S PINEMONT DR STE 208,HOUSTON,TX,77041,238212,"Construction (General, Civil, Specialty Trades)",Texas Corporation,1994-08-25T00:00:00.000,Business Email Compromise (BEC) & Cyber Insurance Renewal
HIGHRISE ELECTRICAL TECHNOLOGIES INC,"HIGHRISE ELECTRICAL TECHNOLOGIES, INC.",10702 FALLSTONE RD,HOUSTON,TX,77099,238212,"Construction (General, Civil, Specialty Trades)",Texas Corporation,2009-09-02T00:00:00.000,Business Email Compromise (BEC) & Cyber Insurance Renewal
HIGHTOWER ELECTRIC,"HIGHTOWER ELECTRIC COMPANY, LTD.",6115 THEALL RD,HOUSTON,TX,77066,238212,"Construction (General, Civil, Specialty Trades)",Type PL,2001-12-06T00:00:00.000,Business Email Compromise (BEC) & Cyber Insurance Renewal
HILL AIR CONDITIONING AND HEATING,JEFFERY K HILL,17219 BEDFORD PASS DR,HOUSTON,TX,77095,238220,"Plumbing, Heating, and Air-Conditioning Contractors",Type IS,2005-01-21T00:00:00.000,Business Email Compromise (BEC) & Cyber Insurance Renewal
HINOJOSA WATERPROOFING LLC,"HINOJOSA WATERPROOFING, L.L.C.",6125 W GULF BANK RD,HOUSTON,TX,77088,238390,"Construction (General, Civil, Specialty Trades)",Limited Liability Company (LLC),2025-06-18T00:00:00.000,Business Email Compromise (BEC) & Cyber Insurance Renewal
HLVISION LLC,HLVISION LLC,9895 HARWIN DR STE D4,HOUSTON,TX,77036,238210,Electrical Contractors and Other Wiring Installation,Limited Liability Company (LLC),2026-05-22T00:00:00.000,Business Email Compromise (BEC) & Cyber Insurance Renewal
HNAC SERVICES,"BRENDA TORGAN, INC.",402 E TIDWELL RD,HOUSTON,TX,77022,238220,"Plumbing, Heating, and Air-Conditioning Contractors",Texas Corporation,2014-10-14T00:00:00.000,Business Email Compromise (BEC) & Cyber Insurance Renewal
HOBAN CONCRETE CONSTRUCTION,HOBAN CONCRETE CONSTRUCTION LLC,7203 NORTHAMPTON WAY,HOUSTON,TX,77055,238110,"Construction (General, Civil, Specialty Trades)",Limited Liability Company (LLC),2020-09-29T00:00:00.000,Business Email Compromise (BEC) & Cyber Insurance Renewal
HOFFMAN DEVELOPMENT VENTURES LLC,HOFFMAN DEVELOPMENT VENTURES LLC,4123 BARNES ST,HOUSTON,TX,77007,238991,"Construction (General, Civil, Specialty Trades)",Limited Liability Company (LLC),2021-06-21T00:00:00.000,Business Email Compromise (BEC) & Cyber Insurance Renewal
HOGGATT L P,"HOGGATT, LLC",1024 W 15TH 1/2 ST,HOUSTON,TX,77008,238142,"Construction (General, Civil, Specialty Trades)",Limited Liability Company (LLC),1988-03-17T00:00:00.000,Business Email Compromise (BEC) & Cyber Insurance Renewal
HOLDINGS,3DIVAS LLC,1011 ROBERTS ST,HOUSTON,TX,77003,238990,"Construction (General, Civil, Specialty Trades)",Limited Liability Company (LLC),2020-12-18T00:00:00.000,Business Email Compromise (BEC) & Cyber Insurance Renewal
HOLES INCORPORATED,HOLES INCORPORATED,9911 FRANKLIN RD,HOUSTON,TX,77070,238992,"Construction (General, Civil, Specialty Trades)",Texas Corporation,1978-06-16T00:00:00.000,Business Email Compromise (BEC) & Cyber Insurance Renewal
"HOLLOMAN ELECTRICAL SERVICES, LLC","HOLLOMAN ELECTRICAL SERVICES, LLC",333 N SAM HOUSTON PKWY E STE 600,HOUSTON,TX,77060,238210,Electrical Contractors and Other Wiring Installation,Limited Liability Company (LLC),2025-11-14T00:00:00.000,Business Email Compromise (BEC) & Cyber Insurance Renewal
HONDUMEX INC,"HONDUMEX, INC.",2602 JOHN RALSTON RD,HOUSTON,TX,77013,238220,"Plumbing, Heating, and Air-Conditioning Contractors",Texas Corporation,2005-06-15T00:00:00.000,Business Email Compromise (BEC) & Cyber Insurance Renewal
"HOPLITE EQUIPMENT SERVICES, LLC","HOPLITE EQUIPMENT SERVICES, LLC",617 E 8TH 1/2 ST,HOUSTON,TX,77007,238210,Electrical Contractors and Other Wiring Installation,Limited Liability Company (LLC),2024-07-19T00:00:00.000,Business Email Compromise (BEC) & Cyber Insurance Renewal
HORISONS LLC,HORISONS LLC,6666 HARWIN DR STE 655,HOUSTON,TX,77036,238160,Roofing Contractors,Limited Liability Company (LLC),2017-07-21T00:00:00.000,Business Email Compromise (BEC) & Cyber Insurance Renewal
HORIZON PLUMBING & HOME,"HOUSTON S&D, LLC",12602 DERMOTT DR,HOUSTON,TX,77065,238220,"Plumbing, Heating, and Air-Conditioning Contractors",Limited Liability Company (LLC),2023-05-04T00:00:00.000,Business Email Compromise (BEC) & Cyber Insurance Renewal
HORTON AUTOMATIC DOOR CORPORATION,DOOR SERVICES CORPORATION,6000 GARDENDALE DR,HOUSTON,TX,77092,238990,"Construction (General, Civil, Specialty Trades)",Foreign Corporation (Out-of-State),2013-08-26T00:00:00.000,Business Email Compromise (BEC) & Cyber Insurance Renewal
"HOU - TEX SHEET METAL, INC","HOU - TEX SHEET METAL, INC",9904A DEER TRAIL DR,HOUSTON,TX,77038,238160,Roofing Contractors,Texas Corporation,2020-06-17T00:00:00.000,Business Email Compromise (BEC) & Cyber Insurance Renewal
"HOU COMMERCIAL GLASS SERVICES, LLC","HOU COMMERCIAL GLASS SERVICES, LLC",12543 PERRY RD,HOUSTON,TX,77070,238150,"Construction (General, Civil, Specialty Trades)",Limited Liability Company (LLC),2022-10-07T00:00:00.000,Business Email Compromise (BEC) & Cyber Insurance Renewal
HOU-ES LLC,HOU-ES LLC,8511 ROWAN LN,HOUSTON,TX,77036,238210,Electrical Contractors and Other Wiring Installation,Limited Liability Company (LLC),2024-09-19T00:00:00.000,Business Email Compromise (BEC) & Cyber Insurance Renewal
HOU-STONE INC,"HOU-STONE, INC.",2142 OJEMAN RD,HOUSTON,TX,77080,238341,"Construction (General, Civil, Specialty Trades)",Texas Corporation,1995-07-11T00:00:00.000,Business Email Compromise (BEC) & Cyber Insurance Renewal
HOU-TEX POWER INC,HOU-TEX POWER INC.,720 W 20TH ST,HOUSTON,TX,77008,238212,"Construction (General, Civil, Specialty Trades)",Texas Corporation,2003-03-24T00:00:00.000,Business Email Compromise (BEC) & Cyber Insurance Renewal
HOU-TRA INTERNATIONAL,"HTI, LTD.",10555 WESTPARK DR,HOUSTON,TX,77042,238211,"Construction (General, Civil, Specialty Trades)",Type PL,2006-07-28T00:00:00.000,Business Email Compromise (BEC) & Cyber Insurance Renewal
HOUSE OF POWER ELECTRIC,"HOUSE OF POWER ELECTRIC, LC",4260 CLARK RD,HOUSTON,TX,77040,238211,"Construction (General, Civil, Specialty Trades)",Limited Liability Company (LLC),2008-07-15T00:00:00.000,Business Email Compromise (BEC) & Cyber Insurance Renewal
HOUSE PRO AC,"SAS AIRCARE, LLC",6115 SKYLINE DR STE D,HOUSTON,TX,77057,238220,"Plumbing, Heating, and Air-Conditioning Contractors",Corporation / Corporate Entity,2025-08-20T00:00:00.000,Business Email Compromise (BEC) & Cyber Insurance Renewal
HOUSTON AZTEC FLOORING INC,"HOUSTON AZTEC FLOORING, INC.",11002 HAMMERLY BLVD APT 205,HOUSTON,TX,77043,238332,"Construction (General, Civil, Specialty Trades)",Texas Corporation,2008-05-05T00:00:00.000,Business Email Compromise (BEC) & Cyber Insurance Renewal
HOUSTON CENTRAL AIR,HOUSTON CENTRAL AIR  INC,6340 N ELDRIDGE PKWY # 120,HOUSTON,TX,77041,238220,"Plumbing, Heating, and Air-Conditioning Contractors",Texas Corporation,2024-12-12T00:00:00.000,Business Email Compromise (BEC) & Cyber Insurance Renewal
HOUSTON COATINGS OF TEXAS LLC,HOUSTON COATINGS OF TEXAS LLC,3704 DABNEY ST,HOUSTON,TX,77026,238320,"Construction (General, Civil, Specialty Trades)",Limited Liability Company (LLC),2022-03-04T00:00:00.000,Business Email Compromise (BEC) & Cyber Insurance Renewal
HOUSTON COMMERCIAL GLASS,POSO SERVICES LLC,5277 BINGLE RD STE D,HOUSTON,TX,77092,238150,"Construction (General, Civil, Specialty Trades)",Limited Liability Company (LLC),2018-03-08T00:00:00.000,Business Email Compromise (BEC) & Cyber Insurance Renewal
HOUSTON COMMERCIAL PAINTING,KELLY D USRY,2026 KARBACH ST STE 8,HOUSTON,TX,77092,238320,"Construction (General, Civil, Specialty Trades)",Type IS,2007-04-26T00:00:00.000,Business Email Compromise (BEC) & Cyber Insurance Renewal
HOUSTON CONCRETE PROS LLC,HOUSTON CONCRETE PROS LLC,10526 HERALD SQUARE DR,HOUSTON,TX,77099,238110,"Construction (General, Civil, Specialty Trades)",Limited Liability Company (LLC),2026-06-19T00:00:00.000,Business Email Compromise (BEC) & Cyber Insurance Renewal
HOUSTON COUNTERTOP CO,"HOUSTON COUNTERTOP COMPANY, INC.",7571 MORLEY ST,HOUSTON,TX,77061,238991,"Construction (General, Civil, Specialty Trades)",Texas Corporation,1985-02-14T00:00:00.000,Business Email Compromise (BEC) & Cyber Insurance Renewal
HOUSTON DEMOLITION SERVICES,HAYHART INVESTMENTS LLC,10202 AIRLINE DR STE A,HOUSTON,TX,77037,238910,"Construction (General, Civil, Specialty Trades)",Limited Liability Company (LLC),2019-03-13T00:00:00.000,Business Email Compromise (BEC) & Cyber Insurance Renewal
HOUSTON DR. PLUMBER LLC,HOUSTON DR. PLUMBER LLC,7815 MEADOWMOOR DR,HOUSTON,TX,77037,238220,"Plumbing, Heating, and Air-Conditioning Contractors",Limited Liability Company (LLC),2009-09-01T00:00:00.000,Business Email Compromise (BEC) & Cyber Insurance Renewal
HOUSTON EFFICIENT ENERGY SYSTEMS,"HOUSTON EFFICIENT ENERGY SYSTEMS, INC.",1509 WOODVINE DR,HOUSTON,TX,77055,238220,"Plumbing, Heating, and Air-Conditioning Contractors",Texas Corporation,2004-11-19T00:00:00.000,Business Email Compromise (BEC) & Cyber Insurance Renewal
"HOUSTON EMPIRE ELECTRIC CO, INC","HOUSTON EMPIRE ELECTRIC CO., INC.",2202 BINGLE RD,HOUSTON,TX,77055,238211,"Construction (General, Civil, Specialty Trades)",Texas Corporation,1988-02-10T00:00:00.000,Business Email Compromise (BEC) & Cyber Insurance Renewal
HOUSTON ENTERPRISE LLC,HOUSTON ENTERPRISE LLC,8137 WAY ST,HOUSTON,TX,77028,238110,"Construction (General, Civil, Specialty Trades)",Limited Liability Company (LLC),2025-07-15T00:00:00.000,Business Email Compromise (BEC) & Cyber Insurance Renewal
"HOUSTON FENCE CO., INC.","HOUSTON FENCE CO., INC.",11851 ORMANDY ST,HOUSTON,TX,77035,238991,"Construction (General, Civil, Specialty Trades)",Texas Corporation,2017-12-19T00:00:00.000,Business Email Compromise (BEC) & Cyber Insurance Renewal
"HOUSTON GARAGE FLOORS, LLC","HOUSTON GARAGE FLOORS, LLC",12311 OAK PARK CT,HOUSTON,TX,77070,238320,"Construction (General, Civil, Specialty Trades)",Limited Liability Company (LLC),2019-11-21T00:00:00.000,Business Email Compromise (BEC) & Cyber Insurance Renewal
HOUSTON HIGH DEFINITION,HI DEF HOUSTON LIMITED LIABILITY COMPANY,14115 COVENANT SPRINGS CT,HOUSTON,TX,77044,238210,Electrical Contractors and Other Wiring Installation,Limited Liability Company (LLC),2016-10-27T00:00:00.000,Business Email Compromise (BEC) & Cyber Insurance Renewal
"HOUSTON INSPECTION FIELD SERVICES, LLC","HOUSTON INSPECTION FIELD SERVICES, LLC",2425 FOUNTAIN VIEW DR STE 290,HOUSTON,TX,77057,238990,"Construction (General, Civil, Specialty Trades)",Limited Liability Company (LLC),2022-07-26T00:00:00.000,Business Email Compromise (BEC) & Cyber Insurance Renewal
HOUSTON INSTALLATION,VICTOR J BRESOFSKI,17431 HOOVER GARDEN DR,HOUSTON,TX,77095,238350,"Construction (General, Civil, Specialty Trades)",Type IS,2026-04-20T00:00:00.000,Business Email Compromise (BEC) & Cyber Insurance Renewal
HOUSTON LOCK & MAILBOXES,"HOUSTON APARTMENT MAILBOXES, LOCKS AND SUPPLIES, I",3407 MERCER ST,HOUSTON,TX,77027,238991,"Construction (General, Civil, Specialty Trades)",Texas Corporation,2018-05-17T00:00:00.000,Business Email Compromise (BEC) & Cyber Insurance Renewal
"HOUSTON LUXURY LIGHTING, LLC","HOUSTON LUXURY LIGHTING, LLC",16261 HOLLISTER ST STE 102A,HOUSTON,TX,77066,238991,"Construction (General, Civil, Specialty Trades)",Limited Liability Company (LLC),2024-11-20T00:00:00.000,Business Email Compromise (BEC) & Cyber Insurance Renewal
HOUSTON PAVING COMPANY,HOUSTON PAVING COMPANY,10022 BRIAR FOREST DR,HOUSTON,TX,77042,238992,"Construction (General, Civil, Specialty Trades)",Texas Corporation,2004-03-10T00:00:00.000,Business Email Compromise (BEC) & Cyber Insurance Renewal
"HOUSTON POST TENSION, INC.","HOUSTON POST TENSION, INC.",7015 SAN ANTONIO ST,HOUSTON,TX,77040,238111,"Construction (General, Civil, Specialty Trades)",Texas Corporation,2025-05-08T00:00:00.000,Business Email Compromise (BEC) & Cyber Insurance Renewal
HOUSTON PREMIER AIRFLOW,HOUSTON PREMIER AIRFLOW L.L.C.,12739 EDGEWOOD PARK DR,HOUSTON,TX,77038,238220,"Plumbing, Heating, and Air-Conditioning Contractors",Limited Liability Company (LLC),2023-03-24T00:00:00.000,Business Email Compromise (BEC) & Cyber Insurance Renewal
"HOUSTON PREMIUM GLASS, LLC","HOUSTON PREMIUM GLASS, LLC",5829 W SAM HOUSTON PKWY N STE 306,HOUSTON,TX,77041,238150,"Construction (General, Civil, Specialty Trades)",Limited Liability Company (LLC),2019-05-21T00:00:00.000,Business Email Compromise (BEC) & Cyber Insurance Renewal
HOUSTON ROOFING SOLUTIONS,HOUSTONIAN ROOFING SOLUTIONS INC,3416 ST EMANUEL ST,HOUSTON,TX,77004,238160,Roofing Contractors,Texas Corporation,2017-01-26T00:00:00.000,Business Email Compromise (BEC) & Cyber Insurance Renewal
"HOUSTON STAIR COMPANY, INC.","HOUSTON STAIR COMPANY, INC.",55 LYERLY ST STE 210,HOUSTON,TX,77022,238350,"Construction (General, Civil, Specialty Trades)",Texas Corporation,2025-06-11T00:00:00.000,Business Email Compromise (BEC) & Cyber Insurance Renewal
HOUSTON TEXAS,"TDS INTERIORS, LTD.",11310 TOWER OAKS BLVD,HOUSTON,TX,77065,238330,"Construction (General, Civil, Specialty Trades)",Type PL,2021-09-21T00:00:00.000,Business Email Compromise (BEC) & Cyber Insurance Renewal
HOUSTON TEXAS CLEANING SERVICES INC,HOUSTON TEXAS CLEANING SERVICES INC,10101 FONDREN RD STE 110,HOUSTON,TX,77096,238220,"Plumbing, Heating, and Air-Conditioning Contractors",Texas Corporation,2024-04-23T00:00:00.000,Business Email Compromise (BEC) & Cyber Insurance Renewal
HOUSTON TRACT INVESTMENT PROPERTIES LLC,"HOUSTON TRACT INVESTMENT PROPERTIES, LLC",4727 OMEARA DR,HOUSTON,TX,77035,238990,"Construction (General, Civil, Specialty Trades)",Limited Liability Company (LLC),2024-09-11T00:00:00.000,Business Email Compromise (BEC) & Cyber Insurance Renewal
HOUSTON TURF IRRIGATION,LARRY F ZUNTYCH,12522 MILL LANE DR,HOUSTON,TX,77070,238000,"Construction (General, Civil, Specialty Trades)",Type IS,1999-07-05T00:00:00.000,Business Email Compromise (BEC) & Cyber Insurance Renewal
HOUSTON'S BEST AIR & HEAT,FRANCISCO FAVELA JR,3618 OAKHALL DR,HOUSTON,TX,77066,238220,"Plumbing, Heating, and Air-Conditioning Contractors",Type IS,2019-05-29T00:00:00.000,Business Email Compromise (BEC) & Cyber Insurance Renewal
HOUSTON'S CUSTOM GLASS SOLUTIONS LLC,HOUSTON'S CUSTOM GLASS SOLUTIONS LLC,6341 ASHCROFT DR STE 6A,HOUSTON,TX,77081,238150,"Construction (General, Civil, Specialty Trades)",Limited Liability Company (LLC),2015-03-04T00:00:00.000,Business Email Compromise (BEC) & Cyber Insurance Renewal
"HOUSTON'S PREMIER COMMERCIAL CLEANING, INC.","HOUSTON'S PREMIER COMMERCIAL CLEANING, INC.",4005 BARNES ST,HOUSTON,TX,77007,238390,"Construction (General, Civil, Specialty Trades)",Texas Corporation,2013-03-05T00:00:00.000,Business Email Compromise (BEC) & Cyber Insurance Renewal
"HOUSTONSTAR CONCRETE, LLC.","HOUSTONSTAR CONCRETE, LLC.",10215 MILLRIDGE NORTH DR,HOUSTON,TX,77070,238110,"Construction (General, Civil, Specialty Trades)",Limited Liability Company (LLC),2023-08-04T00:00:00.000,Business Email Compromise (BEC) & Cyber Insurance Renewal
HOUTEX ELECTRIC,CRISTINA ORTIZ,712 BOOTH ST,HOUSTON,TX,77009,238210,Electrical Contractors and Other Wiring Installation,Type IS,2018-07-26T00:00:00.000,Business Email Compromise (BEC) & Cyber Insurance Renewal
HPM. HOUSTON PUMP AND MOTOR,OSCAR R DURAN,12820 HEMPSTEAD RD STE C,HOUSTON,TX,77092,238220,"Plumbing, Heating, and Air-Conditioning Contractors",Type IS,2026-03-16T00:00:00.000,Business Email Compromise (BEC) & Cyber Insurance Renewal
"HQ MOBILE INSTALLATION, LLC","HQ MOBILE INSTALLATION, LLC",11205 DUMAS ST,HOUSTON,TX,77034,238210,Electrical Contractors and Other Wiring Installation,Limited Liability Company (LLC),2026-01-26T00:00:00.000,Business Email Compromise (BEC) & Cyber Insurance Renewal
"HR MECHANICAL, L.L.C.","HR MECHANICAL, L.L.C.",19 HARBOUR DR,HOUSTON,TX,77058,238220,"Plumbing, Heating, and Air-Conditioning Contractors",Limited Liability Company (LLC),2008-01-30T00:00:00.000,Business Email Compromise (BEC) & Cyber Insurance Renewal
HT FLOORING SOLUTIONS LLC,HT FLOORING SOLUTIONS LLC,409 E 24TH ST,HOUSTON,TX,77008,238330,"Construction (General, Civil, Specialty Trades)",Limited Liability Company (LLC),2015-02-03T00:00:00.000,Business Email Compromise (BEC) & Cyber Insurance Renewal
HTX ELECTRICAL SOLUTIONS LLC,HTX ELECTRICAL SOLUTIONS LLC,13718 RURAL OAK ST,HOUSTON,TX,77034,238210,Electrical Contractors and Other Wiring Installation,Limited Liability Company (LLC),2024-08-01T00:00:00.000,Business Email Compromise (BEC) & Cyber Insurance Renewal
"HTX HVAC AND REFRIGERATION, LLC","HTX HVAC AND REFRIGERATION, LLC",8311 CLOVER GARDENS DR,HOUSTON,TX,77095,238220,"Plumbing, Heating, and Air-Conditioning Contractors",Limited Liability Company (LLC),2022-09-13T00:00:00.000,Business Email Compromise (BEC) & Cyber Insurance Renewal
HTX INDUSTRIES LLC,HTX INDUSTRIES LLC,1334 BRITTMOORE RD STE 1401,HOUSTON,TX,77043,238222,"Construction (General, Civil, Specialty Trades)",Limited Liability Company (LLC),2023-11-09T00:00:00.000,Business Email Compromise (BEC) & Cyber Insurance Renewal
HTX SHUTTERS LLC,HTX SHUTTERS LLC,2427 HAVERHILL DR,HOUSTON,TX,77008,238351,"Construction (General, Civil, Specialty Trades)",Limited Liability Company (LLC),2023-10-18T00:00:00.000,Business Email Compromise (BEC) & Cyber Insurance Renewal
HUAGUI HVACR LLC,HUAGUI HVACR LLC,7647 MESA RANCH TRL,HOUSTON,TX,77083,238220,"Plumbing, Heating, and Air-Conditioning Contractors",Limited Liability Company (LLC),2024-08-17T00:00:00.000,Business Email Compromise (BEC) & Cyber Insurance Renewal
"HUBBARD ELECTRIC COMPANY, LLC","HUBBARD ELECTRIC COMPANY, LLC",830 FREEPORT ST,HOUSTON,TX,77015,238210,Electrical Contractors and Other Wiring Installation,Limited Liability Company (LLC),2022-02-08T00:00:00.000,Business Email Compromise (BEC) & Cyber Insurance Renewal
HUBER CONSTRUCTION CO INC,"HUBER CONSTRUCTION COMPANY, INC.",5204 TEXAS ST,HOUSTON,TX,77011,238142,"Construction (General, Civil, Specialty Trades)",Texas Corporation,,Business Email Compromise (BEC) & Cyber Insurance Renewal
HUDSON BUILDING SYSTEMS LTD,"HUDSON BUILDING SYSTEMS, LTD.",10412 ROCKLEY RD,HOUSTON,TX,77099,238332,"Construction (General, Civil, Specialty Trades)",Type PL,1986-09-24T00:00:00.000,Business Email Compromise (BEC) & Cyber Insurance Renewal
HUGHES SYSTEMS INDUSTRIAL INCORPORATED,HUGHES SYSTEMS INDUSTRIAL INCORPORATED,6626 RUPLEY CIR,HOUSTON,TX,77087,238210,Electrical Contractors and Other Wiring Installation,Texas Corporation,2002-04-08T00:00:00.000,Business Email Compromise (BEC) & Cyber Insurance Renewal
"HUIJIA REMODELING, LLC","HUIJIA REMODELING, LLC",9400 BELLAIRE BLVD UNIT 304,HOUSTON,TX,77036,238221,"Construction (General, Civil, Specialty Trades)",Limited Liability Company (LLC),2022-01-19T00:00:00.000,Business Email Compromise (BEC) & Cyber Insurance Renewal
HUMPHREY COMPANY,"HUMPHREY COMPANY, LTD.",6877 WYNNWOOD LN,HOUSTON,TX,77008,238220,"Plumbing, Heating, and Air-Conditioning Contractors",Type PL,2019-04-24T00:00:00.000,Business Email Compromise (BEC) & Cyber Insurance Renewal
HUNTER BUILDING CORPORATION,STEP CONSTRUCTION SERVICES CORP.,14609 KIMBERLEY LN,HOUSTON,TX,77079,238990,"Construction (General, Civil, Specialty Trades)",Foreign Corporation (Out-of-State),2017-07-10T00:00:00.000,Business Email Compromise (BEC) & Cyber Insurance Renewal
HUNTER JACKSON PLUMBING CO INC,"HUNTER-JACKSON PLUMBING COMPANY, INC.",2328 HOSKINS DR,HOUSTON,TX,77080,238221,"Construction (General, Civil, Specialty Trades)",Texas Corporation,1984-05-05T00:00:00.000,Business Email Compromise (BEC) & Cyber Insurance Renewal
HUNTER SITE SERVICES LLC,HUNTER SITE SERVICES LLC,14935 JACINTOPORT BLVD,HOUSTON,TX,77015,238992,"Construction (General, Civil, Specialty Trades)",Limited Liability Company (LLC),2012-06-28T00:00:00.000,Business Email Compromise (BEC) & Cyber Insurance Renewal
HVAC CONCEPTS INC,HVAC CONCEPTS INC,5107 SPREY DR,HOUSTON,TX,77084,238220,"Plumbing, Heating, and Air-Conditioning Contractors",Texas Corporation,2025-10-14T00:00:00.000,Business Email Compromise (BEC) & Cyber Insurance Renewal
HVAC MECHANICAL SERVICES OF TEXAS,"HVAC MECHANICAL SERVICES OF TEXAS, LTD.",10555 WESTPARK DR,HOUSTON,TX,77042,238220,"Plumbing, Heating, and Air-Conditioning Contractors",Type PL,2006-09-12T00:00:00.000,Business Email Compromise (BEC) & Cyber Insurance Renewal
HVAC PRIME SOLUTIONS LLC,HVAC PRIME SOLUTIONS LLC,448 W 19TH ST # 734,HOUSTON,TX,77008,238220,"Plumbing, Heating, and Air-Conditioning Contractors",Limited Liability Company (LLC),2026-04-15T00:00:00.000,Business Email Compromise (BEC) & Cyber Insurance Renewal
HVAC SOLUTIONS & SERVICES LLC,HVAC SOLUTIONS & SERVICES LLC,17715 WAYFOREST DR APT 307,HOUSTON,TX,77060,238220,"Plumbing, Heating, and Air-Conditioning Contractors",Limited Liability Company (LLC),2024-03-05T00:00:00.000,Business Email Compromise (BEC) & Cyber Insurance Renewal
"HYUNDAI ELECTRICAL CONTRACTOR, LLC","HYUNDAI ELECTRICAL CONTRACTOR, LLC",1372 COUNTRY PLACE DR,HOUSTON,TX,77079,238210,Electrical Contractors and Other Wiring Installation,Limited Liability Company (LLC),2012-04-19T00:00:00.000,Business Email Compromise (BEC) & Cyber Insurance Renewal
I & I GROUP INC,I & I GROUP INC,6000 REIMS RD APT 3504,HOUSTON,TX,77036,238330,"Construction (General, Civil, Specialty Trades)",Texas Corporation,2019-02-12T00:00:00.000,Business Email Compromise (BEC) & Cyber Insurance Renewal
I HEART HOUSTON,MAIER CONNECTS LLC,2007 CHAPARRAL DR,HOUSTON,TX,77043,238340,"Construction (General, Civil, Specialty Trades)",Limited Liability Company (LLC),2024-08-16T00:00:00.000,Business Email Compromise (BEC) & Cyber Insurance Renewal
I&J AC AND HEATING,I&J AC AND HEATING LLC,134 VINTAGE PARK BLVD STE A-581,HOUSTON,TX,77070,238220,"Plumbing, Heating, and Air-Conditioning Contractors",Limited Liability Company (LLC),2024-07-18T00:00:00.000,Business Email Compromise (BEC) & Cyber Insurance Renewal
"I-TECH COMMUNICATIONS, INC.","I-TECH COMMUNICATIONS, INC.",16240 SEAHORSE DR,HOUSTON,TX,77062,238210,Electrical Contractors and Other Wiring Installation,Texas Corporation,2023-04-18T00:00:00.000,Business Email Compromise (BEC) & Cyber Insurance Renewal
I-WINDOW REMODELING,"I-WINDOW REMODELING, LLC",6125 W SAM HOUSTON PKWY N STE 501,HOUSTON,TX,77041,238191,"Construction (General, Civil, Specialty Trades)",Limited Liability Company (LLC),2025-06-13T00:00:00.000,Business Email Compromise (BEC) & Cyber Insurance Renewal
"I.C. SERVICES, L.L.C.","I.C. SERVICES, L.L.C.",5916 W 34TH ST STE N,HOUSTON,TX,77092,238350,"Construction (General, Civil, Specialty Trades)",Limited Liability Company (LLC),2013-11-18T00:00:00.000,Business Email Compromise (BEC) & Cyber Insurance Renewal
I.S.J. ELECTRICAL SERVICES LLC,I.S.J. ELECTRICAL SERVICES LLC,7151 GARDEN ST,HOUSTON,TX,77087,238210,Electrical Contractors and Other Wiring Installation,Limited Liability Company (LLC),2023-07-19T00:00:00.000,Business Email Compromise (BEC) & Cyber Insurance Renewal
IAQ-ENERGY SOLUTIONS INC,"IAQ-ENERGY SOLUTIONS, INC.",12401 PALMSPRINGS DR,HOUSTON,TX,77034,238221,"Construction (General, Civil, Specialty Trades)",Texas Corporation,2002-09-06T00:00:00.000,Business Email Compromise (BEC) & Cyber Insurance Renewal
IBARRA ELECTRIC,"IBARRA CONSTRUCTION GROUP, LLC",217 WEISENBERGER DR,HOUSTON,TX,77022,238212,"Construction (General, Civil, Specialty Trades)",Limited Liability Company (LLC),2023-11-28T00:00:00.000,Business Email Compromise (BEC) & Cyber Insurance Renewal
ICARUS SOLAR LLC,ICARUS SOLAR LLC,1719 BLALOCK RD,HOUSTON,TX,77080,238160,Roofing Contractors,Limited Liability Company (LLC),2026-05-26T00:00:00.000,Business Email Compromise (BEC) & Cyber Insurance Renewal
ICOT ELECTRIC LLC,ICOT ELECTRIC LLC,10322 SOUTHPORT DR,HOUSTON,TX,77089,238210,Electrical Contractors and Other Wiring Installation,Limited Liability Company (LLC),2023-01-25T00:00:00.000,Business Email Compromise (BEC) & Cyber Insurance Renewal
ICS ENERGY MANAGEMENT SERVICE LLC,ICS ENERGY MANAGEMENT SERVICE LLC,16010 BARKERS POINT LN STE 580,HOUSTON,TX,77079,238210,Electrical Contractors and Other Wiring Installation,Corporation / Corporate Entity,2025-02-01T00:00:00.000,Business Email Compromise (BEC) & Cyber Insurance Renewal
IDC ROOFING AND RENOVATIONS LLC,IDC ROOFING AND RENOVATIONS LLC,11214 EARLY SPRING CIR,HOUSTON,TX,77064,238991,"Construction (General, Civil, Specialty Trades)",Limited Liability Company (LLC),2023-06-28T00:00:00.000,Business Email Compromise (BEC) & Cyber Insurance Renewal
"IDEAL ROOFING, LLC","IDEAL ROOFING, LLC",9535 CLAY RD,HOUSTON,TX,77080,238160,Roofing Contractors,Limited Liability Company (LLC),2014-01-28T00:00:00.000,Business Email Compromise (BEC) & Cyber Insurance Renewal
IDELMAR CONSTRUCTION,IDELMAR CONSTRUCTION LLC,5966 SOUTHWIND ST,HOUSTON,TX,77033,238312,"Construction (General, Civil, Specialty Trades)",Limited Liability Company (LLC),2015-05-05T00:00:00.000,Business Email Compromise (BEC) & Cyber Insurance Renewal
"IES RESIDENTIAL, INC.","IES RESIDENTIAL, INC.",5433 WESTHEIMER RD STE 500,HOUSTON,TX,77056,238210,Electrical Contractors and Other Wiring Installation,Foreign Corporation (Out-of-State),2016-03-21T00:00:00.000,Business Email Compromise (BEC) & Cyber Insurance Renewal
"IES TX RE, LLC","IES TX RE, LLC",2925 BRIARPARK DR # 250,HOUSTON,TX,77042,238210,Electrical Contractors and Other Wiring Installation,Corporation / Corporate Entity,2025-12-04T00:00:00.000,Business Email Compromise (BEC) & Cyber Insurance Renewal
"IESMART SYSTEMS, L.L.C.","IESMART SYSTEMS, L.L.C.",15200 E HARDY RD,HOUSTON,TX,77032,238212,"Construction (General, Civil, Specialty Trades)",Limited Liability Company (LLC),2007-04-26T00:00:00.000,Business Email Compromise (BEC) & Cyber Insurance Renewal
IGNITE AIR SYSTEMS,IGNITE AIR SYSTEMS LLC,17000 EL CAMINO REAL STE 307F,HOUSTON,TX,77058,238220,"Plumbing, Heating, and Air-Conditioning Contractors",Limited Liability Company (LLC),2022-06-11T00:00:00.000,Business Email Compromise (BEC) & Cyber Insurance Renewal
"IGRANITE, LLC","IGRANITE, LLC",1808 W SAM HOUSTON PKWY N,HOUSTON,TX,77043,238140,"Construction (General, Civil, Specialty Trades)",Limited Liability Company (LLC),2020-04-15T00:00:00.000,Business Email Compromise (BEC) & Cyber Insurance Renewal
ILLUMASCAPE,"MERCY GRACE PARTNERS, LLC",10530 WINDFERN RD,HOUSTON,TX,77064,238990,"Construction (General, Civil, Specialty Trades)",Limited Liability Company (LLC),2022-09-17T00:00:00.000,Business Email Compromise (BEC) & Cyber Insurance Renewal
ILLUMINATIONS LIGHTING DESIGN,"RULON ELECTRIC ILLUMINATIONS COMPANY, INC.",607 DURHAM DR,HOUSTON,TX,77007,238210,Electrical Contractors and Other Wiring Installation,Texas Corporation,1993-08-19T00:00:00.000,Business Email Compromise (BEC) & Cyber Insurance Renewal
"ILLUMITECH ELECTRIC, LLC","ILLUMITECH ELECTRIC, LLC",4218 RICHMOND AVE,HOUSTON,TX,77027,238210,Electrical Contractors and Other Wiring Installation,Limited Liability Company (LLC),2026-02-27T00:00:00.000,Business Email Compromise (BEC) & Cyber Insurance Renewal
ILLUSION AV,ARMANDO E HERNANDEZ,7714 WINTER GLEN LN,HOUSTON,TX,77072,238210,Electrical Contractors and Other Wiring Installation,Type IS,2026-08-31T00:00:00.000,Business Email Compromise (BEC) & Cyber Insurance Renewal
IMAGE PAINTING LLC,IMAGE PAINTING LLC,9126 ROCKCLIFF DR,HOUSTON,TX,77037,238320,"Construction (General, Civil, Specialty Trades)",Limited Liability Company (LLC),2023-07-15T00:00:00.000,Business Email Compromise (BEC) & Cyber Insurance Renewal
IMOOR CORPORATION,IMOOR CORPORATION,2211 LAUDER RD,HOUSTON,TX,77039,238350,"Construction (General, Civil, Specialty Trades)",Texas Corporation,2020-03-13T00:00:00.000,Business Email Compromise (BEC) & Cyber Insurance Renewal
"IMPACT FIRE SERVICES, LLC","IMPACT FIRE SERVICES, LLC",1285 N POST OAK RD STE 102,HOUSTON,TX,77055,238220,"Plumbing, Heating, and Air-Conditioning Contractors",Corporation / Corporate Entity,2009-07-31T00:00:00.000,Business Email Compromise (BEC) & Cyber Insurance Renewal
"IMPACT FLOORS OF TEXAS, L.P.","IMPACT FLOORS OF TEXAS, LLC",5737 BRITTMOORE RD,HOUSTON,TX,77041,238330,"Construction (General, Civil, Specialty Trades)",Limited Liability Company (LLC),2018-07-16T00:00:00.000,Business Email Compromise (BEC) & Cyber Insurance Renewal
IMPACT PROPERTY SOLUTIONS,"CRITERION SUPPLY, LLC",5737 BRITTMOORE RD STE 200,HOUSTON,TX,77041,238330,"Construction (General, Civil, Specialty Trades)",Corporation / Corporate Entity,2026-06-02T00:00:00.000,Business Email Compromise (BEC) & Cyber Insurance Renewal
"IMPACT STONE DESIGN, INC.","IMPACT STONE DESIGN, INC.",3118 GOLFCREST BLVD,HOUSTON,TX,77087,238140,"Construction (General, Civil, Specialty Trades)",Texas Corporation,2019-04-24T00:00:00.000,Business Email Compromise (BEC) & Cyber Insurance Renewal
IMPERIAL FLOORING SERVICES,TX IMPERIAL FLOORING SERVICE CORPORATION,5022 KLEINBROOK DR,HOUSTON,TX,77066,238330,"Construction (General, Civil, Specialty Trades)",Texas Corporation,2023-08-23T00:00:00.000,Business Email Compromise (BEC) & Cyber Insurance Renewal
IMPERIAL GRANITE & CABINETS,"HOUSTON CABINET WHOLESALE, LLC",8700 CLAY RD STE 216,HOUSTON,TX,77080,238140,"Construction (General, Civil, Specialty Trades)",Limited Liability Company (LLC),2019-10-15T00:00:00.000,Business Email Compromise (BEC) & Cyber Insurance Renewal
IN THE LOOP PLUMBING SERVICES LLC,IN THE LOOP PLUMBING SERVICES LLC,3009 TEXAS ST,HOUSTON,TX,77003,238220,"Plumbing, Heating, and Air-Conditioning Contractors",Limited Liability Company (LLC),2025-07-10T00:00:00.000,Business Email Compromise (BEC) & Cyber Insurance Renewal
INDEPENDENT COMMERCIAL CONTRACTORS,ERIC R POCEVIC,2001 PECH RD,HOUSTON,TX,77055,238900,"Construction (General, Civil, Specialty Trades)",Type IS,1998-12-17T00:00:00.000,Business Email Compromise (BEC) & Cyber Insurance Renewal
"INDOOR AIR, INCORPORATED","INDOOR AIR, INCORPORATED",5801 MAPLE ST,HOUSTON,TX,77074,238220,"Plumbing, Heating, and Air-Conditioning Contractors",Texas Corporation,2020-07-14T00:00:00.000,Business Email Compromise (BEC) & Cyber Insurance Renewal
INDUCON INC,"INDUCON, INC.",6109 SAINT AUGUSTINE ST,HOUSTON,TX,77021,238222,"Construction (General, Civil, Specialty Trades)",Texas Corporation,2002-11-15T00:00:00.000,Business Email Compromise (BEC) & Cyber Insurance Renewal
"INDUSTRIAL ELECTRICAL SERVICES, INC.","INDUSTRIAL ELECTRICAL SERVICES, INC.",5543 ARMOUR DR,HOUSTON,TX,77020,238212,"Construction (General, Civil, Specialty Trades)",Texas Corporation,2017-07-13T00:00:00.000,Business Email Compromise (BEC) & Cyber Insurance Renewal
"INDUSTRIAL GUNITE, INC.","INDUSTRIAL GUNITE, INC.",14803 GARRETT RD,HOUSTON,TX,77044,238112,"Construction (General, Civil, Specialty Trades)",Texas Corporation,2018-04-17T00:00:00.000,Business Email Compromise (BEC) & Cyber Insurance Renewal
INDUSTRIOUS ENERGY SOLUTIONS LLC,NXG ENERGY SERVICES LLC,12221 FM 529 RD,HOUSTON,TX,77041,238210,Electrical Contractors and Other Wiring Installation,Limited Liability Company (LLC),2025-04-02T00:00:00.000,Business Email Compromise (BEC) & Cyber Insurance Renewal
"INFINITY GLASS INSTALLATIONS, INC.","INFINITY GLASS INSTALLATIONS, INC.",12402 ANN LN STE B,HOUSTON,TX,77064,238150,"Construction (General, Civil, Specialty Trades)",Texas Corporation,2026-09-09T00:00:00.000,Business Email Compromise (BEC) & Cyber Insurance Renewal
"INFINITY MARINE OFFSHORE, LLC","INFINITY MARINE OFFSHORE, LLC",12775 NIMITZ ST,HOUSTON,TX,77015,238992,"Construction (General, Civil, Specialty Trades)",Limited Liability Company (LLC),2023-08-25T00:00:00.000,Business Email Compromise (BEC) & Cyber Insurance Renewal
"INFINITY ROOFING & SIDING, LLC","INFINITY ROOFING & SIDING, LLC",18000 GROESCHKE RD STE G7,HOUSTON,TX,77084,238160,Roofing Contractors,Limited Liability Company (LLC),2012-07-09T00:00:00.000,Business Email Compromise (BEC) & Cyber Insurance Renewal
"INFINITY SYSTEMS, INC.","INFINITY SYSTEMS, INC.",12014 WINDFERN RD,HOUSTON,TX,77064,238220,"Plumbing, Heating, and Air-Conditioning Contractors",Texas Corporation,2022-04-13T00:00:00.000,Business Email Compromise (BEC) & Cyber Insurance Renewal
INFRASOURCE DASHIELL LLC,DASHIELL CORPORATION,12301 KURLAND DR,HOUSTON,TX,77034,238210,Electrical Contractors and Other Wiring Installation,Foreign Corporation (Out-of-State),2007-02-08T00:00:00.000,Business Email Compromise (BEC) & Cyber Insurance Renewal
"INGLES, LLC DBA PRO AIR","INGLES, LLC",6805 CARSON RD,HOUSTON,TX,77048,238220,"Plumbing, Heating, and Air-Conditioning Contractors",Limited Liability Company (LLC),2018-03-14T00:00:00.000,Business Email Compromise (BEC) & Cyber Insurance Renewal
INKD WALL LLC,INKD WALL LLC,960 PATTERSON ST,HOUSTON,TX,77007,238320,"Construction (General, Civil, Specialty Trades)",Limited Liability Company (LLC),2024-06-25T00:00:00.000,Business Email Compromise (BEC) & Cyber Insurance Renewal
INMOTION TECHNICAL SUPPORT,STEVEN DANIEL CHAPITAL,13003 BACH ELM ST,HOUSTON,TX,77070,238210,Electrical Contractors and Other Wiring Installation,Type IS,2010-09-15T00:00:00.000,Business Email Compromise (BEC) & Cyber Insurance Renewal
INNOV8 ANYTHING,STEPHEN A TRIMM,2930 STETSON LN,HOUSTON,TX,77043,238210,Electrical Contractors and Other Wiring Installation,Type IS,2015-10-16T00:00:00.000,Business Email Compromise (BEC) & Cyber Insurance Renewal
INNOVATIVE EQUIPMENT AND LOGISTICS LLC,INNOVATIVE EQUIPMENT AND LOGISTICS LLC,3663 BRIARPARK DR,HOUSTON,TX,77042,238292,"Construction (General, Civil, Specialty Trades)",Limited Liability Company (LLC),2025-05-22T00:00:00.000,Business Email Compromise (BEC) & Cyber Insurance Renewal
INNOVATIVE GLASS AND MIRROR,INNOVATIVE GLASS & MIRROR LLC,2331 WIRTCREST LN STE A,HOUSTON,TX,77055,238150,"Construction (General, Civil, Specialty Trades)",Limited Liability Company (LLC),2024-12-02T00:00:00.000,Business Email Compromise (BEC) & Cyber Insurance Renewal
"INOVUES, INC.","INOVUES, INC.",2700 POST OAK BLVD STE 2100,HOUSTON,TX,77056,238150,"Construction (General, Civil, Specialty Trades)",Foreign Corporation (Out-of-State),2024-06-18T00:00:00.000,Business Email Compromise (BEC) & Cyber Insurance Renewal
INOX E.P. & WELDING LLC,INOX E.P. & WELDING LLC,17350 STATE HIGHWAY 249 STE 22026553,HOUSTON,TX,77064,238190,"Construction (General, Civil, Specialty Trades)",Limited Liability Company (LLC),2026-01-08T00:00:00.000,Business Email Compromise (BEC) & Cyber Insurance Renewal
"INSCO DISTRIBITING, INC. #1535","INSCO DISTRIBUTING, INC.",11102 BELTLINE RD STE 200,HOUSTON,TX,77067,238220,"Plumbing, Heating, and Air-Conditioning Contractors",Texas Corporation,2020-12-11T00:00:00.000,Business Email Compromise (BEC) & Cyber Insurance Renewal
INSPECTECH,PENNY LANE ENTERPRISES LLC,1802 MILLS ST,HOUSTON,TX,77026,238210,Electrical Contractors and Other Wiring Installation,Limited Liability Company (LLC),2020-05-08T00:00:00.000,Business Email Compromise (BEC) & Cyber Insurance Renewal
"INSTALLATION SYSTEMS, LLC","INSTALLATION SYSTEMS, L.L.C.",2141 BINGLE RD,HOUSTON,TX,77055,238340,"Construction (General, Civil, Specialty Trades)",Limited Liability Company (LLC),2017-12-14T00:00:00.000,Business Email Compromise (BEC) & Cyber Insurance Renewal
"INSTALLED BUILDING PRODUCTS OF HOUSTON, LLC","INSTALLED BUILDING PRODUCTS OF HOUSTON, LLC",16526 AIR CENTER BLVD,HOUSTON,TX,77032,238310,"Construction (General, Civil, Specialty Trades)",Corporation / Corporate Entity,2016-12-03T00:00:00.000,Business Email Compromise (BEC) & Cyber Insurance Renewal
INSTALLS ONE LLC,AMERICAN INSTALLS LLC,5315 FM 1960 RD W STE B183,HOUSTON,TX,77069,238990,"Construction (General, Civil, Specialty Trades)",Limited Liability Company (LLC),2019-10-04T00:00:00.000,Business Email Compromise (BEC) & Cyber Insurance Renewal
INSTANT CHIMNEY,INSTANT CHIMNEY LLC,2000 NORTH LOOP W STE 204,HOUSTON,TX,77018,238140,"Construction (General, Civil, Specialty Trades)",Limited Liability Company (LLC),2023-07-24T00:00:00.000,Business Email Compromise (BEC) & Cyber Insurance Renewal
INTEGRATED POOL & SPA SOLUTIONS LLC,INTEGRATED POOL & SPA SOLUTIONS LLC,1811 BERING DR STE 100,HOUSTON,TX,77057,238990,"Construction (General, Civil, Specialty Trades)",Limited Liability Company (LLC),2020-10-01T00:00:00.000,Business Email Compromise (BEC) & Cyber Insurance Renewal
INTEGRENCE CONSTRUCTION,"INTEGRENCE CONSTRUCTION MANAGEMENT, INC.",9310 REID LAKE DR,HOUSTON,TX,77064,238130,"Construction (General, Civil, Specialty Trades)",Texas Corporation,2008-04-21T00:00:00.000,Business Email Compromise (BEC) & Cyber Insurance Renewal
"INTERIORS UNLIMITED BY DESIGN, INC.","INTERIORS UNLIMITED BY DESIGN, INC.",143 LITCHFIELD LN,HOUSTON,TX,77024,238991,"Construction (General, Civil, Specialty Trades)",Texas Corporation,2023-01-05T00:00:00.000,Business Email Compromise (BEC) & Cyber Insurance Renewal
INTERNATIONAL DRYWALL SYSTEMS INC,"INTERNATIONAL DRYWALL SYSTEMS, INC.",10215 PAPALOTE ST STE 2,HOUSTON,TX,77041,238311,"Construction (General, Civil, Specialty Trades)",Texas Corporation,2025-09-15T00:00:00.000,Business Email Compromise (BEC) & Cyber Insurance Renewal
INTERNATIONAL FIRE PROTECTION INC,"INTERNATIONAL FIRE PROTECTION, INC.",5201 MITCHELLDALE ST STE B6,HOUSTON,TX,77092,238220,"Plumbing, Heating, and Air-Conditioning Contractors",Foreign Corporation (Out-of-State),2005-04-20T00:00:00.000,Business Email Compromise (BEC) & Cyber Insurance Renewal
"INTERNATIONAL HARDWOOD FLOORING, LLC","INTERNATIONAL HARDWOOD FLOORING, LLC",2114 BINGLE RD,HOUSTON,TX,77055,238330,"Construction (General, Civil, Specialty Trades)",Limited Liability Company (LLC),2025-10-22T00:00:00.000,Business Email Compromise (BEC) & Cyber Insurance Renewal
"INTERNATIONAL STONEWORKS, INC.","INTERNATIONAL STONEWORKS, INC.",8650 FAIRBANKS N HOUSTON RD,HOUSTON,TX,77064,238141,"Construction (General, Civil, Specialty Trades)",Texas Corporation,2016-09-15T00:00:00.000,Business Email Compromise (BEC) & Cyber Insurance Renewal
"INTERNATIONAL WOMEN IN CONSTRUCTION, LLC",INTERNATIONAL WOMEN IN CONSTRUCTION LLC,9597 JONES RD # 208,HOUSTON,TX,77065,238990,"Construction (General, Civil, Specialty Trades)",Limited Liability Company (LLC),2025-03-15T00:00:00.000,Business Email Compromise (BEC) & Cyber Insurance Renewal
INTERSTELLAR AIR SOLUTIONS LLC,INTERSTELLAR AIR SOLUTIONS LLC,12645 MEMORIAL DR STE F1 # 682,HOUSTON,TX,77024,238220,"Plumbing, Heating, and Air-Conditioning Contractors",Limited Liability Company (LLC),2026-06-03T00:00:00.000,Business Email Compromise (BEC) & Cyber Insurance Renewal
"INTERTECH SECURITY, LLC","INTERTECH SECURITY, LLC",219B AIRTEX DR,HOUSTON,TX,77090,238210,Electrical Contractors and Other Wiring Installation,Corporation / Corporate Entity,2018-04-24T00:00:00.000,Business Email Compromise (BEC) & Cyber Insurance Renewal
"INTEX FLOORING, L.L.C.","INTEX FLOORING, L.L.C.",8316 WILLOW PLACE DR N BLDG C,HOUSTON,TX,77070,238330,"Construction (General, Civil, Specialty Trades)",Limited Liability Company (LLC),2019-09-09T00:00:00.000,Business Email Compromise (BEC) & Cyber Insurance Renewal
"IPEC, INC.","IPEC, INC.",840 GESSNER RD STE 950,HOUSTON,TX,77024,238990,"Construction (General, Civil, Specialty Trades)",Foreign Corporation (Out-of-State),2026-03-18T00:00:00.000,Business Email Compromise (BEC) & Cyber Insurance Renewal
IRON ACCESS,"GREATER HOUSTON ACCESS, INC.",1823 SHERWOOD FOREST ST,HOUSTON,TX,77043,238990,"Construction (General, Civil, Specialty Trades)",Texas Corporation,2019-03-20T00:00:00.000,Business Email Compromise (BEC) & Cyber Insurance Renewal
IRON TOP DESIGNS LLC,IRON TOP DESIGNS LLC,14041 CHRISMAN RD,HOUSTON,TX,77039,238190,"Construction (General, Civil, Specialty Trades)",Limited Liability Company (LLC),2021-12-23T00:00:00.000,Business Email Compromise (BEC) & Cyber Insurance Renewal
IRONOAK STONEWORKS INC,IRONOAK STONEWORKS INC.,16745 NORTH FWY STE B,HOUSTON,TX,77090,238140,"Construction (General, Civil, Specialty Trades)",Texas Corporation,2025-12-10T00:00:00.000,Business Email Compromise (BEC) & Cyber Insurance Renewal
IRRIGATION RESOURCES INC,"IRRIGATION RESOURCES, INC.",6020 JESSAMINE ST STE 206,HOUSTON,TX,77081,238221,"Construction (General, Civil, Specialty Trades)",Texas Corporation,1995-03-02T00:00:00.000,Business Email Compromise (BEC) & Cyber Insurance Renewal
"IS2, L.L.C.","IS2, L.L.C.",6627 W T C JESTER BLVD,HOUSTON,TX,77091,238210,Electrical Contractors and Other Wiring Installation,Limited Liability Company (LLC),2024-12-02T00:00:00.000,Business Email Compromise (BEC) & Cyber Insurance Renewal
"ISI DESIGN AND INSTALLATION SOLUTIONS, INC.","ISI DESIGN AND INSTALLATION SOLUTIONS, INC.",15625 VICKERY DR,HOUSTON,TX,77032,238390,"Construction (General, Civil, Specialty Trades)",Foreign Corporation (Out-of-State),2024-12-02T00:00:00.000,Business Email Compromise (BEC) & Cyber Insurance Renewal
ISLAND CABLING LLC,ISLAND CABLING LLC,17350 STATE HIGHWAY 249 STE 220,HOUSTON,TX,77064,238210,Electrical Contractors and Other Wiring Installation,Limited Liability Company (LLC),2024-05-17T00:00:00.000,Business Email Compromise (BEC) & Cyber Insurance Renewal
ISTUDIO PROJECTS INC.,ISTUDIO PROJECTS INC.,5100 WESTHEIMER RD STE 200,HOUSTON,TX,77056,238290,"Construction (General, Civil, Specialty Trades)",Texas Corporation,2018-08-01T00:00:00.000,Business Email Compromise (BEC) & Cyber Insurance Renewal
IT DIMENSIONS INC,"IT DIMENSIONS, INC.",5723 STAR LN,HOUSTON,TX,77057,238210,Electrical Contractors and Other Wiring Installation,Texas Corporation,2001-06-27T00:00:00.000,Business Email Compromise (BEC) & Cyber Insurance Renewal
J & E HVAC SOLUTIONS LLC,J & E HVAC SOLUTIONS LLC,4405 TELEPHONE RD,HOUSTON,TX,77087,238221,"Construction (General, Civil, Specialty Trades)",Limited Liability Company (LLC),2026-08-24T00:00:00.000,Business Email Compromise (BEC) & Cyber Insurance Renewal
"J & J ELECTRICAL SERVICES & CONTROLS, INC.","J & J ELECTRICAL SERVICES & CONTROLS, INC.",1107 UPLAND DR STE A,HOUSTON,TX,77043,238212,"Construction (General, Civil, Specialty Trades)",Texas Corporation,1993-07-02T00:00:00.000,Business Email Compromise (BEC) & Cyber Insurance Renewal
"J & S MECHANICAL CONTRACTORS, INC.","J & S MECHANICAL CONTRACTORS, INC.",2111 W 34TH ST,HOUSTON,TX,77018,238222,"Construction (General, Civil, Specialty Trades)",Texas Corporation,1990-01-03T00:00:00.000,Business Email Compromise (BEC) & Cyber Insurance Renewal
J A & J ALARMS & STEREOS/ANGEL'S COOLING & HEATING,JOSE ANGEL CAZARES,122 E RIVERWOOD DR,HOUSTON,TX,77076,238220,"Plumbing, Heating, and Air-Conditioning Contractors",Type IS,2006-04-05T00:00:00.000,Business Email Compromise (BEC) & Cyber Insurance Renewal
J B S PLUMBING SERVICES INCORPORATED,J B S PLUMBING SERVICES INCORPORATED,17702 RED WOLF DR,HOUSTON,TX,77084,238220,"Plumbing, Heating, and Air-Conditioning Contractors",Texas Corporation,2013-07-27T00:00:00.000,Business Email Compromise (BEC) & Cyber Insurance Renewal
"J F MILLWORK, INC.","J F MILLWORK, INC.",5718 BINGLE RD STE B,HOUSTON,TX,77092,238990,"Construction (General, Civil, Specialty Trades)",Texas Corporation,2017-05-05T00:00:00.000,Business Email Compromise (BEC) & Cyber Insurance Renewal
J L WOOD ELECTRIC CO INC,"J. L. WOOD ELECTRIC CO., INC.",5415 YALE ST,HOUSTON,TX,77091,238212,"Construction (General, Civil, Specialty Trades)",Texas Corporation,1996-01-11T00:00:00.000,Business Email Compromise (BEC) & Cyber Insurance Renewal
J T LANEHART ELECTRIC COMPANY INC,"J. T. LANEHART ELECTRIC COMPANY, INC.",2033 BINGLE RD,HOUSTON,TX,77055,238211,"Construction (General, Civil, Specialty Trades)",Texas Corporation,1988-02-03T00:00:00.000,Business Email Compromise (BEC) & Cyber Insurance Renewal
J T LANEHART ELECTRIC COMPANY INC,"J. T. LANEHART ELECTRIC COMPANY, INC.",16319 WAVERLY DR,HOUSTON,TX,77032,238211,"Construction (General, Civil, Specialty Trades)",Texas Corporation,2004-10-25T00:00:00.000,Business Email Compromise (BEC) & Cyber Insurance Renewal
J T VAUGHN CONSTRUCTION COMPANY INC,"J. T. VAUGHN ENTERPRISES, INC.",10355 WESTPARK DR,HOUSTON,TX,77042,238190,"Construction (General, Civil, Specialty Trades)",Texas Corporation,2000-08-31T00:00:00.000,Business Email Compromise (BEC) & Cyber Insurance Renewal
"J W EAST MECHANICAL, INC.","J W EAST MECHANICAL, INC.",2627 TALINA WAY,HOUSTON,TX,77080,238220,"Plumbing, Heating, and Air-Conditioning Contractors",Texas Corporation,2012-07-13T00:00:00.000,Business Email Compromise (BEC) & Cyber Insurance Renewal
J&E SIFUENTES LLC,J&E SIFUENTES LLC,10810 TELEPHONE RD TRLR 606,HOUSTON,TX,77075,238110,"Construction (General, Civil, Specialty Trades)",Limited Liability Company (LLC),2017-04-29T00:00:00.000,Business Email Compromise (BEC) & Cyber Insurance Renewal
J&M BROTHERS LLC,J&M BROTHERS LLC,903 HODGKINS ST STE 102,HOUSTON,TX,77032,238991,"Construction (General, Civil, Specialty Trades)",Limited Liability Company (LLC),2018-08-24T00:00:00.000,Business Email Compromise (BEC) & Cyber Insurance Renewal
"J. LOVEJOY MECHANICAL CONTRACTORS, INC.","J. LOVEJOY MECHANICAL CONTRACTORS, INC.",6651 SIGNAT DR,HOUSTON,TX,77041,238222,"Construction (General, Civil, Specialty Trades)",Texas Corporation,1983-02-25T00:00:00.000,Business Email Compromise (BEC) & Cyber Insurance Renewal
"J.Q. BRICK REPAIR & RESTORATION SERVICES, LLC","J.Q. BRICK REPAIR & RESTORATION SERVICES, LLC",8433 NORTHERN ST,HOUSTON,TX,77071,238990,"Construction (General, Civil, Specialty Trades)",Limited Liability Company (LLC),2018-01-24T00:00:00.000,Business Email Compromise (BEC) & Cyber Insurance Renewal
J.R. JONES ROOFING,ESKOLA LLC,5511 MITCHELLDALE ST,HOUSTON,TX,77092,238160,Roofing Contractors,Corporation / Corporate Entity,2024-11-01T00:00:00.000,Business Email Compromise (BEC) & Cyber Insurance Renewal
J.R.WHOLESALE FLOORING LLC,J.R.WHOLESALE FLOORING LLC,2624 LAUDER RD,HOUSTON,TX,77039,238330,"Construction (General, Civil, Specialty Trades)",Limited Liability Company (LLC),2021-06-29T00:00:00.000,Business Email Compromise (BEC) & Cyber Insurance Renewal
"JAC'S MECHANICAL, LLC","JAC'S MECHANICAL, LLC",8411 AMBLEWOOD DR,HOUSTON,TX,77072,238220,"Plumbing, Heating, and Air-Conditioning Contractors",Limited Liability Company (LLC),2017-03-29T00:00:00.000,Business Email Compromise (BEC) & Cyber Insurance Renewal
JACOBI A/C & HEATING,"JACOBI ENTERPRISES, INC.",5616 MITCHELLDALE ST,HOUSTON,TX,77092,238220,"Plumbing, Heating, and Air-Conditioning Contractors",Texas Corporation,1988-11-04T00:00:00.000,Business Email Compromise (BEC) & Cyber Insurance Renewal
JAMES CIOSEK,JAMES W CIOSEK,1519 OXFORD ST,HOUSTON,TX,77008,238990,"Construction (General, Civil, Specialty Trades)",Type IS,2007-02-12T00:00:00.000,Business Email Compromise (BEC) & Cyber Insurance Renewal
"JAMES DAWSON DESIGN, INC.","JAMES DAWSON DESIGN, INC.",1802 UTAH ST,HOUSTON,TX,77007,238191,"Construction (General, Civil, Specialty Trades)",Texas Corporation,2003-07-15T00:00:00.000,Business Email Compromise (BEC) & Cyber Insurance Renewal
"JAVCO AIR CONDITIONING & HEATING, LLC","JAVCO AIR CONDITIONING & HEATING, LLC",9541 EXETER ST,HOUSTON,TX,77093,238220,"Plumbing, Heating, and Air-Conditioning Contractors",Limited Liability Company (LLC),2023-01-11T00:00:00.000,Business Email Compromise (BEC) & Cyber Insurance Renewal
JAVELINA CONTRACTING,JAVELINA CONTRACTING LLC,13110 DAYWOOD DR,HOUSTON,TX,77038,238990,"Construction (General, Civil, Specialty Trades)",Limited Liability Company (LLC),2025-10-21T00:00:00.000,Business Email Compromise (BEC) & Cyber Insurance Renewal
"JAY-CO ENTERPRISES, LLC","JAY-CO ENTERPRISES, LLC",2307 KNIGHT ST,HOUSTON,TX,77093,238160,Roofing Contractors,Limited Liability Company (LLC),2020-02-12T00:00:00.000,Business Email Compromise (BEC) & Cyber Insurance Renewal
JB ELECTRICAL LLC,JB ELECTRICAL LLC,12727 WESTMERE DR,HOUSTON,TX,77077,238210,Electrical Contractors and Other Wiring Installation,Limited Liability Company (LLC),2026-06-25T00:00:00.000,Business Email Compromise (BEC) & Cyber Insurance Renewal
JB IRRIGATION AND SERVICES,JUSTIN BIELAMOWICZ,8070 TAYLOR ST,HOUSTON,TX,77064,238992,"Construction (General, Civil, Specialty Trades)",Type IS,2020-01-09T00:00:00.000,Business Email Compromise (BEC) & Cyber Insurance Renewal
JBC STEEL,JUAN GABRIEL COVARRUBIAS,6914 ASHBURN ST,HOUSTON,TX,77061,238122,"Construction (General, Civil, Specialty Trades)",Type IS,2016-07-01T00:00:00.000,Business Email Compromise (BEC) & Cyber Insurance Renewal
"JC ELECTRIC TEAM, LLC","JC ELECTRIC TEAM, LLC",10407 CLEARWOOD CROSSING BLVD,HOUSTON,TX,77075,238210,Electrical Contractors and Other Wiring Installation,Limited Liability Company (LLC),2021-07-22T00:00:00.000,Business Email Compromise (BEC) & Cyber Insurance Renewal
JC ELECTRICAL SERVICES,"JC ELECTRICAL SERVICES, INC.",11430 BISSONNET ST STE D5,HOUSTON,TX,77099,238211,"Construction (General, Civil, Specialty Trades)",Texas Corporation,2010-02-19T00:00:00.000,Business Email Compromise (BEC) & Cyber Insurance Renewal
JC STONE EXPERTS INC,JC STONE EXPERTS INC,5202 DOW RD,HOUSTON,TX,77040,238392,"Construction (General, Civil, Specialty Trades)",Texas Corporation,2018-02-01T00:00:00.000,Business Email Compromise (BEC) & Cyber Insurance Renewal
JC&C ROOFING,"JC&C GROUP, LLC",1220 BLALOCK RD STE 316,HOUSTON,TX,77055,238160,Roofing Contractors,Limited Liability Company (LLC),2020-08-07T00:00:00.000,Business Email Compromise (BEC) & Cyber Insurance Renewal
JD COOLING LLC,JD COOLING LLC,8218 ARROWHEAD LN,HOUSTON,TX,77075,238220,"Plumbing, Heating, and Air-Conditioning Contractors",Limited Liability Company (LLC),2024-04-04T00:00:00.000,Business Email Compromise (BEC) & Cyber Insurance Renewal
"JD ROOFING, INC.","JD ROOFING, INC.",4713 AMALIE ST,HOUSTON,TX,77093,238160,Roofing Contractors,Texas Corporation,2019-01-23T00:00:00.000,Business Email Compromise (BEC) & Cyber Insurance Renewal
"JDH ENERGY SOLUTIONS, LLC","JDH ENERGY SOLUTIONS, LLC",952 ECHO LN STE 100,HOUSTON,TX,77024,238292,"Construction (General, Civil, Specialty Trades)",Limited Liability Company (LLC),2025-07-30T00:00:00.000,Business Email Compromise (BEC) & Cyber Insurance Renewal
JDJ CARPET SERVICE,JOSE R GARCIA,6506 ROCKBY DR,HOUSTON,TX,77085,238330,"Construction (General, Civil, Specialty Trades)",Type IS,2019-10-19T00:00:00.000,Business Email Compromise (BEC) & Cyber Insurance Renewal
JEBCO INC,JEBCO INC.,3608 BERKLEY ST,HOUSTON,TX,77087,238212,"Construction (General, Civil, Specialty Trades)",Texas Corporation,1988-02-16T00:00:00.000,Business Email Compromise (BEC) & Cyber Insurance Renewal
JELLYFISH LIGHTING,"BIG FISH AUTOMATION LLC, DBA JELLYFISH LIGHTING",9001 JAMEEL RD STE 130,HOUSTON,TX,77040,238210,Electrical Contractors and Other Wiring Installation,Corporation / Corporate Entity,2024-11-18T00:00:00.000,Business Email Compromise (BEC) & Cyber Insurance Renewal
JEM WOODWORKING LLC,JEM WOODWORKING LLC,826 QUIET SPRING LN,HOUSTON,TX,77062,238990,"Construction (General, Civil, Specialty Trades)",Limited Liability Company (LLC),2020-07-23T00:00:00.000,Business Email Compromise (BEC) & Cyber Insurance Renewal
JENKINS RESTORATION,"JENKINS SERVICES, INC.",1424 N SAM HOUSTON PKWY E STE 100,HOUSTON,TX,77032,238220,"Plumbing, Heating, and Air-Conditioning Contractors",Foreign Corporation (Out-of-State),2025-10-15T00:00:00.000,Business Email Compromise (BEC) & Cyber Insurance Renewal
JEON DESIGNS LLC,JEON DESIGNS LLC,2801 WATERWALL DR,HOUSTON,TX,77056,238991,"Construction (General, Civil, Specialty Trades)",Limited Liability Company (LLC),2023-09-29T00:00:00.000,Business Email Compromise (BEC) & Cyber Insurance Renewal
JEREMY TAYLOR,JEREMY EDWARD TAYLOR,12114 SILVER CREEK DR,HOUSTON,TX,77070,238192,"Construction (General, Civil, Specialty Trades)",Type IS,2026-07-29T00:00:00.000,Business Email Compromise (BEC) & Cyber Insurance Renewal
JET MAN SERVICES,HAL W THACKSTON,3847 FERNGLADE DR,HOUSTON,TX,77068,238210,Electrical Contractors and Other Wiring Installation,Type IS,2008-05-12T00:00:00.000,Business Email Compromise (BEC) & Cyber Insurance Renewal
JETERO INVESTMENT COMPANY,JETERO INVESTMENT COMPANY,7500 SAN FELIPE ST STE 750,HOUSTON,TX,77063,238200,"Construction (General, Civil, Specialty Trades)",Texas Corporation,1994-11-04T00:00:00.000,Business Email Compromise (BEC) & Cyber Insurance Renewal
JETERO INVESTMENT COMPANY,JETERO INVESTMENT COMPANY,1616 S VOSS RD STE 530,HOUSTON,TX,77057,238290,"Construction (General, Civil, Specialty Trades)",Texas Corporation,2013-04-15T00:00:00.000,Business Email Compromise (BEC) & Cyber Insurance Renewal
JIM COOLING AND HEATING SERVICES LLC,JIM COOLING AND HEATING SERVICES LLC,923 CRESTBROOK DR,HOUSTON,TX,77038,238220,"Plumbing, Heating, and Air-Conditioning Contractors",Limited Liability Company (LLC),2025-04-14T00:00:00.000,Business Email Compromise (BEC) & Cyber Insurance Renewal
JIRETH INSULATION OF HOUSTON,"JIRETH CONSTRUCTION, LLC",16226 LOCH KATRINE LN,HOUSTON,TX,77084,238310,"Construction (General, Civil, Specialty Trades)",Limited Liability Company (LLC),2026-03-16T00:00:00.000,Business Email Compromise (BEC) & Cyber Insurance Renewal
"JLG STRUCTURES, INC.","JLG STRUCTURES, INC.",350 N SAM HOUSTON PKWY E STE 104B,HOUSTON,TX,77060,238110,"Construction (General, Civil, Specialty Trades)",Texas Corporation,2018-10-22T00:00:00.000,Business Email Compromise (BEC) & Cyber Insurance Renewal
JMG CONSTRUCTION INC,"JMG CONSTRUCTION, INC.",12399 DOVER ST,HOUSTON,TX,77031,238910,"Construction (General, Civil, Specialty Trades)",Texas Corporation,2006-12-16T00:00:00.000,Business Email Compromise (BEC) & Cyber Insurance Renewal
JMI ELECTRICAL,JON M IVIE,1831 BARLETON WAY,HOUSTON,TX,77058,238210,Electrical Contractors and Other Wiring Installation,Type IS,2020-08-19T00:00:00.000,Business Email Compromise (BEC) & Cyber Insurance Renewal
"JN'L ELECTRIC, INCORPORATED","JN'L ELECTRIC, INCORPORATED",13502 E CYPRESS FOREST DR,HOUSTON,TX,77070,238210,Electrical Contractors and Other Wiring Installation,Texas Corporation,2026-06-19T00:00:00.000,Business Email Compromise (BEC) & Cyber Insurance Renewal
JNC CONSTRUCTIVE REMEDIES,JNC CONSTRUCTIVE REMEDIES LLC,6718 VICKIE SPRINGS LN,HOUSTON,TX,77086,238321,"Construction (General, Civil, Specialty Trades)",Limited Liability Company (LLC),2026-08-04T00:00:00.000,Business Email Compromise (BEC) & Cyber Insurance Renewal
JOAQUIN OLAVERRIA DESIGN AND DEVELOPMENT LLC,JOAQUIN OLAVERRIA DESIGN AND DEVELOPMENT LLC,2226 RICHMOND AVE,HOUSTON,TX,77098,238390,"Construction (General, Civil, Specialty Trades)",Limited Liability Company (LLC),2025-01-09T00:00:00.000,Business Email Compromise (BEC) & Cyber Insurance Renewal
"JOE GAROFALO ROOFING, INC.","JOE GAROFALO ROOFING, INC.",6201 W 34TH ST STE A,HOUSTON,TX,77092,238160,Roofing Contractors,Texas Corporation,2023-02-09T00:00:00.000,Business Email Compromise (BEC) & Cyber Insurance Renewal
JOE LEMA PLUMBING CO,JOSEPH J LEMA,116 W 15TH ST,HOUSTON,TX,77008,238220,"Plumbing, Heating, and Air-Conditioning Contractors",Type IS,1988-02-04T00:00:00.000,Business Email Compromise (BEC) & Cyber Insurance Renewal
JOE SWARTZ ELECTRIC COMPANY,"JOE SWARTZ ELECTRIC CO., LTD.",7200 ROSWELL ST,HOUSTON,TX,77022,238212,"Construction (General, Civil, Specialty Trades)",Type PL,1988-04-26T00:00:00.000,Business Email Compromise (BEC) & Cyber Insurance Renewal
JOHN COLLINS,JOHN COLLINS,11718 LEADER ST,HOUSTON,TX,77072,238321,"Construction (General, Civil, Specialty Trades)",Type IS,2016-01-29T00:00:00.000,Business Email Compromise (BEC) & Cyber Insurance Renewal
JOHN KUENSTLE ELECTRIC LLC,JOHN KUENSTLE ELECTRIC LLC,2106 LOU ELLEN LN,HOUSTON,TX,77018,238211,"Construction (General, Civil, Specialty Trades)",Limited Liability Company (LLC),2012-08-22T00:00:00.000,Business Email Compromise (BEC) & Cyber Insurance Renewal
"JOHN MOORE RENOVATION, LLC","JOHN MOORE RENOVATION, LLC",10005 W SAM HOUSTON PKWY N STE 200,HOUSTON,TX,77064,238990,"Construction (General, Civil, Specialty Trades)",Limited Liability Company (LLC),2009-04-16T00:00:00.000,Business Email Compromise (BEC) & Cyber Insurance Renewal
"JOHN MOORE, LLC","JOHN MOORE, LLC",10005 W SAM HOUSTON PKWY N STE 200,HOUSTON,TX,77064,238220,"Plumbing, Heating, and Air-Conditioning Contractors",Limited Liability Company (LLC),2009-03-20T00:00:00.000,Business Email Compromise (BEC) & Cyber Insurance Renewal
JOHN'S PLUMBING INC.,JOHN'S PLUMBING INC.,14506 CROSS JUNCTION ST,HOUSTON,TX,77084,238220,"Plumbing, Heating, and Air-Conditioning Contractors",Texas Corporation,2012-05-07T00:00:00.000,Business Email Compromise (BEC) & Cyber Insurance Renewal
"JOHNSON CONTROLS, INC","JOHNSON CONTROLS, INC.",10644 W LITTLE YORK RD,HOUSTON,TX,77041,238220,"Plumbing, Heating, and Air-Conditioning Contractors",Foreign Corporation (Out-of-State),2025-03-12T00:00:00.000,Business Email Compromise (BEC) & Cyber Insurance Renewal
JOHNSON EQUIPMENT COMPANY,"JOHNSON EQUIPMENT COMPANY, LLC",11606 BAMMEL NORTH HOUSTON RD,HOUSTON,TX,77066,238290,"Construction (General, Civil, Specialty Trades)",Limited Liability Company (LLC),2020-06-11T00:00:00.000,Business Email Compromise (BEC) & Cyber Insurance Renewal
JOIA'S PLUMBING COMPANY,JOIA'S PLUMBING COMPANY,414 E BURRESS ST,HOUSTON,TX,77022,238220,"Plumbing, Heating, and Air-Conditioning Contractors",Texas Corporation,2015-11-24T00:00:00.000,Business Email Compromise (BEC) & Cyber Insurance Renewal
"JOLIVETTE ENTERPRISES, LLC","JOLIVETTE ENTERPRISES, LLC",13325 VETERANS MEMORIAL DR STE F,HOUSTON,TX,77014,238210,Electrical Contractors and Other Wiring Installation,Limited Liability Company (LLC),2018-07-10T00:00:00.000,Business Email Compromise (BEC) & Cyber Insurance Renewal
JOLLY ROOFING AND CONTRACTING CO. INC.,"JOLLY ROOFING AND CONTRACTING COMPANY, LLC",10612 HEMPSTEAD RD STE F,HOUSTON,TX,77092,238160,Roofing Contractors,Corporation / Corporate Entity,2024-11-25T00:00:00.000,Business Email Compromise (BEC) & Cyber Insurance Renewal
JONMAR ELECTRIC INC,"JONMAR ELECTRIC, INC.",7700 RENWICK DR STE 6A,HOUSTON,TX,77081,238212,"Construction (General, Civil, Specialty Trades)",Texas Corporation,1998-08-13T00:00:00.000,Business Email Compromise (BEC) & Cyber Insurance Renewal
"JORDEN'S A/C AND HEATING, LLC","JORDEN'S A/C AND HEATING, LLC",6023 W 34TH ST,HOUSTON,TX,77092,238220,"Plumbing, Heating, and Air-Conditioning Contractors",Limited Liability Company (LLC),2015-02-23T00:00:00.000,Business Email Compromise (BEC) & Cyber Insurance Renewal
JOSH THE PLUMBER MAILBOX,JOSH THE PLUMBER LLC,3120 SOUTHWEST FWY STE 101 PMB 291234,HOUSTON,TX,77098,238220,"Plumbing, Heating, and Air-Conditioning Contractors",Limited Liability Company (LLC),2025-07-29T00:00:00.000,Business Email Compromise (BEC) & Cyber Insurance Renewal
JOZWIAK PLUMBING CO INC,"JOZWIAK PLUMBING CO., INC.",7529 WERNER ST,HOUSTON,TX,77037,238222,"Construction (General, Civil, Specialty Trades)",Texas Corporation,1987-12-26T00:00:00.000,Business Email Compromise (BEC) & Cyber Insurance Renewal
JPM PROPERTY SERVICE LLC,JPM PROPERTY SERVICE LLC,16502 ROYAL MILE LN,HOUSTON,TX,77084,238990,"Construction (General, Civil, Specialty Trades)",Limited Liability Company (LLC),2026-08-06T00:00:00.000,Business Email Compromise (BEC) & Cyber Insurance Renewal
JPS FLOOR COVERING,JAMES FUAD SHATARA,5803 OLYMPIA FIELDS LN,HOUSTON,TX,77069,238330,"Construction (General, Civil, Specialty Trades)",Type IS,2007-05-04T00:00:00.000,Business Email Compromise (BEC) & Cyber Insurance Renewal
JR ILLUMINATIONS INVESTMENT GROUP LLC,JR ILLUMINATIONS INVESTMENT GROUP LLC,3145 FALL ST,HOUSTON,TX,77054,238210,Electrical Contractors and Other Wiring Installation,Limited Liability Company (LLC),2013-08-05T00:00:00.000,Business Email Compromise (BEC) & Cyber Insurance Renewal
"JR POOL PLASTERING & TEXAS GUNITE, LTD.","JR POOL PLASTERING & TEXAS GUNITE, LTD.",6205 BROOKFIELD DR,HOUSTON,TX,77085,238990,"Construction (General, Civil, Specialty Trades)",Type PL,2024-06-22T00:00:00.000,Business Email Compromise (BEC) & Cyber Insurance Renewal
"JRB & CC ENTEPRISES, INC.","JRB & CC ENTEPRISES, INC.",11875 W LITTLE YORK RD STE 207,HOUSTON,TX,77041,238220,"Plumbing, Heating, and Air-Conditioning Contractors",Texas Corporation,2007-08-27T00:00:00.000,Business Email Compromise (BEC) & Cyber Insurance Renewal
JRT CONSTRUCTION SERVICES LLC,JRT CONSTRUCTION SERVICES LLC,3333 WICHITA ST,HOUSTON,TX,77004,238992,"Construction (General, Civil, Specialty Trades)",Limited Liability Company (LLC),2021-12-02T00:00:00.000,Business Email Compromise (BEC) & Cyber Insurance Renewal
JS CANVAS,JACOB SPACEK,8322 BEECHNUT ST APT B,HOUSTON,TX,77036,238350,"Construction (General, Civil, Specialty Trades)",Type IS,2024-09-25T00:00:00.000,Business Email Compromise (BEC) & Cyber Insurance Renewal
JSB JOINT VENTURE,JSB JOINT VENTURE,7809 PARK PLACE BLVD,HOUSTON,TX,77087,238992,"Construction (General, Civil, Specialty Trades)",Type PB,2025-03-13T00:00:00.000,Business Email Compromise (BEC) & Cyber Insurance Renewal
JSM PLUMBING,JOSI URBELINO SALAS,6207 NEWQUAY ST,HOUSTON,TX,77085,238220,"Plumbing, Heating, and Air-Conditioning Contractors",Type IS,2013-10-25T00:00:00.000,Business Email Compromise (BEC) & Cyber Insurance Renewal
"JUAN CARLOS CARPET, LLC","JUAN CARLOS CARPET, LLC",8031 NORTHLINE DR,HOUSTON,TX,77037,238330,"Construction (General, Civil, Specialty Trades)",Limited Liability Company (LLC),2023-05-19T00:00:00.000,Business Email Compromise (BEC) & Cyber Insurance Renewal
JULY AIR,VICTOR P MALDONADO,13838 PEACH HOLLOW LN,HOUSTON,TX,77082,238220,"Plumbing, Heating, and Air-Conditioning Contractors",Type IS,2008-10-22T00:00:00.000,Business Email Compromise (BEC) & Cyber Insurance Renewal
JVS READY MIX LLC,JVS READY MIX LLC,12520 ABBEY HOUSE CT,HOUSTON,TX,77047,238111,"Construction (General, Civil, Specialty Trades)",Limited Liability Company (LLC),2024-10-23T00:00:00.000,Business Email Compromise (BEC) & Cyber Insurance Renewal
K & S PLUMBING COMPANY,JOSEPH KENJORA JR & EDDIE SYZDEK JR,909 SUNNYSIDE ST,HOUSTON,TX,77076,238220,"Plumbing, Heating, and Air-Conditioning Contractors",Type PI,1989-03-11T00:00:00.000,Business Email Compromise (BEC) & Cyber Insurance Renewal
"K P & COMPANY, INC.","K P ENTERPRISES, INC",1943 ASH MEADOW DR,HOUSTON,TX,77090,238161,"Construction (General, Civil, Specialty Trades)",Texas Corporation,2006-08-17T00:00:00.000,Business Email Compromise (BEC) & Cyber Insurance Renewal
K TOP CONSTRUCTION LLC,K TOP CONSTRUCTION LLC,17011 S BEAR CREEK DR,HOUSTON,TX,77084,238220,"Plumbing, Heating, and Air-Conditioning Contractors",Limited Liability Company (LLC),2025-11-20T00:00:00.000,Business Email Compromise (BEC) & Cyber Insurance Renewal
K&A FRESH AIR,K&A FRESH AIR LLC,17622 S SUMMIT CANYON DR,HOUSTON,TX,77095,238220,"Plumbing, Heating, and Air-Conditioning Contractors",Limited Liability Company (LLC),2024-12-12T00:00:00.000,Business Email Compromise (BEC) & Cyber Insurance Renewal
"K.T.M. DOOR CONTROL, INC.","K.T.M. DOOR CONTROL, INC.",14902 STUEBNER AIRLINE RD,HOUSTON,TX,77069,238351,"Construction (General, Civil, Specialty Trades)",Texas Corporation,1994-12-02T00:00:00.000,Business Email Compromise (BEC) & Cyber Insurance Renewal
K.WILL MOUNTS LLC,K.WILL MOUNTS LLC,7022 SANTA RITA DR,HOUSTON,TX,77083,238210,Electrical Contractors and Other Wiring Installation,Limited Liability Company (LLC),2026-07-04T00:00:00.000,Business Email Compromise (BEC) & Cyber Insurance Renewal
KAINER ELECTRICAL SERVICES,"KAINER ELECTRICAL SERVICES, INC.",8419 BONDALE ST,HOUSTON,TX,77040,238212,"Construction (General, Civil, Specialty Trades)",Texas Corporation,1999-06-11T00:00:00.000,Business Email Compromise (BEC) & Cyber Insurance Renewal
"KAISER PLUMBING - RESIDENTIAL, LLC","KAISER PLUMBING - RESIDENTIAL, LLC",9317 SWEETBRUSH DR,HOUSTON,TX,77064,238220,"Plumbing, Heating, and Air-Conditioning Contractors",Limited Liability Company (LLC),2015-04-06T00:00:00.000,Business Email Compromise (BEC) & Cyber Insurance Renewal
"KAISER POWER, LLC","KAISER POWER, LLC",9119 TIMBERSIDE DR,HOUSTON,TX,77025,238210,Electrical Contractors and Other Wiring Installation,Limited Liability Company (LLC),2022-09-07T00:00:00.000,Business Email Compromise (BEC) & Cyber Insurance Renewal
"KARSTEN INTERIOR SERVICES, L.P.","KARSTEN INTERIOR SERVICES, L.P.",1711 TOWNHURST DR,HOUSTON,TX,77043,238312,"Construction (General, Civil, Specialty Trades)",Type PL,2010-01-19T00:00:00.000,Business Email Compromise (BEC) & Cyber Insurance Renewal
KAST ELECTRICAL SERVICES,SULAIMON O KAZEEM,6602 HARBOR TOWN DR APT 206,HOUSTON,TX,77036,238210,Electrical Contractors and Other Wiring Installation,Type IS,2024-07-16T00:00:00.000,Business Email Compromise (BEC) & Cyber Insurance Renewal
KAUFFMAN COMPANY,KAUFFMAN COMPANY,13225 FM 529 RD STE A,HOUSTON,TX,77041,238990,"Construction (General, Civil, Specialty Trades)",Texas Corporation,2008-02-13T00:00:00.000,Business Email Compromise (BEC) & Cyber Insurance Renewal
KDC CONSTRUCTION,CIRKS CONSTRUCTION INC.,16055 SPACE CENTER BLVD STE 235,HOUSTON,TX,77062,238390,"Construction (General, Civil, Specialty Trades)",Foreign Corporation (Out-of-State),2010-12-02T00:00:00.000,Business Email Compromise (BEC) & Cyber Insurance Renewal
"KELLER INTERIORS, LLC","KELLER INTERIORS, LLC",408 JENSEN DR,HOUSTON,TX,77020,238330,"Construction (General, Civil, Specialty Trades)",Corporation / Corporate Entity,2021-09-16T00:00:00.000,Business Email Compromise (BEC) & Cyber Insurance Renewal
KELLIE RENOVATIONS LTD. CO.,KELLIE RENOVATIONS LTD. CO.,7118 HALFPENNY RD,HOUSTON,TX,77095,238990,"Construction (General, Civil, Specialty Trades)",Limited Liability Company (LLC),2005-05-19T00:00:00.000,Business Email Compromise (BEC) & Cyber Insurance Renewal
KELSO BUILDING SERVICES LLC,"KELSO BUILDING SERVICES, LLC",8990 KIRBY DR STE 200,HOUSTON,TX,77054,238220,"Plumbing, Heating, and Air-Conditioning Contractors",Corporation / Corporate Entity,2025-11-05T00:00:00.000,Business Email Compromise (BEC) & Cyber Insurance Renewal
KENDZIORA PLUMBING CO INC,"KENDZIORA PLUMBING CO., INC.",7556 WERNER ST,HOUSTON,TX,77037,238222,"Construction (General, Civil, Specialty Trades)",Texas Corporation,1988-01-07T00:00:00.000,Business Email Compromise (BEC) & Cyber Insurance Renewal
KENMOR ELECTRIC COMPANY,"KENMOR ELECTRIC COMPANY, L.P.",8330 HANSEN RD,HOUSTON,TX,77075,238212,"Construction (General, Civil, Specialty Trades)",Type PF,2009-11-12T00:00:00.000,Business Email Compromise (BEC) & Cyber Insurance Renewal
KENNETH'S PLUMBING LLC,KENNETH'S PLUMBING LLC,12502 GREEN RIVER DR,HOUSTON,TX,77044,238220,"Plumbing, Heating, and Air-Conditioning Contractors",Limited Liability Company (LLC),2024-05-14T00:00:00.000,Business Email Compromise (BEC) & Cyber Insurance Renewal
"KENS' MILESTONE MECHANICAL, INCORPORATED","KENS' MILESTONE MECHANICAL, INCORPORATED",10803 PAULUS DR STE C,HOUSTON,TX,77041,238220,"Plumbing, Heating, and Air-Conditioning Contractors",Texas Corporation,2011-03-17T00:00:00.000,Business Email Compromise (BEC) & Cyber Insurance Renewal
KENT ELECTRIC SYSTEMS,"K.E.S., INC.",2315 HOSKINS DR,HOUSTON,TX,77080,238210,Electrical Contractors and Other Wiring Installation,Texas Corporation,2013-07-18T00:00:00.000,Business Email Compromise (BEC) & Cyber Insurance Renewal
KENT MOORE CABINETS LTD,"KENT MOORE CABINETS, LLC",17325 EL CAMINO REAL,HOUSTON,TX,77058,238351,"Construction (General, Civil, Specialty Trades)",Limited Liability Company (LLC),2003-04-22T00:00:00.000,Business Email Compromise (BEC) & Cyber Insurance Renewal
"KEYSTONE STRUCTURAL CONCRETE, LLC","KEYSTONE STRUCTURAL CONCRETE, LLC",16565 VILLAGE DR,HOUSTON,TX,77040,238110,"Construction (General, Civil, Specialty Trades)",Limited Liability Company (LLC),2008-07-22T00:00:00.000,Business Email Compromise (BEC) & Cyber Insurance Renewal
KIMUA USA INC.,KIMUA USA INC.,24 GREENWAY PLZ STE 1800,HOUSTON,TX,77046,238290,"Construction (General, Civil, Specialty Trades)",Texas Corporation,2025-01-24T00:00:00.000,Business Email Compromise (BEC) & Cyber Insurance Renewal
"KING COMPANY, LLC","KING COMPANY, LLC",823 WAKEFIELD DR,HOUSTON,TX,77018,238310,"Construction (General, Civil, Specialty Trades)",Corporation / Corporate Entity,2017-02-04T00:00:00.000,Business Email Compromise (BEC) & Cyber Insurance Renewal
KINGWOOD AIR CONDITIONING AND HEATING INC,"KINGWOOD AIR CONDITIONING & HEATING, INC.",22424 LOOP 494,HOUSTON,TX,77339,238221,"Construction (General, Civil, Specialty Trades)",Texas Corporation,1995-08-17T00:00:00.000,Business Email Compromise (BEC) & Cyber Insurance Renewal
KIRBY HARDWOOD LLC,KIRBY HARDWOOD LLC,1334 BRITTMOORE RD STE 1000B,HOUSTON,TX,77043,238330,"Construction (General, Civil, Specialty Trades)",Limited Liability Company (LLC),2026-06-16T00:00:00.000,Business Email Compromise (BEC) & Cyber Insurance Renewal
"KIRK SERVICES, LLC","KIRK SERVICES, LLC",12303 MEADOW LAKE DR,HOUSTON,TX,77077,238192,"Construction (General, Civil, Specialty Trades)",Limited Liability Company (LLC),2022-11-03T00:00:00.000,Business Email Compromise (BEC) & Cyber Insurance Renewal
KIRKCONNELL MAINTENANCE,CHARLES D KIRKCONNELL,2840 SHADOWBRIAR DR APT 706,HOUSTON,TX,77077,238320,"Construction (General, Civil, Specialty Trades)",Type IS,2026-05-16T00:00:00.000,Business Email Compromise (BEC) & Cyber Insurance Renewal
KLEMPNER PLUMBING SERVICES LLC,KLEMPNER PLUMBING SERVICES LLC,5631 WINDSONG TRL,HOUSTON,TX,77084,238221,"Construction (General, Civil, Specialty Trades)",Limited Liability Company (LLC),2021-12-01T00:00:00.000,Business Email Compromise (BEC) & Cyber Insurance Renewal
KLINK PRIME PRODUCTIONS,"KLINK PRIME PRODUCTIONS, LLC",8801 JAMEEL RD STE 170,HOUSTON,TX,77040,238330,"Construction (General, Civil, Specialty Trades)",Limited Liability Company (LLC),2019-09-30T00:00:00.000,Business Email Compromise (BEC) & Cyber Insurance Renewal
KLOO SOLUTIONS,"KLOO SOLUTIONS, LLC",627 W 19TH ST STE 206,HOUSTON,TX,77008,238210,Electrical Contractors and Other Wiring Installation,Limited Liability Company (LLC),2026-01-08T00:00:00.000,Business Email Compromise (BEC) & Cyber Insurance Renewal
KNIGHT INTEGRITY SERVICES LLC,KNIGHT INTEGRITY SERVICES LLC,16451 CAVENDISH DR,HOUSTON,TX,77059,238220,"Plumbing, Heating, and Air-Conditioning Contractors",Limited Liability Company (LLC),2022-11-19T00:00:00.000,Business Email Compromise (BEC) & Cyber Insurance Renewal
KNOWLEDGEABLE TECH,UTIP AKPAFFIONG,9950 WESTPARK DR STE 220,HOUSTON,TX,77063,238210,Electrical Contractors and Other Wiring Installation,Type IS,2015-06-15T00:00:00.000,Business Email Compromise (BEC) & Cyber Insurance Renewal
"KODIAK SERVICES, LLC","KODIAK SERVICES, LLC",5605 CREEKMONT DR,HOUSTON,TX,77091,238160,Roofing Contractors,Limited Liability Company (LLC),1998-09-30T00:00:00.000,Business Email Compromise (BEC) & Cyber Insurance Renewal
KOMFORT AIR,JULIUS W CLEBOURN JR,2207 LACEWING LN,HOUSTON,TX,77067,238220,"Plumbing, Heating, and Air-Conditioning Contractors",Type IS,2003-01-31T00:00:00.000,Business Email Compromise (BEC) & Cyber Insurance Renewal
KONCEPT SYSTEMS LLC,KONCEPT SYSTEMS LLC,11555 FUQUA ST,HOUSTON,TX,77034,238210,Electrical Contractors and Other Wiring Installation,Limited Liability Company (LLC),2018-04-10T00:00:00.000,Business Email Compromise (BEC) & Cyber Insurance Renewal
"KONECRANES, INC.","KONECRANES, INC.",5125 HILTONVIEW RD,HOUSTON,TX,77086,238990,"Construction (General, Civil, Specialty Trades)",Texas Corporation,2026-06-16T00:00:00.000,Business Email Compromise (BEC) & Cyber Insurance Renewal
KOOLPRO,THERMAL ALTERNATIVES LLC,10777 WESTHEIMER RD STE 1100,HOUSTON,TX,77042,238222,"Construction (General, Civil, Specialty Trades)",Limited Liability Company (LLC),2025-05-09T00:00:00.000,Business Email Compromise (BEC) & Cyber Insurance Renewal
KRIS AUMAN,KRIS AUMAN,5535 MEMORIAL DR STE F572,HOUSTON,TX,77007,238210,Electrical Contractors and Other Wiring Installation,Type IS,2018-05-30T00:00:00.000,Business Email Compromise (BEC) & Cyber Insurance Renewal
KRKJ LLC,KRKJ LLC,851 ELKHART ST,HOUSTON,TX,77091,238910,"Construction (General, Civil, Specialty Trades)",Limited Liability Company (LLC),2023-12-08T00:00:00.000,Business Email Compromise (BEC) & Cyber Insurance Renewal
KRUBLD LLC,KRUBLD LLC,2500 YALE ST STE C,HOUSTON,TX,77008,238390,"Construction (General, Civil, Specialty Trades)",Limited Liability Company (LLC),2026-06-05T00:00:00.000,Business Email Compromise (BEC) & Cyber Insurance Renewal
KRUBLD LLC,KRUBLD LLC,5718 WESTHEIMER RD STE 1000,HOUSTON,TX,77057,238390,"Construction (General, Civil, Specialty Trades)",Limited Liability Company (LLC),2026-07-17T00:00:00.000,Business Email Compromise (BEC) & Cyber Insurance Renewal
KTEX SERVICES,KEITH A TEXTER,9121 SOLON RD STE 300,HOUSTON,TX,77064,238290,"Construction (General, Civil, Specialty Trades)",Type IS,2014-08-25T00:00:00.000,Business Email Compromise (BEC) & Cyber Insurance Renewal
KWM CONCRETE AND CONSTRUCTION SERVICES,"KWM CONCRETE AND CONSTRUCTION SERVICES, LLC",8011 HIGHMEADOW DR,HOUSTON,TX,77063,238110,"Construction (General, Civil, Specialty Trades)",Limited Liability Company (LLC),2020-01-16T00:00:00.000,Business Email Compromise (BEC) & Cyber Insurance Renewal
KWP TELECOM,KWP TELECOMMUNICATIONS LLC,10603 GRANT RD STE 102,HOUSTON,TX,77070,238210,Electrical Contractors and Other Wiring Installation,Limited Liability Company (LLC),2026-05-01T00:00:00.000,Business Email Compromise (BEC) & Cyber Insurance Renewal
L & S MECHANICAL,"L & S PLUMBING PARTNERSHIP, LLC",9715-9745 BENT OAK DR,HOUSTON,TX,77040,238221,"Construction (General, Civil, Specialty Trades)",Corporation / Corporate Entity,2025-11-17T00:00:00.000,Business Email Compromise (BEC) & Cyber Insurance Renewal
"L A CONSTRUCTION SUPPLY, LLC","L A CONSTRUCTION SUPPLY, LLC",9505 ALCORN ST,HOUSTON,TX,77093,238160,Roofing Contractors,Limited Liability Company (LLC),2025-11-14T00:00:00.000,Business Email Compromise (BEC) & Cyber Insurance Renewal
L H T AUTOMATION,TERRANCE DION HOWARD,9639 HILLCROFT ST UNIT 5035,HOUSTON,TX,77096,238210,Electrical Contractors and Other Wiring Installation,Type IS,2026-03-31T00:00:00.000,Business Email Compromise (BEC) & Cyber Insurance Renewal
"L&M INSTALLATION SOLUTIONS, L.L.C.","L&M INSTALLATION SOLUTIONS, L.L.C.",475 W 38TH ST,HOUSTON,TX,77018,238392,"Construction (General, Civil, Specialty Trades)",Limited Liability Company (LLC),2023-09-01T00:00:00.000,Business Email Compromise (BEC) & Cyber Insurance Renewal
L-C CONSTRUCTION CORP.,L-C CONSTRUCTION CORP.,14507 FM 529 RD,HOUSTON,TX,77095,238212,"Construction (General, Civil, Specialty Trades)",Texas Corporation,2021-08-21T00:00:00.000,Business Email Compromise (BEC) & Cyber Insurance Renewal
L-CON--HOUSTON,"LEXICON, INC.",12000 AEROSPACE AVE,HOUSTON,TX,77034,238120,"Construction (General, Civil, Specialty Trades)",Foreign Corporation (Out-of-State),2004-09-02T00:00:00.000,Business Email Compromise (BEC) & Cyber Insurance Renewal
L.A MULTI-SERVICES LLC,L.A MULTI-SERVICES LLC,9800 CENTRE PKWY STE 270,HOUSTON,TX,77036,238210,Electrical Contractors and Other Wiring Installation,Limited Liability Company (LLC),2026-05-16T00:00:00.000,Business Email Compromise (BEC) & Cyber Insurance Renewal
L.A. PREMIER PAINTING LLC,L.A. PREMIER PAINTING LLC,7226 SHERMAN RIDGE LN,HOUSTON,TX,77083,238321,"Construction (General, Civil, Specialty Trades)",Limited Liability Company (LLC),2023-10-05T00:00:00.000,Business Email Compromise (BEC) & Cyber Insurance Renewal
LA MAISON TILE HOUSTON,LA MAISON TILE HOUSTON LLC,4245 RICHMOND AVE STE 400,HOUSTON,TX,77027,238340,"Construction (General, Civil, Specialty Trades)",Limited Liability Company (LLC),2025-05-01T00:00:00.000,Business Email Compromise (BEC) & Cyber Insurance Renewal
LA ROCA POOL SERVICES,NOE MEJIA,16966 NEVISWAY ST,HOUSTON,TX,77084,238991,"Construction (General, Civil, Specialty Trades)",Type IS,2009-08-03T00:00:00.000,Business Email Compromise (BEC) & Cyber Insurance Renewal
LAEN ELECTRIC LLC,LAEN ELECTRIC LLC,13209 ANN LOUISE RD,HOUSTON,TX,77086,238220,"Plumbing, Heating, and Air-Conditioning Contractors",Limited Liability Company (LLC),2026-05-08T00:00:00.000,Business Email Compromise (BEC) & Cyber Insurance Renewal
LAKE PLATINUM INC.,LAKE PLATINUM INC.,13918 SWISS HILL DR,HOUSTON,TX,77077,238220,"Plumbing, Heating, and Air-Conditioning Contractors",Texas Corporation,2021-07-20T00:00:00.000,Business Email Compromise (BEC) & Cyber Insurance Renewal
LAKESIDE GLASS,"NEW MILLENNIUM GLAZING SYSTEMS, LTD., L.L.P.",925 E AIRTEX DR,HOUSTON,TX,77073,238151,"Construction (General, Civil, Specialty Trades)",Type PL,2020-03-05T00:00:00.000,Business Email Compromise (BEC) & Cyber Insurance Renewal
"LAKEVIEW GLASS & MIRROR, INC.","LAKEVIEW GLASS & MIRROR, INC.",8242 WARREN RD,HOUSTON,TX,77040,238150,"Construction (General, Civil, Specialty Trades)",Texas Corporation,2012-02-24T00:00:00.000,Business Email Compromise (BEC) & Cyber Insurance Renewal
LAKEY ELECTRIC COMPANY INC,LAKEY ELECTRIC CO.,5730 TEAGUE RD,HOUSTON,TX,77041,238212,"Construction (General, Civil, Specialty Trades)",Texas Corporation,1987-12-28T00:00:00.000,Business Email Compromise (BEC) & Cyber Insurance Renewal
LAM LEGACY HOLDINGS LLC,LAM LEGACY HOLDINGS LLC,12038 CREEKHURST DR,HOUSTON,TX,77099,238911,"Construction (General, Civil, Specialty Trades)",Limited Liability Company (LLC),2026-04-28T00:00:00.000,Business Email Compromise (BEC) & Cyber Insurance Renewal
"LAMINATE COUNTERTOPS, INC.","LAMINATE COUNTERTOPS, INC.",3832 N SHEPHERD DR STE B,HOUSTON,TX,77018,238910,"Construction (General, Civil, Specialty Trades)",Texas Corporation,2011-06-14T00:00:00.000,Business Email Compromise (BEC) & Cyber Insurance Renewal
LAMM GLASS LLC,LAMM GLASS LLC,767 KENRICK DR STE 106,HOUSTON,TX,77060,238150,"Construction (General, Civil, Specialty Trades)",Limited Liability Company (LLC),2024-07-18T00:00:00.000,Business Email Compromise (BEC) & Cyber Insurance Renewal
"LANCE CONSTRUCTION SERVICES, INC.","LANCE CONSTRUCTION SERVICES, INC.",1200 MCKINNEY ST STE 310,HOUSTON,TX,77010,238320,"Construction (General, Civil, Specialty Trades)",Texas Corporation,2018-08-08T00:00:00.000,Business Email Compromise (BEC) & Cyber Insurance Renewal
LAND MAINTENANCE SERVICES INC.,LAND MAINTENANCE SERVICES INC.,11911 SADDLEBOUGH DR,HOUSTON,TX,77065,238910,"Construction (General, Civil, Specialty Trades)",Texas Corporation,2023-04-15T00:00:00.000,Business Email Compromise (BEC) & Cyber Insurance Renewal
"LANGE MECHANICAL SERVICES, L.P.","LANGE MECHANICAL SERVICES, L.P.",933 WAKEFIELD DR,HOUSTON,TX,77018,238222,"Construction (General, Civil, Specialty Trades)",Type PL,2003-04-01T00:00:00.000,Business Email Compromise (BEC) & Cyber Insurance Renewal
LARIX GROUP LLC,LARIX GROUP LLC,18108 S PARKVIEW DR APT K13,HOUSTON,TX,77084,238351,"Construction (General, Civil, Specialty Trades)",Limited Liability Company (LLC),2026-02-19T00:00:00.000,Business Email Compromise (BEC) & Cyber Insurance Renewal
"LASER ACOUSTICS, INC.","LASER ACOUSTICS, INC.",8810 EMMOTT RD STE 200,HOUSTON,TX,77040,238312,"Construction (General, Civil, Specialty Trades)",Texas Corporation,2021-03-10T00:00:00.000,Business Email Compromise (BEC) & Cyber Insurance Renewal
"LCA GLASS, INC.","LCA GLASS, INC.",10002 GALVESTON RD,HOUSTON,TX,77034,238150,"Construction (General, Civil, Specialty Trades)",Texas Corporation,2023-01-21T00:00:00.000,Business Email Compromise (BEC) & Cyber Insurance Renewal
"LD ROOFING & EXTERIORS, LLC","LD ROOFING & EXTERIORS, LLC",10203 SCOFIELD LN,HOUSTON,TX,77096,238160,Roofing Contractors,Limited Liability Company (LLC),2026-07-30T00:00:00.000,Business Email Compromise (BEC) & Cyber Insurance Renewal
LDC PAVING INCORPORATED,LDC PAVING INCORPORATED,9607 COBALT CREEK LN,HOUSTON,TX,77095,238990,"Construction (General, Civil, Specialty Trades)",Texas Corporation,2009-10-27T00:00:00.000,Business Email Compromise (BEC) & Cyber Insurance Renewal
LEADER PLUMBING COMPANY,DAVID SMOLENSKY,8110 WATEKA DR,HOUSTON,TX,77074,238000,"Construction (General, Civil, Specialty Trades)",Type IS,2003-03-27T00:00:00.000,Business Email Compromise (BEC) & Cyber Insurance Renewal
"LEAF HOME SAFETY SOLUTIONS, LLC","LEAF HOME SAFETY SOLUTIONS, LLC",9001 JAMEEL RD,HOUSTON,TX,77040,238990,"Construction (General, Civil, Specialty Trades)",Corporation / Corporate Entity,2022-04-28T00:00:00.000,Business Email Compromise (BEC) & Cyber Insurance Renewal
LEAF HOME WATER SOLUTIONS,"LEAF HOME WATER SOLUTIONS, LLC",8781 WEST RD STE 170,HOUSTON,TX,77064,238990,"Construction (General, Civil, Specialty Trades)",Corporation / Corporate Entity,2022-04-28T00:00:00.000,Business Email Compromise (BEC) & Cyber Insurance Renewal
"LEAFFILTER NORTH OF TEXAS, LLC","LEAFFILTER NORTH OF TEXAS, LLC",4333 W SAM HOUSTON PKWY N STE 120,HOUSTON,TX,77043,238990,"Construction (General, Civil, Specialty Trades)",Corporation / Corporate Entity,2021-05-24T00:00:00.000,Business Email Compromise (BEC) & Cyber Insurance Renewal
"LEAFGUARD HOLDINGS, INC.","LEAFGUARD HOLDINGS, INC.",4401 S PINEMONT DR STE 216,HOUSTON,TX,77041,238170,"Construction (General, Civil, Specialty Trades)",Foreign Corporation (Out-of-State),2020-10-20T00:00:00.000,Business Email Compromise (BEC) & Cyber Insurance Renewal
"LECS, LTD.","LECS, LTD.",11226 JONES RD W,HOUSTON,TX,77065,238212,"Construction (General, Civil, Specialty Trades)",Type PL,2001-01-29T00:00:00.000,Business Email Compromise (BEC) & Cyber Insurance Renewal
LED LIGHTING OF HOUSTON,"NATIONAL LED, LLC",1507 TUAM ST,HOUSTON,TX,77004,238210,Electrical Contractors and Other Wiring Installation,Limited Liability Company (LLC),2014-05-14T00:00:00.000,Business Email Compromise (BEC) & Cyber Insurance Renewal
"LED SERVICES CONSTRUCTION, LLC","LED SERVICES CONSTRUCTION, LLC",13201 NORTHWEST FWY STE 800,HOUSTON,TX,77040,238120,"Construction (General, Civil, Specialty Trades)",Limited Liability Company (LLC),2025-10-18T00:00:00.000,Business Email Compromise (BEC) & Cyber Insurance Renewal
LEDEZMA CONTRACTING SERVICES,SCOTT BAUER AND PEDRO LEDEZMA,7719 EL RANCHO ST,HOUSTON,TX,77087,238320,"Construction (General, Civil, Specialty Trades)",Type PI,2024-10-12T00:00:00.000,Business Email Compromise (BEC) & Cyber Insurance Renewal
LEEWARD HOMES LLC,LEEWARD HOMES LLC,11811 EAST FWY STE 660,HOUSTON,TX,77029,238991,"Construction (General, Civil, Specialty Trades)",Limited Liability Company (LLC),2025-01-24T00:00:00.000,Business Email Compromise (BEC) & Cyber Insurance Renewal
LEGACY COMMERCIAL CONSTRUCTION LLC,LEGACY COMMERCIAL CONSTRUCTION LLC,6340 N ELDRIDGE PKWY STE N432,HOUSTON,TX,77041,238312,"Construction (General, Civil, Specialty Trades)",Limited Liability Company (LLC),2023-08-18T00:00:00.000,Business Email Compromise (BEC) & Cyber Insurance Renewal
"LEGACY GRANITE & MARBLE COMPANY, INC.","LEGACY GRANITE & MARBLE COMPANY, INC.",6214 KEYKO ST,HOUSTON,TX,77041,238340,"Construction (General, Civil, Specialty Trades)",Texas Corporation,2025-09-25T00:00:00.000,Business Email Compromise (BEC) & Cyber Insurance Renewal
LEGACY KITCHEN AND BATHS,LEGACY KITCHEN AND BATHS LLC,7715 NORTH FWY,HOUSTON,TX,77037,238991,"Construction (General, Civil, Specialty Trades)",Limited Liability Company (LLC),2026-09-12T00:00:00.000,Business Email Compromise (BEC) & Cyber Insurance Renewal
"LEGACY MECHANICAL SERVICES, LLC","LEGACY MECHANICAL SERVICES, LLC",2401 FOUNTAIN VIEW DR STE 464-1099,HOUSTON,TX,77057,238222,"Construction (General, Civil, Specialty Trades)",Limited Liability Company (LLC),2026-05-08T00:00:00.000,Business Email Compromise (BEC) & Cyber Insurance Renewal
LEGENDS CABINET DOORS INC.,LEGENDS CABINET DOORS INC.,15825 STATE HIGHWAY 249,HOUSTON,TX,77086,238350,"Construction (General, Civil, Specialty Trades)",Texas Corporation,2018-12-27T00:00:00.000,Business Email Compromise (BEC) & Cyber Insurance Renewal
LEGGIO ELECTRIC,"GENRG ELECTRICAL SOLUTIONS, L.L.C.",6329 DIXIE DR,HOUSTON,TX,77087,238212,"Construction (General, Civil, Specialty Trades)",Limited Liability Company (LLC),2018-08-14T00:00:00.000,Business Email Compromise (BEC) & Cyber Insurance Renewal
LEIZEAR AND MURPHY LLC,"LMI PAINTING, LLC",6125 W SAM HOUSTON PKWY N STE 206,HOUSTON,TX,77041,238322,"Construction (General, Civil, Specialty Trades)",Limited Liability Company (LLC),2006-10-17T00:00:00.000,Business Email Compromise (BEC) & Cyber Insurance Renewal
LEONS AUTO SERVICES ELECTRICAL REPAIR,FLOR DE LIS PAZ,503 PRESTON ST,HOUSTON,TX,77002,238210,Electrical Contractors and Other Wiring Installation,Type IS,2023-10-12T00:00:00.000,Business Email Compromise (BEC) & Cyber Insurance Renewal
LETSOS COMPANY,LETSOS COMPANY,8435 WESTGLEN DR,HOUSTON,TX,77063,238222,"Construction (General, Civil, Specialty Trades)",Texas Corporation,1995-05-10T00:00:00.000,Business Email Compromise (BEC) & Cyber Insurance Renewal
"LEVEL CONTROLS, LLC","LEVEL CONTROLS, LLC",5315B FM 1960 RD W STE 306,HOUSTON,TX,77069,238210,Electrical Contractors and Other Wiring Installation,Limited Liability Company (LLC),2023-02-25T00:00:00.000,Business Email Compromise (BEC) & Cyber Insurance Renewal
LEVY BROTHERS LLC,LEVY BROTHERS LLC,1977 KINDRED ST,HOUSTON,TX,77049,238130,"Construction (General, Civil, Specialty Trades)",Limited Liability Company (LLC),2013-05-07T00:00:00.000,Business Email Compromise (BEC) & Cyber Insurance Renewal
LEW ELECTRICAL SERVICES,"LEW ELECTRICAL SERVICES, A TEXAS LIMITED LIABILITY",5658 APGAR ST,HOUSTON,TX,77032,238210,Electrical Contractors and Other Wiring Installation,Limited Liability Company (LLC),2012-08-14T00:00:00.000,Business Email Compromise (BEC) & Cyber Insurance Renewal
LFM INSTALLER AND WELDING,LUIS FERNANDO MORONES CHAVEZ,11501 COURTSHIRE RD,HOUSTON,TX,77076,238120,"Construction (General, Civil, Specialty Trades)",Type IS,2024-08-31T00:00:00.000,Business Email Compromise (BEC) & Cyber Insurance Renewal
LFT FINISHES INC,"LFT FINISHES, INC.",1606 CRESTDALE DR,HOUSTON,TX,77080,238320,"Construction (General, Civil, Specialty Trades)",Texas Corporation,2002-10-31T00:00:00.000,Business Email Compromise (BEC) & Cyber Insurance Renewal
LFT PANELS INC,"LFT PANELS, INC.",1606 CRESTDALE DR,HOUSTON,TX,77080,238990,"Construction (General, Civil, Specialty Trades)",Texas Corporation,1998-05-22T00:00:00.000,Business Email Compromise (BEC) & Cyber Insurance Renewal
"LGCY INSTALLATION SERVICES, LLC","LGCY INSTALLATION SERVICES, LLC",10910 N SAM HOUSTON PKWY W STE 900-A,HOUSTON,TX,77064,238210,Electrical Contractors and Other Wiring Installation,Corporation / Corporate Entity,2022-12-22T00:00:00.000,Business Email Compromise (BEC) & Cyber Insurance Renewal
LIBERTY ELECTRICAL CONTRACTORS,"LIBERTY ELECTRICAL CONTRACTORS, INC.",429 ORIOLE ST,HOUSTON,TX,77018,238212,"Construction (General, Civil, Specialty Trades)",Texas Corporation,2003-05-01T00:00:00.000,Business Email Compromise (BEC) & Cyber Insurance Renewal
LIFE AC & HEATING CORPORATION,LIFE AC & HEATING CORPORATION,15427 LYNFORD CREST DR,HOUSTON,TX,77083,238220,"Plumbing, Heating, and Air-Conditioning Contractors",Texas Corporation,2021-10-02T00:00:00.000,Business Email Compromise (BEC) & Cyber Insurance Renewal
LIGHT ELECTRIC SERVICE CO,ROBERT C VANSTRAELEN,2802 TWIN FOUNTAINS DR,HOUSTON,TX,77068,238210,Electrical Contractors and Other Wiring Installation,Type IS,2026-05-13T00:00:00.000,Business Email Compromise (BEC) & Cyber Insurance Renewal
LIGHT-TECH INC,"LIGHT-TECH, INC.",11645 FAIRMONT ST,HOUSTON,TX,77035,238210,Electrical Contractors and Other Wiring Installation,Texas Corporation,2008-03-14T00:00:00.000,Business Email Compromise (BEC) & Cyber Insurance Renewal
"LIGHTING EFFICIENCY EXPERTS, LLC","LIGHTING EFFICIENCY EXPERTS, LLC",8449 GULF FWY STE E,HOUSTON,TX,77017,238990,"Construction (General, Civil, Specialty Trades)",Limited Liability Company (LLC),2013-09-25T00:00:00.000,Business Email Compromise (BEC) & Cyber Insurance Renewal
LIKKUS,LIKKUS LLC,433 NORTH LOOP W,HOUSTON,TX,77008,238210,Electrical Contractors and Other Wiring Installation,Limited Liability Company (LLC),2022-09-09T00:00:00.000,Business Email Compromise (BEC) & Cyber Insurance Renewal
LINARES AC LLC,LINARES AC LLC,4124 EUROPA ST,HOUSTON,TX,77022,238220,"Plumbing, Heating, and Air-Conditioning Contractors",Limited Liability Company (LLC),2026-01-14T00:00:00.000,Business Email Compromise (BEC) & Cyber Insurance Renewal
LINC ELECTRIC INC,LINC ELECTRIC INC,10750 HAMMERLY BLVD STE 100A,HOUSTON,TX,77043,238210,Electrical Contractors and Other Wiring Installation,Texas Corporation,2024-01-31T00:00:00.000,Business Email Compromise (BEC) & Cyber Insurance Renewal
LINC ELECTRIC INC,LINC ELECTRIC INC,9302 HIGHWAY 6 N STE 100,HOUSTON,TX,77095,238210,Electrical Contractors and Other Wiring Installation,Texas Corporation,2026-08-07T00:00:00.000,Business Email Compromise (BEC) & Cyber Insurance Renewal
"LINC HOME SERVICES, LLC","LINC HOME SERVICES, LLC",9302 HIGHWAY 6 N STE 100,HOUSTON,TX,77095,238220,"Plumbing, Heating, and Air-Conditioning Contractors",Limited Liability Company (LLC),2026-09-15T00:00:00.000,Business Email Compromise (BEC) & Cyber Insurance Renewal
LINDSEY ELECTRIC L P,"LINDSEY ELECTRIC, L.P.",1608 MARGARET ST,HOUSTON,TX,77093,238212,"Construction (General, Civil, Specialty Trades)",Type PL,2002-04-29T00:00:00.000,Business Email Compromise (BEC) & Cyber Insurance Renewal
LINETEC SERVICES LLC,"LINETEC SERVICES, LLC",13201 NORTHWEST FWY STE 300,HOUSTON,TX,77040,238992,"Construction (General, Civil, Specialty Trades)",Corporation / Corporate Entity,2020-04-28T00:00:00.000,Business Email Compromise (BEC) & Cyber Insurance Renewal
LIQUID ROCK CONCRETE,"LIQUID ROCK CONCRETE, LLC",12411 MOSIELEE ST,HOUSTON,TX,77086,238110,"Construction (General, Civil, Specialty Trades)",Limited Liability Company (LLC),2016-07-13T00:00:00.000,Business Email Compromise (BEC) & Cyber Insurance Renewal
LISTO DRYWALL COMPANY INC,"LISTO DRYWALL COMPANY, INC.",1101 W 20TH ST,HOUSTON,TX,77008,238311,"Construction (General, Civil, Specialty Trades)",Texas Corporation,1998-09-10T00:00:00.000,Business Email Compromise (BEC) & Cyber Insurance Renewal
"LISTRO, LLC","LISTRO, LLC",5724 BINGLE RD STE C,HOUSTON,TX,77092,238990,"Construction (General, Civil, Specialty Trades)",Limited Liability Company (LLC),2024-08-21T00:00:00.000,Business Email Compromise (BEC) & Cyber Insurance Renewal
LJ'S A/C SERVICE LLC,LJ'S A/C SERVICE LLC,11410 SAGEWHITE DR,HOUSTON,TX,77089,238220,"Plumbing, Heating, and Air-Conditioning Contractors",Limited Liability Company (LLC),2023-04-17T00:00:00.000,Business Email Compromise (BEC) & Cyber Insurance Renewal
LLOYD W AUBRY CO INC/NABISCO,"LLOYD W. AUBRY CO., INC.",6803 ALMEDA RD,HOUSTON,TX,77021,238910,"Construction (General, Civil, Specialty Trades)",Foreign Corporation (Out-of-State),2005-05-24T00:00:00.000,Business Email Compromise (BEC) & Cyber Insurance Renewal
LO-HEAT AIR CONDITIONING & HEATING,"LO-HEAT AIR CONDITIONING & HEATING SERVICES, INC.",15907 MISTY HEATH LN,HOUSTON,TX,77084,238220,"Plumbing, Heating, and Air-Conditioning Contractors",Texas Corporation,2007-07-16T00:00:00.000,Business Email Compromise (BEC) & Cyber Insurance Renewal
LOCKES POWER CORP,LOCKES POWER CORP,1315 INDIAN HAWTHORN CT,HOUSTON,TX,77094,238210,Electrical Contractors and Other Wiring Installation,Foreign Corporation (Out-of-State),2026-01-26T00:00:00.000,Business Email Compromise (BEC) & Cyber Insurance Renewal
"LOGAN COMPLETION SYSTEMS, INC.","WELLFIRST TECHNOLOGIES, INC.",10603 W SAM HOUSTON PKWY N STE 200,HOUSTON,TX,77064,238290,"Construction (General, Civil, Specialty Trades)",Texas Corporation,2016-12-08T00:00:00.000,Business Email Compromise (BEC) & Cyber Insurance Renewal
LOGAN HOME THEATER & AUTOMATION,TAMARA RENE SMITH,13034 LIMA DR,HOUSTON,TX,77099,238210,Electrical Contractors and Other Wiring Installation,Type IS,2026-06-09T00:00:00.000,Business Email Compromise (BEC) & Cyber Insurance Renewal
LOGISTICAL MAINTENANCE,AHMET SEHIC,4618 MERCHANT SPRINGS LN,HOUSTON,TX,77084,238992,"Construction (General, Civil, Specialty Trades)",Type IS,2025-09-30T00:00:00.000,Business Email Compromise (BEC) & Cyber Insurance Renewal
"LONE STAR AIR SYSTEMS, LTD.","LONE STAR AIR SYSTEMS, LTD.",6100 W BY NORTHWEST BLVD STE 160,HOUSTON,TX,77040,238991,"Construction (General, Civil, Specialty Trades)",Type PL,2007-06-11T00:00:00.000,Business Email Compromise (BEC) & Cyber Insurance Renewal
"LONE STAR AUTOMATED SYSTEMS, INC.","LONE STAR AUTOMATED SYSTEMS, INC.",10801 HAMMERLY BLVD STE 150,HOUSTON,TX,77043,238290,"Construction (General, Civil, Specialty Trades)",Texas Corporation,2003-10-29T00:00:00.000,Business Email Compromise (BEC) & Cyber Insurance Renewal
"LONE STAR COMMUNICATIONS HOUSTON, INC.","LONE STAR COMMUNICATIONS HOUSTON, INC.",4210 SOUTH DR,HOUSTON,TX,77053,238210,Electrical Contractors and Other Wiring Installation,Texas Corporation,2016-01-21T00:00:00.000,Business Email Compromise (BEC) & Cyber Insurance Renewal
LONE STAR ELEVATOR CO LLC,"LONE STAR ELEVATOR CO., LLC",5527 JESSAMINE ST,HOUSTON,TX,77081,238291,"Construction (General, Civil, Specialty Trades)",Limited Liability Company (LLC),1998-02-19T00:00:00.000,Business Email Compromise (BEC) & Cyber Insurance Renewal
LONE STAR TELEPHONE SERVICES,"RONKEITH, INC.",1422 REDMOND ST,HOUSTON,TX,77015,238210,Electrical Contractors and Other Wiring Installation,Texas Corporation,1999-10-19T00:00:00.000,Business Email Compromise (BEC) & Cyber Insurance Renewal
"LONESTAR ALUMINUM SPECIALTIES, LLC","LONESTAR ALUMINUM SPECIALTIES, LLC",8242 WARREN RD,HOUSTON,TX,77040,238150,"Construction (General, Civil, Specialty Trades)",Limited Liability Company (LLC),2011-10-06T00:00:00.000,Business Email Compromise (BEC) & Cyber Insurance Renewal
LONG LAM AC & HEATING LLC,LONG LAM AC & HEATING LLC,9006 WRENWOOD CIR,HOUSTON,TX,77099,238220,"Plumbing, Heating, and Air-Conditioning Contractors",Limited Liability Company (LLC),2019-05-17T00:00:00.000,Business Email Compromise (BEC) & Cyber Insurance Renewal
LONGHORN CRANE,LCP MANUFACTURING LLC,7130 SATSUMA DR,HOUSTON,TX,77041,238290,"Construction (General, Civil, Specialty Trades)",Limited Liability Company (LLC),2025-03-19T00:00:00.000,Business Email Compromise (BEC) & Cyber Insurance Renewal
LONGHORN FLOORING SERVICES,FRANCISCO DELUCE GONZALEZ,1715 WILDE ROCK WAY,HOUSTON,TX,77018,238330,"Construction (General, Civil, Specialty Trades)",Type IS,2008-06-23T00:00:00.000,Business Email Compromise (BEC) & Cyber Insurance Renewal
LORDS SERVICES LLC,"LORDS SERVICES, LLC",6235 CORPORATE DR,HOUSTON,TX,77036,238110,"Construction (General, Civil, Specialty Trades)",Limited Liability Company (LLC),2008-09-02T00:00:00.000,Business Email Compromise (BEC) & Cyber Insurance Renewal
LPR COOLING & HEATING SERVICE LLC,LPR COOLING & HEATING SERVICE LLC,6723 BRIMRIDGE LN,HOUSTON,TX,77048,238220,"Plumbing, Heating, and Air-Conditioning Contractors",Limited Liability Company (LLC),2025-12-10T00:00:00.000,Business Email Compromise (BEC) & Cyber Insurance Renewal
LS FENCE,LS FENCE LLC,10130 PEACH ST,HOUSTON,TX,77093,238990,"Construction (General, Civil, Specialty Trades)",Limited Liability Company (LLC),2020-11-07T00:00:00.000,Business Email Compromise (BEC) & Cyber Insurance Renewal
LSS DIGITAL PRINT FINISHING SYSTEMS,"CAPE EQUIPMENT & SERVICES, LLC",4501 S PINEMONT DR STE 100,HOUSTON,TX,77041,238290,"Construction (General, Civil, Specialty Trades)",Limited Liability Company (LLC),2020-12-19T00:00:00.000,Business Email Compromise (BEC) & Cyber Insurance Renewal
"LTZ INVESTMENTS, INC.","LTZ INVESTMENTS, INC.",2121 BRITTMOORE RD STE 3500,HOUSTON,TX,77043,238330,"Construction (General, Civil, Specialty Trades)",Texas Corporation,2018-03-21T00:00:00.000,Business Email Compromise (BEC) & Cyber Insurance Renewal
"LUCID SERVICES, LLC","LUCID SERVICES, LLC",7532 OLYMPIA DR,HOUSTON,TX,77063,238160,Roofing Contractors,Limited Liability Company (LLC),2021-05-20T00:00:00.000,Business Email Compromise (BEC) & Cyber Insurance Renewal
LUIS BRIZUELA PAINTING,LUIS CESAR BRIZUELA,9290 WOODFAIR DR APT 803,HOUSTON,TX,77036,238320,"Construction (General, Civil, Specialty Trades)",Type IS,2026-02-04T00:00:00.000,Business Email Compromise (BEC) & Cyber Insurance Renewal
"LUKE'S PLUMBING AND AIR CONDITIONING, LLC","LUKE'S PLUMBING AND AIR CONDITIONING, LLC",3548 E T C JESTER BLVD,HOUSTON,TX,77018,238220,"Plumbing, Heating, and Air-Conditioning Contractors",Limited Liability Company (LLC),2024-10-02T00:00:00.000,Business Email Compromise (BEC) & Cyber Insurance Renewal
LUMIERE SOLUTIONS LLC,LUMIERE SOLUTIONS LLC,4400 MEMORIAL DR APT 2069,HOUSTON,TX,77007,238210,Electrical Contractors and Other Wiring Installation,Limited Liability Company (LLC),2024-08-29T00:00:00.000,Business Email Compromise (BEC) & Cyber Insurance Renewal
"LUMIO HX, INC.","LUMIO HX, INC.",9327 HIGHWAY 6 N STE 130,HOUSTON,TX,77095,238210,Electrical Contractors and Other Wiring Installation,Foreign Corporation (Out-of-State),2021-12-30T00:00:00.000,Business Email Compromise (BEC) & Cyber Insurance Renewal
"LUSH OUTDOOR LIVING, INC.","LUSH OUTDOOR LIVING, INC.",2200 SOUTHWEST FWY STE 602,HOUSTON,TX,77098,238991,"Construction (General, Civil, Specialty Trades)",Texas Corporation,2015-10-23T00:00:00.000,Business Email Compromise (BEC) & Cyber Insurance Renewal
"LUTZ ELECTRICAL CONTRACTING, LP","LUTZ ELECTRICAL CONTRACTING, LP",14827 CINDYWOOD DR,HOUSTON,TX,77079,238212,"Construction (General, Civil, Specialty Trades)",Type PL,2017-10-24T00:00:00.000,Business Email Compromise (BEC) & Cyber Insurance Renewal
"LUXE FAUX, LLC","LUXE FAUX, LLC",815 ROLLING RUN CT,HOUSTON,TX,77062,238990,"Construction (General, Civil, Specialty Trades)",Limited Liability Company (LLC),2026-04-06T00:00:00.000,Business Email Compromise (BEC) & Cyber Insurance Renewal
"LVL UP SERVICES, LLC","LVL UP SERVICES, LLC",11438 WAXWOOD DR,HOUSTON,TX,77089,238320,"Construction (General, Civil, Specialty Trades)",Limited Liability Company (LLC),2025-09-18T00:00:00.000,Business Email Compromise (BEC) & Cyber Insurance Renewal
M & M ESPINOZA,MIGUEL ANGEL ESPINOZA,817 MCCABE ST,HOUSTON,TX,77076,238310,"Construction (General, Civil, Specialty Trades)",Type IS,2024-08-14T00:00:00.000,Business Email Compromise (BEC) & Cyber Insurance Renewal
M B SERVICES AIR CONDITIONING & HEATING,MARK BAILEY AIR CONDITIONING & HEATING L.L.C.,12026 GREENWOOD ESTATES ST,HOUSTON,TX,77066,238220,"Plumbing, Heating, and Air-Conditioning Contractors",Limited Liability Company (LLC),2009-01-20T00:00:00.000,Business Email Compromise (BEC) & Cyber Insurance Renewal
M EMPIRE CONSTRUCTION & PAINTING,MOUSA ELKHALIL,7614 MAUNA KAI DR,HOUSTON,TX,77095,238320,"Construction (General, Civil, Specialty Trades)",Type IS,2011-04-21T00:00:00.000,Business Email Compromise (BEC) & Cyber Insurance Renewal
M L DEER CONSTRUCTION COMPANY,"M. L. DEER CONSTRUCTION COMPANY, L.P.",7720 WESTVIEW DR,HOUSTON,TX,77055,238192,"Construction (General, Civil, Specialty Trades)",Type PL,1994-03-25T00:00:00.000,Business Email Compromise (BEC) & Cyber Insurance Renewal
"M MECHANICAL, LLC","M MECHANICAL, LLC",11311 JONES RD W STE L,HOUSTON,TX,77065,238221,"Construction (General, Civil, Specialty Trades)",Limited Liability Company (LLC),2015-06-17T00:00:00.000,Business Email Compromise (BEC) & Cyber Insurance Renewal
M&G PAINTING LLC,M&G PAINTING LLC,9126 ROCKCLIFF DR,HOUSTON,TX,77037,238320,"Construction (General, Civil, Specialty Trades)",Limited Liability Company (LLC),2019-07-22T00:00:00.000,Business Email Compromise (BEC) & Cyber Insurance Renewal
M&M ROOFING CO.,M&M ROOFING CO.,1656 TOWNHURST DR STE D,HOUSTON,TX,77043,238160,Roofing Contractors,Texas Corporation,2014-07-25T00:00:00.000,Business Email Compromise (BEC) & Cyber Insurance Renewal
M&M'S GAB GROUP LLC,M&M'S FAB GROUP LLC,12959 FONDREN RD,HOUSTON,TX,77035,238122,"Construction (General, Civil, Specialty Trades)",Limited Liability Company (LLC),2023-07-19T00:00:00.000,Business Email Compromise (BEC) & Cyber Insurance Renewal
"M-TECH ELECTRIC, LLC","M-TECH ELECTRIC, LLC",5380 W 34TH ST # 360,HOUSTON,TX,77092,238210,Electrical Contractors and Other Wiring Installation,Limited Liability Company (LLC),2021-03-02T00:00:00.000,Business Email Compromise (BEC) & Cyber Insurance Renewal
M.A.C. MECHANICAL PLUMBING,"M.A.C. MECHANICAL PLUMBING, LLC",7938 BREEN DRIVE,HOUSTON,TX,77064,238222,"Construction (General, Civil, Specialty Trades)",Limited Liability Company (LLC),2022-09-28T00:00:00.000,Business Email Compromise (BEC) & Cyber Insurance Renewal
"M.C.D. CARPETS, INC.","M.C.D. CARPETS, INC.",2001 KARBACH ST,HOUSTON,TX,77092,238330,"Construction (General, Civil, Specialty Trades)",Texas Corporation,2009-04-03T00:00:00.000,Business Email Compromise (BEC) & Cyber Insurance Renewal
M.E. BROWN AIR CONDITIONING CO. LLC,M.E. BROWN AIR CONDITIONING CO. LLC,6999 W LITTLE YORK RD STE G1,HOUSTON,TX,77040,238220,"Plumbing, Heating, and Air-Conditioning Contractors",Limited Liability Company (LLC),2017-01-05T00:00:00.000,Business Email Compromise (BEC) & Cyber Insurance Renewal
M.H. WELDING,MARIO HERNANDEZ,9851 GREENWICH ST,HOUSTON,TX,77078,238190,"Construction (General, Civil, Specialty Trades)",Type IS,2026-05-04T00:00:00.000,Business Email Compromise (BEC) & Cyber Insurance Renewal
"M.I. GLASS, INC.","M.I. GLASS, INC.",8563 BREEN RD,HOUSTON,TX,77064,238151,"Construction (General, Civil, Specialty Trades)",Texas Corporation,2007-01-02T00:00:00.000,Business Email Compromise (BEC) & Cyber Insurance Renewal
MAA MECHANICAL SERVICES,MICHAEL A AREVALO,6504 AVENUE C,HOUSTON,TX,77011,238220,"Plumbing, Heating, and Air-Conditioning Contractors",Type IS,2013-09-10T00:00:00.000,Business Email Compromise (BEC) & Cyber Insurance Renewal
MAA SPECIALTIES,MARK MALONE,18100 WEST RD APT 1610,HOUSTON,TX,77095,238990,"Construction (General, Civil, Specialty Trades)",Type IS,2025-06-26T00:00:00.000,Business Email Compromise (BEC) & Cyber Insurance Renewal
MACIEL GLASS & MIRROR,JUAN MACIEL,12263 COBBS CREEK RD,HOUSTON,TX,77067,238152,"Construction (General, Civil, Specialty Trades)",Type IS,2022-06-23T00:00:00.000,Business Email Compromise (BEC) & Cyber Insurance Renewal
MAFHH CONSTRUCTION,MAFHH INVESTMENTS INC,2505 S VOSS RD APT 1423,HOUSTON,TX,77057,238990,"Construction (General, Civil, Specialty Trades)",Texas Corporation,2012-02-08T00:00:00.000,Business Email Compromise (BEC) & Cyber Insurance Renewal
MAGNOLIA SERVICES INC,"MAGNOLIA SERVICES, INC.",6110 EDGEMOOR DR,HOUSTON,TX,77081,238912,"Construction (General, Civil, Specialty Trades)",Texas Corporation,1999-07-24T00:00:00.000,Business Email Compromise (BEC) & Cyber Insurance Renewal
"MAGNUM DRYWALL, INC.","MAGNUM DRYWALL, INC.",1923 ANTOINE DR STE B1,HOUSTON,TX,77055,238310,"Construction (General, Civil, Specialty Trades)",Texas Corporation,2014-08-14T00:00:00.000,Business Email Compromise (BEC) & Cyber Insurance Renewal
MAGNUM TUNNELING,"BORING & TUNNELING COMPANY OF AMERICA, LLC",6325 HERMANN RD,HOUSTON,TX,77050,238910,"Construction (General, Civil, Specialty Trades)",Limited Liability Company (LLC),2009-02-24T00:00:00.000,Business Email Compromise (BEC) & Cyber Insurance Renewal
"MAJESTIC STONE, LLC",MAJESTIC STONE LLC,8444 RAYSON RD,HOUSTON,TX,77080,238390,"Construction (General, Civil, Specialty Trades)",Limited Liability Company (LLC),2025-04-18T00:00:00.000,Business Email Compromise (BEC) & Cyber Insurance Renewal
MAJIC STRIPING CO,RICKY REED,11514 CORKWOOD DR,HOUSTON,TX,77089,238990,"Construction (General, Civil, Specialty Trades)",Type PI,2006-08-24T00:00:00.000,Business Email Compromise (BEC) & Cyber Insurance Renewal
MAK MILLWORK INC,MAK MILLWORK INC,6830 N ELDRIDGE PKWY STE 203,HOUSTON,TX,77041,238151,"Construction (General, Civil, Specialty Trades)",Texas Corporation,2020-03-02T00:00:00.000,Business Email Compromise (BEC) & Cyber Insurance Renewal
MAKITA U S A INC,"MAKITA U.S.A., INC.",4321 W SAM HOUSTON PKWY N STE 150,HOUSTON,TX,77043,238200,"Construction (General, Civil, Specialty Trades)",Foreign Corporation (Out-of-State),2004-01-14T00:00:00.000,Business Email Compromise (BEC) & Cyber Insurance Renewal
MALLARD COMMERCIAL PAINTING,KIAN TAJADOD,5231 CHARNWICK CT,HOUSTON,TX,77069,238320,"Construction (General, Civil, Specialty Trades)",Type IS,2026-03-31T00:00:00.000,Business Email Compromise (BEC) & Cyber Insurance Renewal
MANN MADE SYSTEMS,"IJSA, INC.",3214 MERCER ST,HOUSTON,TX,77027,238210,Electrical Contractors and Other Wiring Installation,Texas Corporation,2015-12-23T00:00:00.000,Business Email Compromise (BEC) & Cyber Insurance Renewal
MAR SUPERIOR SERVICES,MAR SUPERIOR SERVICES LLC,19010 REMINGTON PARK DR,HOUSTON,TX,77073,238991,"Construction (General, Civil, Specialty Trades)",Limited Liability Company (LLC),2025-09-24T00:00:00.000,Business Email Compromise (BEC) & Cyber Insurance Renewal
MARATHON AIR,MARATHON AIR LLC,11618 YORKSHIRE OAKS DR,HOUSTON,TX,77065,238220,"Plumbing, Heating, and Air-Conditioning Contractors",Limited Liability Company (LLC),2024-05-04T00:00:00.000,Business Email Compromise (BEC) & Cyber Insurance Renewal
MARAVILLA DRYWALL & PAINTING,JOSE G MARAVILLA,16254 SALIDA DE SOL DR,HOUSTON,TX,77083,238310,"Construction (General, Civil, Specialty Trades)",Type IS,2010-03-29T00:00:00.000,Business Email Compromise (BEC) & Cyber Insurance Renewal
"MARCHAL/STEVENSON ELEVATOR COMPANY, INC.","MARCHAL/STEVENSON ELEVATOR COMPANY, INC.",11050 W LITTLE YORK RD BLDG E,HOUSTON,TX,77041,238291,"Construction (General, Civil, Specialty Trades)",Texas Corporation,2009-08-19T00:00:00.000,Business Email Compromise (BEC) & Cyber Insurance Renewal
"MARCHUK MECHANICAL, LLC","MARCHUK MECHANICAL, LLC",5519 PINEWILDE DR,HOUSTON,TX,77066,238220,"Plumbing, Heating, and Air-Conditioning Contractors",Limited Liability Company (LLC),2022-02-23T00:00:00.000,Business Email Compromise (BEC) & Cyber Insurance Renewal
MARCO'S A/C AND HEATING INC.,MARCO'S A/C AND HEATING INC.,2049 WESTERN VILLAGE LN,HOUSTON,TX,77043,238220,"Plumbing, Heating, and Air-Conditioning Contractors",Texas Corporation,2015-04-08T00:00:00.000,Business Email Compromise (BEC) & Cyber Insurance Renewal
MAREK BROTHERS COMPANY INC,"MAREK BROTHERS COMPANY, LLC",3701 PINEY WOODS DR,HOUSTON,TX,77018,238311,"Construction (General, Civil, Specialty Trades)",Corporation / Corporate Entity,2007-11-01T00:00:00.000,Business Email Compromise (BEC) & Cyber Insurance Renewal
MAREK BROTHERS SYSTEMS INC,"MAREK BROTHERS SYSTEMS, LLC",3539 OAK FOREST DR,HOUSTON,TX,77018,238310,"Construction (General, Civil, Specialty Trades)",Corporation / Corporate Entity,1987-09-29T00:00:00.000,Business Email Compromise (BEC) & Cyber Insurance Renewal
"MAREK BROTHERS SYSTEMS, LLC","MAREK BROTHERS SYSTEMS, LLC",2115 JUDIWAY ST,HOUSTON,TX,77018,238310,"Construction (General, Civil, Specialty Trades)",Corporation / Corporate Entity,2022-06-03T00:00:00.000,Business Email Compromise (BEC) & Cyber Insurance Renewal
MAREK IRRIGATION,STEVEN P HORVATH,3433 W DALLAS ST APT 1021,HOUSTON,TX,77019,238991,"Construction (General, Civil, Specialty Trades)",Type IS,2010-11-18T00:00:00.000,Business Email Compromise (BEC) & Cyber Insurance Renewal
MARES GLASS INCORPORATED,MARES GLASS INCORPORATED,11948 HEMPSTEAD RD,HOUSTON,TX,77092,238150,"Construction (General, Civil, Specialty Trades)",Texas Corporation,2008-07-07T00:00:00.000,Business Email Compromise (BEC) & Cyber Insurance Renewal
MARIA CARDOZO PINO,MARIA CARDOZO PINO,1114 TERRY COURT PL,HOUSTON,TX,77073,238160,Roofing Contractors,Type IS,2024-10-02T00:00:00.000,Business Email Compromise (BEC) & Cyber Insurance Renewal
MARIA E CASTRO,MARIA ELENA CASTRO,8306 GARVIN AVE,HOUSTON,TX,77064,238990,"Construction (General, Civil, Specialty Trades)",Type IS,2023-08-10T00:00:00.000,Business Email Compromise (BEC) & Cyber Insurance Renewal
MARIO'S GLASS CO,MARIO GARCIA,1802 PRIEST DR,HOUSTON,TX,77093,238350,"Construction (General, Civil, Specialty Trades)",Type IS,2016-09-26T00:00:00.000,Business Email Compromise (BEC) & Cyber Insurance Renewal
"MARLIN CONSTRUCTION, LLC","MARLIN CONSTRUCTION, LLC",10403 KANSACK LN,HOUSTON,TX,77086,238160,Roofing Contractors,Limited Liability Company (LLC),2025-07-17T00:00:00.000,Business Email Compromise (BEC) & Cyber Insurance Renewal
"MARQUINA DRYWALL & PAINT, INC.","MARQUINA DRYWALL & PAINT, INC.",8807 BEAU MONDE DR,HOUSTON,TX,77099,238310,"Construction (General, Civil, Specialty Trades)",Texas Corporation,2017-06-22T00:00:00.000,Business Email Compromise (BEC) & Cyber Insurance Renewal
MARSHALL DOOR,SETH MARSHALL,11627 BREEZY KNOLL DR,HOUSTON,TX,77064,238990,"Construction (General, Civil, Specialty Trades)",Type IS,2022-06-17T00:00:00.000,Business Email Compromise (BEC) & Cyber Insurance Renewal
MARTIN MARTINEZ & SONS CONSTRUCTION LLC,MARTIN MARTINEZ & SONS CONSTRUCTION LLC,9027 TAVENOR LN,HOUSTON,TX,77075,238990,"Construction (General, Civil, Specialty Trades)",Limited Liability Company (LLC),2018-01-19T00:00:00.000,Business Email Compromise (BEC) & Cyber Insurance Renewal
MARTINEZ BOB CAT SERVICES,MARTINEZ BOB CAT SERVICES LLC,1417 MURRAY BAY ST,HOUSTON,TX,77080,238990,"Construction (General, Civil, Specialty Trades)",Limited Liability Company (LLC),2025-10-02T00:00:00.000,Business Email Compromise (BEC) & Cyber Insurance Renewal
MARTINEZ MILLWORK SERVICES LLC,MARTINEZ MILLWORK SERVICES LLC,16514 BRISTLE CREEK DR,HOUSTON,TX,77095,238330,"Construction (General, Civil, Specialty Trades)",Limited Liability Company (LLC),2026-03-17T00:00:00.000,Business Email Compromise (BEC) & Cyber Insurance Renewal
MARTINEZ MILLWORKS INCORPORATED,MARTINEZ MILLWORKS INCORPORATED,14339 AUTO PARK WAY,HOUSTON,TX,77083,238350,"Construction (General, Civil, Specialty Trades)",Texas Corporation,2003-02-07T00:00:00.000,Business Email Compromise (BEC) & Cyber Insurance Renewal
"MARTON ROOFING INDUSTRIES, LTD.","MARTON ROOFING INDUSTRIES, LTD.",5207 ASHBROOK DR,HOUSTON,TX,77081,238162,"Construction (General, Civil, Specialty Trades)",Type PL,1999-03-12T00:00:00.000,Business Email Compromise (BEC) & Cyber Insurance Renewal
MARZ TECH SOLUTIONS LLC,MARZ TECH SOLUTIONS LLC,2009 COLQUITT ST APT 11,HOUSTON,TX,77098,238210,Electrical Contractors and Other Wiring Installation,Limited Liability Company (LLC),2026-07-02T00:00:00.000,Business Email Compromise (BEC) & Cyber Insurance Renewal
MAS DESIGNS,JENNIFER BORUNDA,11734 WINSHIRE CIR,HOUSTON,TX,77024,238991,"Construction (General, Civil, Specialty Trades)",Type IS,2026-08-13T00:00:00.000,Business Email Compromise (BEC) & Cyber Insurance Renewal
MAS MECHANICAL LLC,MAS MECHANICAL LLC,10050 HOUSTON OAKS DR,HOUSTON,TX,77064,238220,"Plumbing, Heating, and Air-Conditioning Contractors",Limited Liability Company (LLC),2014-08-14T00:00:00.000,Business Email Compromise (BEC) & Cyber Insurance Renewal
"MASA PROPERTY SOLUTIONS, LLC",MASA PROPERTY SOLUTIONS LLC,17350 STATE HIGHWAY 249 STE 220 # 31801,HOUSTON,TX,77064,238391,"Construction (General, Civil, Specialty Trades)",Limited Liability Company (LLC),2025-12-02T00:00:00.000,Business Email Compromise (BEC) & Cyber Insurance Renewal
"MASCO PLUMBING, INC","MASCO PLUMBING, INC",636 DILLARD ST,HOUSTON,TX,77091,238220,"Plumbing, Heating, and Air-Conditioning Contractors",Texas Corporation,2012-07-31T00:00:00.000,Business Email Compromise (BEC) & Cyber Insurance Renewal
MASON PAINTING,"J & S MASON PAINTING, INC.",5750 N SAM HOUSTON PKWY E STE 108,HOUSTON,TX,77032,238322,"Construction (General, Civil, Specialty Trades)",Texas Corporation,2011-03-28T00:00:00.000,Business Email Compromise (BEC) & Cyber Insurance Renewal
MASRAM MECHANICAL LP,MASRAM MECHANICAL LP,5613 CAMPBELL RD,HOUSTON,TX,77041,238290,"Construction (General, Civil, Specialty Trades)",Type PL,2019-02-26T00:00:00.000,Business Email Compromise (BEC) & Cyber Insurance Renewal
MASSEY SLV,DUANE EDWARD MASSEY,9208 1/2 RASMUS DR STE 12,HOUSTON,TX,77063,238990,"Construction (General, Civil, Specialty Trades)",Type IS,2008-03-07T00:00:00.000,Business Email Compromise (BEC) & Cyber Insurance Renewal
"MASTER CRAFT WOODWORKS, INC.","MASTER CRAFT WOODWORKS, INC.",5401 BELL ST,HOUSTON,TX,77023,238351,"Construction (General, Civil, Specialty Trades)",Texas Corporation,2025-11-06T00:00:00.000,Business Email Compromise (BEC) & Cyber Insurance Renewal
MASTER TILE INSTALLATIONS,FRANCISCO S JAIMES,534 ARVANA ST,HOUSTON,TX,77034,238330,"Construction (General, Civil, Specialty Trades)",Type IS,2007-01-26T00:00:00.000,Business Email Compromise (BEC) & Cyber Insurance Renewal
"MASTERCAST, INC.","MASTERCAST, INC.",6434 STUEBNER AIRLINE RD,HOUSTON,TX,77091,238140,"Construction (General, Civil, Specialty Trades)",Texas Corporation,2026-08-25T00:00:00.000,Business Email Compromise (BEC) & Cyber Insurance Renewal
MASYER CORP.,MASYER CORP.,616 MEMORIAL HEIGHTS DR APT 11225,HOUSTON,TX,77007,238310,"Construction (General, Civil, Specialty Trades)",Texas Corporation,2019-11-07T00:00:00.000,Business Email Compromise (BEC) & Cyber Insurance Renewal
"MAX GRIGSBY COMPANY, INC.","MAX GRIGSBY COMPANY, INC.",6800 SANDS POINT DR,HOUSTON,TX,77074,238992,"Construction (General, Civil, Specialty Trades)",Texas Corporation,2011-12-23T00:00:00.000,Business Email Compromise (BEC) & Cyber Insurance Renewal
MAXIM CONSTRUCTION LLC,MAXIM CONSTRUCTION LLC,11314 VALLEY SPRING DR,HOUSTON,TX,77043,238992,"Construction (General, Civil, Specialty Trades)",Limited Liability Company (LLC),2024-12-16T00:00:00.000,Business Email Compromise (BEC) & Cyber Insurance Renewal
"MAXIMUM SERVICES, LLC","MAXIMUM SERVICES, LLC",9310 MEADOW VISTA BLVD,HOUSTON,TX,77064,238390,"Construction (General, Civil, Specialty Trades)",Limited Liability Company (LLC),2014-04-11T00:00:00.000,Business Email Compromise (BEC) & Cyber Insurance Renewal
MAXWELL HOME HOLDINGS INC.,MAXWELL HOME HOLDINGS INC.,8906 CROES DR,HOUSTON,TX,77055,238191,"Construction (General, Civil, Specialty Trades)",Texas Corporation,2025-12-02T00:00:00.000,Business Email Compromise (BEC) & Cyber Insurance Renewal
MAXY ROOF LLC,MAXY ROOF LLC,1400 BROADFIELD BLVD STE 200,HOUSTON,TX,77084,238160,Roofing Contractors,Limited Liability Company (LLC),2026-01-31T00:00:00.000,Business Email Compromise (BEC) & Cyber Insurance Renewal
MAYCO BUILDING SYSTEMS INC,"MAYCO BUILDING SYSTEMS, INC.",6408 DEIHL RD,HOUSTON,TX,77092,238991,"Construction (General, Civil, Specialty Trades)",Texas Corporation,2004-01-22T00:00:00.000,Business Email Compromise (BEC) & Cyber Insurance Renewal
MAYFIELD ELECTRIC COMPANY,MAYFIELD ELECTRIC COMPANY,4626 FLOYD ST,HOUSTON,TX,77007,238212,"Construction (General, Civil, Specialty Trades)",Texas Corporation,1993-02-17T00:00:00.000,Business Email Compromise (BEC) & Cyber Insurance Renewal
MAYRA'S C & P SERVICES,"MAYRA'S GENERAL CONTRACTORS, INC.",11926 LYNDA DR,HOUSTON,TX,77038,238322,"Construction (General, Civil, Specialty Trades)",Texas Corporation,2025-02-10T00:00:00.000,Business Email Compromise (BEC) & Cyber Insurance Renewal
MB MECHANICAL INC,MB MECHANICAL INC,14226 SUNWICK ST,HOUSTON,TX,77060,238221,"Construction (General, Civil, Specialty Trades)",Texas Corporation,2022-03-31T00:00:00.000,Business Email Compromise (BEC) & Cyber Insurance Renewal
"MC BRIGHT ELECTRIC, LLC","MC BRIGHT ELECTRIC, LLC",13354 KNOLLCREST ST,HOUSTON,TX,77015,238210,Electrical Contractors and Other Wiring Installation,Limited Liability Company (LLC),2024-11-26T00:00:00.000,Business Email Compromise (BEC) & Cyber Insurance Renewal
MC ELECTRICAL REPAIRS LLC,MC ELECTRICAL REPAIRS LLC,13643 GARDEN GROVE CT APT 295,HOUSTON,TX,77082,238210,Electrical Contractors and Other Wiring Installation,Limited Liability Company (LLC),2026-02-26T00:00:00.000,Business Email Compromise (BEC) & Cyber Insurance Renewal
"MC HOME IMPROVEMENT, LLC","MC HOME IMPROVEMENT, LLC",9606 HAMMERLY BLVD,HOUSTON,TX,77080,238390,"Construction (General, Civil, Specialty Trades)",Limited Liability Company (LLC),2019-06-25T00:00:00.000,Business Email Compromise (BEC) & Cyber Insurance Renewal
MC INSTALLATION SERVICES,MANUEL RODRIGO COLE CABALLERO,12603 WOODFOREST BLVD APT W411,HOUSTON,TX,77015,238390,"Construction (General, Civil, Specialty Trades)",Type IS,2026-06-30T00:00:00.000,Business Email Compromise (BEC) & Cyber Insurance Renewal
"MC SURFACES, INC.","MC SURFACES, INC.",450 LOCKHAVEN DR,HOUSTON,TX,77073,238341,"Construction (General, Civil, Specialty Trades)",Texas Corporation,2002-04-03T00:00:00.000,Business Email Compromise (BEC) & Cyber Insurance Renewal
"MCBRIDE PLUMBING, LLC","MCBRIDE PLUMBING, LLC",6719 THEALL RD STE B,HOUSTON,TX,77066,238220,"Plumbing, Heating, and Air-Conditioning Contractors",Limited Liability Company (LLC),2017-06-21T00:00:00.000,Business Email Compromise (BEC) & Cyber Insurance Renewal
MCCANN SERVICES INC.,MCCANN SERVICES INC.,7406 ASHCROFT DR,HOUSTON,TX,77081,238221,"Construction (General, Civil, Specialty Trades)",Texas Corporation,1986-10-31T00:00:00.000,Business Email Compromise (BEC) & Cyber Insurance Renewal
MCCARSON HOMES LLC,MCCARSON HOMES LLC,7020 CULLEN BLVD,HOUSTON,TX,77021,238210,Electrical Contractors and Other Wiring Installation,Limited Liability Company (LLC),2026-02-23T00:00:00.000,Business Email Compromise (BEC) & Cyber Insurance Renewal
MCCLINTOCK CORPORATION,MCCLINTOCK CORPORATION,9555 BAYTHORNE DR STE 900,HOUSTON,TX,77041,238322,"Construction (General, Civil, Specialty Trades)",Texas Corporation,2001-11-13T00:00:00.000,Business Email Compromise (BEC) & Cyber Insurance Renewal
"MCCRORY - CTI SERVICES, INC.","MCCRORY - CTI SERVICES, INC.",11381 MEADOWGLEN LN STE E,HOUSTON,TX,77082,238140,"Construction (General, Civil, Specialty Trades)",Texas Corporation,2024-11-04T00:00:00.000,Business Email Compromise (BEC) & Cyber Insurance Renewal
MCCULLOUGH ELECTRIC LLC,"MCCULLOUGH ELECTRIC, LLC",716 W 12TH ST,HOUSTON,TX,77008,238210,Electrical Contractors and Other Wiring Installation,Limited Liability Company (LLC),2007-08-03T00:00:00.000,Business Email Compromise (BEC) & Cyber Insurance Renewal
MCCUNE ELECTRICAL SERVICES,"MCCUNE ELECTRICAL SERVICE, L.L.C.",8312 W LITTLE YORK RD,HOUSTON,TX,77040,238210,Electrical Contractors and Other Wiring Installation,Limited Liability Company (LLC),2019-08-06T00:00:00.000,Business Email Compromise (BEC) & Cyber Insurance Renewal
MCDARIS AC & HEATING INC,MCDARIS AC & HEATING INC,17615 LAGUNA TRAIL DR,HOUSTON,TX,77095,238220,"Plumbing, Heating, and Air-Conditioning Contractors",Texas Corporation,2020-08-04T00:00:00.000,Business Email Compromise (BEC) & Cyber Insurance Renewal
MCM PAVING AND CONSTRUCTION INC,"MCM COMMERCIAL CONCRETE, INC.",9518 GRANT RD,HOUSTON,TX,77070,238990,"Construction (General, Civil, Specialty Trades)",Texas Corporation,2006-04-20T00:00:00.000,Business Email Compromise (BEC) & Cyber Insurance Renewal
MCMILLAN JAMES EQUIPMENT COMPANY HOUSTON LLC,"MCMILLAN JAMES EQUIPMENT COMPANY HOUSTON, LLC",6721 PORTWEST DR STE 150,HOUSTON,TX,77024,238220,"Plumbing, Heating, and Air-Conditioning Contractors",Limited Liability Company (LLC),2016-08-18T00:00:00.000,Business Email Compromise (BEC) & Cyber Insurance Renewal
MCNINCH ELECTRIC LIMITED LIABILITY COMPANY,MCNINCH ELECTRIC LIMITED LIABILITY COMPANY,13827 PICKFORD KNOLLS DR,HOUSTON,TX,77041,238210,Electrical Contractors and Other Wiring Installation,Limited Liability Company (LLC),2009-02-25T00:00:00.000,Business Email Compromise (BEC) & Cyber Insurance Renewal
"MCOD GROUP, LLC","MCOD GROUP, LLC",6906 JAY ST,HOUSTON,TX,77028,238210,Electrical Contractors and Other Wiring Installation,Limited Liability Company (LLC),2026-04-10T00:00:00.000,Business Email Compromise (BEC) & Cyber Insurance Renewal
"MCRAY CRANE & RIGGING, INC.","MCRAY CRANE & RIGGING, INC.",8431 MOSLEY RD,HOUSTON,TX,77075,238990,"Construction (General, Civil, Specialty Trades)",Texas Corporation,2013-01-07T00:00:00.000,Business Email Compromise (BEC) & Cyber Insurance Renewal
MD FENCE CO,MD LAWN & LANDSCAPE LLC,14510 HEARTHSTONE MEADOWS DR,HOUSTON,TX,77095,238191,"Construction (General, Civil, Specialty Trades)",Limited Liability Company (LLC),2025-09-18T00:00:00.000,Business Email Compromise (BEC) & Cyber Insurance Renewal
MEC ENTERPRISES,MARK E CHOTAS,1242 SANDY PLAINS LN,HOUSTON,TX,77062,238210,Electrical Contractors and Other Wiring Installation,Type IS,2024-08-14T00:00:00.000,Business Email Compromise (BEC) & Cyber Insurance Renewal
"MECHANICAL 360 AIR CONDITIONING AND HEATING, LLC","MECHANICAL 360 AIR CONDITIONING AND HEATING, LLC",9940 CYPRESS CREEK PKWY,HOUSTON,TX,77070,238220,"Plumbing, Heating, and Air-Conditioning Contractors",Limited Liability Company (LLC),2022-12-27T00:00:00.000,Business Email Compromise (BEC) & Cyber Insurance Renewal
"MEDEARIS SHEET METAL & ROOFING COMPANY, LLC","MEDEARIS SHEET METAL & ROOFING COMPANY, LLC",2402 CHENEVERT ST,HOUSTON,TX,77004,238170,"Construction (General, Civil, Specialty Trades)",Limited Liability Company (LLC),2012-08-24T00:00:00.000,Business Email Compromise (BEC) & Cyber Insurance Renewal
MEGA SYSTEMS SECURITY,MIZRAHI ENTERPRISES LLC,5803 CYPRESS ST BLDG C,HOUSTON,TX,77074,238210,Electrical Contractors and Other Wiring Installation,Limited Liability Company (LLC),2016-08-04T00:00:00.000,Business Email Compromise (BEC) & Cyber Insurance Renewal
MEINKOTH MILL WORKS INC,"MEINKOTH MILL WORKS, INC.",721 WAINWRIGHT ST STE 101,HOUSTON,TX,77022,238352,"Construction (General, Civil, Specialty Trades)",Texas Corporation,2003-08-08T00:00:00.000,Business Email Compromise (BEC) & Cyber Insurance Renewal
"MEISTAD PLUMBING CO., INC.","MEISTAD PLUMBING CO., INC.",9015 EMMOTT RD,HOUSTON,TX,77040,238220,"Plumbing, Heating, and Air-Conditioning Contractors",Texas Corporation,2012-04-17T00:00:00.000,Business Email Compromise (BEC) & Cyber Insurance Renewal
MELTON ELECTRIC OF HOUSTON INC,"MELTON ELECTRIC, INC.",2309 KARBACH ST,HOUSTON,TX,77092,238212,"Construction (General, Civil, Specialty Trades)",Texas Corporation,1978-07-07T00:00:00.000,Business Email Compromise (BEC) & Cyber Insurance Renewal
"MELVIN ELECTRIC, INC.","MELVIN ELECTRIC, INC.",14926 KUYKENDAHL RD,HOUSTON,TX,77090,238210,Electrical Contractors and Other Wiring Installation,Texas Corporation,2017-01-25T00:00:00.000,Business Email Compromise (BEC) & Cyber Insurance Renewal
MEMORIAL IRON DOORS LLC,MEMORIAL IRON DOORS LLC,13036 TRAIL HOLLOW DR,HOUSTON,TX,77079,238990,"Construction (General, Civil, Specialty Trades)",Limited Liability Company (LLC),2022-10-07T00:00:00.000,Business Email Compromise (BEC) & Cyber Insurance Renewal
"MEMORIAL WINDOW AND BLIND, LLC","MEMORIAL WINDOW AND BLIND, LLC",13046 HERMITAGE LN,HOUSTON,TX,77079,238390,"Construction (General, Civil, Specialty Trades)",Limited Liability Company (LLC),2014-01-07T00:00:00.000,Business Email Compromise (BEC) & Cyber Insurance Renewal
MENDEZ PLUMBING AND CONSTRUCTION LLC,MENDEZ PLUMBING AND CONSTRUCTION LLC,17907 STONEY GLADE CT,HOUSTON,TX,77095,238220,"Plumbing, Heating, and Air-Conditioning Contractors",Limited Liability Company (LLC),2023-09-26T00:00:00.000,Business Email Compromise (BEC) & Cyber Insurance Renewal
MENDOZAS PAINTING & MORE LLC,MENDOZAS PAINTING & MORE LLC,16855 ANNA GREEN ST,HOUSTON,TX,77084,238320,"Construction (General, Civil, Specialty Trades)",Limited Liability Company (LLC),2025-04-25T00:00:00.000,Business Email Compromise (BEC) & Cyber Insurance Renewal
MEP EXPERTS LLC,MEP EXPERTS LLC,12436 FM 1960 RD W # 176,HOUSTON,TX,77065,238210,Electrical Contractors and Other Wiring Installation,Limited Liability Company (LLC),2025-01-28T00:00:00.000,Business Email Compromise (BEC) & Cyber Insurance Renewal
MERCURY CONTROL INC.,MERCURY CONTROL INC.,16820 BARKER SPRINGS RD STE 521,HOUSTON,TX,77084,238220,"Plumbing, Heating, and Air-Conditioning Contractors",Texas Corporation,2022-07-26T00:00:00.000,Business Email Compromise (BEC) & Cyber Insurance Renewal
MERGE STUDIOS LLC,MERGE STUDIOS LLC,1920 JOHNSON ST,HOUSTON,TX,77007,238990,"Construction (General, Civil, Specialty Trades)",Limited Liability Company (LLC),2020-01-30T00:00:00.000,Business Email Compromise (BEC) & Cyber Insurance Renewal
"MERIDIAN CONSTRUCTORS, L.L.C.","MERIDIAN CONSTRUCTORS, L.L.C.",6105 BRITTMOORE RD STE B,HOUSTON,TX,77041,238390,"Construction (General, Civil, Specialty Trades)",Limited Liability Company (LLC),2005-11-17T00:00:00.000,Business Email Compromise (BEC) & Cyber Insurance Renewal
MERIDIAN FRAMEWORKS,MERIDIAN FRAMEWORKS LLC,13201 NORTHWEST FWY STE 800,HOUSTON,TX,77040,238130,"Construction (General, Civil, Specialty Trades)",Limited Liability Company (LLC),2026-08-04T00:00:00.000,Business Email Compromise (BEC) & Cyber Insurance Renewal
"MERIDIAN SIGNS, LLC","MERIDIAN SIGNS, LLC",3310 MERCER ST,HOUSTON,TX,77027,238990,"Construction (General, Civil, Specialty Trades)",Limited Liability Company (LLC),2024-05-14T00:00:00.000,Business Email Compromise (BEC) & Cyber Insurance Renewal
MERIT ELECTRIC COMPANY LTD,MERIT ELECTRIC COMPANY,5626 MITCHELLDALE ST,HOUSTON,TX,77092,238212,"Construction (General, Civil, Specialty Trades)",Texas Corporation,2009-03-16T00:00:00.000,Business Email Compromise (BEC) & Cyber Insurance Renewal
"MERO CONSTRUCTION, LLC","MERO CONSTRUCTION, LLC",5516 HUSE ST,HOUSTON,TX,77039,238310,"Construction (General, Civil, Specialty Trades)",Limited Liability Company (LLC),2017-05-13T00:00:00.000,Business Email Compromise (BEC) & Cyber Insurance Renewal
"MERSINO DEWATERING, INC","MERSINO DEWATERING, LLC",1960 N STARPOINT DR,HOUSTON,TX,77032,238910,"Construction (General, Civil, Specialty Trades)",Corporation / Corporate Entity,2014-09-03T00:00:00.000,Business Email Compromise (BEC) & Cyber Insurance Renewal
"MESAH COMMISSIONING, INC.","MESAH COMMISSIONING, INC.",16310 STATE HIGHWAY 249 SPC 504,HOUSTON,TX,77064,238220,"Plumbing, Heating, and Air-Conditioning Contractors",Texas Corporation,2023-01-30T00:00:00.000,Business Email Compromise (BEC) & Cyber Insurance Renewal
METAL SPECIALTIES,"A&S INTERESTS, INC.",8321 BAUMAN RD,HOUSTON,TX,77022,238162,"Construction (General, Civil, Specialty Trades)",Texas Corporation,1997-04-29T00:00:00.000,Business Email Compromise (BEC) & Cyber Insurance Renewal
"METRO ELEVATOR HOUSTON, INC.","METRO ELEVATOR HOUSTON, INC.",336 GARDEN OAKS BLVD,HOUSTON,TX,77018,238290,"Construction (General, Civil, Specialty Trades)",Texas Corporation,2026-03-19T00:00:00.000,Business Email Compromise (BEC) & Cyber Insurance Renewal
"METRO ELEVATOR HOUSTON, INC.","METRO ELEVATOR HOUSTON, INC.",314 GARDEN OAKS BLVD,HOUSTON,TX,77018,238290,"Construction (General, Civil, Specialty Trades)",Texas Corporation,2026-09-08T00:00:00.000,Business Email Compromise (BEC) & Cyber Insurance Renewal
"METRO ENTERTAINMENT, INC.","METRO ENTERTAINMENT, INC.",1220 BRITTMOORE RD,HOUSTON,TX,77043,238222,"Construction (General, Civil, Specialty Trades)",Texas Corporation,2018-04-13T00:00:00.000,Business Email Compromise (BEC) & Cyber Insurance Renewal
METROPOLITAN CONSTRUCTION & DESIGN,"SOLIS-METROPOLITAN, LLC",1302 WAUGH DR # 108,HOUSTON,TX,77019,238991,"Construction (General, Civil, Specialty Trades)",Limited Liability Company (LLC),2006-09-14T00:00:00.000,Business Email Compromise (BEC) & Cyber Insurance Renewal
METROPOLITAN GLASS LLC,METROPOLITAN GLASS LLC,10825 BARELY LN STE O,HOUSTON,TX,77070,238150,"Construction (General, Civil, Specialty Trades)",Limited Liability Company (LLC),2021-07-06T00:00:00.000,Business Email Compromise (BEC) & Cyber Insurance Renewal
"MG SIGN CO., INC.","MG SIGN CO., INC.",1409 ALDINE MAIL RD,HOUSTON,TX,77039,238992,"Construction (General, Civil, Specialty Trades)",Texas Corporation,2020-05-07T00:00:00.000,Business Email Compromise (BEC) & Cyber Insurance Renewal
"MG WELDING SERVICE, LLC","MG WELDING SERVICE, LLC",4623 RIDGEROD LN,HOUSTON,TX,77053,238990,"Construction (General, Civil, Specialty Trades)",Limited Liability Company (LLC),2023-10-04T00:00:00.000,Business Email Compromise (BEC) & Cyber Insurance Renewal
MGC ELECTRICAL SERVICES,ODYSSEUS HOLDINGS LLC,1509 BRITTMOORE RD,HOUSTON,TX,77043,238210,Electrical Contractors and Other Wiring Installation,Limited Liability Company (LLC),2021-03-05T00:00:00.000,Business Email Compromise (BEC) & Cyber Insurance Renewal
MGD CONSTRUCTION CO.,MGD CONSTRUCTION CO.,5353 W ALABAMA ST STE 200,HOUSTON,TX,77056,238992,"Construction (General, Civil, Specialty Trades)",Texas Corporation,2022-04-20T00:00:00.000,Business Email Compromise (BEC) & Cyber Insurance Renewal
MHC ELEVATED SYSTEMS INC.,MHC ELEVATED SYSTEMS INC.,6500 LONG DR,HOUSTON,TX,77087,238990,"Construction (General, Civil, Specialty Trades)",Texas Corporation,2023-07-22T00:00:00.000,Business Email Compromise (BEC) & Cyber Insurance Renewal
"MIA'S METAL BUILDINGS, INC.","MIA'S METAL BUILDINGS, INC.",2010 HARTWICK RD,HOUSTON,TX,77093,238390,"Construction (General, Civil, Specialty Trades)",Texas Corporation,2011-04-04T00:00:00.000,Business Email Compromise (BEC) & Cyber Insurance Renewal
MICA AIR CONDITIONING & HEATING,JOHN E MICA,10563 ALCOTT DR,HOUSTON,TX,77043,238220,"Plumbing, Heating, and Air-Conditioning Contractors",Type IS,2005-02-07T00:00:00.000,Business Email Compromise (BEC) & Cyber Insurance Renewal
MICHAEL MAHAFFEY & CO,MICHAEL J MAHAFFEY,303 W CLAY ST # 2,HOUSTON,TX,77019,238210,Electrical Contractors and Other Wiring Installation,Type IS,2020-03-12T00:00:00.000,Business Email Compromise (BEC) & Cyber Insurance Renewal
"MICHALAK SERVICES, INC.","MICHALAK SERVICES, INC.",11043 W LITTLE YORK RD,HOUSTON,TX,77041,238212,"Construction (General, Civil, Specialty Trades)",Texas Corporation,2006-12-11T00:00:00.000,Business Email Compromise (BEC) & Cyber Insurance Renewal
MICHELLE THREADGILL,"DMT TEX SERVICES, LLC",18809 EGRET BAY BLVD APT 112,HOUSTON,TX,77058,238210,Electrical Contractors and Other Wiring Installation,Limited Liability Company (LLC),2022-01-24T00:00:00.000,Business Email Compromise (BEC) & Cyber Insurance Renewal
"MICKIE SERVICE COMPANY, INC.","MICKIE SERVICE COMPANY, INC.",6901 RATON ST,HOUSTON,TX,77055,238222,"Construction (General, Civil, Specialty Trades)",Texas Corporation,1991-07-23T00:00:00.000,Business Email Compromise (BEC) & Cyber Insurance Renewal
MID AMERICA METALS,MAM LLC,2500 CITYWEST BLVD STE 367,HOUSTON,TX,77042,238990,"Construction (General, Civil, Specialty Trades)",Corporation / Corporate Entity,2018-06-01T00:00:00.000,Business Email Compromise (BEC) & Cyber Insurance Renewal
MID CONTINENTAL RESTORATION COMPANY INC,"MID-CONTINENTAL RESTORATION COMPANY, INC.",5706 W 34TH ST STE C,HOUSTON,TX,77092,238140,"Construction (General, Civil, Specialty Trades)",Foreign Corporation (Out-of-State),2006-06-02T00:00:00.000,Business Email Compromise (BEC) & Cyber Insurance Renewal
"MID-SOUTH WATERPROOFING SYSTEMS, INC.","MID-SOUTH WATERPROOFING SYSTEMS, INC.",14904 LILLJA RD,HOUSTON,TX,77060,238160,Roofing Contractors,Texas Corporation,2017-06-08T00:00:00.000,Business Email Compromise (BEC) & Cyber Insurance Renewal
MID-WEST ELECTRIC CO,MWMPC CORPORATION,3828 PINEMONT DR,HOUSTON,TX,77018,238212,"Construction (General, Civil, Specialty Trades)",Texas Corporation,1988-01-01T00:00:00.000,Business Email Compromise (BEC) & Cyber Insurance Renewal
"MIDSTREAM & INDUSTRIAL CONTROLS, LLC","MIDSTREAM & INDUSTRIAL CONTROLS, LLC",16519 SHOREWOOD LAKES DR,HOUSTON,TX,77095,238210,Electrical Contractors and Other Wiring Installation,Limited Liability Company (LLC),2024-05-16T00:00:00.000,Business Email Compromise (BEC) & Cyber Insurance Renewal
MIDTOWN PLUMBING,MIDTOWN PLUMBING LLC,772 PAUL QUINN ST UNIT A,HOUSTON,TX,77091,238220,"Plumbing, Heating, and Air-Conditioning Contractors",Limited Liability Company (LLC),2025-04-22T00:00:00.000,Business Email Compromise (BEC) & Cyber Insurance Renewal
MIDWEST MECHANICL CONTRACTORS,"CERRIS SYSTEMS, INC.",10000 NORTH LOOP E,HOUSTON,TX,77029,238221,"Construction (General, Civil, Specialty Trades)",Foreign Corporation (Out-of-State),1992-01-24T00:00:00.000,Business Email Compromise (BEC) & Cyber Insurance Renewal
MIDWEST STEEL CO INC,"MIDWEST STEEL CO., INC.",9825 MOERS RD,HOUSTON,TX,77075,238292,"Construction (General, Civil, Specialty Trades)",Foreign Corporation (Out-of-State),1984-06-27T00:00:00.000,Business Email Compromise (BEC) & Cyber Insurance Renewal
MIKE DANCY A/C & HEAT,MICHAEL D DANCY SR,10902 TULIP GARDEN CT,HOUSTON,TX,77065,238220,"Plumbing, Heating, and Air-Conditioning Contractors",Type IS,2021-03-24T00:00:00.000,Business Email Compromise (BEC) & Cyber Insurance Renewal
MILAM & CO PAINTING INC,"MILAM & CO. PAINTING, INC.",4550 ALLEN ST,HOUSTON,TX,77007,238322,"Construction (General, Civil, Specialty Trades)",Texas Corporation,2002-04-25T00:00:00.000,Business Email Compromise (BEC) & Cyber Insurance Renewal
MILAN SAW CUT PAVING LLC,MILAN SAW CUT PAVING LLC,7706 ARNIM ST,HOUSTON,TX,77087,238990,"Construction (General, Civil, Specialty Trades)",Limited Liability Company (LLC),2016-10-27T00:00:00.000,Business Email Compromise (BEC) & Cyber Insurance Renewal
"MILDOR INDUSTRY, LLC","MILDOR INDUSTRY, LLC",13835 CHRISMAN RD,HOUSTON,TX,77039,238322,"Construction (General, Civil, Specialty Trades)",Limited Liability Company (LLC),2023-10-06T00:00:00.000,Business Email Compromise (BEC) & Cyber Insurance Renewal
MILITARY AIR,SCOTT DONOVAN,2154 OJEMAN RD,HOUSTON,TX,77080,238220,"Plumbing, Heating, and Air-Conditioning Contractors",Type IS,2025-12-09T00:00:00.000,Business Email Compromise (BEC) & Cyber Insurance Renewal
MILLAN GROUP INC,MILLAN GROUP INC,12611 PERSIAN DR,HOUSTON,TX,77014,238210,Electrical Contractors and Other Wiring Installation,Texas Corporation,2023-10-20T00:00:00.000,Business Email Compromise (BEC) & Cyber Insurance Renewal
"MILLAN TRIM & CABINETS, LLC","MILLAN TRIM & CABINETS, LLC",14038 MCDERMOTT DR,HOUSTON,TX,77032,238350,"Construction (General, Civil, Specialty Trades)",Limited Liability Company (LLC),2025-01-16T00:00:00.000,Business Email Compromise (BEC) & Cyber Insurance Renewal
"MILLENNIUM GLASS AND MIRRORS, INC.","MILLENNIUM GLASS AND MIRRORS, INC.",3250 FARRELL RD,HOUSTON,TX,77073,238152,"Construction (General, Civil, Specialty Trades)",Texas Corporation,2018-02-23T00:00:00.000,Business Email Compromise (BEC) & Cyber Insurance Renewal
MILLER BUILDERS LLC,MILLER BUILDERS LLC,12813 WEBERCREST RD,HOUSTON,TX,77048,238110,"Construction (General, Civil, Specialty Trades)",Limited Liability Company (LLC),2021-04-17T00:00:00.000,Business Email Compromise (BEC) & Cyber Insurance Renewal
MILLSAP WATERPROOFING,"MILLSAP WATERPROOFING, INC.",2414 MCALLISTER RD,HOUSTON,TX,77092,238992,"Construction (General, Civil, Specialty Trades)",Texas Corporation,2011-07-01T00:00:00.000,Business Email Compromise (BEC) & Cyber Insurance Renewal
MINEROS CONSTRUCTION INC,MINEROS CONSTRUCTION INC,8100 MAPLECREST DR APT 2801,HOUSTON,TX,77072,238321,"Construction (General, Civil, Specialty Trades)",Texas Corporation,2019-12-03T00:00:00.000,Business Email Compromise (BEC) & Cyber Insurance Renewal
MINXEN INC,MINXEN INC,5417 NAVARRO ST,HOUSTON,TX,77056,238210,Electrical Contractors and Other Wiring Installation,Texas Corporation,2025-10-31T00:00:00.000,Business Email Compromise (BEC) & Cyber Insurance Renewal
MIRADOR STONEWORKS,EDWIN SORIA,144 HOLLYVALE DR,HOUSTON,TX,77060,238140,"Construction (General, Civil, Specialty Trades)",Type IS,2011-08-08T00:00:00.000,Business Email Compromise (BEC) & Cyber Insurance Renewal
"MIRROR GALLERY, INC.","MIRROR GALLERY, INC.",9600 GRANT RD,HOUSTON,TX,77070,238151,"Construction (General, Civil, Specialty Trades)",Texas Corporation,2009-03-13T00:00:00.000,Business Email Compromise (BEC) & Cyber Insurance Renewal
"MISSION A/C HOME SERVICES, L.L.C.","MISSION A/C HOME SERVICES, L.L.C.",523 GARDEN OAKS BLVD,HOUSTON,TX,77018,238220,"Plumbing, Heating, and Air-Conditioning Contractors",Limited Liability Company (LLC),2018-09-11T00:00:00.000,Business Email Compromise (BEC) & Cyber Insurance Renewal
MISSION DOOR AND GLASS LLC,MISSION DOOR AND GLASS LLC,6001 CLINTON DR STE A,HOUSTON,TX,77020,238150,"Construction (General, Civil, Specialty Trades)",Limited Liability Company (LLC),2026-04-03T00:00:00.000,Business Email Compromise (BEC) & Cyber Insurance Renewal
MISSION INTERIORS CONTRACTING LLC,MISSION INTERIORS CONTRACTING LLC,1585 W SAM HOUSTON PKWY N STE B,HOUSTON,TX,77043,238210,Electrical Contractors and Other Wiring Installation,Limited Liability Company (LLC),2011-04-29T00:00:00.000,Business Email Compromise (BEC) & Cyber Insurance Renewal
MITCHELL PAINT & WALLCOVERING,"MITCHELL PAINT & WALLCOVERING, INC.",5401 MILWEE ST,HOUSTON,TX,77092,238321,"Construction (General, Civil, Specialty Trades)",Texas Corporation,2013-09-21T00:00:00.000,Business Email Compromise (BEC) & Cyber Insurance Renewal
MJ GLASS INNOVATION LLC,MJ GLASS INNOVATION LLC,14702 BRITON COVE DR,HOUSTON,TX,77084,238150,"Construction (General, Civil, Specialty Trades)",Limited Liability Company (LLC),2025-07-25T00:00:00.000,Business Email Compromise (BEC) & Cyber Insurance Renewal
"MJ REFRIGERATION, LLC",MJ REFRIGERATION LLC,715 BUOY RD,HOUSTON,TX,77062,238220,"Plumbing, Heating, and Air-Conditioning Contractors",Limited Liability Company (LLC),2025-05-28T00:00:00.000,Business Email Compromise (BEC) & Cyber Insurance Renewal
MK MUTLAK GENERAL CONSTRUCTION LLC,MK MUTLAK GENERAL CONSTRUCTION LLC,14429 AUTO PARK WAY,HOUSTON,TX,77083,238992,"Construction (General, Civil, Specialty Trades)",Limited Liability Company (LLC),2024-05-13T00:00:00.000,Business Email Compromise (BEC) & Cyber Insurance Renewal
MK SPECIALTY GLAZING,AZIZ ADAMALI,10423 MARBLE CREST DR,HOUSTON,TX,77095,238150,"Construction (General, Civil, Specialty Trades)",Type IS,2024-09-04T00:00:00.000,Business Email Compromise (BEC) & Cyber Insurance Renewal
MO INTERNATIONAL INC.,MO INTERNATIONAL INC.,13130 HEMPSTEAD RD,HOUSTON,TX,77040,238340,"Construction (General, Civil, Specialty Trades)",Texas Corporation,2011-10-11T00:00:00.000,Business Email Compromise (BEC) & Cyber Insurance Renewal
MOBILE ONE AUTO GLASS,CRISTINO LARIOS,7222 COLIMA DR,HOUSTON,TX,77083,238150,"Construction (General, Civil, Specialty Trades)",Type IS,2024-09-06T00:00:00.000,Business Email Compromise (BEC) & Cyber Insurance Renewal
MODERN AIR MECHANICAL,"MODERN AIR MECHANICAL, LLC.",9807 SAGEBUD LN,HOUSTON,TX,77089,238220,"Plumbing, Heating, and Air-Conditioning Contractors",Limited Liability Company (LLC),2019-03-27T00:00:00.000,Business Email Compromise (BEC) & Cyber Insurance Renewal
MODERN EURO CABINETS,MODERN EURO CABINETS LLC,7100 HARWIN DR STE A,HOUSTON,TX,77036,238350,"Construction (General, Civil, Specialty Trades)",Limited Liability Company (LLC),2023-05-05T00:00:00.000,Business Email Compromise (BEC) & Cyber Insurance Renewal
MODERN FRAME CO.,ADRIAN MORALES LLC,1907 SABINE ST STE 138,HOUSTON,TX,77007,238130,"Construction (General, Civil, Specialty Trades)",Limited Liability Company (LLC),2026-08-10T00:00:00.000,Business Email Compromise (BEC) & Cyber Insurance Renewal
MODERN GLASS INSTALLERS,MODERN GLASS INSTALLERS LLC,11221 CUTTEN RD BLDG 4,HOUSTON,TX,77066,238150,"Construction (General, Civil, Specialty Trades)",Limited Liability Company (LLC),2025-07-15T00:00:00.000,Business Email Compromise (BEC) & Cyber Insurance Renewal
MODERN METHOD GUNITE/MMG STONE SUPPLY,"MODERN METHOD GUNITE, INC.",3334 BROWNIE CAMPBELL RD,HOUSTON,TX,77086,238990,"Construction (General, Civil, Specialty Trades)",Texas Corporation,2007-01-24T00:00:00.000,Business Email Compromise (BEC) & Cyber Insurance Renewal
MODERN REFRIGERATION SERVICE,TUNG THANH NGUYEN,3138 ASHFORD ARBOR DR,HOUSTON,TX,77082,238220,"Plumbing, Heating, and Air-Conditioning Contractors",Type IS,2007-01-31T00:00:00.000,Business Email Compromise (BEC) & Cyber Insurance Renewal
MODULAR PROFESSIONAL SERVICE,JESUS F DURAN,906 CANADIAN ST,HOUSTON,TX,77009,238390,"Construction (General, Civil, Specialty Trades)",Type IS,2025-11-06T00:00:00.000,Business Email Compromise (BEC) & Cyber Insurance Renewal
"MONTANA PAVEMENT GROUP, LLC","MONTANA PAVEMENT GROUP, LLC",800 TOWN AND COUNTRY BLVD STE 500,HOUSTON,TX,77024,238990,"Construction (General, Civil, Specialty Trades)",Limited Liability Company (LLC),2026-03-24T00:00:00.000,Business Email Compromise (BEC) & Cyber Insurance Renewal
MONTROY SHEET METAL INC,"MONTROY SHEET METAL, INC.",14645 HERSHE ST,HOUSTON,TX,77015,238221,"Construction (General, Civil, Specialty Trades)",Texas Corporation,2006-12-11T00:00:00.000,Business Email Compromise (BEC) & Cyber Insurance Renewal
"MOORE FABRICATION SIGN DIVISION, LLC","MOORE FABRICATION SIGN DIVISION, LLC",901 BAY AREA BLVD,HOUSTON,TX,77058,238992,"Construction (General, Civil, Specialty Trades)",Limited Liability Company (LLC),2021-02-03T00:00:00.000,Business Email Compromise (BEC) & Cyber Insurance Renewal
"MOR-TON AIR, INC.","MOR-TON AIR, INC.",11511 KATY FWY STE 645,HOUSTON,TX,77079,238220,"Plumbing, Heating, and Air-Conditioning Contractors",Texas Corporation,2012-05-01T00:00:00.000,Business Email Compromise (BEC) & Cyber Insurance Renewal
"MORALES A/C & HEATING, LLC","MORALES A/C & HEATING, LLC",6605 E HOUSTON RD,HOUSTON,TX,77028,238220,"Plumbing, Heating, and Air-Conditioning Contractors",Limited Liability Company (LLC),2024-01-08T00:00:00.000,Business Email Compromise (BEC) & Cyber Insurance Renewal
MORALES MATERIAL RESALE,GREGORIO MORALES,7423 TUCK ST,HOUSTON,TX,77020,238350,"Construction (General, Civil, Specialty Trades)",Type IS,2021-10-20T00:00:00.000,Business Email Compromise (BEC) & Cyber Insurance Renewal
"MORAN CONSTRUCTION, LLC","MORAN CONSTRUCTION, LLC",2509 LYNNFIELD ST,HOUSTON,TX,77093,238110,"Construction (General, Civil, Specialty Trades)",Limited Liability Company (LLC),2022-05-25T00:00:00.000,Business Email Compromise (BEC) & Cyber Insurance Renewal
"MORGAN AIR SERVICES, LLC","MORGAN AIR SERVICES, LLC",5200 MITCHELLDALE ST STE F26,HOUSTON,TX,77092,238220,"Plumbing, Heating, and Air-Conditioning Contractors",Limited Liability Company (LLC),2018-05-31T00:00:00.000,Business Email Compromise (BEC) & Cyber Insurance Renewal
"MORNINGSTAR HEATING & COOLING, LLC","CLOUDRIDER AIR, LLC",2422 QUENBY ST,HOUSTON,TX,77005,238220,"Plumbing, Heating, and Air-Conditioning Contractors",Limited Liability Company (LLC),2025-09-19T00:00:00.000,Business Email Compromise (BEC) & Cyber Insurance Renewal
"MORRIS OFFSITE SERVICES, LLC","MORRIS OFFSITE SERVICES, LLC",1225 MCCARTY ST,HOUSTON,TX,77029,238910,"Construction (General, Civil, Specialty Trades)",Limited Liability Company (LLC),2024-04-24T00:00:00.000,Business Email Compromise (BEC) & Cyber Insurance Renewal
MOSAIKO GROUP LLC,MOSAIKO GROUP LLC,5880 INWOOD DR APT 1045,HOUSTON,TX,77057,238990,"Construction (General, Civil, Specialty Trades)",Limited Liability Company (LLC),2024-12-17T00:00:00.000,Business Email Compromise (BEC) & Cyber Insurance Renewal
MPI/FIXZIT,MARIO T SUAREZ,6005 N SHEPHERD DR STE B,HOUSTON,TX,77091,238220,"Plumbing, Heating, and Air-Conditioning Contractors",Type IS,2026-05-22T00:00:00.000,Business Email Compromise (BEC) & Cyber Insurance Renewal
MPKR CONTRACTORS LLC,MPKR CONTRACTORS LLC,7411 KINGSLEY ST,HOUSTON,TX,77087,238330,"Construction (General, Civil, Specialty Trades)",Limited Liability Company (LLC),2025-10-28T00:00:00.000,Business Email Compromise (BEC) & Cyber Insurance Renewal
MPR PRODUCTS,"HYM PRODUCTS, INC.",13225 FM 529 RD STE L,HOUSTON,TX,77041,238350,"Construction (General, Civil, Specialty Trades)",Texas Corporation,2008-08-08T00:00:00.000,Business Email Compromise (BEC) & Cyber Insurance Renewal
MR CHRISTOPHER'S AC AND HEATING,THE MALDS INCORPORATED,7932 TUFFLY ST,HOUSTON,TX,77029,238220,"Plumbing, Heating, and Air-Conditioning Contractors",Texas Corporation,2026-01-23T00:00:00.000,Business Email Compromise (BEC) & Cyber Insurance Renewal
MR ELECTRIC OF KATY,"DOMINGUE ENTERPRISES, LLC",13329 VETERANS MEMORIAL DR STE Q,HOUSTON,TX,77014,238210,Electrical Contractors and Other Wiring Installation,Limited Liability Company (LLC),2020-09-18T00:00:00.000,Business Email Compromise (BEC) & Cyber Insurance Renewal
MR ELECTRIC OF MIDTOWN,"DOMINGUE ENTERPRISES, LLC",13329 VETERANS MEMORIAL DR STE Q,HOUSTON,TX,77014,238210,Electrical Contractors and Other Wiring Installation,Limited Liability Company (LLC),2020-09-18T00:00:00.000,Business Email Compromise (BEC) & Cyber Insurance Renewal
MR ELECTRIC OF NW HOUSTON,"DOMINGUE ENTERPRISES, LLC",13329 VETERANS MEMORIAL DR STE Q,HOUSTON,TX,77014,238210,Electrical Contractors and Other Wiring Installation,Limited Liability Company (LLC),2020-09-18T00:00:00.000,Business Email Compromise (BEC) & Cyber Insurance Renewal
"MR WORX, INC.","MR WORX, INC.",6450 CLARA RD STE 190,HOUSTON,TX,77041,238222,"Construction (General, Civil, Specialty Trades)",Texas Corporation,2011-07-29T00:00:00.000,Business Email Compromise (BEC) & Cyber Insurance Renewal
MR. PLUMBER QUALITY PLUMBING SOLUTIONS LLC,MR. PLUMBER QUALITY PLUMBING SOLUTIONS LLC,14327 EAST FWY,HOUSTON,TX,77015,238220,"Plumbing, Heating, and Air-Conditioning Contractors",Limited Liability Company (LLC),2011-11-15T00:00:00.000,Business Email Compromise (BEC) & Cyber Insurance Renewal
MS GENERAL CONSTRUCTION LLC,MS GENERAL CONSTRUCTION LLC,6123 BERKSHIRE PARK DR,HOUSTON,TX,77084,238320,"Construction (General, Civil, Specialty Trades)",Limited Liability Company (LLC),2025-09-05T00:00:00.000,Business Email Compromise (BEC) & Cyber Insurance Renewal
"MS GLASS, LLC","MS GLASS, LLC",4601 S PINEMONT DR STE 106,HOUSTON,TX,77041,238150,"Construction (General, Civil, Specialty Trades)",Limited Liability Company (LLC),2016-03-01T00:00:00.000,Business Email Compromise (BEC) & Cyber Insurance Renewal
"MS INDUSTRIAL SERVICES, INC.","MS INDUSTRIAL SERVICES, INC.",15255 GULF FWY STE 187B,HOUSTON,TX,77034,238310,"Construction (General, Civil, Specialty Trades)",Texas Corporation,2023-06-28T00:00:00.000,Business Email Compromise (BEC) & Cyber Insurance Renewal
MSD BUILDING CORPORATION,MSD BUILDING CORPORATION,8600 PINELAND RD,HOUSTON,TX,77044,238190,"Construction (General, Civil, Specialty Trades)",Texas Corporation,2022-12-05T00:00:00.000,Business Email Compromise (BEC) & Cyber Insurance Renewal
MSS LLC,MSS LLC,16427 BROOK FOREST DR,HOUSTON,TX,77059,238330,"Construction (General, Civil, Specialty Trades)",Limited Liability Company (LLC),2019-02-05T00:00:00.000,Business Email Compromise (BEC) & Cyber Insurance Renewal
"MT GEO-TECH TOOLS, LLC","MT GEO-TECH TOOLS, LLC",1813 JACQUELYN DR,HOUSTON,TX,77055,238992,"Construction (General, Civil, Specialty Trades)",Limited Liability Company (LLC),2016-06-21T00:00:00.000,Business Email Compromise (BEC) & Cyber Insurance Renewal
MT GOLD BUILDING CONSTRUCTION LLC,MT GOLD BUILDING CONSTRUCTION LLC,2345 SAGE RD APT 224,HOUSTON,TX,77056,238210,Electrical Contractors and Other Wiring Installation,Limited Liability Company (LLC),2026-07-15T00:00:00.000,Business Email Compromise (BEC) & Cyber Insurance Renewal
MT2 ELECTRIC,MT2 CONTRACTORS INC.,10039 SUSSEX LN,HOUSTON,TX,77041,238310,"Construction (General, Civil, Specialty Trades)",Texas Corporation,2025-10-21T00:00:00.000,Business Email Compromise (BEC) & Cyber Insurance Renewal
MTB ELECTRIC LTD,MTB ELECTRIC LTD.,5612 S RICE AVE UNIT D,HOUSTON,TX,77081,238210,Electrical Contractors and Other Wiring Installation,Type PL,2000-04-10T00:00:00.000,Business Email Compromise (BEC) & Cyber Insurance Renewal
MTM ELECTRICAL CORPORATION,MTM ELECTRICAL CORPORATION,316 E BURRESS,HOUSTON,TX,77022,238212,"Construction (General, Civil, Specialty Trades)",Texas Corporation,1986-09-05T00:00:00.000,Business Email Compromise (BEC) & Cyber Insurance Renewal
MTY PLUMBING LLC,MTY PLUMBING LLC,6318 DAWNRIDGE DR,HOUSTON,TX,77035,238220,"Plumbing, Heating, and Air-Conditioning Contractors",Limited Liability Company (LLC),2014-09-08T00:00:00.000,Business Email Compromise (BEC) & Cyber Insurance Renewal
MUELLER MASONRY,OLM GIFTS INCORPORATED,21175 STATE HIGHWAY 249 # 106,HOUSTON,TX,77070,238140,"Construction (General, Civil, Specialty Trades)",Texas Corporation,2012-01-20T00:00:00.000,Business Email Compromise (BEC) & Cyber Insurance Renewal
MURRELL LANDSCAPING,PAUL E MURRELL,6019 VERDOME LN,HOUSTON,TX,77092,238000,"Construction (General, Civil, Specialty Trades)",Type IS,2004-07-31T00:00:00.000,Business Email Compromise (BEC) & Cyber Insurance Renewal
MVPS,JONATHAN K HUGHES,7610 MARINETTE DR,HOUSTON,TX,77074,238210,Electrical Contractors and Other Wiring Installation,Type IS,2021-03-02T00:00:00.000,Business Email Compromise (BEC) & Cyber Insurance Renewal
MVPS,JONATHAN K HUGHES,7610 MARINETTE DR,HOUSTON,TX,77074,238210,Electrical Contractors and Other Wiring Installation,Type IS,2026-06-12T00:00:00.000,Business Email Compromise (BEC) & Cyber Insurance Renewal
"MY AUTOMATIC DOOR SERVICES, LLC","MY AUTOMATIC DOOR SERVICES, LLC",15711 PINEWOOD COVE DR,HOUSTON,TX,77062,238290,"Construction (General, Civil, Specialty Trades)",Limited Liability Company (LLC),2022-03-11T00:00:00.000,Business Email Compromise (BEC) & Cyber Insurance Renewal
MY GARAGE & GATES,MY GARAGE & GATES INC.,13519 PEMBERWICK PARK LN,HOUSTON,TX,77070,238290,"Construction (General, Civil, Specialty Trades)",Texas Corporation,2020-07-07T00:00:00.000,Business Email Compromise (BEC) & Cyber Insurance Renewal
MYERS PLUMBING SERVICES INC.,MYERS PLUMBING SERVICES INC.,4717 STRACK RD STE 3,HOUSTON,TX,77069,238220,"Plumbing, Heating, and Air-Conditioning Contractors",Texas Corporation,2014-10-02T00:00:00.000,Business Email Compromise (BEC) & Cyber Insurance Renewal
MYREX INDUSTRIES,"'MIL, LTD.'",1912 BUSCHONG ST,HOUSTON,TX,77039,238120,"Construction (General, Civil, Specialty Trades)",Type PL,2020-06-02T00:00:00.000,Business Email Compromise (BEC) & Cyber Insurance Renewal
N GIL ELECTRIC COMPANY INC,"N. GIL ELECTRIC COMPANY, INC.",10134 OLGA LN,HOUSTON,TX,77041,238212,"Construction (General, Civil, Specialty Trades)",Texas Corporation,2006-08-22T00:00:00.000,Business Email Compromise (BEC) & Cyber Insurance Renewal
"N T T COMMUNICATIONS, INC.","N T T COMMUNICATIONS, INC.",711 CENTER HILL DR,HOUSTON,TX,77079,238210,Electrical Contractors and Other Wiring Installation,Texas Corporation,2011-06-24T00:00:00.000,Business Email Compromise (BEC) & Cyber Insurance Renewal
N.GO LLC,N.GO LLC,4819 E LAURELDALE DR,HOUSTON,TX,77041,238992,"Construction (General, Civil, Specialty Trades)",Limited Liability Company (LLC),2022-05-18T00:00:00.000,Business Email Compromise (BEC) & Cyber Insurance Renewal
"NAEL CENTRAL, INC.","NAES CENTRAL, INC.",1289 N POST OAK RD STE 100,HOUSTON,TX,77055,238990,"Construction (General, Civil, Specialty Trades)",Foreign Corporation (Out-of-State),2011-09-16T00:00:00.000,Business Email Compromise (BEC) & Cyber Insurance Renewal
"NAH SPORTS FLOORING, LLC","NAH SPORTS FLOORING, LLC",15823 CALVIN RD,HOUSTON,TX,77090,238332,"Construction (General, Civil, Specialty Trades)",Corporation / Corporate Entity,2021-12-22T00:00:00.000,Business Email Compromise (BEC) & Cyber Insurance Renewal
NARROW WAY COMPANY,VICTOR C WASHINGTON,1320 SCOTT ST,HOUSTON,TX,77003,238210,Electrical Contractors and Other Wiring Installation,Type IS,2025-03-14T00:00:00.000,Business Email Compromise (BEC) & Cyber Insurance Renewal
NATIONAL BATH SYSTEMS LLC,NATIONAL BATH SYSTEMS LLC,4400 BLALOCK RD STE 100,HOUSTON,TX,77041,238220,"Plumbing, Heating, and Air-Conditioning Contractors",Corporation / Corporate Entity,2023-08-21T00:00:00.000,Business Email Compromise (BEC) & Cyber Insurance Renewal
"NATIONAL INSTALLERS, INC.","NATIONAL INSTALLERS, INC.",10801 HAMMERLY BLVD STE 236,HOUSTON,TX,77043,238990,"Construction (General, Civil, Specialty Trades)",Texas Corporation,2009-08-03T00:00:00.000,Business Email Compromise (BEC) & Cyber Insurance Renewal
NATIONAL TERRAZZO TILE & MARBLE LTD,"NATIONAL TERRAZZO TILE & MARBLE, INC.",5728 HOOD ST,HOUSTON,TX,77023,238340,"Construction (General, Civil, Specialty Trades)",Texas Corporation,1970-04-01T00:00:00.000,Business Email Compromise (BEC) & Cyber Insurance Renewal
NATIONS IMPROVEMENTS LLC,"NATIONS IMPROVEMENTS, LLC",2922 WOODCREEK MEADOWS LN,HOUSTON,TX,77073,238991,"Construction (General, Civil, Specialty Trades)",Limited Liability Company (LLC),2025-08-23T00:00:00.000,Business Email Compromise (BEC) & Cyber Insurance Renewal
"NATIVE SERVICES, INC.","NATIVE SERVICES, INC.",3816 BLUEBONNET DR,HOUSTON,TX,77053,238910,"Construction (General, Civil, Specialty Trades)",Texas Corporation,2010-03-11T00:00:00.000,Business Email Compromise (BEC) & Cyber Insurance Renewal
NATURAL STONE INC,"NATURAL STONE, INC.",1929 DORSETT ST,HOUSTON,TX,77029,238341,"Construction (General, Civil, Specialty Trades)",Texas Corporation,1986-03-21T00:00:00.000,Business Email Compromise (BEC) & Cyber Insurance Renewal
NAVA POOL PLUMBING LLC,NAVA POOL PLUMBING LLC,6518 SKYVIEW DR,HOUSTON,TX,77041,238220,"Plumbing, Heating, and Air-Conditioning Contractors",Limited Liability Company (LLC),2015-10-01T00:00:00.000,Business Email Compromise (BEC) & Cyber Insurance Renewal
"NAVLAG, LLC","NAVLAG, LLC",8934 GAUGUIN DR,HOUSTON,TX,77088,238350,"Construction (General, Civil, Specialty Trades)",Limited Liability Company (LLC),2019-03-01T00:00:00.000,Business Email Compromise (BEC) & Cyber Insurance Renewal
NCE ELECTRICAL CONTRACTOR LLC,NCE ELECTRICAL CONTRACTOR LLC,10855 MEADOWGLEN LN APT 1125,HOUSTON,TX,77042,238210,Electrical Contractors and Other Wiring Installation,Limited Liability Company (LLC),2025-07-31T00:00:00.000,Business Email Compromise (BEC) & Cyber Insurance Renewal
NCV CUSTOM WINE ROOMS LLC,NCV CUSTOM WINE ROOMS LLC,835 FROSTWOOD DR,HOUSTON,TX,77024,238991,"Construction (General, Civil, Specialty Trades)",Limited Liability Company (LLC),2015-11-18T00:00:00.000,Business Email Compromise (BEC) & Cyber Insurance Renewal
NEETIARICA STUDIO,NEETIARICA CONSTRUCTION LLC,10722 BUFFALO BEND DR,HOUSTON,TX,77064,238990,"Construction (General, Civil, Specialty Trades)",Limited Liability Company (LLC),2022-02-11T00:00:00.000,Business Email Compromise (BEC) & Cyber Insurance Renewal
NEH SERVICES,AMY M HALLIBURTON,18118 HOLLY GREEN DR,HOUSTON,TX,77084,238991,"Construction (General, Civil, Specialty Trades)",Type IS,2022-01-24T00:00:00.000,Business Email Compromise (BEC) & Cyber Insurance Renewal
NELSON FENCE WELDING & FABRICATION,"NELSON IRON WORKS, INC",5526 RIDGEDALE DR,HOUSTON,TX,77039,238990,"Construction (General, Civil, Specialty Trades)",Texas Corporation,2016-10-06T00:00:00.000,Business Email Compromise (BEC) & Cyber Insurance Renewal
NETCONNECT AV LLC,NETCONNECT AV LLC,1319 CLARKDALE CT,HOUSTON,TX,77094,238991,"Construction (General, Civil, Specialty Trades)",Limited Liability Company (LLC),2024-09-04T00:00:00.000,Business Email Compromise (BEC) & Cyber Insurance Renewal
NETGEAR SECURITY LLC,NETGEAR SECURITY LLC,17402 TURQUOISE STREAM DR,HOUSTON,TX,77095,238210,Electrical Contractors and Other Wiring Installation,Limited Liability Company (LLC),2026-01-21T00:00:00.000,Business Email Compromise (BEC) & Cyber Insurance Renewal
NETWORK DATACOM SOLUTIONS,"NETWORK DATACOM SOLUTIONS, LIMITED LIABILITY COMPA",5611 HOOVER ST,HOUSTON,TX,77092,238210,Electrical Contractors and Other Wiring Installation,Limited Liability Company (LLC),2016-03-18T00:00:00.000,Business Email Compromise (BEC) & Cyber Insurance Renewal
NETWORK DATACOM SOLUTIONS,"NETWORK DATACOM SOLUTIONS, LIMITED LIABILITY COMPA",6320 ROTHWAY ST STE 100,HOUSTON,TX,77040,238210,Electrical Contractors and Other Wiring Installation,Limited Liability Company (LLC),2026-07-22T00:00:00.000,Business Email Compromise (BEC) & Cyber Insurance Renewal
NEW AGE HOME SOLUTIONS LLC,NEW AGE HOME SOLUTIONS LLC,515 N SAM HOUSTON PKWY E STE 367,HOUSTON,TX,77060,238220,"Plumbing, Heating, and Air-Conditioning Contractors",Limited Liability Company (LLC),2023-09-30T00:00:00.000,Business Email Compromise (BEC) & Cyber Insurance Renewal
"NEW BUDGET BUILDINGS, INC.","NEW BUDGET BUILDINGS, INC.",1706 FAIRWIND RD,HOUSTON,TX,77062,238990,"Construction (General, Civil, Specialty Trades)",Texas Corporation,2023-06-27T00:00:00.000,Business Email Compromise (BEC) & Cyber Insurance Renewal
NEW ERA EPOXY PRODUCTS LLC,NEW ERA EPOXY PRODUCTS LLC,5904 SOUTH LOOP E,HOUSTON,TX,77033,238330,"Construction (General, Civil, Specialty Trades)",Limited Liability Company (LLC),2026-09-10T00:00:00.000,Business Email Compromise (BEC) & Cyber Insurance Renewal
NEW LION MECHANICAL LLC,NEW LION MECHANICAL LLC,110 COACH LAMP LN,HOUSTON,TX,77060,238220,"Plumbing, Heating, and Air-Conditioning Contractors",Limited Liability Company (LLC),2023-12-08T00:00:00.000,Business Email Compromise (BEC) & Cyber Insurance Renewal
NEW WIRE ELECTRIC LLC,NEW WIRE ELECTRIC LLC,538 EASTLAKE ST,HOUSTON,TX,77034,238210,Electrical Contractors and Other Wiring Installation,Limited Liability Company (LLC),2024-08-08T00:00:00.000,Business Email Compromise (BEC) & Cyber Insurance Renewal
NEWFIELD ROOFING LLC,NEWFIELD ROOFING LLC,106 BROAD OAKS TRL,HOUSTON,TX,77056,238160,Roofing Contractors,Limited Liability Company (LLC),2024-04-25T00:00:00.000,Business Email Compromise (BEC) & Cyber Insurance Renewal
NEXHAUS SOLUTIONS LLC,NEXHAUS SOLUTIONS LLC.,6161 SAVOY DR STE 1040,HOUSTON,TX,77036,238220,"Plumbing, Heating, and Air-Conditioning Contractors",Limited Liability Company (LLC),2026-01-29T00:00:00.000,Business Email Compromise (BEC) & Cyber Insurance Renewal
NEXSTEP SERVICES,NEXSTEP SERVICES LLC,12602 NORTH FWY,HOUSTON,TX,77060,238220,"Plumbing, Heating, and Air-Conditioning Contractors",Limited Liability Company (LLC),2026-06-16T00:00:00.000,Business Email Compromise (BEC) & Cyber Insurance Renewal
"NEXTGEN SECURITY, LLC","NEXTGEN SECURITY, LLC",14900 WOODHAM DR STE A100,HOUSTON,TX,77073,238210,Electrical Contractors and Other Wiring Installation,Corporation / Corporate Entity,2013-01-30T00:00:00.000,Business Email Compromise (BEC) & Cyber Insurance Renewal
NEXX LED INC,NEXX LED INC,1400 BROADFIELD BLVD STE 200,HOUSTON,TX,77084,238210,Electrical Contractors and Other Wiring Installation,Texas Corporation,2020-10-16T00:00:00.000,Business Email Compromise (BEC) & Cyber Insurance Renewal
NICA CONCRETE,BISMARCK JOSE CASTILLO,6351 MIDVALE ST,HOUSTON,TX,77087,238190,"Construction (General, Civil, Specialty Trades)",Type IS,2024-11-06T00:00:00.000,Business Email Compromise (BEC) & Cyber Insurance Renewal
NICHOLS AC AND REFRIGERATION OF TEXAS LLC,NICHOLS AC AND REFRIGERATION OF TEXAS LLC,17350 STATE HIGHWAY 249 STE 22023894,HOUSTON,TX,77064,238220,"Plumbing, Heating, and Air-Conditioning Contractors",Limited Liability Company (LLC),2024-06-22T00:00:00.000,Business Email Compromise (BEC) & Cyber Insurance Renewal
"NICK'S PLUMBING & SEWER SERVICE, INC",RICHARD SAAD CORPORATION,1420 N DURHAM DR,HOUSTON,TX,77008,238220,"Plumbing, Heating, and Air-Conditioning Contractors",Texas Corporation,2009-04-29T00:00:00.000,Business Email Compromise (BEC) & Cyber Insurance Renewal
"NIGHTHAWK CONSTRUCTION GROUP, LLC","NIGHTHAWK CONSTRUCTION GROUP, LLC",2006 LUBBOCK ST,HOUSTON,TX,77007,238990,"Construction (General, Civil, Specialty Trades)",Limited Liability Company (LLC),2021-03-30T00:00:00.000,Business Email Compromise (BEC) & Cyber Insurance Renewal
"NIMBLE AIRE MECHANICAL, LLC","NIMBLE AIRE MECHANICAL, LLC",515 W 20TH ST APT 331,HOUSTON,TX,77008,238220,"Plumbing, Heating, and Air-Conditioning Contractors",Limited Liability Company (LLC),2022-06-23T00:00:00.000,Business Email Compromise (BEC) & Cyber Insurance Renewal
NINH AIR,LINH NGOC NGUYEN,16019 SIERRA GRANDE DR,HOUSTON,TX,77083,238220,"Plumbing, Heating, and Air-Conditioning Contractors",Type IS,2018-03-28T00:00:00.000,Business Email Compromise (BEC) & Cyber Insurance Renewal
"NMG WORKSPACE SOLUTIONS, LLC","NMG WORKSPACE SOLUTIONS, LLC",2301 CAROLINE ST,HOUSTON,TX,77004,238390,"Construction (General, Civil, Specialty Trades)",Limited Liability Company (LLC),2016-09-07T00:00:00.000,Business Email Compromise (BEC) & Cyber Insurance Renewal
NOEL JOSEPH LTD.,NOEL JOSEPH LTD.,804 HAROLD ST,HOUSTON,TX,77006,238990,"Construction (General, Civil, Specialty Trades)",Texas Corporation,2026-03-20T00:00:00.000,Business Email Compromise (BEC) & Cyber Insurance Renewal
"NOKICAM, LLC","NOKICAM, LLC",7311 FLISER DR,HOUSTON,TX,77041,238210,Electrical Contractors and Other Wiring Installation,Limited Liability Company (LLC),2023-11-14T00:00:00.000,Business Email Compromise (BEC) & Cyber Insurance Renewal
NOMTEMA LLC,NOMTEMA LLC,3300 SAGE RD APT 8301,HOUSTON,TX,77056,238170,"Construction (General, Civil, Specialty Trades)",Limited Liability Company (LLC),2026-08-18T00:00:00.000,Business Email Compromise (BEC) & Cyber Insurance Renewal
"NORTH HOUSTON POLE LINE, L.P.","NORTH HOUSTON POLE LINE, L.P.",1608 MARGARET ST,HOUSTON,TX,77093,238210,Electrical Contractors and Other Wiring Installation,Type PL,1988-02-02T00:00:00.000,Business Email Compromise (BEC) & Cyber Insurance Renewal
NORTHERN EXPOSURE AC & HEATING,NORTHERN EXPOSURE AC & HEATING LLC,134 VINTAGE PARK BLVD STE A,HOUSTON,TX,77070,238220,"Plumbing, Heating, and Air-Conditioning Contractors",Limited Liability Company (LLC),2024-01-27T00:00:00.000,Business Email Compromise (BEC) & Cyber Insurance Renewal
NORTHSIDE WELDING SUPPLY,CHARLIE E MARSH,13322 HILLSIDE DR,HOUSTON,TX,77039,238990,"Construction (General, Civil, Specialty Trades)",Type IS,2009-09-03T00:00:00.000,Business Email Compromise (BEC) & Cyber Insurance Renewal
"NORTHWEST GLASS AND MIRROR, INC.","NORTHWEST GLASS AND MIRROR, INC.",5106 HIGHWAY 6 N,HOUSTON,TX,77084,238151,"Construction (General, Civil, Specialty Trades)",Texas Corporation,1978-08-11T00:00:00.000,Business Email Compromise (BEC) & Cyber Insurance Renewal
NORTHWEST PAINTING SERVICES,ARMANDO S ESPINOZA,6222 WOODLAND FOREST DR,HOUSTON,TX,77088,238321,"Construction (General, Civil, Specialty Trades)",Type IS,2011-01-08T00:00:00.000,Business Email Compromise (BEC) & Cyber Insurance Renewal
NORTHWEST SERVICES,DONALD C WALL,13718 WHEATBRIDGE DR,HOUSTON,TX,77041,238220,"Plumbing, Heating, and Air-Conditioning Contractors",Type IS,1998-04-16T00:00:00.000,Business Email Compromise (BEC) & Cyber Insurance Renewal
"NORTHWIND AIR CONDITIONING, HEATING & MECHANICAL","NORTHWIND AIR CONDITIONING, HEATING & MECHANICAL S",2801 HELBERG RD,HOUSTON,TX,77092,238220,"Plumbing, Heating, and Air-Conditioning Contractors",Texas Corporation,2008-05-19T00:00:00.000,Business Email Compromise (BEC) & Cyber Insurance Renewal
NORWEST SERVICES,"MC2 CIVIL MATERIALS, LLC",14115 LUTHE RD,HOUSTON,TX,77039,238990,"Construction (General, Civil, Specialty Trades)",Limited Liability Company (LLC),2016-01-13T00:00:00.000,Business Email Compromise (BEC) & Cyber Insurance Renewal
"NOVA INSULATION, INC.","NOVA INSULATION, INC.",1905 W TIDWELL RD,HOUSTON,TX,77091,238310,"Construction (General, Civil, Specialty Trades)",Texas Corporation,2008-04-04T00:00:00.000,Business Email Compromise (BEC) & Cyber Insurance Renewal
NOVO COMMUNICATIONS AND INTEGRATIONS LLC,NOVO COMMUNICATIONS AND INTEGRATIONS LLC,1404 N SAM HOUSTON PKWY E STE 120,HOUSTON,TX,77032,238210,Electrical Contractors and Other Wiring Installation,Limited Liability Company (LLC),2026-01-13T00:00:00.000,Business Email Compromise (BEC) & Cyber Insurance Renewal
NRG HOME SERVICES LLC,NRG HOME SERVICES LLC,1301 MCKINNEY ST FL 45,HOUSTON,TX,77010,238220,"Plumbing, Heating, and Air-Conditioning Contractors",Limited Liability Company (LLC),2025-12-12T00:00:00.000,Business Email Compromise (BEC) & Cyber Insurance Renewal
NTSR DESIGN LLC,NTSR DESIGN LLC,3733 WESTHEIMER RD # 1-791,HOUSTON,TX,77027,238991,"Construction (General, Civil, Specialty Trades)",Limited Liability Company (LLC),2025-08-08T00:00:00.000,Business Email Compromise (BEC) & Cyber Insurance Renewal
NUNEZ INSULATION COMPANY,ANA SONIA NUNEZ AND TOMAS NUNEZ,619 FALLOON LN,HOUSTON,TX,77013,238310,"Construction (General, Civil, Specialty Trades)",Type PI,2019-01-28T00:00:00.000,Business Email Compromise (BEC) & Cyber Insurance Renewal
NUR ELECTRICAL SERVICE,"NUR ELECTRICAL SERVICES, INC.",5626 RAMPART ST,HOUSTON,TX,77081,238212,"Construction (General, Civil, Specialty Trades)",Texas Corporation,2009-02-13T00:00:00.000,Business Email Compromise (BEC) & Cyber Insurance Renewal
NUVILA CONTROLS LLC,NUVILA CONTROLS LLC,5868 WESTHEIMER RD # 308,HOUSTON,TX,77057,238210,Electrical Contractors and Other Wiring Installation,Limited Liability Company (LLC),2023-11-11T00:00:00.000,Business Email Compromise (BEC) & Cyber Insurance Renewal
NZ CABINET & QUARTZ,NZ CABINET &  QUARTZ  LLC,7001 CORPORATE DR STE 205,HOUSTON,TX,77036,238350,"Construction (General, Civil, Specialty Trades)",Limited Liability Company (LLC),2022-10-11T00:00:00.000,Business Email Compromise (BEC) & Cyber Insurance Renewal
O G H SERVICE COMPANY,O G H SERVICE COMPANY,3730 CREEKMONT DR,HOUSTON,TX,77091,238220,"Plumbing, Heating, and Air-Conditioning Contractors",Texas Corporation,2007-07-19T00:00:00.000,Business Email Compromise (BEC) & Cyber Insurance Renewal
O S INTERIOR SYSTEMS INC,"O. S. INTERIOR SYSTEMS, INC.",3665 WALNUT BEND LN,HOUSTON,TX,77042,238312,"Construction (General, Civil, Specialty Trades)",Texas Corporation,2004-05-04T00:00:00.000,Business Email Compromise (BEC) & Cyber Insurance Renewal
OBALA AIR LLC,OBALA AIR LLC,1423 OLD GREENS RD,HOUSTON,TX,77032,238220,"Plumbing, Heating, and Air-Conditioning Contractors",Limited Liability Company (LLC),2020-12-08T00:00:00.000,Business Email Compromise (BEC) & Cyber Insurance Renewal
OBARR CONSTRUCTION,OBARR CONSTRUCTION LLC,10826 SAGEVALE LN,HOUSTON,TX,77089,238220,"Plumbing, Heating, and Air-Conditioning Contractors",Limited Liability Company (LLC),2024-01-26T00:00:00.000,Business Email Compromise (BEC) & Cyber Insurance Renewal
OBER & SONS INC,"OBER & SONS, INC.",7755 SYNOTT RD,HOUSTON,TX,77083,238120,"Construction (General, Civil, Specialty Trades)",Texas Corporation,1995-07-05T00:00:00.000,Business Email Compromise (BEC) & Cyber Insurance Renewal
OBITECH SOLUTIONS LLC,OBITECH SOLUTIONS LLC,1039 VILANA RIDGE LN,HOUSTON,TX,77090,238210,Electrical Contractors and Other Wiring Installation,Limited Liability Company (LLC),2025-08-06T00:00:00.000,Business Email Compromise (BEC) & Cyber Insurance Renewal
OCEAN PRECISION GLASS & ALUMINUM LLC,OCEAN PRECISION GLASS & ALUMINUM LLC,12706 HUNTINGTON VENTURE DR,HOUSTON,TX,77099,238150,"Construction (General, Civil, Specialty Trades)",Limited Liability Company (LLC),2026-04-04T00:00:00.000,Business Email Compromise (BEC) & Cyber Insurance Renewal
OCEANSIDE POOL SERVICES LLC,OCEANSIDE POOL SERVICES LLC,16415 MEADOWBROOK FARM RD,HOUSTON,TX,77082,238990,"Construction (General, Civil, Specialty Trades)",Limited Liability Company (LLC),2022-05-17T00:00:00.000,Business Email Compromise (BEC) & Cyber Insurance Renewal
ODIGO SERVICES LLC,ODIGO SERVICES LLC,720 RUSK ST,HOUSTON,TX,77002,238990,"Construction (General, Civil, Specialty Trades)",Limited Liability Company (LLC),2021-06-15T00:00:00.000,Business Email Compromise (BEC) & Cyber Insurance Renewal
OFFICE LIFE FURNITURE LLC,OFFICE LIFE FURNITURE LLC,6118 WESTVIEW DR,HOUSTON,TX,77055,238390,"Construction (General, Civil, Specialty Trades)",Limited Liability Company (LLC),2022-06-11T00:00:00.000,Business Email Compromise (BEC) & Cyber Insurance Renewal
OHMS ELECTRICAL INSPECTION SERVICES,"OHMS ELECTRICAL INSPECTION SERVICES, INC.",8303 DUNLAP ST,HOUSTON,TX,77074,238210,Electrical Contractors and Other Wiring Installation,Texas Corporation,2014-03-10T00:00:00.000,Business Email Compromise (BEC) & Cyber Insurance Renewal
OL'SKOOL GLASS & MIRROR,JONATHAN R CAPLE,11531 POPLARWOOD DR,HOUSTON,TX,77089,238150,"Construction (General, Civil, Specialty Trades)",Type IS,2022-07-02T00:00:00.000,Business Email Compromise (BEC) & Cyber Insurance Renewal
OLD GLORY MECHANICAL LLC,OLD GLORY MECHANICAL LLC,8710 EMMOTT RD,HOUSTON,TX,77040,238221,"Construction (General, Civil, Specialty Trades)",Limited Liability Company (LLC),2023-07-11T00:00:00.000,Business Email Compromise (BEC) & Cyber Insurance Renewal
OLD OAK FOREST HEATING AND AIRCONDITIONING,THOMAS B JAQUETTE JR,2113 LOU ELLEN LN,HOUSTON,TX,77018,238220,"Plumbing, Heating, and Air-Conditioning Contractors",Type IS,1999-07-15T00:00:00.000,Business Email Compromise (BEC) & Cyber Insurance Renewal
OLLENCO LLC,OLLENCO LLC,12326 MOSSYCUP DR,HOUSTON,TX,77024,238210,Electrical Contractors and Other Wiring Installation,Limited Liability Company (LLC),2026-04-17T00:00:00.000,Business Email Compromise (BEC) & Cyber Insurance Renewal
OLSHAN SERVICES - HOUSTON,"OLSHAN FOUNDATION REPAIR COMPANY OF HOUSTON, LLC",5902 W 34TH ST,HOUSTON,TX,77092,238110,"Construction (General, Civil, Specialty Trades)",Limited Liability Company (LLC),2009-09-22T00:00:00.000,Business Email Compromise (BEC) & Cyber Insurance Renewal
"OMEGA GLASS TINTING & BLINDS, INC.","OMEGA GLASS TINTING & BLINDS, INC.",1333 W 25TH ST,HOUSTON,TX,77008,238390,"Construction (General, Civil, Specialty Trades)",Texas Corporation,2019-04-05T00:00:00.000,Business Email Compromise (BEC) & Cyber Insurance Renewal
OMG ELECTRICAL CONTRACTOR LLC,OMG ELECTRICAL CONTRACTOR LLC,3911 TRISTAN ST,HOUSTON,TX,77021,238210,Electrical Contractors and Other Wiring Installation,Limited Liability Company (LLC),2021-10-20T00:00:00.000,Business Email Compromise (BEC) & Cyber Insurance Renewal
ON THE WALL AUDIO/VISUAL LLC,ON THE WALL AUDIO/VISUAL LLC,14501 EMPANADA DR APT 906,HOUSTON,TX,77083,238210,Electrical Contractors and Other Wiring Installation,Limited Liability Company (LLC),2024-10-07T00:00:00.000,Business Email Compromise (BEC) & Cyber Insurance Renewal
ONE CLASS GLOBAL LLC,ONE CLASS GLOBAL LLC,15990 N BARKERS LANDING RD STE 130,HOUSTON,TX,77079,238222,"Construction (General, Civil, Specialty Trades)",Limited Liability Company (LLC),2025-04-17T00:00:00.000,Business Email Compromise (BEC) & Cyber Insurance Renewal
ONE HOUR AIR CONDITIONING HOUSTON,"AUTHORITY BRANDS US HOME SERVICES, INC.",4455 W SAM HOUSTON PKWY N,HOUSTON,TX,77041,238221,"Construction (General, Civil, Specialty Trades)",Foreign Corporation (Out-of-State),2014-08-15T00:00:00.000,Business Email Compromise (BEC) & Cyber Insurance Renewal
ONLINE REPAIR SOLUTIONS LLC,ONLINE REPAIR SOLUTIONS LLC,12615 WATERSIDE WAY,HOUSTON,TX,77041,238220,"Plumbing, Heating, and Air-Conditioning Contractors",Limited Liability Company (LLC),2016-09-17T00:00:00.000,Business Email Compromise (BEC) & Cyber Insurance Renewal
ONPOINT MECHANICAL LLC,ONPOINT MECHANICAL LLC,14802 PARK ALMEDA DR,HOUSTON,TX,77047,238220,"Plumbing, Heating, and Air-Conditioning Contractors",Limited Liability Company (LLC),2026-03-25T00:00:00.000,Business Email Compromise (BEC) & Cyber Insurance Renewal
"OPTIMAL AIR SOLUTIONS, LLC","OPTIMAL AIR SOLUTIONS, LLC",10155 WINDFERN RD,HOUSTON,TX,77064,238220,"Plumbing, Heating, and Air-Conditioning Contractors",Limited Liability Company (LLC),2021-11-19T00:00:00.000,Business Email Compromise (BEC) & Cyber Insurance Renewal
OPTIMUM PLUMBING LLC,OPTIMUM PLUMBING LLC,4906 RIDGE HARBOR DR,HOUSTON,TX,77053,238220,"Plumbing, Heating, and Air-Conditioning Contractors",Limited Liability Company (LLC),2019-05-21T00:00:00.000,Business Email Compromise (BEC) & Cyber Insurance Renewal
OPTIMUM SHEETMETAL LLC,OPTIMUM SHEETMETAL LLC,4309 TAMPICO ST,HOUSTON,TX,77016,238991,"Construction (General, Civil, Specialty Trades)",Limited Liability Company (LLC),2021-03-30T00:00:00.000,Business Email Compromise (BEC) & Cyber Insurance Renewal
ORFLO AC & HEAT LLC,ORFLO AC & HEAT LLC,209 TREASURE DR,HOUSTON,TX,77076,238220,"Plumbing, Heating, and Air-Conditioning Contractors",Limited Liability Company (LLC),2023-03-21T00:00:00.000,Business Email Compromise (BEC) & Cyber Insurance Renewal
ORION REMODELING LLC,ORION REMODELING LLC,6729 CARVEL LN,HOUSTON,TX,77074,238350,"Construction (General, Civil, Specialty Trades)",Limited Liability Company (LLC),2025-09-11T00:00:00.000,Business Email Compromise (BEC) & Cyber Insurance Renewal
ORYS PLUMBING SOLUTIONS LLC,ORYS PLUMBING SOLUTIONS LLC,221 BAKER RD,HOUSTON,TX,77094,238220,"Plumbing, Heating, and Air-Conditioning Contractors",Limited Liability Company (LLC),2015-10-23T00:00:00.000,Business Email Compromise (BEC) & Cyber Insurance Renewal
"OS CONSTRUCTION & COMPANIES, INC.","OS CONSTRUCTION & COMPANIES, INC.",13101 ALMEDA RD,HOUSTON,TX,77045,238161,"Construction (General, Civil, Specialty Trades)",Texas Corporation,2015-10-20T00:00:00.000,Business Email Compromise (BEC) & Cyber Insurance Renewal
OS CONTRUCTION,OSCAR SALVADAR,4000 TELEPHONE RD STE A7,HOUSTON,TX,77087,238130,"Construction (General, Civil, Specialty Trades)",Type IS,2023-03-23T00:00:00.000,Business Email Compromise (BEC) & Cyber Insurance Renewal
"OSBT SERVICES, LLC","OSBT SERVICES, LLC",11750 CLAY RD,HOUSTON,TX,77043,238210,Electrical Contractors and Other Wiring Installation,Limited Liability Company (LLC),2017-03-27T00:00:00.000,Business Email Compromise (BEC) & Cyber Insurance Renewal
OSOS - CONCRETE LLC,OSOS - CONCRETE LLC,8144 BARKLEY ST,HOUSTON,TX,77017,238110,"Construction (General, Civil, Specialty Trades)",Limited Liability Company (LLC),2021-09-02T00:00:00.000,Business Email Compromise (BEC) & Cyber Insurance Renewal
OUTDOOR LIGHTS HTX LLC,OUTDOOR LIGHTS HTX LLC,9926 PORTO RICO RD,HOUSTON,TX,77041,238210,Electrical Contractors and Other Wiring Installation,Limited Liability Company (LLC),2019-03-05T00:00:00.000,Business Email Compromise (BEC) & Cyber Insurance Renewal
"OUTLINE MARKET, LLC","OUTLINE MARKET, LLC",1 RIVERWAY STE 1700,HOUSTON,TX,77056,238991,"Construction (General, Civil, Specialty Trades)",Limited Liability Company (LLC),2026-09-03T00:00:00.000,Business Email Compromise (BEC) & Cyber Insurance Renewal
OVERALL PAINTING LP,"OVERALL PAINTING, LP",1511 BINGLE RD STE A5,HOUSTON,TX,77055,238320,"Construction (General, Civil, Specialty Trades)",Type PL,2006-01-30T00:00:00.000,Business Email Compromise (BEC) & Cyber Insurance Renewal
"OXFORD BUILDERS, INC.","OXFORD BUILDERS, INC.",6001 STONINGTON ST STE 180,HOUSTON,TX,77040,238351,"Construction (General, Civil, Specialty Trades)",Texas Corporation,2021-08-11T00:00:00.000,Business Email Compromise (BEC) & Cyber Insurance Renewal
OZARK AIR & SERVICES,OZARK AIR SERVICES OPCO LLC,15715 TUCKERTON RD STE 200,HOUSTON,TX,77095,238220,"Plumbing, Heating, and Air-Conditioning Contractors",Limited Liability Company (LLC),2021-08-31T00:00:00.000,Business Email Compromise (BEC) & Cyber Insurance Renewal
P & M HEATING CO,"MADDUX COMFORT CONTROL, INC.",6734 RUPLEY CIR,HOUSTON,TX,77087,238221,"Construction (General, Civil, Specialty Trades)",Texas Corporation,2001-01-09T00:00:00.000,Business Email Compromise (BEC) & Cyber Insurance Renewal
P R C ROOFING CO INC,"P.R.C. ROOFING CO., INC.",3714 OSAGE ST,HOUSTON,TX,77063,238162,"Construction (General, Civil, Specialty Trades)",Texas Corporation,1987-12-31T00:00:00.000,Business Email Compromise (BEC) & Cyber Insurance Renewal
"P.V.R. CONSTRUCTION, L.L.C.","P.V.R. CONSTRUCTION, L.L.C.",10310 ANTOINE DR BLDG D,HOUSTON,TX,77086,238161,"Construction (General, Civil, Specialty Trades)",Limited Liability Company (LLC),2011-01-05T00:00:00.000,Business Email Compromise (BEC) & Cyber Insurance Renewal
PAC METAL FABRICATION,LORENA GARCIA,1727 PAUL QUINN ST,HOUSTON,TX,77091,238990,"Construction (General, Civil, Specialty Trades)",Type IS,2016-02-18T00:00:00.000,Business Email Compromise (BEC) & Cyber Insurance Renewal
PACE CONSTRUCTION SOLUTIONS,PACE CONSTRUCTION SOLUTIONS LLC,1916 W GRAY ST APT 139,HOUSTON,TX,77019,238330,"Construction (General, Civil, Specialty Trades)",Limited Liability Company (LLC),2022-09-17T00:00:00.000,Business Email Compromise (BEC) & Cyber Insurance Renewal
PACE PLUMBING & SUPPLY COMPANY,PACE PLUMBING & SUPPLY COMPANY LLP,3429 MCGOWEN ST,HOUSTON,TX,77004,238220,"Plumbing, Heating, and Air-Conditioning Contractors",Type PB,2025-12-13T00:00:00.000,Business Email Compromise (BEC) & Cyber Insurance Renewal
PACIFIC MACHINE SHOP,LARRY TONG,14620 HEMPSTEAD RD STE C,HOUSTON,TX,77040,238390,"Construction (General, Civil, Specialty Trades)",Type IS,2006-08-01T00:00:00.000,Business Email Compromise (BEC) & Cyber Insurance Renewal
PACS HEATING & AIR LLC,PACS HEATING & AIR LLC,17350 STATE HIGHWAY 249 STE 220,HOUSTON,TX,77064,238220,"Plumbing, Heating, and Air-Conditioning Contractors",Limited Liability Company (LLC),2025-01-07T00:00:00.000,Business Email Compromise (BEC) & Cyber Insurance Renewal
PADEL GUY USA,PADELGUY VENTURES INC.,513 ARCHER ST,HOUSTON,TX,77009,238990,"Construction (General, Civil, Specialty Trades)",Texas Corporation,2021-01-08T00:00:00.000,Business Email Compromise (BEC) & Cyber Insurance Renewal
PAINT BY COLOR,LARIN PASCAL,5706 ZELMA DR,HOUSTON,TX,77076,238320,"Construction (General, Civil, Specialty Trades)",Type IS,2023-09-06T00:00:00.000,Business Email Compromise (BEC) & Cyber Insurance Renewal
PAINTBALL #3,"LAMINATE COUNTERTOPS, INC.",6116 SOUTHWEST FWY,HOUSTON,TX,77057,238910,"Construction (General, Civil, Specialty Trades)",Texas Corporation,2016-08-02T00:00:00.000,Business Email Compromise (BEC) & Cyber Insurance Renewal
PAINTED LADY PROJECTS LLC,PAINTED LADY PROJECTS LLC,122 E 5TH ST,HOUSTON,TX,77007,238320,"Construction (General, Civil, Specialty Trades)",Limited Liability Company (LLC),2022-03-17T00:00:00.000,Business Email Compromise (BEC) & Cyber Insurance Renewal
PAINTING PROFESSIONALS INC,"PAINTING PROFESSIONALS, INC.",1511 BINGLE RD STE A-5,HOUSTON,TX,77055,238322,"Construction (General, Civil, Specialty Trades)",Texas Corporation,1997-02-13T00:00:00.000,Business Email Compromise (BEC) & Cyber Insurance Renewal
PALAFOX & SORIA REMODELING COMPANY,ANGELA A SORIA,11415 HENDON LN,HOUSTON,TX,77072,238991,"Construction (General, Civil, Specialty Trades)",Type IS,2018-10-16T00:00:00.000,Business Email Compromise (BEC) & Cyber Insurance Renewal
PALMER LOGISTICS,"INTERNATIONAL WELDING ALLOYS, INC.",550 ALEEN ST,HOUSTON,TX,77029,238122,"Construction (General, Civil, Specialty Trades)",Foreign Corporation (Out-of-State),2006-02-03T00:00:00.000,Business Email Compromise (BEC) & Cyber Insurance Renewal
PANGEA COMMERCIAL CONSTRUCTION LLC,PANGEA COMMERCIAL CONSTRUCTION LLC,1618 LIVE OAK ST,HOUSTON,TX,77003,238992,"Construction (General, Civil, Specialty Trades)",Limited Liability Company (LLC),2025-05-17T00:00:00.000,Business Email Compromise (BEC) & Cyber Insurance Renewal
"PANTHER CONCRETE RESTORATION, INC.","PANTHER CONCRETE RESTORATION, INC.",1513 BRITTMOORE RD,HOUSTON,TX,77043,238111,"Construction (General, Civil, Specialty Trades)",Texas Corporation,2008-06-09T00:00:00.000,Business Email Compromise (BEC) & Cyber Insurance Renewal
PAR3 ELECTRIC & DATA LLC,PAR3 ELECTRIC & DATA LLC,1942 W GRAY ST # 1378,HOUSTON,TX,77019,238210,Electrical Contractors and Other Wiring Installation,Limited Liability Company (LLC),2026-03-10T00:00:00.000,Business Email Compromise (BEC) & Cyber Insurance Renewal
PARAGON ARCHITECTURAL SIGNS LLC,PARAGON ARCHITECTURAL SIGNS LLC,3120 SOUTHWEST FWY STE 321186,HOUSTON,TX,77098,238990,"Construction (General, Civil, Specialty Trades)",Limited Liability Company (LLC),2025-05-15T00:00:00.000,Business Email Compromise (BEC) & Cyber Insurance Renewal
PARAGON INSULATION SERVICES,CHARLIE F RODRIGUEZ,10226 VALENCIA DR,HOUSTON,TX,77013,238310,"Construction (General, Civil, Specialty Trades)",Type IS,1994-12-09T00:00:00.000,Business Email Compromise (BEC) & Cyber Insurance Renewal
PARAGON POOLS,"PARAGON POOLS OF TEXAS, L.L.C.",19849 NORTHWEST FWY,HOUSTON,TX,77065,238990,"Construction (General, Civil, Specialty Trades)",Limited Liability Company (LLC),2007-11-20T00:00:00.000,Business Email Compromise (BEC) & Cyber Insurance Renewal
PARALLAX SERVICES INC,"PARALLAX SERVICES, INC.",5320 CORNISH ST,HOUSTON,TX,77007,238222,"Construction (General, Civil, Specialty Trades)",Texas Corporation,1990-10-22T00:00:00.000,Business Email Compromise (BEC) & Cyber Insurance Renewal
PARAMOUNT ROOFING INC.,PARAMOUNT ROOFING INC.,1208 SHEFFIELD BLVD,HOUSTON,TX,77015,238161,"Construction (General, Civil, Specialty Trades)",Texas Corporation,2011-05-26T00:00:00.000,Business Email Compromise (BEC) & Cyber Insurance Renewal
"PARDALIS INDUSTRIAL ENTERPRISES, INC.","PARDALIS INDUSTRIAL ENTERPRISES, INC.",3320 LONGHORN DR,HOUSTON,TX,77084,238320,"Construction (General, Civil, Specialty Trades)",Texas Corporation,2012-08-30T00:00:00.000,Business Email Compromise (BEC) & Cyber Insurance Renewal
PARK'S ELECTRICAL SERVICE,WOON H PARK,9305 EMNORA LN,HOUSTON,TX,77080,238210,Electrical Contractors and Other Wiring Installation,Type IS,2007-08-06T00:00:00.000,Business Email Compromise (BEC) & Cyber Insurance Renewal
PARKER LENNON INTERIORS,ANGIE ARON,6010 SAN FELIPE ST,HOUSTON,TX,77057,238391,"Construction (General, Civil, Specialty Trades)",Type IS,2022-07-27T00:00:00.000,Business Email Compromise (BEC) & Cyber Insurance Renewal
"PARKING GARAGE SOLUTIONS, LLC","PARKING GARAGE SOLUTIONS, LLC",2060 NORTH LOOP W STE 100,HOUSTON,TX,77018,238210,Electrical Contractors and Other Wiring Installation,Limited Liability Company (LLC),2021-06-28T00:00:00.000,Business Email Compromise (BEC) & Cyber Insurance Renewal
PARTISAN AIR EXPRESS,DAVID CATALAN FLORES,11627 EL AMBAR DR,HOUSTON,TX,77048,238220,"Plumbing, Heating, and Air-Conditioning Contractors",Type IS,2022-04-21T00:00:00.000,Business Email Compromise (BEC) & Cyber Insurance Renewal
PARTNERS ELECTRICAL SERVICES,"PARTNERS ELECTRICAL SERVICES, L.L.C.",7303 WINDFERN RD STE 200,HOUSTON,TX,77040,238210,Electrical Contractors and Other Wiring Installation,Limited Liability Company (LLC),2005-09-15T00:00:00.000,Business Email Compromise (BEC) & Cyber Insurance Renewal
"PATIO POOLS OF HOUSTON, INC.","PATIO POOLS OF HOUSTON, INC.",5904 FAIRDALE LN,HOUSTON,TX,77057,238990,"Construction (General, Civil, Specialty Trades)",Texas Corporation,2019-01-05T00:00:00.000,Business Email Compromise (BEC) & Cyber Insurance Renewal
PATMIC AC & HEATING,PATRICK A ONYENAUCHEYA,8048 SANDS POINT DR APT A,HOUSTON,TX,77036,238220,"Plumbing, Heating, and Air-Conditioning Contractors",Type IS,2013-04-05T00:00:00.000,Business Email Compromise (BEC) & Cyber Insurance Renewal
"PATRICK D. RICHARD, PLLC","PATRICK D. RICHARD, PLLC",9723 TRUSCON DR,HOUSTON,TX,77080,238350,"Construction (General, Civil, Specialty Trades)",Limited Liability Company (LLC),2023-07-24T00:00:00.000,Business Email Compromise (BEC) & Cyber Insurance Renewal
PATRIOT CONSTRUCTION & DOOR LLC,PATRIOT CONSTRUCTION & DOOR LLC,13314 ELAINE RD,HOUSTON,TX,77047,238290,"Construction (General, Civil, Specialty Trades)",Limited Liability Company (LLC),2021-07-13T00:00:00.000,Business Email Compromise (BEC) & Cyber Insurance Renewal
PATRIOT POWER GROUP LLC,PATRIOT POWER GROUP LLC,2201 N SAM HOUSTON PKWY W,HOUSTON,TX,77038,238220,"Plumbing, Heating, and Air-Conditioning Contractors",Limited Liability Company (LLC),2023-10-12T00:00:00.000,Business Email Compromise (BEC) & Cyber Insurance Renewal
PATTERSON AND SONS CHIMNEY SWEEPS LLC,PATTERSON AND SONS CHIMNEY SWEEPS LLC,9403 CAMELIA CREST LN,HOUSTON,TX,77064,238220,"Plumbing, Heating, and Air-Conditioning Contractors",Limited Liability Company (LLC),2020-01-28T00:00:00.000,Business Email Compromise (BEC) & Cyber Insurance Renewal
PAUL YEATTS ENTERPRISES INCORPORATED,"PAUL YEATTS ENTERPRISES, INCORPORATED",5730 ALLISON RD,HOUSTON,TX,77048,238142,"Construction (General, Civil, Specialty Trades)",Texas Corporation,2008-08-06T00:00:00.000,Business Email Compromise (BEC) & Cyber Insurance Renewal
PAVLNASTONE INCORPORATED,"PAVLINASTONE, INC.",7941 KATY FWY # 16,HOUSTON,TX,77024,238990,"Construction (General, Civil, Specialty Trades)",Texas Corporation,2019-10-17T00:00:00.000,Business Email Compromise (BEC) & Cyber Insurance Renewal
PAYLESS INSULATION,"PAYLESS INSULATION, INC.",1830 W 15TH ST,HOUSTON,TX,77008,238310,"Construction (General, Civil, Specialty Trades)",Texas Corporation,2022-11-02T00:00:00.000,Business Email Compromise (BEC) & Cyber Insurance Renewal
PBC DATACOM,PIGGYBACK CABLING LLC,6705 WINTON ST,HOUSTON,TX,77021,238210,Electrical Contractors and Other Wiring Installation,Limited Liability Company (LLC),2020-04-08T00:00:00.000,Business Email Compromise (BEC) & Cyber Insurance Renewal
PBC ROOF SYSTEMS,"PBC ROOF SYSTEMS, INC.",9119 MEADOW VISTA BLVD,HOUSTON,TX,77064,238160,Roofing Contractors,Texas Corporation,2024-10-23T00:00:00.000,Business Email Compromise (BEC) & Cyber Insurance Renewal
PCW UNLIMITED LLC,PCW UNLIMITED LLC,4201 CYPRESS CREEK PKWY STE 5401048,HOUSTON,TX,77068,238320,"Construction (General, Civil, Specialty Trades)",Limited Liability Company (LLC),2025-03-18T00:00:00.000,Business Email Compromise (BEC) & Cyber Insurance Renewal
"PEACE OF MIND SERVICES, LLC","PEACE OF MIND SERVICES, LLC",6223 BILLINGTON ST,HOUSTON,TX,77084,238210,Electrical Contractors and Other Wiring Installation,Limited Liability Company (LLC),2012-07-24T00:00:00.000,Business Email Compromise (BEC) & Cyber Insurance Renewal
"PEAK ROOFING, INC.","PEAK ROOFING, INC.",714 YALE ST,HOUSTON,TX,77007,238160,Roofing Contractors,Texas Corporation,2014-09-02T00:00:00.000,Business Email Compromise (BEC) & Cyber Insurance Renewal
PEARL'S MASTER FLOOR INCORPORATED,PEARL'S MASTER FLOOR INCORPORATED,5432 DARLING ST,HOUSTON,TX,77007,238332,"Construction (General, Civil, Specialty Trades)",Texas Corporation,2014-08-06T00:00:00.000,Business Email Compromise (BEC) & Cyber Insurance Renewal
PEARL'S MASTER FLOOR INCORPORATED,PEARL'S MASTER FLOOR INCORPORATED,2020 ANTOINE DR,HOUSTON,TX,77055,238332,"Construction (General, Civil, Specialty Trades)",Texas Corporation,2024-09-03T00:00:00.000,Business Email Compromise (BEC) & Cyber Insurance Renewal
PEDINI TEXAS LLC,PEDINI TEXAS LLC,5120 WOODWAY DR,HOUSTON,TX,77056,238391,"Construction (General, Civil, Specialty Trades)",Limited Liability Company (LLC),2018-03-09T00:00:00.000,Business Email Compromise (BEC) & Cyber Insurance Renewal
PELITE INC,PELITE INC.,12633 MEMORIAL DR APT 137,HOUSTON,TX,77024,238220,"Plumbing, Heating, and Air-Conditioning Contractors",Texas Corporation,2026-01-21T00:00:00.000,Business Email Compromise (BEC) & Cyber Insurance Renewal
"PENCO ACCESS CONTROL, LLC","PENCO ACCESS CONTROL, LLC",4043 HOLLISTER ST,HOUSTON,TX,77080,238990,"Construction (General, Civil, Specialty Trades)",Limited Liability Company (LLC),2019-01-24T00:00:00.000,Business Email Compromise (BEC) & Cyber Insurance Renewal
PENHALL COMPANY,PENHALL COMPANY,6728 THEALL RD,HOUSTON,TX,77066,238990,"Construction (General, Civil, Specialty Trades)",Foreign Corporation (Out-of-State),2017-04-21T00:00:00.000,Business Email Compromise (BEC) & Cyber Insurance Renewal
"PEOPLES CHOICE ELECTRIC, INC.","PEOPLES CHOICE ELECTRIC, INC.",12025 RICHMOND AVE APT 3207,HOUSTON,TX,77082,238210,Electrical Contractors and Other Wiring Installation,Texas Corporation,2025-10-24T00:00:00.000,Business Email Compromise (BEC) & Cyber Insurance Renewal
PERDOMO FLOORS & FINISHES,"PERDOMO FLOORS & FINISHES, LLC",1512 AULINE LN,HOUSTON,TX,77055,238330,"Construction (General, Civil, Specialty Trades)",Limited Liability Company (LLC),2026-07-24T00:00:00.000,Business Email Compromise (BEC) & Cyber Insurance Renewal
PERFECT TEMP INC,"PERFECT TEMP, INC.",5819 MID PINES ST,HOUSTON,TX,77049,238222,"Construction (General, Civil, Specialty Trades)",Texas Corporation,2003-10-17T00:00:00.000,Business Email Compromise (BEC) & Cyber Insurance Renewal
PERFECTION DEMOLITION LLC,PERFECTION DEMOLITION LLC,9802 FREESTONE ST,HOUSTON,TX,77034,238910,"Construction (General, Civil, Specialty Trades)",Limited Liability Company (LLC),2026-09-09T00:00:00.000,Business Email Compromise (BEC) & Cyber Insurance Renewal
"PERFECTION ELECTRIC OF TEXAS, L.L.C.","PERFECTION ELECTRIC OF TEXAS, L.L.C.",9125 AIRPORT BLVD STE C2,HOUSTON,TX,77061,238210,Electrical Contractors and Other Wiring Installation,Limited Liability Company (LLC),2026-05-20T00:00:00.000,Business Email Compromise (BEC) & Cyber Insurance Renewal
PERFORMANCE COMMERCIAL GLASS,PERFORMANCE COMMERCIAL GLASS LLC,12824 1/2 HEMPSTEAD RD STE D,HOUSTON,TX,77092,238150,"Construction (General, Civil, Specialty Trades)",Limited Liability Company (LLC),2015-07-27T00:00:00.000,Business Email Compromise (BEC) & Cyber Insurance Renewal
"PERFORMANCE CONTRACTING, INC.","PERFORMANCE CONTRACTING, INC.",10803 VINECREST DR STE 150,HOUSTON,TX,77086,238222,"Construction (General, Civil, Specialty Trades)",Foreign Corporation (Out-of-State),2025-07-28T00:00:00.000,Business Email Compromise (BEC) & Cyber Insurance Renewal
"PERFORMANCE ELECTRIC, L.P.","PERFORMANCE ELECTRIC, L.P.",11302 WINDFERN RD,HOUSTON,TX,77064,238210,Electrical Contractors and Other Wiring Installation,Type PL,2007-01-08T00:00:00.000,Business Email Compromise (BEC) & Cyber Insurance Renewal
PERIDON ENTERTAINMENT,KEITH R PERRY,10307 BANFIELD CT,HOUSTON,TX,77075,238210,Electrical Contractors and Other Wiring Installation,Type IS,2023-09-11T00:00:00.000,Business Email Compromise (BEC) & Cyber Insurance Renewal
PERMA-PIER FOUNDATION REPAIR OF TEXAS,"CONSTRUCT CAPITAL, LLC",3574 W T C JESTER BLVD,HOUSTON,TX,77018,238110,"Construction (General, Civil, Specialty Trades)",Limited Liability Company (LLC),2013-01-25T00:00:00.000,Business Email Compromise (BEC) & Cyber Insurance Renewal
"PETERSON BECKNER INDUSTRIES, INC.","PETERSON BECKNER INDUSTRIES, INC.",1310 SPEARS RD,HOUSTON,TX,77067,238122,"Construction (General, Civil, Specialty Trades)",Texas Corporation,2005-10-27T00:00:00.000,Business Email Compromise (BEC) & Cyber Insurance Renewal
PEVCO SYSTEMS INTERNATIONAL INC,PEVCO SYSTEMS INTERNATIONAL INC,9303 KIRBY DR,HOUSTON,TX,77054,238292,"Construction (General, Civil, Specialty Trades)",Foreign Corporation (Out-of-State),2012-09-21T00:00:00.000,Business Email Compromise (BEC) & Cyber Insurance Renewal
PHILLIPS FIRE & LIFE SAFETY LLC,"DAN & TIFFANY CAPITAL HOLDINGS, LLC",525 N SAM HOUSTON PKWY E STE 380,HOUSTON,TX,77060,238220,"Plumbing, Heating, and Air-Conditioning Contractors",Limited Liability Company (LLC),2021-11-30T00:00:00.000,Business Email Compromise (BEC) & Cyber Insurance Renewal
PIADA ITALIAN STREET FOOD,"SIGNCOM, INC.",5801 MEMORIAL DR,HOUSTON,TX,77007,238190,"Construction (General, Civil, Specialty Trades)",Foreign Corporation (Out-of-State),2015-08-04T00:00:00.000,Business Email Compromise (BEC) & Cyber Insurance Renewal
PIEPER/HOUSTON ELECTRIC,"PIEPER-HOUSTON ELECTRIC, L.P.",1702 OAK TREE DR,HOUSTON,TX,77080,238212,"Construction (General, Civil, Specialty Trades)",Type PL,1994-08-18T00:00:00.000,Business Email Compromise (BEC) & Cyber Insurance Renewal
PIER-A-MID REHABILITATION INC,"PIER-A-MID REHABILITATION, INC.",908 TULANE ST,HOUSTON,TX,77008,238111,"Construction (General, Civil, Specialty Trades)",Texas Corporation,1992-10-23T00:00:00.000,Business Email Compromise (BEC) & Cyber Insurance Renewal
PIERRE'S CONSTRUCTION & REMODELING,"PIERRE'S CONSTRUCTION & REMODELING, LLC",8006 NARROW BROOK WAY,HOUSTON,TX,77016,238350,"Construction (General, Civil, Specialty Trades)",Limited Liability Company (LLC),2025-10-03T00:00:00.000,Business Email Compromise (BEC) & Cyber Insurance Renewal
"PINNACLE A/C & HEATING, INC.","PINNACLE A/C & HEATING, INC.",10215 COPPERDALE LN,HOUSTON,TX,77064,238221,"Construction (General, Civil, Specialty Trades)",Texas Corporation,2003-08-05T00:00:00.000,Business Email Compromise (BEC) & Cyber Insurance Renewal
PINNACLE AIR SERVICE CO,"P A S C, LLC",1507 WEDGEWOOD ST,HOUSTON,TX,77093,238220,"Plumbing, Heating, and Air-Conditioning Contractors",Limited Liability Company (LLC),2011-10-31T00:00:00.000,Business Email Compromise (BEC) & Cyber Insurance Renewal
"PIPE DOCTORS, LLC","PIPE DOCTORS, LLC",4727 GLENVILLAGE ST,HOUSTON,TX,77084,238220,"Plumbing, Heating, and Air-Conditioning Contractors",Limited Liability Company (LLC),2018-10-06T00:00:00.000,Business Email Compromise (BEC) & Cyber Insurance Renewal
PIPER WHITNEY CONSTRUCTION LLC,PIPER WHITNEY CONSTRUCTION LLC,5301 POLK ST BLDG 14,HOUSTON,TX,77023,238990,"Construction (General, Civil, Specialty Trades)",Limited Liability Company (LLC),2023-03-02T00:00:00.000,Business Email Compromise (BEC) & Cyber Insurance Renewal
PITALE PLUMBING LLC,"PITALE PLUMBING, LLC",1657 BLALOCK RD STE C,HOUSTON,TX,77080,238220,"Plumbing, Heating, and Air-Conditioning Contractors",Limited Liability Company (LLC),2024-06-12T00:00:00.000,Business Email Compromise (BEC) & Cyber Insurance Renewal
PITMAN CONSTRUCTION LLC,PITMAN CONSTRUCTION LLC,1815 HUMBLE WESTFIELD RD,HOUSTON,TX,77073,238310,"Construction (General, Civil, Specialty Trades)",Limited Liability Company (LLC),2023-02-16T00:00:00.000,Business Email Compromise (BEC) & Cyber Insurance Renewal
PLATINUM FLOOR COATINGS,"LIFETIME EPOXY, LLC",7802 KOLOA RIVER CT,HOUSTON,TX,77040,238390,"Construction (General, Civil, Specialty Trades)",Limited Liability Company (LLC),2018-09-05T00:00:00.000,Business Email Compromise (BEC) & Cyber Insurance Renewal
PLATINUM MILLWORK INC,PLATINUM MILLWORK INC,6715 MCGREW ST,HOUSTON,TX,77087,238992,"Construction (General, Civil, Specialty Trades)",Texas Corporation,2015-04-02T00:00:00.000,Business Email Compromise (BEC) & Cyber Insurance Renewal
PLUM ALLEY WINDOWCRAFT,PLUM ALLEY WINDOWCRAFT LLC,2522 CALUMET ST,HOUSTON,TX,77004,238150,"Construction (General, Civil, Specialty Trades)",Limited Liability Company (LLC),2020-04-28T00:00:00.000,Business Email Compromise (BEC) & Cyber Insurance Renewal
PLUMBING PRIME SOLUTIONS LLC,PLUMBING PRIME SOLUTIONS LLC,448 W 19TH ST # 734,HOUSTON,TX,77008,238220,"Plumbing, Heating, and Air-Conditioning Contractors",Limited Liability Company (LLC),2024-12-17T00:00:00.000,Business Email Compromise (BEC) & Cyber Insurance Renewal
PLUMBING WORKS OF HOUSTON LLC,PLUMBING WORKS OF HOUSTON LLC,6615 FLINTLOCK RD,HOUSTON,TX,77040,238220,"Plumbing, Heating, and Air-Conditioning Contractors",Limited Liability Company (LLC),2009-07-17T00:00:00.000,Business Email Compromise (BEC) & Cyber Insurance Renewal
"PLUMCO , INC.","PLUMCO , INC.",5834 WIGTON DR,HOUSTON,TX,77096,238220,"Plumbing, Heating, and Air-Conditioning Contractors",Texas Corporation,2010-06-10T00:00:00.000,Business Email Compromise (BEC) & Cyber Insurance Renewal
PMQ ALTERNATIVES INC,"PMQ ALTERNATIVES, INC.",6120 W BY NORTHWEST BLVD STE 190,HOUSTON,TX,77040,238210,Electrical Contractors and Other Wiring Installation,Texas Corporation,2006-01-21T00:00:00.000,Business Email Compromise (BEC) & Cyber Insurance Renewal
POLAR AIR HEATING & AIR CONDTG CORP,"POLAR-AIR HEATING & AIR CONDITIONING, CORP.",8718 ANTELOPE DR,HOUSTON,TX,77063,238222,"Construction (General, Civil, Specialty Trades)",Texas Corporation,1975-07-11T00:00:00.000,Business Email Compromise (BEC) & Cyber Insurance Renewal
"POLAR BEAR EXPRESS HVACR, LLC","POLAR BEAR EXPRESS HVACR, LLC",4307 TAREYTON LN,HOUSTON,TX,77047,238220,"Plumbing, Heating, and Air-Conditioning Contractors",Limited Liability Company (LLC),2026-03-31T00:00:00.000,Business Email Compromise (BEC) & Cyber Insurance Renewal
POLYMERIC SPRAY FOAM AND COATINGS LLC,POLYMERIC SPRAY FOAM AND COATINGS LLC,10155 WINDFERN RD,HOUSTON,TX,77064,238310,"Construction (General, Civil, Specialty Trades)",Limited Liability Company (LLC),2016-08-02T00:00:00.000,Business Email Compromise (BEC) & Cyber Insurance Renewal
POOL AND MORE,AHMAD D ASHKAR,9114 SAVANNAH TRL,HOUSTON,TX,77095,238121,"Construction (General, Civil, Specialty Trades)",Type IS,2026-02-27T00:00:00.000,Business Email Compromise (BEC) & Cyber Insurance Renewal
POOL PRO & CONSTRUCTION LLC,POOL PRO & CONSTRUCTION LLC,11311 NORMEADOW LN,HOUSTON,TX,77076,238990,"Construction (General, Civil, Specialty Trades)",Limited Liability Company (LLC),2025-06-18T00:00:00.000,Business Email Compromise (BEC) & Cyber Insurance Renewal
PORTILLO REMODELING,FRANKLIN PORTILLO,11651 HERALD SQUARE DR,HOUSTON,TX,77099,238330,"Construction (General, Civil, Specialty Trades)",Type IS,2022-10-12T00:00:00.000,Business Email Compromise (BEC) & Cyber Insurance Renewal
"POSTEL INTERNATIONAL, INC.","POSTEL INTERNATIONAL, INC.",11210 STEEPLECREST DR,HOUSTON,TX,77065,238120,"Construction (General, Civil, Specialty Trades)",Foreign Corporation (Out-of-State),2016-10-28T00:00:00.000,Business Email Compromise (BEC) & Cyber Insurance Renewal
POWER ELECTRICAL INC,"POWER ELECTRICAL TEXAS, INC.",11901 GLOGER ST,HOUSTON,TX,77039,238212,"Construction (General, Civil, Specialty Trades)",Texas Corporation,2007-01-24T00:00:00.000,Business Email Compromise (BEC) & Cyber Insurance Renewal
POWER SERVICE PLUS,POWER SERVICES PLUS LLC,10110 FORUM WEST DR APT 527,HOUSTON,TX,77036,238210,Electrical Contractors and Other Wiring Installation,Limited Liability Company (LLC),2022-12-28T00:00:00.000,Business Email Compromise (BEC) & Cyber Insurance Renewal
POWER SHIELD GEN LLC,POWER SHIELD GEN LLC,707 WOODCASTLE BND,HOUSTON,TX,77094,238210,Electrical Contractors and Other Wiring Installation,Limited Liability Company (LLC),2026-09-15T00:00:00.000,Business Email Compromise (BEC) & Cyber Insurance Renewal
"POWER TESTING AND ENERGIZATION, INC.","POWER TESTING AND ENERGIZATION, INC.",509 N SAM HOUSTON PKWY E STE 200,HOUSTON,TX,77060,238210,Electrical Contractors and Other Wiring Installation,Foreign Corporation (Out-of-State),2012-02-09T00:00:00.000,Business Email Compromise (BEC) & Cyber Insurance Renewal
POWERED BY H,POWERED BY H LLC,2210 W 34TH ST,HOUSTON,TX,77018,238210,Electrical Contractors and Other Wiring Installation,Limited Liability Company (LLC),2024-01-30T00:00:00.000,Business Email Compromise (BEC) & Cyber Insurance Renewal
"POWERED ELECTRICAL SERVICES, LLC","POWERED ELECTRICAL SERVICES, LLC",9411 TASCOSA LN,HOUSTON,TX,77064,238210,Electrical Contractors and Other Wiring Installation,Limited Liability Company (LLC),2025-08-16T00:00:00.000,Business Email Compromise (BEC) & Cyber Insurance Renewal
PRACTICAL INNOVATIONS LLC,PRACTICAL INNOVATIONS LLC,12018 SPRING GROVE DR,HOUSTON,TX,77099,238992,"Construction (General, Civil, Specialty Trades)",Limited Liability Company (LLC),2026-08-18T00:00:00.000,Business Email Compromise (BEC) & Cyber Insurance Renewal
PRACTICAL INNOVATIONS LLC,PRACTICAL INNOVATIONS LLC,12018 SPRING GROVE DR,HOUSTON,TX,77099,238992,"Construction (General, Civil, Specialty Trades)",Limited Liability Company (LLC),2026-08-18T00:00:00.000,Business Email Compromise (BEC) & Cyber Insurance Renewal
PRADO SERVICES,ANDREW PRADO,7450 SANTA FE DR,HOUSTON,TX,77061,238220,"Plumbing, Heating, and Air-Conditioning Contractors",Type IS,2011-03-29T00:00:00.000,Business Email Compromise (BEC) & Cyber Insurance Renewal
PRAESIDIUM SOLUTIONS LLC,PRAESIDIUM SOLUTIONS LLC,12202 KIMBERLEY LN,HOUSTON,TX,77024,238220,"Plumbing, Heating, and Air-Conditioning Contractors",Limited Liability Company (LLC),2026-07-16T00:00:00.000,Business Email Compromise (BEC) & Cyber Insurance Renewal
PRECISION DEVELOPMENT LTD,"PRECISION DEVELOPMENT, LTD.",5711C CLAREWOOD DR,HOUSTON,TX,77081,238141,"Construction (General, Civil, Specialty Trades)",Type PL,2000-01-28T00:00:00.000,Business Email Compromise (BEC) & Cyber Insurance Renewal
PRECISION FOUNDATION SERVICE INC,"PRECISION FOUNDATION SERVICE, INC.",8427 HAMMERLY BLVD,HOUSTON,TX,77055,238911,"Construction (General, Civil, Specialty Trades)",Texas Corporation,1996-08-01T00:00:00.000,Business Email Compromise (BEC) & Cyber Insurance Renewal
PRECISION GARAGE DOOR OF BELLAIRE,"IMPACT HOME SERVICES II, LLC",9777 HARWIN DR STE 202,HOUSTON,TX,77036,238990,"Construction (General, Civil, Specialty Trades)",Corporation / Corporate Entity,2025-10-16T00:00:00.000,Business Email Compromise (BEC) & Cyber Insurance Renewal
PRECISION GARAGE DOOR OF HOUSTON,"IMPACT HOME SERVICES II, LLC",11875 W LITTLE YORK RD STE 401,HOUSTON,TX,77041,238990,"Construction (General, Civil, Specialty Trades)",Corporation / Corporate Entity,2024-07-11T00:00:00.000,Business Email Compromise (BEC) & Cyber Insurance Renewal
PRECISION GARAGE DOORS OF LEAGUE CITY,"IMPACT HOME SERVICES II, LLC",1002 GEMINI ST STE 225K,HOUSTON,TX,77058,238990,"Construction (General, Civil, Specialty Trades)",Corporation / Corporate Entity,2025-08-28T00:00:00.000,Business Email Compromise (BEC) & Cyber Insurance Renewal
"PRECISION MACHINERY CONTRACTORS, LLC","PRECISION MACHINERY CONTRACTORS, LLC",4680 S SAM HOUSTON PKWY E,HOUSTON,TX,77048,238290,"Construction (General, Civil, Specialty Trades)",Corporation / Corporate Entity,2021-10-13T00:00:00.000,Business Email Compromise (BEC) & Cyber Insurance Renewal
PRECISION ROOF CRAFTERS INC,"PRECISION ROOF CRAFTERS, INC.",3919 JEANETTA ST,HOUSTON,TX,77063,238162,"Construction (General, Civil, Specialty Trades)",Texas Corporation,2006-04-24T00:00:00.000,Business Email Compromise (BEC) & Cyber Insurance Renewal
"PRECISION SITE SERVICES, LLC","PRECISION SITE SERVICES, LLC",14405 WALTERS RD STE 438,HOUSTON,TX,77014,238110,"Construction (General, Civil, Specialty Trades)",Limited Liability Company (LLC),2009-07-17T00:00:00.000,Business Email Compromise (BEC) & Cyber Insurance Renewal
PREFERRED HOME SOLUTIONS,PREFERRED HOME SOLUTIONS LLC,3313 CLEARVIEW CIR,HOUSTON,TX,77025,238991,"Construction (General, Civil, Specialty Trades)",Limited Liability Company (LLC),2025-12-30T00:00:00.000,Business Email Compromise (BEC) & Cyber Insurance Renewal
PREFERRED TECHNOLOGIES INC,"PREFERRED TECHNOLOGIES, LLC",1406 HARTWICK RD,HOUSTON,TX,77093,238210,Electrical Contractors and Other Wiring Installation,Limited Liability Company (LLC),2005-09-20T00:00:00.000,Business Email Compromise (BEC) & Cyber Insurance Renewal
PREMIER AC & HEATING CO,PREMIER A/C & HEATING COMPANY,2109 LOU ELLEN LN,HOUSTON,TX,77018,238221,"Construction (General, Civil, Specialty Trades)",Texas Corporation,1990-06-07T00:00:00.000,Business Email Compromise (BEC) & Cyber Insurance Renewal
"PREMIER HOME TECHNOLOGIES, L.P.","PREMIER HOME TECHNOLOGIES, L.P.",8564 KATY FWY STE 132,HOUSTON,TX,77024,238210,Electrical Contractors and Other Wiring Installation,Type PL,2013-02-19T00:00:00.000,Business Email Compromise (BEC) & Cyber Insurance Renewal
"PREMIER HVAC COMPANY, INC","PREMIER HVAC COMPANY, INC",10849 KINGHURST DR STE 105,HOUSTON,TX,77099,238220,"Plumbing, Heating, and Air-Conditioning Contractors",Texas Corporation,2021-03-23T00:00:00.000,Business Email Compromise (BEC) & Cyber Insurance Renewal
PREMIER MECHANICAL LLC,PREMIER MECHANICAL LLC,6723 THEALL RD STE D,HOUSTON,TX,77066,238222,"Construction (General, Civil, Specialty Trades)",Limited Liability Company (LLC),2022-02-23T00:00:00.000,Business Email Compromise (BEC) & Cyber Insurance Renewal
"PREMIER PLASTERING SUPPLY, LTD.","PREMIER PLASTERING SUPPLY, LTD.",8850 HEMPSTEAD RD STE A,HOUSTON,TX,77008,238310,"Construction (General, Civil, Specialty Trades)",Type PL,2009-05-26T00:00:00.000,Business Email Compromise (BEC) & Cyber Insurance Renewal
PREMIUM ACE'S CONCRETE LLC,PREMIUM ACE'S CONCRETE LLC,2918 MOHAWK ST,HOUSTON,TX,77093,238111,"Construction (General, Civil, Specialty Trades)",Limited Liability Company (LLC),2026-04-11T00:00:00.000,Business Email Compromise (BEC) & Cyber Insurance Renewal
PREMIUM HVAC MECHANICAL SERVICES LLC,PREMIUM HVAC MECHANICAL SERVICES LLC,7935 SCENIC CANYON LN,HOUSTON,TX,77095,238220,"Plumbing, Heating, and Air-Conditioning Contractors",Limited Liability Company (LLC),2018-05-04T00:00:00.000,Business Email Compromise (BEC) & Cyber Insurance Renewal
"PRIMARY PLUMBING SERVICES, LLC","PRIMARY PLUMBING SERVICES, LLC",2722 BROAD ST,HOUSTON,TX,77087,238220,"Plumbing, Heating, and Air-Conditioning Contractors",Limited Liability Company (LLC),2020-05-07T00:00:00.000,Business Email Compromise (BEC) & Cyber Insurance Renewal
PRIME ELEVATOR CORP,PRIME ELEVATOR CORP.,16800 IMPERIAL VALLEY DR STE 375,HOUSTON,TX,77060,238990,"Construction (General, Civil, Specialty Trades)",Texas Corporation,2024-06-13T00:00:00.000,Business Email Compromise (BEC) & Cyber Insurance Renewal
PRIME HVAC,"PRIME HVAC, LLC",18701 CLAY RD STE 800,HOUSTON,TX,77084,238220,"Plumbing, Heating, and Air-Conditioning Contractors",Limited Liability Company (LLC),2020-08-28T00:00:00.000,Business Email Compromise (BEC) & Cyber Insurance Renewal
"PRIME MECHANICAL AND CONSTRUCTION, INC.","PRIME MECHANICAL AND CONSTRUCTION, INC.",10315 WINDFERN RD,HOUSTON,TX,77064,238222,"Construction (General, Civil, Specialty Trades)",Texas Corporation,1994-06-21T00:00:00.000,Business Email Compromise (BEC) & Cyber Insurance Renewal
PRIME-SYSTEMS,PROFESSIONAL SOUND & ACOUSTICS CORPORATION,411 W TIDWELL RD,HOUSTON,TX,77091,238211,"Construction (General, Civil, Specialty Trades)",Texas Corporation,2019-06-24T00:00:00.000,Business Email Compromise (BEC) & Cyber Insurance Renewal
PRIMECO STEEL AND FENCE,RICHARD GENE GRAYSON,8207 LEGHORN ST,HOUSTON,TX,77040,238122,"Construction (General, Civil, Specialty Trades)",Type IS,2020-03-12T00:00:00.000,Business Email Compromise (BEC) & Cyber Insurance Renewal
PRIMO AC MECHANICAL LLC,PRIMO AC MECHANICAL LLC,9219 KATY FWY STE 231,HOUSTON,TX,77024,238220,"Plumbing, Heating, and Air-Conditioning Contractors",Limited Liability Company (LLC),2020-08-14T00:00:00.000,Business Email Compromise (BEC) & Cyber Insurance Renewal
"PRINCIPAL ELECTRICAL CONTRACTORS, L.L.C.","PRINCIPAL ELECTRICAL CONTRACTORS, L.L.C.",4125 HOLLISTER ST STE T,HOUSTON,TX,77080,238990,"Construction (General, Civil, Specialty Trades)",Limited Liability Company (LLC),2024-05-21T00:00:00.000,Business Email Compromise (BEC) & Cyber Insurance Renewal
"PRISM ELECTRIC, INC.","PRISM ELECTRIC, LLC",1229 W 34TH ST,HOUSTON,TX,77018,238210,Electrical Contractors and Other Wiring Installation,Limited Liability Company (LLC),2010-04-05T00:00:00.000,Business Email Compromise (BEC) & Cyber Insurance Renewal
PRIZE ENTERPRISES LLC,PRIZE ENTERPRISES LLC,1305 W 11TH ST # 3212,HOUSTON,TX,77008,238320,"Construction (General, Civil, Specialty Trades)",Corporation / Corporate Entity,2025-05-20T00:00:00.000,Business Email Compromise (BEC) & Cyber Insurance Renewal
PRO CARPET SERVICES,PRO CARPET SERVICES LLC,2614 FALLEN OAK RD,HOUSTON,TX,77038,238991,"Construction (General, Civil, Specialty Trades)",Limited Liability Company (LLC),2019-02-15T00:00:00.000,Business Email Compromise (BEC) & Cyber Insurance Renewal
"PRO CONSTRUCTION GROUP, LLC","PRO CONSTRUCTION GROUP, LLC",4200 LOCKFIELD ST APT 116,HOUSTON,TX,77092,238311,"Construction (General, Civil, Specialty Trades)",Limited Liability Company (LLC),2025-03-12T00:00:00.000,Business Email Compromise (BEC) & Cyber Insurance Renewal
"PRO PINK POOLS, LLC","PRO PINK POOLS, LLC",10107 WESTVIEW DR APT 287,HOUSTON,TX,77043,238991,"Construction (General, Civil, Specialty Trades)",Limited Liability Company (LLC),2024-02-24T00:00:00.000,Business Email Compromise (BEC) & Cyber Insurance Renewal
PROCESS COMPLIANCE PRODUCTS INC,PROCESS COMPLIANCE PRODUCTS INC.,17110 PARSLEY HAWTHORNE CT,HOUSTON,TX,77059,238332,"Construction (General, Civil, Specialty Trades)",Texas Corporation,2006-10-19T00:00:00.000,Business Email Compromise (BEC) & Cyber Insurance Renewal
PROCESS REFRIGERATION TECHNOLOGIES INC,PROCESS REFRIGERATION TECHNOLOGIES INC,11111 KATY FWY STE 910,HOUSTON,TX,77079,238222,"Construction (General, Civil, Specialty Trades)",Texas Corporation,2019-07-18T00:00:00.000,Business Email Compromise (BEC) & Cyber Insurance Renewal
"PROFESSIONAL CERAMIC TILE, INC.","PROFESSIONAL CERAMIC TILE, INC.",8661 RAYSON RD,HOUSTON,TX,77080,238340,"Construction (General, Civil, Specialty Trades)",Texas Corporation,2026-07-06T00:00:00.000,Business Email Compromise (BEC) & Cyber Insurance Renewal
PROFESSIONAL ELECTRICAL SERVICES LLC.,PROFESSIONAL ELECTRICAL SERVICES LLC.,9330 CAMELIA CREST LN,HOUSTON,TX,77064,238210,Electrical Contractors and Other Wiring Installation,Limited Liability Company (LLC),2021-04-23T00:00:00.000,Business Email Compromise (BEC) & Cyber Insurance Renewal
PROFESSIONAL PAINTERS OF HOUSTON,REBECCA KOKER,4309 OATS ST,HOUSTON,TX,77020,238320,"Construction (General, Civil, Specialty Trades)",Type IS,2017-04-25T00:00:00.000,Business Email Compromise (BEC) & Cyber Insurance Renewal
PROGRESSIVE COMMERCIAL AQUATICS INC,"PROGRESSIVE COMMERCIAL AQUATICS, LLC",2510 FARRELL RD,HOUSTON,TX,77073,238990,"Construction (General, Civil, Specialty Trades)",Limited Liability Company (LLC),1994-09-19T00:00:00.000,Business Email Compromise (BEC) & Cyber Insurance Renewal
PROGRESSIVE INTEREST INC,PROGRESSIVE INTEREST INC.,6105 MAPLE ST,HOUSTON,TX,77074,238212,"Construction (General, Civil, Specialty Trades)",Texas Corporation,2007-10-29T00:00:00.000,Business Email Compromise (BEC) & Cyber Insurance Renewal
"PROMINENT PLUMBING SOLUTIONS, LLC","PROMINENT PLUMBING SOLUTIONS, LLC",1317 FINCH ST,HOUSTON,TX,77009,238221,"Construction (General, Civil, Specialty Trades)",Limited Liability Company (LLC),2026-02-23T00:00:00.000,Business Email Compromise (BEC) & Cyber Insurance Renewal
PRONTO MECHANICAL,PRONTO MECHANICAL LLC,11010 VERANO ST,HOUSTON,TX,77029,238220,"Plumbing, Heating, and Air-Conditioning Contractors",Limited Liability Company (LLC),2023-01-19T00:00:00.000,Business Email Compromise (BEC) & Cyber Insurance Renewal
PROPERTY TECH MANAGEMENT,PROPERTY TECH MANAGEMENT LLC,6031 HIGHWAY 6 N STE 165-209,HOUSTON,TX,77084,238210,Electrical Contractors and Other Wiring Installation,Limited Liability Company (LLC),2024-05-31T00:00:00.000,Business Email Compromise (BEC) & Cyber Insurance Renewal
PROPLAY RECREATION LLC,PROPLAY RECREATION LLC,10318 LAKE RD STE 101A,HOUSTON,TX,77070,238992,"Construction (General, Civil, Specialty Trades)",Limited Liability Company (LLC),2024-11-06T00:00:00.000,Business Email Compromise (BEC) & Cyber Insurance Renewal
PROROOFING LLC,PROROOFING LLC,3663 N SAM HOUSTON PKWY E STE 600,HOUSTON,TX,77032,238160,Roofing Contractors,Corporation / Corporate Entity,2025-10-30T00:00:00.000,Business Email Compromise (BEC) & Cyber Insurance Renewal
"PROTECTIVE POLYMER SOLUTIONS, LLC","PROTECTIVE POLYMER SOLUTIONS, LLC",4440 BLUEBONNET DR,HOUSTON,TX,77053,238320,"Construction (General, Civil, Specialty Trades)",Limited Liability Company (LLC),2015-03-30T00:00:00.000,Business Email Compromise (BEC) & Cyber Insurance Renewal
PUMA CONSTRUCTION INCORPORATED,PUMA CONSTRUCTION INCORPORATED,727 HILL RD,HOUSTON,TX,77037,238192,"Construction (General, Civil, Specialty Trades)",Texas Corporation,1997-04-29T00:00:00.000,Business Email Compromise (BEC) & Cyber Insurance Renewal
"PURGE PRO, LLC","PURGE PRO, LLC",10050 HOUSTON OAKS DR,HOUSTON,TX,77064,238220,"Plumbing, Heating, and Air-Conditioning Contractors",Limited Liability Company (LLC),2026-08-05T00:00:00.000,Business Email Compromise (BEC) & Cyber Insurance Renewal
PURPLE GLAZE,"ARTISTIC ENTERPRISE, INC.",2365 RICE BLVD STE D,HOUSTON,TX,77005,238150,"Construction (General, Civil, Specialty Trades)",Texas Corporation,2006-06-09T00:00:00.000,Business Email Compromise (BEC) & Cyber Insurance Renewal
"PYRAMID WATERPROOFING, INC.","PYRAMID WATERPROOFING, INC.",122 BERRY RD,HOUSTON,TX,77022,238162,"Construction (General, Civil, Specialty Trades)",Texas Corporation,1994-06-07T00:00:00.000,Business Email Compromise (BEC) & Cyber Insurance Renewal
QBS HOUSTON MECHANICAL LLC,QBS HOUSTON MECHANICAL LLC,10215 PAPALOTE ST STE UNIT2,HOUSTON,TX,77041,238220,"Plumbing, Heating, and Air-Conditioning Contractors",Limited Liability Company (LLC),2026-07-21T00:00:00.000,Business Email Compromise (BEC) & Cyber Insurance Renewal
QC TV CORP.,QC TV CORP.,7038 BELGOLD ST,HOUSTON,TX,77066,238212,"Construction (General, Civil, Specialty Trades)",Texas Corporation,2001-03-20T00:00:00.000,Business Email Compromise (BEC) & Cyber Insurance Renewal
QSFC LTD,"QSFC, LLC",9000 PINEHILL LN,HOUSTON,TX,77041,238330,"Construction (General, Civil, Specialty Trades)",Limited Liability Company (LLC),2006-08-15T00:00:00.000,Business Email Compromise (BEC) & Cyber Insurance Renewal
"QTS, L.L.C.","QTS, L.L.C.",5084 STEADMONT DR,HOUSTON,TX,77040,238340,"Construction (General, Civil, Specialty Trades)",Limited Liability Company (LLC),2009-11-03T00:00:00.000,Business Email Compromise (BEC) & Cyber Insurance Renewal
QUALIFIED CONSTRUCTION INC.,QUALIFIED CONSTRUCTION INC.,11803 N GARDEN ST,HOUSTON,TX,77071,238990,"Construction (General, Civil, Specialty Trades)",Texas Corporation,2020-04-23T00:00:00.000,Business Email Compromise (BEC) & Cyber Insurance Renewal
QUALITY AIR,"THE BREWER GROUP, L.P.",4003 BLALOCK RD,HOUSTON,TX,77080,238220,"Plumbing, Heating, and Air-Conditioning Contractors",Type PL,2019-08-28T00:00:00.000,Business Email Compromise (BEC) & Cyber Insurance Renewal
"QUALITY CABLE INSTALLERS, LLC","QUALITY CABLE INSTALLERS, LLC",384 LITCHFIELD LN,HOUSTON,TX,77024,238210,Electrical Contractors and Other Wiring Installation,Limited Liability Company (LLC),2009-10-21T00:00:00.000,Business Email Compromise (BEC) & Cyber Insurance Renewal
QUALITY DOORS  PRODUCTS LLC,QUALITY DOORS  PRODUCTS LLC,13225 FM 529 RD STE L,HOUSTON,TX,77041,238350,"Construction (General, Civil, Specialty Trades)",Limited Liability Company (LLC),2020-02-07T00:00:00.000,Business Email Compromise (BEC) & Cyber Insurance Renewal
"QUALITY INTERIORS, LLC","QUALITY INTERIORS, LLC",15210 CHAPLIN ST,HOUSTON,TX,77032,238330,"Construction (General, Civil, Specialty Trades)",Limited Liability Company (LLC),2014-02-20T00:00:00.000,Business Email Compromise (BEC) & Cyber Insurance Renewal
QUALITY REEFER SERVICES,"QUALITY REEFER SERVICE, INC.",11930 EASTEX FWY,HOUSTON,TX,77039,238220,"Plumbing, Heating, and Air-Conditioning Contractors",Texas Corporation,2007-03-05T00:00:00.000,Business Email Compromise (BEC) & Cyber Insurance Renewal
QUALITY WATER & AIR LP,QUALITY WATER & AIR LP,555 E AIRTEX DR,HOUSTON,TX,77073,238220,"Plumbing, Heating, and Air-Conditioning Contractors",Type PL,2020-12-17T00:00:00.000,Business Email Compromise (BEC) & Cyber Insurance Renewal
"QUALITY WELDING & BOILER WORKS, INC.","QUALITY WELDING & BOILER WORKS, INC.",5725 WALTRIP ST,HOUSTON,TX,77087,238292,"Construction (General, Civil, Specialty Trades)",Texas Corporation,2018-07-25T00:00:00.000,Business Email Compromise (BEC) & Cyber Insurance Renewal
"QUANTA INFRASTRUCTURE SOLUTIONS GROUP, LLC","QUANTA INFRASTRUCTURE SOLUTIONS GROUP, LLC",15011 KATY FWY,HOUSTON,TX,77094,238210,Electrical Contractors and Other Wiring Installation,Corporation / Corporate Entity,2026-06-02T00:00:00.000,Business Email Compromise (BEC) & Cyber Insurance Renewal
QUANTA TELECOMMUNICATION SOLUTIONS,"QUANTA TELECOMMUNICATION SOLUTIONS, LLC",2707 NORTH LOOP W STE 400,HOUSTON,TX,77008,238210,Electrical Contractors and Other Wiring Installation,Corporation / Corporate Entity,2023-09-18T00:00:00.000,Business Email Compromise (BEC) & Cyber Insurance Renewal
QUANTA TELECOMMUNICATION SOLUTIONS,"QUANTA TELECOMMUNICATION SOLUTIONS, LLC",1608 MARGARET ST,HOUSTON,TX,77093,238210,Electrical Contractors and Other Wiring Installation,Corporation / Corporate Entity,2023-09-18T00:00:00.000,Business Email Compromise (BEC) & Cyber Insurance Renewal
QUATRO INTERIORS,JENNIFER WISE MARTINEZ,1921 SHARP PL,HOUSTON,TX,77019,238991,"Construction (General, Civil, Specialty Trades)",Type IS,2020-03-06T00:00:00.000,Business Email Compromise (BEC) & Cyber Insurance Renewal
"QUEEN CONSTRUCTORS, LLC","QUEEN CONSTRUCTORS, LLC",6915 HOCKLEY GARDEN LN,HOUSTON,TX,77049,238110,"Construction (General, Civil, Specialty Trades)",Limited Liability Company (LLC),2023-04-14T00:00:00.000,Business Email Compromise (BEC) & Cyber Insurance Renewal
QUICKFIX AC,SEBASTIAN SEPULVEDA,3819 BUCKHURST DR,HOUSTON,TX,77066,238220,"Plumbing, Heating, and Air-Conditioning Contractors",Type IS,2022-02-19T00:00:00.000,Business Email Compromise (BEC) & Cyber Insurance Renewal
QW QUANTUM WOODWORKS LLC,QW QUANTUM WOODWORKS LLC,10816 FALLSTONE RD STE 505,HOUSTON,TX,77099,238350,"Construction (General, Civil, Specialty Trades)",Limited Liability Company (LLC),2022-02-18T00:00:00.000,Business Email Compromise (BEC) & Cyber Insurance Renewal
"QWC, LLC","QWC, LLC",10314 GLENFIELD PARK LN,HOUSTON,TX,77070,238990,"Construction (General, Civil, Specialty Trades)",Limited Liability Company (LLC),2025-02-06T00:00:00.000,Business Email Compromise (BEC) & Cyber Insurance Renewal
R & A BUILDING SPECIALISTS,"QUALITEX-STYLES, INC.",8234 HARTFORD ST,HOUSTON,TX,77017,238322,"Construction (General, Civil, Specialty Trades)",Texas Corporation,2023-04-10T00:00:00.000,Business Email Compromise (BEC) & Cyber Insurance Renewal
R & A ROAD BORING LLC,R & A ROAD BORING LLC,11448 HIRSCH RD,HOUSTON,TX,77016,238992,"Construction (General, Civil, Specialty Trades)",Limited Liability Company (LLC),2008-09-17T00:00:00.000,Business Email Compromise (BEC) & Cyber Insurance Renewal
"R & D COMPANIES, INC.","R & D COMPANIES, INC.",1509 ALMEDA GENOA RD,HOUSTON,TX,77047,238990,"Construction (General, Civil, Specialty Trades)",Texas Corporation,2022-07-20T00:00:00.000,Business Email Compromise (BEC) & Cyber Insurance Renewal
"R & D COUNTERTOPS, INC.","R & D COUNTERTOPS, INC.",11450 FM 1960 RD W STE 116,HOUSTON,TX,77065,238992,"Construction (General, Civil, Specialty Trades)",Texas Corporation,2010-08-13T00:00:00.000,Business Email Compromise (BEC) & Cyber Insurance Renewal
R&G PARTNERSHIP LLC,R&G PARTNERSHIP LLC,9403 BOLLINGBROOK DR,HOUSTON,TX,77083,238210,Electrical Contractors and Other Wiring Installation,Limited Liability Company (LLC),2021-12-15T00:00:00.000,Business Email Compromise (BEC) & Cyber Insurance Renewal
R&L GLOBAL INC,R&L GLOBAL INC,3527 MANSFIELD ST,HOUSTON,TX,77091,238990,"Construction (General, Civil, Specialty Trades)",Texas Corporation,2025-12-01T00:00:00.000,Business Email Compromise (BEC) & Cyber Insurance Renewal
R&R GLASS & MIRROR,RUBEN ROJAS,126 OBION RD,HOUSTON,TX,77076,238150,"Construction (General, Civil, Specialty Trades)",Type IS,2009-11-20T00:00:00.000,Business Email Compromise (BEC) & Cyber Insurance Renewal
"R&W STONE, INC.","R&W STONE, INC.",1450 W SAM HOUSTON PKWY N STE A,HOUSTON,TX,77043,238140,"Construction (General, Civil, Specialty Trades)",Texas Corporation,2020-04-02T00:00:00.000,Business Email Compromise (BEC) & Cyber Insurance Renewal
"R. B. HASH & ASSOCIATES, INC.","R. B. HASH & ASSOCIATES, INC.",8619 DERRINGTON RD,HOUSTON,TX,77064,238161,"Construction (General, Civil, Specialty Trades)",Texas Corporation,2010-05-19T00:00:00.000,Business Email Compromise (BEC) & Cyber Insurance Renewal
R.A INSTALLATION OF ARTIFICIAL GRASS LLC,R.A INSTALLATION OF ARTIFICIAL GRASS LLC,13030 PERRY RD APT 3301,HOUSTON,TX,77070,238990,"Construction (General, Civil, Specialty Trades)",Limited Liability Company (LLC),2025-09-04T00:00:00.000,Business Email Compromise (BEC) & Cyber Insurance Renewal
"R.G.PLUMBING, INC.","R.G.PLUMBING, INC.",5211 BROOKGLEN DR STE A,HOUSTON,TX,77017,238220,"Plumbing, Heating, and Air-Conditioning Contractors",Texas Corporation,2015-04-27T00:00:00.000,Business Email Compromise (BEC) & Cyber Insurance Renewal
R.J. ROYCE LLC,R.J. ROYCE LLC,7918 DUNCANSBY VALE RD,HOUSTON,TX,77095,238150,"Construction (General, Civil, Specialty Trades)",Limited Liability Company (LLC),2014-05-22T00:00:00.000,Business Email Compromise (BEC) & Cyber Insurance Renewal
"R.M.G. ELECTRICAL, INC.","RMG ELECTRICAL, INC.",1304 LANGHAM CREEK DR STE 444,HOUSTON,TX,77084,238212,"Construction (General, Civil, Specialty Trades)",Texas Corporation,2010-12-07T00:00:00.000,Business Email Compromise (BEC) & Cyber Insurance Renewal
RACKMAN INSTALLATION INC.,RACKMAN INSTALLATION INC.,2735 QUINCANNON LN,HOUSTON,TX,77043,238290,"Construction (General, Civil, Specialty Trades)",Texas Corporation,2019-08-14T00:00:00.000,Business Email Compromise (BEC) & Cyber Insurance Renewal
RAM SERVICES LLC,RAM SERVICES LLC,3527 MANSFIELD ST,HOUSTON,TX,77091,238990,"Construction (General, Civil, Specialty Trades)",Corporation / Corporate Entity,2025-09-19T00:00:00.000,Business Email Compromise (BEC) & Cyber Insurance Renewal
RAM-RAM SERVICES,JUAN JOSE RAMOS,13138 GARLENDA LN,HOUSTON,TX,77034,238990,"Construction (General, Civil, Specialty Trades)",Type IS,2023-01-11T00:00:00.000,Business Email Compromise (BEC) & Cyber Insurance Renewal
RAMIREZ ALL IN ONE SERVICES LLC,RAMIREZ ALL IN ONE SERVICES LLC,3535 MARQUITA LN,HOUSTON,TX,77039,238220,"Plumbing, Heating, and Air-Conditioning Contractors",Limited Liability Company (LLC),2024-04-05T00:00:00.000,Business Email Compromise (BEC) & Cyber Insurance Renewal
RAMIREZ COMMERCIAL ROOFING,VALENTIN RAMIREZ,5722 EASTHAMPTON DR UNIT D,HOUSTON,TX,77039,238160,Roofing Contractors,Type IS,2025-02-19T00:00:00.000,Business Email Compromise (BEC) & Cyber Insurance Renewal
RAMIREZ-ROBLES LLC,RAMIREZ-ROBLES LLC,7050 EAST FWY STE 2A,HOUSTON,TX,77020,238350,"Construction (General, Civil, Specialty Trades)",Limited Liability Company (LLC),2025-02-06T00:00:00.000,Business Email Compromise (BEC) & Cyber Insurance Renewal
RAMON ALVEREZ,RAMON ALVAREZ,619 WESTFORD ST,HOUSTON,TX,77022,238160,Roofing Contractors,Type IS,2009-03-11T00:00:00.000,Business Email Compromise (BEC) & Cyber Insurance Renewal
RAMVALL PROJECTS INC,RAMVALL PROJECTS INC,5762 S ACRES DR,HOUSTON,TX,77048,238990,"Construction (General, Civil, Specialty Trades)",Texas Corporation,2026-02-03T00:00:00.000,Business Email Compromise (BEC) & Cyber Insurance Renewal
RANDY S SMITH CONTRACTING,RANDY STUART SMITH,5422 QUEENSLOCH DR,HOUSTON,TX,77096,238350,"Construction (General, Civil, Specialty Trades)",Type IS,2006-07-31T00:00:00.000,Business Email Compromise (BEC) & Cyber Insurance Renewal
RANGER ROOFING,"RANGER COMPANIES, INC.",5303 GLENMONT DR,HOUSTON,TX,77081,238160,Roofing Contractors,Texas Corporation,2021-02-08T00:00:00.000,Business Email Compromise (BEC) & Cyber Insurance Renewal
RARE AESTHETIC DESIGN,RARE AESTHETIC DESIGN LLC,2028 LAVERNE ST UNIT 6,HOUSTON,TX,77080,238990,"Construction (General, Civil, Specialty Trades)",Limited Liability Company (LLC),2022-05-17T00:00:00.000,Business Email Compromise (BEC) & Cyber Insurance Renewal
"RAVEN MECHANICAL, LP","RAVEN MECHANICAL, LP",1618 BUSCHONG ST,HOUSTON,TX,77039,238220,"Plumbing, Heating, and Air-Conditioning Contractors",Type PL,1985-11-01T00:00:00.000,Business Email Compromise (BEC) & Cyber Insurance Renewal
"RAY HOLMES SERVICES, L.L.C.","RAY HOLMES SERVICES, L.L.C.",7410 SCHILLER ST,HOUSTON,TX,77055,238350,"Construction (General, Civil, Specialty Trades)",Limited Liability Company (LLC),2006-07-14T00:00:00.000,Business Email Compromise (BEC) & Cyber Insurance Renewal
RAYMARK MECHANICAL INC,"RAYMARK MECHANICAL, INC.",3520 ALDINE BENDER RD STE A,HOUSTON,TX,77032,238222,"Construction (General, Civil, Specialty Trades)",Texas Corporation,2006-12-16T00:00:00.000,Business Email Compromise (BEC) & Cyber Insurance Renewal
"RBG SERVICES, LLC","RBG SERVICES, LLC",2910 WESTERFIELD LN,HOUSTON,TX,77084,238210,Electrical Contractors and Other Wiring Installation,Limited Liability Company (LLC),2019-07-24T00:00:00.000,Business Email Compromise (BEC) & Cyber Insurance Renewal
"RBM ELECTRIC, LLC","RBM ELECTRIC, LLC",7514 VISTA VERDE ST,HOUSTON,TX,77087,238210,Electrical Contractors and Other Wiring Installation,Limited Liability Company (LLC),2019-01-11T00:00:00.000,Business Email Compromise (BEC) & Cyber Insurance Renewal
RC AUTOMATIONS,RC AUTOMATIONS LLC,10118 SAND DOLLAR DR,HOUSTON,TX,77065,238210,Electrical Contractors and Other Wiring Installation,Limited Liability Company (LLC),2018-04-30T00:00:00.000,Business Email Compromise (BEC) & Cyber Insurance Renewal
RCLT2 CORP,RCLT2 CORP,5600 NW CENTRAL DR STE 202,HOUSTON,TX,77092,238112,"Construction (General, Civil, Specialty Trades)",Texas Corporation,2019-02-22T00:00:00.000,Business Email Compromise (BEC) & Cyber Insurance Renewal
RE-HOME SUPPLY,MOHAMMED ISMAIL,12125 SOWDEN RD STE B,HOUSTON,TX,77080,238330,"Construction (General, Civil, Specialty Trades)",Type IS,2017-03-14T00:00:00.000,Business Email Compromise (BEC) & Cyber Insurance Renewal
REAL STEEL 4 YOU,LOUIS A MARQUEZ,15300 CUTTEN RD APT 2115,HOUSTON,TX,77070,238990,"Construction (General, Civil, Specialty Trades)",Type IS,2024-03-15T00:00:00.000,Business Email Compromise (BEC) & Cyber Insurance Renewal
REALITY CONSTRUCTION CONTRACTORS LLC,REALITY CONSTRUCTION CONTRACTORS LLC,13119 SUNDALE RD,HOUSTON,TX,77038,238991,"Construction (General, Civil, Specialty Trades)",Limited Liability Company (LLC),2024-10-22T00:00:00.000,Business Email Compromise (BEC) & Cyber Insurance Renewal
REALLY WILD STUFF,BRIAN AMMONS,2626 HAZARD ST,HOUSTON,TX,77098,238990,"Construction (General, Civil, Specialty Trades)",Type IS,2012-05-05T00:00:00.000,Business Email Compromise (BEC) & Cyber Insurance Renewal
RED NOVA ENERGY,"LYNX NOVA ENERGY, LLC",2121 BRITTMOORE RD STE 5000,HOUSTON,TX,77043,238210,Electrical Contractors and Other Wiring Installation,Limited Liability Company (LLC),2022-08-10T00:00:00.000,Business Email Compromise (BEC) & Cyber Insurance Renewal
RED SHORES TATTOO,LCP MANUFACTURING LLC,1007 EAGLE ST,HOUSTON,TX,77002,238290,"Construction (General, Civil, Specialty Trades)",Limited Liability Company (LLC),2025-03-19T00:00:00.000,Business Email Compromise (BEC) & Cyber Insurance Renewal
REEL ROOFING AND CONSTRUCTION,"REEL ROOFING AND CONSTRUCTION, LLC",6110 CLARKSON LN STE 220,HOUSTON,TX,77055,238160,Roofing Contractors,Limited Liability Company (LLC),2026-08-19T00:00:00.000,Business Email Compromise (BEC) & Cyber Insurance Renewal
REFRIGERATED WAREHOUSE CONSTRUCTION CO. LLC,REFRIGERATED WAREHOUSE CONSTRUCTION CO. LLC,10811 VINECREST DR STE 150,HOUSTON,TX,77086,238220,"Plumbing, Heating, and Air-Conditioning Contractors",Corporation / Corporate Entity,2024-02-15T00:00:00.000,Business Email Compromise (BEC) & Cyber Insurance Renewal
"REGENCY PLUMBING CONTRACTORS, LLC","REGENCY PLUMBING CONTRACTORS, LLC",10631 S SAM HOUSTON PKWY W STE 200,HOUSTON,TX,77071,238220,"Plumbing, Heating, and Air-Conditioning Contractors",Limited Liability Company (LLC),2025-09-25T00:00:00.000,Business Email Compromise (BEC) & Cyber Insurance Renewal
REGENCY TELECOMMUNICATIONS CORPORATION,REGENCY TELECOMMUNICATIONS CORPORATION,8900 KIRBY DR STE 100,HOUSTON,TX,77054,238210,Electrical Contractors and Other Wiring Installation,Texas Corporation,2019-01-29T00:00:00.000,Business Email Compromise (BEC) & Cyber Insurance Renewal
REGIONAL DEVELOPMENT CORPORATION,REGIONAL DEVELOPMENT CORPORATION,11615 FOXBURO DR,HOUSTON,TX,77065,238312,"Construction (General, Civil, Specialty Trades)",Texas Corporation,1996-09-23T00:00:00.000,Business Email Compromise (BEC) & Cyber Insurance Renewal
RELENTLESS PLUMBING LLC,RELENTLESS PLUMBING LLC,6767 PORTWEST DR STE 100,HOUSTON,TX,77024,238220,"Plumbing, Heating, and Air-Conditioning Contractors",Limited Liability Company (LLC),2023-06-28T00:00:00.000,Business Email Compromise (BEC) & Cyber Insurance Renewal
RELIA-CLEAN PRESSURE WASHING SERVICES,KEITH BRADLEY,15038 RAFFIA LEAVE WAY,HOUSTON,TX,77090,238991,"Construction (General, Civil, Specialty Trades)",Type IS,2019-07-19T00:00:00.000,Business Email Compromise (BEC) & Cyber Insurance Renewal
RELIABLE COMMERCIAL ROOFING SERVICES L L C,"RELIABLE COMMERCIAL ROOFING SERVICES, INC.",4560 W 34TH ST STE H,HOUSTON,TX,77092,238160,Roofing Contractors,Texas Corporation,2006-08-01T00:00:00.000,Business Email Compromise (BEC) & Cyber Insurance Renewal
RELIABLE FIRE PROTECTION,SEAN ELLIS FIRE LLC,6319 TULSA RD,HOUSTON,TX,77092,238992,"Construction (General, Civil, Specialty Trades)",Limited Liability Company (LLC),2023-01-06T00:00:00.000,Business Email Compromise (BEC) & Cyber Insurance Renewal
RELIABLE SIGN & ENGRAVING,TAIYEB F KALOLWALA,8732 MEADOWCROFT DR,HOUSTON,TX,77063,238992,"Construction (General, Civil, Specialty Trades)",Type IS,2007-01-27T00:00:00.000,Business Email Compromise (BEC) & Cyber Insurance Renewal
RELIANT GLASS LLC,RELIANT GLASS LLC,11926 6TH ST,HOUSTON,TX,77072,238150,"Construction (General, Civil, Specialty Trades)",Limited Liability Company (LLC),2025-10-09T00:00:00.000,Business Email Compromise (BEC) & Cyber Insurance Renewal
"RENFROW METALSMITHS, LLC","RENFROW METALSMITHS, LLC",37 LYERLY ST,HOUSTON,TX,77022,238990,"Construction (General, Civil, Specialty Trades)",Limited Liability Company (LLC),2018-10-20T00:00:00.000,Business Email Compromise (BEC) & Cyber Insurance Renewal
"RENOVO WORKS, LLC","RENOVO WORKS, LLC",18 WINDSOR PL,HOUSTON,TX,77055,238992,"Construction (General, Civil, Specialty Trades)",Limited Liability Company (LLC),2012-02-21T00:00:00.000,Business Email Compromise (BEC) & Cyber Insurance Renewal
REPIPE-REPLUMB PLUMBING SEWER & DRAIN EXPERTS,PLUMBING LEAK COMPANY LLC,2525 ROBINHOOD ST,HOUSTON,TX,77005,238220,"Plumbing, Heating, and Air-Conditioning Contractors",Limited Liability Company (LLC),2026-07-31T00:00:00.000,Business Email Compromise (BEC) & Cyber Insurance Renewal
REPUBLIC OF COLD LLC,REPUBLIC OF COLD LLC,7939 FORD ST,HOUSTON,TX,77012,238220,"Plumbing, Heating, and Air-Conditioning Contractors",Limited Liability Company (LLC),2023-06-20T00:00:00.000,Business Email Compromise (BEC) & Cyber Insurance Renewal
"REQUENO HERRERA CONSTRUCTION, LLC","REQUENO HERRERA CONSTRUCTION, LLC",4742 FALLING SUN DR,HOUSTON,TX,77069,238991,"Construction (General, Civil, Specialty Trades)",Limited Liability Company (LLC),2024-03-09T00:00:00.000,Business Email Compromise (BEC) & Cyber Insurance Renewal
RESOURCE MECHANICAL INC,"RESOURCE MECHANICAL, INC.",12301 HODGES ST,HOUSTON,TX,77085,238221,"Construction (General, Civil, Specialty Trades)",Texas Corporation,1995-04-13T00:00:00.000,Business Email Compromise (BEC) & Cyber Insurance Renewal
"RESPONSIBLE MASTER SERVICES, INC.","RESPONSIBLE MASTER SERVICES, INC.",1415 NORTH LOOP W STE 300-20,HOUSTON,TX,77008,238220,"Plumbing, Heating, and Air-Conditioning Contractors",Texas Corporation,2013-11-08T00:00:00.000,Business Email Compromise (BEC) & Cyber Insurance Renewal
RESTOCON CORPORATION,"RESTOCON, LLC",1424 N SAM HOUSTON PKWY E STE 190,HOUSTON,TX,77032,238990,"Construction (General, Civil, Specialty Trades)",Corporation / Corporate Entity,2017-10-26T00:00:00.000,Business Email Compromise (BEC) & Cyber Insurance Renewal
RESTOPROS OF SOUTH HOUSTON,RPSH OPERATING 817 INC,4715 OMEARA DR,HOUSTON,TX,77035,238990,"Construction (General, Civil, Specialty Trades)",Texas Corporation,2025-12-19T00:00:00.000,Business Email Compromise (BEC) & Cyber Insurance Renewal
RESTORATION & CONSTRUCTION SERVICES OF HOUSTON,"RESTORATION & CONSTRUCTION SERVICES OF HOUSTON, IN",4918 PINEMONT DR STE A,HOUSTON,TX,77092,238992,"Construction (General, Civil, Specialty Trades)",Texas Corporation,2024-12-27T00:00:00.000,Business Email Compromise (BEC) & Cyber Insurance Renewal
"REVS CHARGING, LLC","REVS CHARGING, LLC",1801 MAIN ST STE 940,HOUSTON,TX,77002,238290,"Construction (General, Civil, Specialty Trades)",Limited Liability Company (LLC),2023-04-12T00:00:00.000,Business Email Compromise (BEC) & Cyber Insurance Renewal
REYES POOLS,RAYMUNDO BIRGILIO REYES,6911 ROMONA BLVD TRLR 37,HOUSTON,TX,77086,238990,"Construction (General, Civil, Specialty Trades)",Type IS,2015-01-27T00:00:00.000,Business Email Compromise (BEC) & Cyber Insurance Renewal
"RFN PUMPING, LLC","RFN PUMPING, LLC",11750 KATY FWY STE 500,HOUSTON,TX,77079,238110,"Construction (General, Civil, Specialty Trades)",Limited Liability Company (LLC),2021-10-29T00:00:00.000,Business Email Compromise (BEC) & Cyber Insurance Renewal
RG TILE,RAUL GONZALEZ,7122 CHESHIRE PARK RD,HOUSTON,TX,77088,238340,"Construction (General, Civil, Specialty Trades)",Type IS,2025-10-17T00:00:00.000,Business Email Compromise (BEC) & Cyber Insurance Renewal
RHCS,RAYMOND HAGEMEYER,9615 DAPPLE LN,HOUSTON,TX,77065,238910,"Construction (General, Civil, Specialty Trades)",Type IS,1999-10-22T00:00:00.000,Business Email Compromise (BEC) & Cyber Insurance Renewal
"RHINO READY MIX, LLC","RHINO READY MIX, LLC",6638 MADDEN LN,HOUSTON,TX,77048,238110,"Construction (General, Civil, Specialty Trades)",Limited Liability Company (LLC),2016-01-12T00:00:00.000,Business Email Compromise (BEC) & Cyber Insurance Renewal
RICE-BROTHERS MECHANICAL LLC,RICE-BROTHERS MECHANICAL LLC,11211 HORNBERGER RD,HOUSTON,TX,77044,238220,"Plumbing, Heating, and Air-Conditioning Contractors",Limited Liability Company (LLC),2026-05-06T00:00:00.000,Business Email Compromise (BEC) & Cyber Insurance Renewal
RICHARD'S GLASS LLC,RICHARD'S GLASS LLC,7307 WOODED VALLEY DR,HOUSTON,TX,77095,238150,"Construction (General, Civil, Specialty Trades)",Limited Liability Company (LLC),2025-04-23T00:00:00.000,Business Email Compromise (BEC) & Cyber Insurance Renewal
RICHARDS TOTAL BACKYARD SOLUTIONS,"RBS OPCO, LLC",1701 HIGHWAY 6 S,HOUSTON,TX,77077,238990,"Construction (General, Civil, Specialty Trades)",Corporation / Corporate Entity,2024-03-19T00:00:00.000,Business Email Compromise (BEC) & Cyber Insurance Renewal
RICHMOND GLASS&MIRROR,GM MIRROR& DESIGN LLC,8623 RICHMOND AVE,HOUSTON,TX,77063,238151,"Construction (General, Civil, Specialty Trades)",Limited Liability Company (LLC),2008-03-29T00:00:00.000,Business Email Compromise (BEC) & Cyber Insurance Renewal
RICO AIR CONDITIONING/HEATING,DANIEL RECIO,638 FRAIL LN,HOUSTON,TX,77076,238220,"Plumbing, Heating, and Air-Conditioning Contractors",Type IS,2007-10-05T00:00:00.000,Business Email Compromise (BEC) & Cyber Insurance Renewal
RIGHT CHOICE PLUMBING LLC,RIGHT CHOICE PLUMBING LLC,11615 MILE DR,HOUSTON,TX,77065,238222,"Construction (General, Civil, Specialty Trades)",Limited Liability Company (LLC),2022-05-24T00:00:00.000,Business Email Compromise (BEC) & Cyber Insurance Renewal
RIJABB WELDING INC,RIJABB WELDING INC,22 E SUNNYSIDE ST,HOUSTON,TX,77076,238190,"Construction (General, Civil, Specialty Trades)",Texas Corporation,2019-07-04T00:00:00.000,Business Email Compromise (BEC) & Cyber Insurance Renewal
RIO CONTROLS & HYDRAULICS INC.,RIO CONTROLS & HYDRAULICS INC.,5301 POLK ST BLDG 12,HOUSTON,TX,77023,238210,Electrical Contractors and Other Wiring Installation,Texas Corporation,2020-04-08T00:00:00.000,Business Email Compromise (BEC) & Cyber Insurance Renewal
RISE ROOFING,RISE ROOFING LLC,1909 W LAMAR ST,HOUSTON,TX,77019,238160,Roofing Contractors,Limited Liability Company (LLC),2024-06-27T00:00:00.000,Business Email Compromise (BEC) & Cyber Insurance Renewal
RISNER ROOFING,"RISNER ROOFING, LLC",16261 HOLLISTER ST STE 305C,HOUSTON,TX,77066,238160,Roofing Contractors,Limited Liability Company (LLC),2025-01-14T00:00:00.000,Business Email Compromise (BEC) & Cyber Insurance Renewal
"RIVE WOODCRAFT, INC","RIVE WOODCRAFT, INC",225 DE BOLL ST,HOUSTON,TX,77022,238350,"Construction (General, Civil, Specialty Trades)",Texas Corporation,2025-01-24T00:00:00.000,Business Email Compromise (BEC) & Cyber Insurance Renewal
RIVERA LANDSCAPING HOUSTON TX LLC,RIVERA LANDSCAPING HOUSTON TX LLC,1202 DIXIE FARM RD,HOUSTON,TX,77089,238991,"Construction (General, Civil, Specialty Trades)",Limited Liability Company (LLC),2026-03-27T00:00:00.000,Business Email Compromise (BEC) & Cyber Insurance Renewal
RIVIERA STONEWORKS,RJC LLC,11020 KATY FWY STE 109,HOUSTON,TX,77043,238140,"Construction (General, Civil, Specialty Trades)",Corporation / Corporate Entity,2026-08-27T00:00:00.000,Business Email Compromise (BEC) & Cyber Insurance Renewal
"RJ A/C AND HEATING, LLC","RJ A/C AND HEATING, LLC",14263 PLAYA BEND LN,HOUSTON,TX,77083,238220,"Plumbing, Heating, and Air-Conditioning Contractors",Limited Liability Company (LLC),2020-01-14T00:00:00.000,Business Email Compromise (BEC) & Cyber Insurance Renewal
RMI INFRASTURCTURE GROUP,ZEUS ELECTRICAL L.L.C.,9607 COAHUILA ST,HOUSTON,TX,77013,238210,Electrical Contractors and Other Wiring Installation,Limited Liability Company (LLC),2026-08-03T00:00:00.000,Business Email Compromise (BEC) & Cyber Insurance Renewal
RNC CONSTRUCTION,"RANBINC HOLDINGS, LTD CO.",5315B FM 1960 RD W # 404,HOUSTON,TX,77069,238991,"Construction (General, Civil, Specialty Trades)",Limited Liability Company (LLC),2026-09-04T00:00:00.000,Business Email Compromise (BEC) & Cyber Insurance Renewal
"RNG CONSTRUCTORS, INC.","RNG CONSTRUCTORS, INC.",855 WAKEFIELD DR,HOUSTON,TX,77018,238150,"Construction (General, Civil, Specialty Trades)",Texas Corporation,2005-05-02T00:00:00.000,Business Email Compromise (BEC) & Cyber Insurance Renewal
"ROB PELLETIER CONSTRUCTION, INC.","ROB PELLETIER CONSTRUCTION, INC.",12402 EASTEX FWY,HOUSTON,TX,77039,238990,"Construction (General, Civil, Specialty Trades)",Texas Corporation,2009-05-01T00:00:00.000,Business Email Compromise (BEC) & Cyber Insurance Renewal
ROBERT HUFF LANDSCAPE ILLUMINATION,"DAILEY AND HATCH, L.P.",1636 W SAM HOUSTON PKWY N,HOUSTON,TX,77043,238210,Electrical Contractors and Other Wiring Installation,Type PL,2005-08-23T00:00:00.000,Business Email Compromise (BEC) & Cyber Insurance Renewal
ROBERT'S DOORS LLC,ROBERT'S DOORS LLC,4919 N SAM HOUSTON PKWY W,HOUSTON,TX,77086,238350,"Construction (General, Civil, Specialty Trades)",Limited Liability Company (LLC),2022-01-07T00:00:00.000,Business Email Compromise (BEC) & Cyber Insurance Renewal
ROBERTO RODRIGUEZ DRYWALL,ROBERTO RODRIGUEZ,7223 ILEX ST,HOUSTON,TX,77012,238310,"Construction (General, Civil, Specialty Trades)",Type IS,2017-04-10T00:00:00.000,Business Email Compromise (BEC) & Cyber Insurance Renewal
ROBINSON PIPE & SIGN,ROBINSON PIPE & SIGN INC.,915 MCCARTY ST,HOUSTON,TX,77029,238122,"Construction (General, Civil, Specialty Trades)",Texas Corporation,2007-03-10T00:00:00.000,Business Email Compromise (BEC) & Cyber Insurance Renewal
ROBYN AIR,ROBYN ALAN HAUGEN,14835 INVERRARY DR,HOUSTON,TX,77095,238221,"Construction (General, Civil, Specialty Trades)",Type IS,2020-08-25T00:00:00.000,Business Email Compromise (BEC) & Cyber Insurance Renewal
ROCK MASTER COUNTER TOPS LLC,ROCK MASTER COUNTER TOPS LLC,6627 BREEN DR,HOUSTON,TX,77086,238990,"Construction (General, Civil, Specialty Trades)",Limited Liability Company (LLC),2020-12-08T00:00:00.000,Business Email Compromise (BEC) & Cyber Insurance Renewal
"ROCKING R AND R LANDSCAPING, LLC","ROCKING R AND R LANDSCAPING, LLC",5517 SUGAR HILL DR,HOUSTON,TX,77056,238990,"Construction (General, Civil, Specialty Trades)",Limited Liability Company (LLC),2026-03-26T00:00:00.000,Business Email Compromise (BEC) & Cyber Insurance Renewal
ROGER R SCHUETT,ROGER R SCHUETT,13315 VETERANS MEMORIAL DR STE 406,HOUSTON,TX,77014,238390,"Construction (General, Civil, Specialty Trades)",Type IS,2024-02-01T00:00:00.000,Business Email Compromise (BEC) & Cyber Insurance Renewal
ROLANDO'S ROOFING CO,ROLANDO CARDENAS,9705 BAUMAN RD,HOUSTON,TX,77076,238160,Roofing Contractors,Type IS,2017-03-03T00:00:00.000,Business Email Compromise (BEC) & Cyber Insurance Renewal
"ROLLCON, LLC","ROLLCON, LLC",11000 EQUITY DR STE 100,HOUSTON,TX,77041,238990,"Construction (General, Civil, Specialty Trades)",Limited Liability Company (LLC),2013-02-02T00:00:00.000,Business Email Compromise (BEC) & Cyber Insurance Renewal
ROLLING H LLC,ROLLING H LLC,2411 FRICK RD,HOUSTON,TX,77038,238910,"Construction (General, Civil, Specialty Trades)",Limited Liability Company (LLC),2016-01-22T00:00:00.000,Business Email Compromise (BEC) & Cyber Insurance Renewal
ROLLING STONE CONSTRUCTION,"R. S. TILE AND MARBLE, INC.",4043 HOLLISTER ST,HOUSTON,TX,77080,238340,"Construction (General, Civil, Specialty Trades)",Texas Corporation,2021-09-30T00:00:00.000,Business Email Compromise (BEC) & Cyber Insurance Renewal
ROMAN SIGNS,GOLAM MAWLA KAWSER,9440 HARWIN DR STE B,HOUSTON,TX,77036,238990,"Construction (General, Civil, Specialty Trades)",Type IS,2025-08-04T00:00:00.000,Business Email Compromise (BEC) & Cyber Insurance Renewal
ROOFER CRAFT LLC,ROOFER CRAFT LLC,16840 CLAY RD STE 118,HOUSTON,TX,77084,238160,Roofing Contractors,Limited Liability Company (LLC),2026-07-21T00:00:00.000,Business Email Compromise (BEC) & Cyber Insurance Renewal
ROOFING LINARES LLC,ROOFING LINARES LLC,12941 NORTH FWY STE 700C,HOUSTON,TX,77060,238160,Roofing Contractors,Limited Liability Company (LLC),2025-10-31T00:00:00.000,Business Email Compromise (BEC) & Cyber Insurance Renewal
ROOMI GROUP CORPORATION,ROOMI GROUP CORPORATION,507 N SAM HOUSTON PKWY E STE 296,HOUSTON,TX,77060,238352,"Construction (General, Civil, Specialty Trades)",Texas Corporation,2026-05-13T00:00:00.000,Business Email Compromise (BEC) & Cyber Insurance Renewal
ROOTER TECH PLBG,DIAMOND DRAIN CLEANING INC.,9942 WOODEDGE DR,HOUSTON,TX,77070,238220,"Plumbing, Heating, and Air-Conditioning Contractors",Texas Corporation,2025-05-08T00:00:00.000,Business Email Compromise (BEC) & Cyber Insurance Renewal
"ROY'S FLOORING, LLC","ROY'S FLOORING, LLC",12127 SAGEDOWNE LN,HOUSTON,TX,77089,238330,"Construction (General, Civil, Specialty Trades)",Limited Liability Company (LLC),2022-04-21T00:00:00.000,Business Email Compromise (BEC) & Cyber Insurance Renewal
"ROYAL AQUATIC RENOVATIONS, LLC","ROYAL AQUATIC RENOVATIONS, LLC",3050 POST OAK BLVD STE 510,HOUSTON,TX,77056,238990,"Construction (General, Civil, Specialty Trades)",Limited Liability Company (LLC),2024-03-22T00:00:00.000,Business Email Compromise (BEC) & Cyber Insurance Renewal
ROYAL FLOORING,"TURKIC FLOORING AND REMODELING, LTD CO",16840 CLAY RD STE 119,HOUSTON,TX,77084,238330,"Construction (General, Civil, Specialty Trades)",Limited Liability Company (LLC),2018-10-03T00:00:00.000,Business Email Compromise (BEC) & Cyber Insurance Renewal
"ROYAL GLASSWORKS, LLC.","ROYAL GLASSWORKS, LLC.",1809 MARGARET ST,HOUSTON,TX,77093,238150,"Construction (General, Civil, Specialty Trades)",Limited Liability Company (LLC),2025-02-19T00:00:00.000,Business Email Compromise (BEC) & Cyber Insurance Renewal
ROYCE W PIRAINO,ROYCE W PIRAINO,5250 FM 1960 RD E STE 517,HOUSTON,TX,77069,238150,"Construction (General, Civil, Specialty Trades)",Type IS,2026-06-05T00:00:00.000,Business Email Compromise (BEC) & Cyber Insurance Renewal
ROZELL SANDERS TRUCKING,ROZELL SANDERS,6103 ANTHA ST,HOUSTON,TX,77016,238140,"Construction (General, Civil, Specialty Trades)",Type IS,2011-11-21T00:00:00.000,Business Email Compromise (BEC) & Cyber Insurance Renewal
RPL FABRICATING,RPL FABRICATING INC,8807 EMMOTT RD UNIT 1600,HOUSTON,TX,77040,238122,"Construction (General, Civil, Specialty Trades)",Texas Corporation,2025-08-07T00:00:00.000,Business Email Compromise (BEC) & Cyber Insurance Renewal
RPT CONSTRUCTION SERVICES INC,STRAT PRO WORX INC,11665 FUQUA ST STE D405,HOUSTON,TX,77034,238160,Roofing Contractors,Foreign Corporation (Out-of-State),2022-06-18T00:00:00.000,Business Email Compromise (BEC) & Cyber Insurance Renewal
"RS PLUMBING SERVICES, LLC","RS PLUMBING SERVICES, LLC",17707 HOLT FLEET DR,HOUSTON,TX,77044,238220,"Plumbing, Heating, and Air-Conditioning Contractors",Limited Liability Company (LLC),2022-08-25T00:00:00.000,Business Email Compromise (BEC) & Cyber Insurance Renewal
RTE SPRAY FOAM INSULATION,RABEL TORRES RODRIGUEZ,7854 SALGE DR,HOUSTON,TX,77040,238310,"Construction (General, Civil, Specialty Trades)",Type IS,2024-09-04T00:00:00.000,Business Email Compromise (BEC) & Cyber Insurance Renewal
RTEC AIR,HUGO ENRIQUE GARCIA,2239 LAUREL BIRCH DR,HOUSTON,TX,77014,238220,"Plumbing, Heating, and Air-Conditioning Contractors",Type IS,2023-04-20T00:00:00.000,Business Email Compromise (BEC) & Cyber Insurance Renewal
RUBY SIGNS LLC,RUBY SIGNS LLC,11330 BRITTMOORE PARK DR # D,HOUSTON,TX,77041,238990,"Construction (General, Civil, Specialty Trades)",Limited Liability Company (LLC),2023-05-31T00:00:00.000,Business Email Compromise (BEC) & Cyber Insurance Renewal
RUNE SERVICES,ARTEMIO ORTIZ,10842 OAK BAYOU LN,HOUSTON,TX,77064,238991,"Construction (General, Civil, Specialty Trades)",Type IS,2020-12-08T00:00:00.000,Business Email Compromise (BEC) & Cyber Insurance Renewal
RYDER FUEL SERVICES LLC,"RYDER FUEL SERVICES, LLC",3233 W 11TH ST,HOUSTON,TX,77008,238210,Electrical Contractors and Other Wiring Installation,Corporation / Corporate Entity,2007-01-12T00:00:00.000,Business Email Compromise (BEC) & Cyber Insurance Renewal
RZ PLUMBING LLC,RZ PLUMBING LLC,11022 HANNING LN,HOUSTON,TX,77041,238220,"Plumbing, Heating, and Air-Conditioning Contractors",Limited Liability Company (LLC),2026-06-25T00:00:00.000,Business Email Compromise (BEC) & Cyber Insurance Renewal
"S & N CONSTRUCTION, LLC","S & N CONSTRUCTION, LLC",6506 FOXFERN CIR,HOUSTON,TX,77049,238312,"Construction (General, Civil, Specialty Trades)",Limited Liability Company (LLC),2017-03-22T00:00:00.000,Business Email Compromise (BEC) & Cyber Insurance Renewal
"S&J ELECTRIC, LLC","S&J ELECTRIC, LLC",10060 WEST RD,HOUSTON,TX,77064,238210,Electrical Contractors and Other Wiring Installation,Limited Liability Company (LLC),2024-05-29T00:00:00.000,Business Email Compromise (BEC) & Cyber Insurance Renewal
S&M CABINETRY,SANDRA MARIBEL MARTINEZ,7725 BROADVIEW DR,HOUSTON,TX,77061,238350,"Construction (General, Civil, Specialty Trades)",Type IS,2024-11-13T00:00:00.000,Business Email Compromise (BEC) & Cyber Insurance Renewal
S.N.R. ELECTRICAL SERVICES LLC,S.N.R. ELECTRICAL SERVICES LLC,9814 CASA LOMA DR,HOUSTON,TX,77041,238210,Electrical Contractors and Other Wiring Installation,Limited Liability Company (LLC),2026-04-28T00:00:00.000,Business Email Compromise (BEC) & Cyber Insurance Renewal
SABRE ELECTRIC CO,"SABRE MANUFACTURING CO., INC.",10216 GEORGIBELLE DR STE 600D,HOUSTON,TX,77043,238210,Electrical Contractors and Other Wiring Installation,Texas Corporation,2007-02-07T00:00:00.000,Business Email Compromise (BEC) & Cyber Insurance Renewal
SADE HOME AND INDUSTRY LLC,SADE HOME AND INDUSTRY LLC,17350 STATE HIGHWAY 249 STE 220 # 31801,HOUSTON,TX,77064,238990,"Construction (General, Civil, Specialty Trades)",Limited Liability Company (LLC),2026-01-08T00:00:00.000,Business Email Compromise (BEC) & Cyber Insurance Renewal
SAFE HAVEN POWER LLC,SAFE HAVEN POWER LLC,4265 SAN FELIPE ST STE 1100,HOUSTON,TX,77027,238211,"Construction (General, Civil, Specialty Trades)",Limited Liability Company (LLC),2025-05-08T00:00:00.000,Business Email Compromise (BEC) & Cyber Insurance Renewal
SAFE PROPERTY RESTORATION LLC,SAFE PROPERTY RESTORATION LLC,611 DAIRY ASHFORD RD APT 406,HOUSTON,TX,77079,238990,"Construction (General, Civil, Specialty Trades)",Limited Liability Company (LLC),2026-08-05T00:00:00.000,Business Email Compromise (BEC) & Cyber Insurance Renewal
"SAFE REMODELING & DEMOLITION, LLC","SAFE REMODELING & DEMOLITION, LLC",1434 W SAM HOUSTON PKWY N STE 140,HOUSTON,TX,77043,238992,"Construction (General, Civil, Specialty Trades)",Limited Liability Company (LLC),2020-12-18T00:00:00.000,Business Email Compromise (BEC) & Cyber Insurance Renewal
SALGADO GARAGE DOORS LLC,SALGADO GARAGE DOORS LLC,11501 ROWAN LN STE A,HOUSTON,TX,77072,238190,"Construction (General, Civil, Specialty Trades)",Limited Liability Company (LLC),2026-02-02T00:00:00.000,Business Email Compromise (BEC) & Cyber Insurance Renewal
SALMEX UTILITIES LLC,SALMEX UTILITIES LLC,2116 GREENBRIAR COLONY DR,HOUSTON,TX,77032,238220,"Plumbing, Heating, and Air-Conditioning Contractors",Limited Liability Company (LLC),2023-10-06T00:00:00.000,Business Email Compromise (BEC) & Cyber Insurance Renewal
SAM CONSTRUCTION LLC,SAM CONSTRUCTION LLC,14015 EDENGLEN DR,HOUSTON,TX,77049,238310,"Construction (General, Civil, Specialty Trades)",Limited Liability Company (LLC),2017-10-05T00:00:00.000,Business Email Compromise (BEC) & Cyber Insurance Renewal
"SAME DAY GARAGE DOOR SERVICE & REPAIR, LLC","SAME DAY GARAGE DOOR SERVICE & REPAIR, LLC",4905 N SHEPHERD DR UNIT 2,HOUSTON,TX,77018,238350,"Construction (General, Civil, Specialty Trades)",Limited Liability Company (LLC),2025-03-05T00:00:00.000,Business Email Compromise (BEC) & Cyber Insurance Renewal
SAMSON ROOFING LLC,SAMSON ROOFING LLC,16226 WAVERLY DR,HOUSTON,TX,77032,238162,"Construction (General, Civil, Specialty Trades)",Limited Liability Company (LLC),2018-02-23T00:00:00.000,Business Email Compromise (BEC) & Cyber Insurance Renewal
SANDBLASTINGSOLUTION LLC,SANDBLASTINGSOLUTION LLC,929 MITCHELL RD,HOUSTON,TX,77037,238990,"Construction (General, Civil, Specialty Trades)",Limited Liability Company (LLC),2026-06-30T00:00:00.000,Business Email Compromise (BEC) & Cyber Insurance Renewal
SANDFIRE WOODWORKING,PATRICK NICHOLAS SENIN,111 LAKESIDE OAKS DR,HOUSTON,TX,77042,238351,"Construction (General, Civil, Specialty Trades)",Type IS,2019-02-21T00:00:00.000,Business Email Compromise (BEC) & Cyber Insurance Renewal
"SANTANDER CONCEPTS, LLC","SANTANDER CONCEPTS, LLC",13815 MENASCO CT,HOUSTON,TX,77077,238990,"Construction (General, Civil, Specialty Trades)",Limited Liability Company (LLC),2023-06-20T00:00:00.000,Business Email Compromise (BEC) & Cyber Insurance Renewal
SARCO AIR CONDITIONING & REFRIGERATION,SAJJAD HUSSAIN KHAN,3322 TWIG LEAF LN,HOUSTON,TX,77084,238220,"Plumbing, Heating, and Air-Conditioning Contractors",Type IS,2019-01-24T00:00:00.000,Business Email Compromise (BEC) & Cyber Insurance Renewal
SAVAGE CONCEPTS,SAVAGE CONCEPTS INC.,4125 HOLLISTER ST STE K,HOUSTON,TX,77080,238210,Electrical Contractors and Other Wiring Installation,Texas Corporation,2019-06-14T00:00:00.000,Business Email Compromise (BEC) & Cyber Insurance Renewal
SC PLUMBING COMPANY,SC PLUMBING COMPANY,10400 RODGERS RD,HOUSTON,TX,77070,238220,"Plumbing, Heating, and Air-Conditioning Contractors",Texas Corporation,2011-02-10T00:00:00.000,Business Email Compromise (BEC) & Cyber Insurance Renewal
"SCAFFOLD MONKEY FIELD SERVICES, LLC","SCAFFOLD MONKEY FIELD SERVICES, LLC",2525 GALVESTON RD,HOUSTON,TX,77017,238990,"Construction (General, Civil, Specialty Trades)",Limited Liability Company (LLC),2024-05-10T00:00:00.000,Business Email Compromise (BEC) & Cyber Insurance Renewal
"SCAFFOLDING TODAY, INC.","SCAFFOLDING TODAY, INC.",11827 EASTEX FWY,HOUSTON,TX,77039,238991,"Construction (General, Civil, Specialty Trades)",Foreign Corporation (Out-of-State),2015-12-30T00:00:00.000,Business Email Compromise (BEC) & Cyber Insurance Renewal
SCHAFFER MECHANICAL INC,"SCHAFFER MECHANICAL, INC.",5420 GULFTON ST,HOUSTON,TX,77081,238220,"Plumbing, Heating, and Air-Conditioning Contractors",Texas Corporation,1983-02-22T00:00:00.000,Business Email Compromise (BEC) & Cyber Insurance Renewal
SCHENCK AND COMPANY LLC,SCHENCK AND COMPANY LLC,4408 N MAIN ST,HOUSTON,TX,77009,238330,"Construction (General, Civil, Specialty Trades)",Limited Liability Company (LLC),2024-01-12T00:00:00.000,Business Email Compromise (BEC) & Cyber Insurance Renewal
"SCHIER CONSTRUCTION COMPANY, INC.","SCHIER CONSTRUCTION COMPANY, INC.",14250 SCHROEDER RD,HOUSTON,TX,77070,238912,"Construction (General, Civil, Specialty Trades)",Texas Corporation,1991-11-15T00:00:00.000,Business Email Compromise (BEC) & Cyber Insurance Renewal
SCHILL ELECTRIC COMPANY OF HOUSTON INC,SCHILL ELECTRIC COMPANY OF HOUSTON INC.,1710A HARTWICK RD,HOUSTON,TX,77093,238212,"Construction (General, Civil, Specialty Trades)",Texas Corporation,1992-06-05T00:00:00.000,Business Email Compromise (BEC) & Cyber Insurance Renewal
"SCHNEIDER ELECTRIC IT MISSION CRITICAL SERVICES, I","SCHNEIDER ELECTRIC IT MISSION CRITICAL SERVICES, I",3700 BUFFALO SPEEDWAY STE 415,HOUSTON,TX,77098,238210,Electrical Contractors and Other Wiring Installation,Foreign Corporation (Out-of-State),2006-08-24T00:00:00.000,Business Email Compromise (BEC) & Cyber Insurance Renewal
SCHNEIDER PLUMBING CO,"SCHNEIDER PLUMBING COMPANY, INC.",12535 CHRISMAN RD,HOUSTON,TX,77039,238222,"Construction (General, Civil, Specialty Trades)",Texas Corporation,1988-01-14T00:00:00.000,Business Email Compromise (BEC) & Cyber Insurance Renewal
"SCIENTIFIC CLIMATE SYSTEMS, LTD.","SCIENTIFIC CLIMATE SYSTEMS, LTD.",6650 W SAM HOUSTON PKWY N STE 420,HOUSTON,TX,77041,238990,"Construction (General, Civil, Specialty Trades)",Type PL,2022-07-30T00:00:00.000,Business Email Compromise (BEC) & Cyber Insurance Renewal
SCOTT STREET LOFTS,VICTOR C WASHINGTON,1320 SCOTT ST APT 3401,HOUSTON,TX,77003,238210,Electrical Contractors and Other Wiring Installation,Type IS,2025-03-14T00:00:00.000,Business Email Compromise (BEC) & Cyber Insurance Renewal
SE ACQUISITION SUB LLC,SE ACQUISITION SUB LLC,10633 W LITTLE YORK RD STE 200,HOUSTON,TX,77041,238220,"Plumbing, Heating, and Air-Conditioning Contractors",Corporation / Corporate Entity,2021-06-23T00:00:00.000,Business Email Compromise (BEC) & Cyber Insurance Renewal
SE ROOFING SOLUTIONS LLC,SE ROOFING SOLUTIONS LLC,1600 WEST LOOP S STE 620,HOUSTON,TX,77027,238162,"Construction (General, Civil, Specialty Trades)",Limited Liability Company (LLC),2025-11-06T00:00:00.000,Business Email Compromise (BEC) & Cyber Insurance Renewal
SEA-BREEZE ROOFING INC,"SEA-BREEZE ROOFING, INC.",1927 AHRENS ST,HOUSTON,TX,77017,238162,"Construction (General, Civil, Specialty Trades)",Texas Corporation,1995-01-12T00:00:00.000,Business Email Compromise (BEC) & Cyber Insurance Renewal
SECURO LLC,SECURO LLC,1519 W 25TH ST,HOUSTON,TX,77008,238991,"Construction (General, Civil, Specialty Trades)",Limited Liability Company (LLC),2024-08-08T00:00:00.000,Business Email Compromise (BEC) & Cyber Insurance Renewal
SECURXSYSTEMS,CHARLES ALAN MORRIS JR,9138 OLATHE ST STE E,HOUSTON,TX,77055,238210,Electrical Contractors and Other Wiring Installation,Type IS,2022-05-05T00:00:00.000,Business Email Compromise (BEC) & Cyber Insurance Renewal
"SEEM ELECTRIC, LLC","SEEM ELECTRIC, LLC",17311 DANBURY BRIDGE DR,HOUSTON,TX,77095,238210,Electrical Contractors and Other Wiring Installation,Limited Liability Company (LLC),2025-07-22T00:00:00.000,Business Email Compromise (BEC) & Cyber Insurance Renewal
SEGRETO  INC,SEGRETO INCORPORATED,10211 MEMORIAL DR,HOUSTON,TX,77024,238321,"Construction (General, Civil, Specialty Trades)",Texas Corporation,1997-11-05T00:00:00.000,Business Email Compromise (BEC) & Cyber Insurance Renewal
SEGRETO INCORPORATED,SEGRETO INCORPORATED,1414 ANTOINE DR,HOUSTON,TX,77055,238321,"Construction (General, Civil, Specialty Trades)",Texas Corporation,2012-10-16T00:00:00.000,Business Email Compromise (BEC) & Cyber Insurance Renewal
SEGURO CONTRACTING COMPANY INC,"SEGURO CONTRACTING COMPANY, INC.",4822 1/2 RAMUS ST,HOUSTON,TX,77092,238162,"Construction (General, Civil, Specialty Trades)",Texas Corporation,2002-02-19T00:00:00.000,Business Email Compromise (BEC) & Cyber Insurance Renewal
SEMCO MARITIME INC,"SEMCO MARITIME, INC.",1600 BRITTMOORE RD STE A,HOUSTON,TX,77043,238210,Electrical Contractors and Other Wiring Installation,Foreign Corporation (Out-of-State),2024-06-21T00:00:00.000,Business Email Compromise (BEC) & Cyber Insurance Renewal
"SENECA SERVICES, LLC","SENECA SERVICES, LLC",11614 DERMOTT DR,HOUSTON,TX,77065,238290,"Construction (General, Civil, Specialty Trades)",Limited Liability Company (LLC),2020-01-30T00:00:00.000,Business Email Compromise (BEC) & Cyber Insurance Renewal
SERGIO PAINT COMPANY,SERGIO MENDOZA,7127 EVANS ST,HOUSTON,TX,77061,238320,"Construction (General, Civil, Specialty Trades)",Type IS,2025-07-31T00:00:00.000,Business Email Compromise (BEC) & Cyber Insurance Renewal
SERGIO RENE MIER,SERGIO RENE MIER,11102 SAGEDOWNE LN,HOUSTON,TX,77089,238320,"Construction (General, Civil, Specialty Trades)",Type IS,2025-07-02T00:00:00.000,Business Email Compromise (BEC) & Cyber Insurance Renewal
"SERVICE PROS INSTALLATION GROUP, INC.","SERVICE PROS INSTALLATION GROUP, INC.",15800 W HARDY RD STE 500,HOUSTON,TX,77060,238330,"Construction (General, Civil, Specialty Trades)",Foreign Corporation (Out-of-State),2021-11-20T00:00:00.000,Business Email Compromise (BEC) & Cyber Insurance Renewal
"SERVICE PROS INSTALLATION GROUP, INC.","SERVICE PROS INSTALLATION GROUP, INC.",8500 COMMERCE PARK DR STE 105,HOUSTON,TX,77036,238330,"Construction (General, Civil, Specialty Trades)",Foreign Corporation (Out-of-State),2021-11-20T00:00:00.000,Business Email Compromise (BEC) & Cyber Insurance Renewal
SERVICEMAXX  LLC,SERVICEMAXX  LLC,12455 WESTPARK DR STE H2,HOUSTON,TX,77082,238220,"Plumbing, Heating, and Air-Conditioning Contractors",Limited Liability Company (LLC),2017-07-17T00:00:00.000,Business Email Compromise (BEC) & Cyber Insurance Renewal
SERVTECH ELECTRIC COMPANY,"DAVISSLCC, LLC",4101 DAYCO ST,HOUSTON,TX,77092,238210,Electrical Contractors and Other Wiring Installation,Limited Liability Company (LLC),2024-09-03T00:00:00.000,Business Email Compromise (BEC) & Cyber Insurance Renewal
"SET FLOORS, LLC","SET FLOORS, LLC",9518 GRANT RD STE B,HOUSTON,TX,77070,238330,"Construction (General, Civil, Specialty Trades)",Limited Liability Company (LLC),2010-01-21T00:00:00.000,Business Email Compromise (BEC) & Cyber Insurance Renewal
SETPOINT AC AND HEATING,RAUL AGUIRRE,1827 MILLHOUSE RD,HOUSTON,TX,77073,238220,"Plumbing, Heating, and Air-Conditioning Contractors",Type IS,2024-03-29T00:00:00.000,Business Email Compromise (BEC) & Cyber Insurance Renewal
"SGM DOORS AND TRIM, LLC","SGM DOORS AND TRIM, LLC",11500 MAIN ST STE 106,HOUSTON,TX,77025,238350,"Construction (General, Civil, Specialty Trades)",Limited Liability Company (LLC),2021-07-15T00:00:00.000,Business Email Compromise (BEC) & Cyber Insurance Renewal
SGS MECHANCIAL,SERGIO GALVAN JR,1711 WATKIN WAY,HOUSTON,TX,77015,238220,"Plumbing, Heating, and Air-Conditioning Contractors",Type IS,2020-07-14T00:00:00.000,Business Email Compromise (BEC) & Cyber Insurance Renewal
SHADES OF TEXAS LLC,SHADES OF TEXAS LLC,1304 LANGHAM CREEK DR STE 499,HOUSTON,TX,77084,238390,"Construction (General, Civil, Specialty Trades)",Limited Liability Company (LLC),2025-08-12T00:00:00.000,Business Email Compromise (BEC) & Cyber Insurance Renewal
SHAKA CLEANING SOLUTIONS,"SHAKA CLEANING SOLUTIONS, LLC",8707 WIND SIDE DR,HOUSTON,TX,77040,238191,"Construction (General, Civil, Specialty Trades)",Limited Liability Company (LLC),2026-08-21T00:00:00.000,Business Email Compromise (BEC) & Cyber Insurance Renewal
"SHANE'S FENCE COMPANY, LLC",SHANE'S FENCE COMPANY LLC,6515 BRITTMOORE RD,HOUSTON,TX,77041,238990,"Construction (General, Civil, Specialty Trades)",Limited Liability Company (LLC),2010-07-02T00:00:00.000,Business Email Compromise (BEC) & Cyber Insurance Renewal
SHELLBACK ROOFING LLC,SHELLBACK ROOFING LLC,4111 SILVER RANCH RD,HOUSTON,TX,77014,238160,Roofing Contractors,Limited Liability Company (LLC),2024-01-24T00:00:00.000,Business Email Compromise (BEC) & Cyber Insurance Renewal
SHEPHERDS GLASS,SHEPHERDS GLASS LLC,4423 RUSHING RIDGE CT,HOUSTON,TX,77069,238150,"Construction (General, Civil, Specialty Trades)",Limited Liability Company (LLC),2025-12-23T00:00:00.000,Business Email Compromise (BEC) & Cyber Insurance Renewal
SHGC HOLDINGS LLC,"SHGC HOLDINGS, LLC",10834 WARWANA RD,HOUSTON,TX,77043,238220,"Plumbing, Heating, and Air-Conditioning Contractors",Limited Liability Company (LLC),2007-10-18T00:00:00.000,Business Email Compromise (BEC) & Cyber Insurance Renewal
SHINE A LIGHT ELECTRIC LLC,SHINE A LIGHT ELECTRIC LLC,9418 CRYSTAL COVE CIR,HOUSTON,TX,77070,238210,Electrical Contractors and Other Wiring Installation,Limited Liability Company (LLC),2024-11-20T00:00:00.000,Business Email Compromise (BEC) & Cyber Insurance Renewal
"SHOWER DOORS TODAY OF HOUSTON, LLC","SHOWER DOORS TODAY OF HOUSTON, LLC",9215 SOLON RD STE D5,HOUSTON,TX,77064,238150,"Construction (General, Civil, Specialty Trades)",Limited Liability Company (LLC),2024-07-03T00:00:00.000,Business Email Compromise (BEC) & Cyber Insurance Renewal
"SICE, INC","SICE, INC.",12 GREENWAY PLZ STE 1101,HOUSTON,TX,77046,238210,Electrical Contractors and Other Wiring Installation,Foreign Corporation (Out-of-State),2017-04-21T00:00:00.000,Business Email Compromise (BEC) & Cyber Insurance Renewal
SICTTECO USA & LIGHTING,SICTTECO LIGHTING CORPORATION,10939 TIMBEROAK DR,HOUSTON,TX,77043,238210,Electrical Contractors and Other Wiring Installation,Texas Corporation,2019-08-02T00:00:00.000,Business Email Compromise (BEC) & Cyber Insurance Renewal
SIERRA HEATING AND COOLING LLC,SIERRA HEATING AND COOLING LLC,930 N BRIGHT DR,HOUSTON,TX,77073,238220,"Plumbing, Heating, and Air-Conditioning Contractors",Limited Liability Company (LLC),2026-04-22T00:00:00.000,Business Email Compromise (BEC) & Cyber Insurance Renewal
SIGMA ELECTRICAL SERVICES INC,"SIGMA ELECTRICAL SERVICES, INC.",1771 UPLAND DR STE 108,HOUSTON,TX,77043,238212,"Construction (General, Civil, Specialty Trades)",Texas Corporation,1992-05-05T00:00:00.000,Business Email Compromise (BEC) & Cyber Insurance Renewal
"SIGN INSTALLERS OF TEXAS, LLC","SIGN INSTALLERS OF TEXAS, LLC",13715 OFFICE PARK DR,HOUSTON,TX,77070,238990,"Construction (General, Civil, Specialty Trades)",Limited Liability Company (LLC),2018-07-30T00:00:00.000,Business Email Compromise (BEC) & Cyber Insurance Renewal
SIGNATURE FURNITURE LLC,SIGNATURE FURNITURE LLC,1080 W SAM HOUSTON PKWY N STE 105,HOUSTON,TX,77043,238390,"Construction (General, Civil, Specialty Trades)",Limited Liability Company (LLC),2019-08-14T00:00:00.000,Business Email Compromise (BEC) & Cyber Insurance Renewal
SILVER DRYWALL LLC,SILVER DRYWALL LLC,10825 BARELY LN STE O,HOUSTON,TX,77070,238310,"Construction (General, Civil, Specialty Trades)",Limited Liability Company (LLC),2025-04-23T00:00:00.000,Business Email Compromise (BEC) & Cyber Insurance Renewal
"SILVERGATE INVESTMENTS, LLC","SILVERGATE INVESTMENTS, LLC",3033 CHIMNEY ROCK RD STE 580-A,HOUSTON,TX,77056,238991,"Construction (General, Civil, Specialty Trades)",Limited Liability Company (LLC),2020-02-20T00:00:00.000,Business Email Compromise (BEC) & Cyber Insurance Renewal
SIMPLISTIC AUDIO VIDEO,"SIMPLISTIC AUDIO VIDEO, LLC",6813 NORTHAMPTON WAY,HOUSTON,TX,77055,238210,Electrical Contractors and Other Wiring Installation,Limited Liability Company (LLC),2018-07-18T00:00:00.000,Business Email Compromise (BEC) & Cyber Insurance Renewal
SIREN STEEL,"SIREN STEEL, INC.",105 SOUTHBELT INDUSTRIAL DR,HOUSTON,TX,77047,238122,"Construction (General, Civil, Specialty Trades)",Texas Corporation,2018-11-29T00:00:00.000,Business Email Compromise (BEC) & Cyber Insurance Renewal
SIRIUS PLUMBING LLC,SIRIUS PLUMBING LLC,10914 SAGEDOWNE LN,HOUSTON,TX,77089,238220,"Plumbing, Heating, and Air-Conditioning Contractors",Limited Liability Company (LLC),2024-04-11T00:00:00.000,Business Email Compromise (BEC) & Cyber Insurance Renewal
SITE DRYWALL LLC,SITE DRYWALL LLC,14405 WALTERS RD STE 438,HOUSTON,TX,77014,238310,"Construction (General, Civil, Specialty Trades)",Limited Liability Company (LLC),2007-03-06T00:00:00.000,Business Email Compromise (BEC) & Cyber Insurance Renewal
"SITE RECONSTRUCTION, LLC","SITE RECONSTRUCTION, LLC",14405 WALTERS RD STE 438,HOUSTON,TX,77014,238910,"Construction (General, Civil, Specialty Trades)",Limited Liability Company (LLC),2007-05-10T00:00:00.000,Business Email Compromise (BEC) & Cyber Insurance Renewal
"SITE RESIDENTIAL SERVICES, LLC","SITE RESIDENTIAL SERVICES, LLC",14405 WALTERS RD STE 120,HOUSTON,TX,77014,238111,"Construction (General, Civil, Specialty Trades)",Limited Liability Company (LLC),2026-03-14T00:00:00.000,Business Email Compromise (BEC) & Cyber Insurance Renewal
"SITEFIX TECHNOLOGY CONCEPT, LLC","SITEFIX TECHNOLOGY CONCEPT, LLC",5315 FM 1960 RD W STE B,HOUSTON,TX,77069,238210,Electrical Contractors and Other Wiring Installation,Limited Liability Company (LLC),2023-07-25T00:00:00.000,Business Email Compromise (BEC) & Cyber Insurance Renewal
"SIX FOOT PROMO, LLC","SIX FOOT PROMO, LLC",2415 W ALABAMA ST STE 208,HOUSTON,TX,77098,238390,"Construction (General, Civil, Specialty Trades)",Limited Liability Company (LLC),2018-08-08T00:00:00.000,Business Email Compromise (BEC) & Cyber Insurance Renewal
SIXTA ENTERPRISES LLC,SIXTA ENTERPRISES LLC,10903 INDIAN VISTA DR,HOUSTON,TX,77064,238220,"Plumbing, Heating, and Air-Conditioning Contractors",Limited Liability Company (LLC),2026-08-01T00:00:00.000,Business Email Compromise (BEC) & Cyber Insurance Renewal
SKYLIGHT WINDOW FILMS LLC,SKYLIGHT WINDOW FILMS LLC,16534 WHITAKER CREEK DR,HOUSTON,TX,77095,238150,"Construction (General, Civil, Specialty Trades)",Limited Liability Company (LLC),2018-06-08T00:00:00.000,Business Email Compromise (BEC) & Cyber Insurance Renewal
SKYLINE GLASS AND MORE LLC,SKYLINE GLASS AND MORE LLC,7823 SANDS POINT DR,HOUSTON,TX,77036,238150,"Construction (General, Civil, Specialty Trades)",Limited Liability Company (LLC),2026-01-14T00:00:00.000,Business Email Compromise (BEC) & Cyber Insurance Renewal
SKYLINE ROOFING AND OUTDOOR LIVING,SKYLINE ROOFING AND OUTDOOR LIVING LLC,2301 POTOMAC DR UNIT A,HOUSTON,TX,77057,238160,Roofing Contractors,Limited Liability Company (LLC),2025-08-07T00:00:00.000,Business Email Compromise (BEC) & Cyber Insurance Renewal
"SKYLINE ROOFING, LTD.","SKYLINE ROOFING, LTD.",3013 FARRELL RD,HOUSTON,TX,77073,238170,"Construction (General, Civil, Specialty Trades)",Type PL,2016-02-22T00:00:00.000,Business Email Compromise (BEC) & Cyber Insurance Renewal
SKYLINE VOLTAGE,ESMERALDA MONIQUE SALAS,6810 FORCE ST,HOUSTON,TX,77020,238210,Electrical Contractors and Other Wiring Installation,Type IS,2024-02-21T00:00:00.000,Business Email Compromise (BEC) & Cyber Insurance Renewal
SKYLINE VOLTAGE LLC,SKYLINE VOLTAGE LLC,15315 CARSEN BEND DR,HOUSTON,TX,77049,238210,Electrical Contractors and Other Wiring Installation,Limited Liability Company (LLC),2026-03-05T00:00:00.000,Business Email Compromise (BEC) & Cyber Insurance Renewal
SLR LIGHTING SOLUTIONS LLC,"SLR LIGHTING SOLUTIONS, LLC",10526 BUSHY CREEK DR,HOUSTON,TX,77070,238210,Electrical Contractors and Other Wiring Installation,Limited Liability Company (LLC),2026-01-17T00:00:00.000,Business Email Compromise (BEC) & Cyber Insurance Renewal
SM INTERNATIONAL,"AMERICAN STONE COMPANY OF TEXAS, L.P.",6437 N BURLINGTON DR,HOUSTON,TX,77092,238342,"Construction (General, Civil, Specialty Trades)",Type PL,2023-08-10T00:00:00.000,Business Email Compromise (BEC) & Cyber Insurance Renewal
"SM SERVICES, LLC","SM SERVICES, LLC",15827 RIDGE PARK DR,HOUSTON,TX,77095,238330,"Construction (General, Civil, Specialty Trades)",Limited Liability Company (LLC),2011-12-12T00:00:00.000,Business Email Compromise (BEC) & Cyber Insurance Renewal
SMART CHOICE HOME SERVICES LLC,SMART CHOICE HOME SERVICES LLC,3156 WINDCHASE BLVD,HOUSTON,TX,77082,238210,Electrical Contractors and Other Wiring Installation,Limited Liability Company (LLC),2024-07-02T00:00:00.000,Business Email Compromise (BEC) & Cyber Insurance Renewal
SMART CHOICE PLUMBING,THE REPIPE COMPANY LLC,11665 FUQUA ST STE F600,HOUSTON,TX,77034,238220,"Plumbing, Heating, and Air-Conditioning Contractors",Limited Liability Company (LLC),2018-04-30T00:00:00.000,Business Email Compromise (BEC) & Cyber Insurance Renewal
"SMART CITY ELECTRIC, INC.","SMART CITY ELECTRIC, INC.",1001 AVENIDA DE LAS AMERICAS,HOUSTON,TX,77010,238210,Electrical Contractors and Other Wiring Installation,Texas Corporation,2013-11-27T00:00:00.000,Business Email Compromise (BEC) & Cyber Insurance Renewal
SMART CLEAN SERVICIOS,JULIO CESAR LEYVA BEDOYA,5402 RENWICK DR APT 876,HOUSTON,TX,77081,238150,"Construction (General, Civil, Specialty Trades)",Type IS,2026-08-18T00:00:00.000,Business Email Compromise (BEC) & Cyber Insurance Renewal
SMART COMFORT SERVICES,SMART COMFORT SERVICES LLC,10626 SPRING BROOK DR,HOUSTON,TX,77041,238220,"Plumbing, Heating, and Air-Conditioning Contractors",Limited Liability Company (LLC),2019-07-15T00:00:00.000,Business Email Compromise (BEC) & Cyber Insurance Renewal
SMARTER LIVING LLC,MIRA AUTOMATION LLC,15910 SHORELINE TERRACE DR,HOUSTON,TX,77044,238210,Electrical Contractors and Other Wiring Installation,Limited Liability Company (LLC),2023-04-22T00:00:00.000,Business Email Compromise (BEC) & Cyber Insurance Renewal
SMATH HOMES LLC,SMATH HOMES LLC,12655 WHITTINGTON DR # 820671,HOUSTON,TX,77077,238991,"Construction (General, Civil, Specialty Trades)",Limited Liability Company (LLC),2024-11-22T00:00:00.000,Business Email Compromise (BEC) & Cyber Insurance Renewal
SMITHCO INDUSTRIES,JOHN S SMITH ET AL,8918 WAYFARER LN,HOUSTON,TX,77075,238220,"Plumbing, Heating, and Air-Conditioning Contractors",Type PI,2017-11-29T00:00:00.000,Business Email Compromise (BEC) & Cyber Insurance Renewal
SMT HOUSTON LLC,"SMT HOUSTON, LLC",5535 MEMORIAL DR # 101,HOUSTON,TX,77007,238910,"Construction (General, Civil, Specialty Trades)",Corporation / Corporate Entity,2024-07-23T00:00:00.000,Business Email Compromise (BEC) & Cyber Insurance Renewal
SMW ELECTRIC SERVICES LLC,SMW ELECTRIC SERVICES LLC,7603 DIXIE DR,HOUSTON,TX,77087,238210,Electrical Contractors and Other Wiring Installation,Limited Liability Company (LLC),2022-06-28T00:00:00.000,Business Email Compromise (BEC) & Cyber Insurance Renewal
SNEAD'S INC,"SNEAD'S, INC.",700 HOLMES RD,HOUSTON,TX,77045,238912,"Construction (General, Civil, Specialty Trades)",Texas Corporation,2001-12-17T00:00:00.000,Business Email Compromise (BEC) & Cyber Insurance Renewal
SNR CONSTRUCTION & CONSULTING LLC,SNR CONSTRUCTION & CONSULTING LLC,2368A RICE BLVD # 466,HOUSTON,TX,77005,238320,"Construction (General, Civil, Specialty Trades)",Limited Liability Company (LLC),2018-01-11T00:00:00.000,Business Email Compromise (BEC) & Cyber Insurance Renewal
SOLAR & ADVANCED POWER SOLUTIONS LLC,SOLAR & ADVANCED POWER SOLUTIONS LLC,2411 GREENHOUSE RD APT 4315,HOUSTON,TX,77084,238210,Electrical Contractors and Other Wiring Installation,Limited Liability Company (LLC),2024-11-16T00:00:00.000,Business Email Compromise (BEC) & Cyber Insurance Renewal
SOLAR-TECH MECHANICAL SYSTEMS,"FILTER EXPRESS, LLC",10521 TOLMAN ST,HOUSTON,TX,77034,238220,"Plumbing, Heating, and Air-Conditioning Contractors",Limited Liability Company (LLC),2010-03-16T00:00:00.000,Business Email Compromise (BEC) & Cyber Insurance Renewal
"SOLARNET POWER THE FUTURE, INC.","SOLARNET POWER THE FUTURE, INC.",4722 HAVENWOODS DR,HOUSTON,TX,77066,238210,Electrical Contractors and Other Wiring Installation,Texas Corporation,2011-05-17T00:00:00.000,Business Email Compromise (BEC) & Cyber Insurance Renewal
SOLID SURFACES INCORPORATED,"SOLID SURFACES, INCORPORATED",10909 METRONOME DR,HOUSTON,TX,77043,238992,"Construction (General, Civil, Specialty Trades)",Texas Corporation,1995-05-17T00:00:00.000,Business Email Compromise (BEC) & Cyber Insurance Renewal
"SOLMAX GEOSYNTHETICS, LLC","SOLMAX GEOSYNTHETICS, LLC",19103 GUNDLE RD,HOUSTON,TX,77073,238990,"Construction (General, Civil, Specialty Trades)",Corporation / Corporate Entity,1993-06-09T00:00:00.000,Business Email Compromise (BEC) & Cyber Insurance Renewal
"SONATA CONSTRUCTION, LLC","SONATA CONSTRUCTION, LLC",2500 WEST LOOP S STE 330,HOUSTON,TX,77027,238990,"Construction (General, Civil, Specialty Trades)",Limited Liability Company (LLC),2019-06-11T00:00:00.000,Business Email Compromise (BEC) & Cyber Insurance Renewal
"SONLIGHT ELECTRIC, INC.","SONLIGHT ELECTRIC, INC.",5424 HOPPER RD,HOUSTON,TX,77016,238210,Electrical Contractors and Other Wiring Installation,Texas Corporation,2016-12-23T00:00:00.000,Business Email Compromise (BEC) & Cyber Insurance Renewal
SOSA ELECTRIC CO LLC,"SOSA ELECTRIC CO., LLC",11911 SHARPCREST ST,HOUSTON,TX,77072,238210,Electrical Contractors and Other Wiring Installation,Limited Liability Company (LLC),2007-02-27T00:00:00.000,Business Email Compromise (BEC) & Cyber Insurance Renewal
"SOUND SOLUTIONS AUDIO VIDEO, INC.","SOUND SOLUTIONS AUDIO VIDEO, INC.",14915 CAROLCREST ST,HOUSTON,TX,77079,238210,Electrical Contractors and Other Wiring Installation,Texas Corporation,2019-06-29T00:00:00.000,Business Email Compromise (BEC) & Cyber Insurance Renewal
"SOUTH COAST CONSTRUCTION SERVICES, INC.","SOUTH COAST CONSTRUCTION SERVICES, INC.",8935 KNIGHT RD,HOUSTON,TX,77054,238352,"Construction (General, Civil, Specialty Trades)",Texas Corporation,2011-11-29T00:00:00.000,Business Email Compromise (BEC) & Cyber Insurance Renewal
SOUTH SHORE AIR CONDITIONING AND HEATING,SOUTH SHORE AIR CONDITIONING AND HEATING,6727 HOLLYGROVE DR,HOUSTON,TX,77061,238220,"Plumbing, Heating, and Air-Conditioning Contractors",Type PI,2009-11-03T00:00:00.000,Business Email Compromise (BEC) & Cyber Insurance Renewal
SOUTH TEXAS SERVICES,S-TEX CORPORATION,3750 PURDUE ST,HOUSTON,TX,77005,238331,"Construction (General, Civil, Specialty Trades)",Texas Corporation,2002-06-24T00:00:00.000,Business Email Compromise (BEC) & Cyber Insurance Renewal
"SOUTH TEXAS SHEET METAL, LLC.","SOUTH TEXAS SHEET METAL, LLC.",7922 HANSEN RD,HOUSTON,TX,77061,238220,"Plumbing, Heating, and Air-Conditioning Contractors",Limited Liability Company (LLC),2025-07-16T00:00:00.000,Business Email Compromise (BEC) & Cyber Insurance Renewal
SOUTHERN COMMERCIAL LANDSCAPE,SOUTHERN COMMERCIAL LANDSCAPING LLC,10318 LAKE RD STE 101A,HOUSTON,TX,77070,238990,"Construction (General, Civil, Specialty Trades)",Limited Liability Company (LLC),2024-11-05T00:00:00.000,Business Email Compromise (BEC) & Cyber Insurance Renewal
SOUTHERN MIRROR & SHOWER DOOR INC,"SOUTHERN MIRROR & SHOWER DOOR, INC.",2035 PECH RD STE G,HOUSTON,TX,77055,238990,"Construction (General, Civil, Specialty Trades)",Texas Corporation,1996-03-01T00:00:00.000,Business Email Compromise (BEC) & Cyber Insurance Renewal
"SOUTHERN STAR FINISHES, LLC",SOUTHERN STAR FINISHES LLC,3522 E T C JESTER BLVD STE A,HOUSTON,TX,77018,238330,"Construction (General, Civil, Specialty Trades)",Limited Liability Company (LLC),2025-12-08T00:00:00.000,Business Email Compromise (BEC) & Cyber Insurance Renewal
SOUTHERN TILE AND TERRAZZO COMPANY INC,SOUTHERN TILE AND TERRAZZO COMPANY,6829 LINDBERGH ST,HOUSTON,TX,77087,238340,"Construction (General, Civil, Specialty Trades)",Texas Corporation,1988-06-21T00:00:00.000,Business Email Compromise (BEC) & Cyber Insurance Renewal
"SOUTHSTAR EXHIBITS, LLC","SOUTHSTAR EXHIBITS, LLC",534 GARDEN OAKS BLVD,HOUSTON,TX,77018,238390,"Construction (General, Civil, Specialty Trades)",Limited Liability Company (LLC),2025-07-16T00:00:00.000,Business Email Compromise (BEC) & Cyber Insurance Renewal
SOUTHVEN CONSTRUCTION LLC,SOUTHVEN CONSTRUCTION LLC,19538 JUNIPER VALE CIR,HOUSTON,TX,77084,238110,"Construction (General, Civil, Specialty Trades)",Limited Liability Company (LLC),2025-10-22T00:00:00.000,Business Email Compromise (BEC) & Cyber Insurance Renewal
SOUTHWEST ENERGY HVAC,"A. FLORES, INC.",12926 TOWNWOOD DR,HOUSTON,TX,77045,238220,"Plumbing, Heating, and Air-Conditioning Contractors",Texas Corporation,2021-10-27T00:00:00.000,Business Email Compromise (BEC) & Cyber Insurance Renewal
SOUTHWEST GLASS OF HOUSTON,"SWGH, LLC",3020 GREENS RD,HOUSTON,TX,77032,238150,"Construction (General, Civil, Specialty Trades)",Limited Liability Company (LLC),2015-03-03T00:00:00.000,Business Email Compromise (BEC) & Cyber Insurance Renewal
SOUTHWEST PAINTING CONTRACTORS INC,"SWP CONTRACTORS, LLC",9302 ALBERENE DR,HOUSTON,TX,77074,238990,"Construction (General, Civil, Specialty Trades)",Limited Liability Company (LLC),2005-09-26T00:00:00.000,Business Email Compromise (BEC) & Cyber Insurance Renewal
"SP&I CONSTRUCTION SERVICES, LLC","SP&I CONSTRUCTION SERVICES, LLC",8115 NELLIE ST,HOUSTON,TX,77022,238220,"Plumbing, Heating, and Air-Conditioning Contractors",Limited Liability Company (LLC),2025-10-24T00:00:00.000,Business Email Compromise (BEC) & Cyber Insurance Renewal
SPACE CITY MECHANICAL,SPACE CITY MECHANICAL INC.,12585 HIRAM CLARKE RD,HOUSTON,TX,77045,238220,"Plumbing, Heating, and Air-Conditioning Contractors",Texas Corporation,2026-03-26T00:00:00.000,Business Email Compromise (BEC) & Cyber Insurance Renewal
"SPACE CITY PLUMBING, INC.","SPACE CITY PLUMBING, INC.",13914 ROSEBRANCH CT,HOUSTON,TX,77059,238220,"Plumbing, Heating, and Air-Conditioning Contractors",Texas Corporation,2013-06-25T00:00:00.000,Business Email Compromise (BEC) & Cyber Insurance Renewal
"SPACE CITY SOLAR, LLC","SPACE CITY SOLAR, LLC",15825 STATE HIGHWAY 249 STE 26,HOUSTON,TX,77086,238991,"Construction (General, Civil, Specialty Trades)",Limited Liability Company (LLC),2015-05-05T00:00:00.000,Business Email Compromise (BEC) & Cyber Insurance Renewal
SPACEMANAGER INC - CLOSETS,SPACEMANAGER INC,10633 W LITTLE YORK RD STE 150,HOUSTON,TX,77041,238351,"Construction (General, Civil, Specialty Trades)",Texas Corporation,2024-02-06T00:00:00.000,Business Email Compromise (BEC) & Cyber Insurance Renewal
"SPARK LIGHTING, LLC","SPARK LIGHTING, LLC",9135 SPRING BRANCH DR STE 202,HOUSTON,TX,77080,238210,Electrical Contractors and Other Wiring Installation,Limited Liability Company (LLC),2018-07-17T00:00:00.000,Business Email Compromise (BEC) & Cyber Insurance Renewal
"SPARTAN CRANE SERVICES, L.L.C.","SPARTAN CRANE SERVICES, L.L.C.",4930 HARTWICK RD,HOUSTON,TX,77093,238990,"Construction (General, Civil, Specialty Trades)",Limited Liability Company (LLC),2018-03-22T00:00:00.000,Business Email Compromise (BEC) & Cyber Insurance Renewal
SPARTAN FIRE LLC,SPARTAN FIRE LLC,3522 BOLIN RD,HOUSTON,TX,77092,238990,"Construction (General, Civil, Specialty Trades)",Limited Liability Company (LLC),2023-11-01T00:00:00.000,Business Email Compromise (BEC) & Cyber Insurance Renewal
SPAS UNLIMTED OF HOUSTON,"M & L SPAS, INC.",2151 FM 1960 RD E,HOUSTON,TX,77073,238190,"Construction (General, Civil, Specialty Trades)",Texas Corporation,2005-02-14T00:00:00.000,Business Email Compromise (BEC) & Cyber Insurance Renewal
SPEAR PAINT CONTRACTING INC,"SPEAR PAINT CONTRACTING, INC.",6018 ROYALTON ST,HOUSTON,TX,77081,238320,"Construction (General, Civil, Specialty Trades)",Texas Corporation,1989-03-30T00:00:00.000,Business Email Compromise (BEC) & Cyber Insurance Renewal
SPEC FLOORS,"MONDRIK ENTERPRISES, INC.",12221 FUQUA ST STE B,HOUSTON,TX,77034,238330,"Construction (General, Civil, Specialty Trades)",Texas Corporation,2015-03-20T00:00:00.000,Business Email Compromise (BEC) & Cyber Insurance Renewal
SPECIALTY CONCRETE COATINGS OF TEXAS,"TEJAS SPECIALTY CONCRETE COATINGS, LLC",8920 POINT SIX CIR,HOUSTON,TX,77095,238390,"Construction (General, Civil, Specialty Trades)",Limited Liability Company (LLC),2023-07-10T00:00:00.000,Business Email Compromise (BEC) & Cyber Insurance Renewal
SPECIALTY FIRE SERVICES,SPECIALTY FIRE SERVICES LLC,8527 SAGESTONE CT,HOUSTON,TX,77095,238220,"Plumbing, Heating, and Air-Conditioning Contractors",Limited Liability Company (LLC),2017-05-19T00:00:00.000,Business Email Compromise (BEC) & Cyber Insurance Renewal
"SPECIALTY MECHANICAL SOLUTIONS, LLC","SPECIALTY MECHANICAL SOLUTIONS, LLC",8447 LAKE CRYSTAL DR,HOUSTON,TX,77095,238220,"Plumbing, Heating, and Air-Conditioning Contractors",Limited Liability Company (LLC),2013-11-21T00:00:00.000,Business Email Compromise (BEC) & Cyber Insurance Renewal
SPECTRA CONTRACT FLOORING,"SPECTRA HOLDINGS, INC.",7425 PINEMONT DR STE 150,HOUSTON,TX,77040,238330,"Construction (General, Civil, Specialty Trades)",Foreign Corporation (Out-of-State),2001-06-25T00:00:00.000,Business Email Compromise (BEC) & Cyber Insurance Renewal
SPECTRA CONTRACT FLOORING,DIVERZIFY+ LLC,7425 PINEMONT DR,HOUSTON,TX,77040,238330,"Construction (General, Civil, Specialty Trades)",Corporation / Corporate Entity,2025-02-18T00:00:00.000,Business Email Compromise (BEC) & Cyber Insurance Renewal
SPECTRUM HOUSTON LLC,SPECTRUM HOUSTON LLC,713 BRADFIELD RD,HOUSTON,TX,77060,238390,"Construction (General, Civil, Specialty Trades)",Limited Liability Company (LLC),2026-03-11T00:00:00.000,Business Email Compromise (BEC) & Cyber Insurance Renewal
"SPECTRUM PAINT AND COMMERCIAL SERVICES, INC.","SPECTRUM PAINT AND COMMERCIAL SERVICES, INC.",11303 JONES RD W STE L,HOUSTON,TX,77065,238320,"Construction (General, Civil, Specialty Trades)",Texas Corporation,2014-05-27T00:00:00.000,Business Email Compromise (BEC) & Cyber Insurance Renewal
SPEEDYSTEAM LLC,SPEEDYSTEAM LLC,6115 REAMER ST,HOUSTON,TX,77074,238220,"Plumbing, Heating, and Air-Conditioning Contractors",Limited Liability Company (LLC),2022-10-28T00:00:00.000,Business Email Compromise (BEC) & Cyber Insurance Renewal
SQUARE ELECTRICAL SOLUTIONS LLC,SQUARE ELECTRICAL SOLUTIONS LLC,6618 AVENUE T,HOUSTON,TX,77011,238210,Electrical Contractors and Other Wiring Installation,Limited Liability Company (LLC),2025-08-26T00:00:00.000,Business Email Compromise (BEC) & Cyber Insurance Renewal
"SRC SERVICES, INC","SRC SERVICES, INC.",16055 SPACE CENTER BLVD STE 235,HOUSTON,TX,77062,238990,"Construction (General, Civil, Specialty Trades)",Foreign Corporation (Out-of-State),2008-10-28T00:00:00.000,Business Email Compromise (BEC) & Cyber Insurance Renewal
"SRG BLINDS, LLC","SRG BLINDS, LLC",575 W 38TH ST,HOUSTON,TX,77018,238991,"Construction (General, Civil, Specialty Trades)",Limited Liability Company (LLC),2021-04-20T00:00:00.000,Business Email Compromise (BEC) & Cyber Insurance Renewal
SRG ELECTRICAL SOLUTIONS LLC,SRG ELECTRICAL SOLUTIONS LLC,10011 FAIRLANE OAKS DR,HOUSTON,TX,77070,238210,Electrical Contractors and Other Wiring Installation,Limited Liability Company (LLC),2024-09-05T00:00:00.000,Business Email Compromise (BEC) & Cyber Insurance Renewal
SSC GLASS,SSC GLASS LLC,24 GREENWAY PLZ STE 1800,HOUSTON,TX,77046,238152,"Construction (General, Civil, Specialty Trades)",Limited Liability Company (LLC),2025-07-08T00:00:00.000,Business Email Compromise (BEC) & Cyber Insurance Renewal
STAG A/C & HEAT,"STAG A/C & HEAT, LLC",1523 HARDY STONE DR,HOUSTON,TX,77073,238220,"Plumbing, Heating, and Air-Conditioning Contractors",Limited Liability Company (LLC),2026-05-21T00:00:00.000,Business Email Compromise (BEC) & Cyber Insurance Renewal
STANDARD COOLING & HEATING SYSTEMS,JACK H SAHAGIAN,13914 BARRYKNOLL LN,HOUSTON,TX,77079,238220,"Plumbing, Heating, and Air-Conditioning Contractors",Type IS,2026-03-06T00:00:00.000,Business Email Compromise (BEC) & Cyber Insurance Renewal
"STAR SERVICE, INC.","STAR SERVICE, INC.",6811 MCHARD RD STE 2,HOUSTON,TX,77053,238220,"Plumbing, Heating, and Air-Conditioning Contractors",Foreign Corporation (Out-of-State),2026-07-02T00:00:00.000,Business Email Compromise (BEC) & Cyber Insurance Renewal
STAR SIGNS,MOHSINS IDENTITY SOLUTIONS LLC,5540 OLD GREENHOUSE RD STE A,HOUSTON,TX,77084,238990,"Construction (General, Civil, Specialty Trades)",Limited Liability Company (LLC),2017-01-20T00:00:00.000,Business Email Compromise (BEC) & Cyber Insurance Renewal
STATE ROOFING COMPANY,STATE ROOFING COMPANY,318 ADDICKS HOWELL RD,HOUSTON,TX,77079,238160,Roofing Contractors,Texas Corporation,2005-06-03T00:00:00.000,Business Email Compromise (BEC) & Cyber Insurance Renewal
STATESMAN DESIGN & CONSTRUCTION,"BUILDTECH SERVICES, L.L.C.",109 WELCH ST,HOUSTON,TX,77006,238110,"Construction (General, Civil, Specialty Trades)",Limited Liability Company (LLC),2020-04-03T00:00:00.000,Business Email Compromise (BEC) & Cyber Insurance Renewal
STATEWIDE TRAFFIC SIGNAL COMPANY,STATEWIDE TRAFFIC SIGNAL COMPANY,1509 W 34TH ST,HOUSTON,TX,77018,238210,Electrical Contractors and Other Wiring Installation,Texas Corporation,2001-03-28T00:00:00.000,Business Email Compromise (BEC) & Cyber Insurance Renewal
"STEADFAST STONE CRAFTERS, LLC","STEADFAST STONE CRAFTERS, LLC",1622 FEDERAL RD,HOUSTON,TX,77015,238991,"Construction (General, Civil, Specialty Trades)",Limited Liability Company (LLC),2021-05-25T00:00:00.000,Business Email Compromise (BEC) & Cyber Insurance Renewal
STEEL MASTERS LP,"STEEL MASTERS, LP",2214 BLALOCK RD,HOUSTON,TX,77080,238130,"Construction (General, Civil, Specialty Trades)",Type PL,1988-03-19T00:00:00.000,Business Email Compromise (BEC) & Cyber Insurance Renewal
STEELMEN DESIGN AND FABRICATION LLC,STEELMEN DESIGN AND FABRICATION LLC,2530 BISBANE DR,HOUSTON,TX,77014,238190,"Construction (General, Civil, Specialty Trades)",Limited Liability Company (LLC),2023-04-15T00:00:00.000,Business Email Compromise (BEC) & Cyber Insurance Renewal
"STEFCO ENTERPRISES, L.P.","STEFCO ENTERPRISES, LLC",8722 RICHMOND AVE,HOUSTON,TX,77063,238330,"Construction (General, Civil, Specialty Trades)",Limited Liability Company (LLC),2017-09-20T00:00:00.000,Business Email Compromise (BEC) & Cyber Insurance Renewal
STELLAR MANAGEMENT CONSULTANTS,STELLAR MANAGEMENT CONSULTANTS LLC,5544 LAWSON ST,HOUSTON,TX,77023,238220,"Plumbing, Heating, and Air-Conditioning Contractors",Limited Liability Company (LLC),2023-11-08T00:00:00.000,Business Email Compromise (BEC) & Cyber Insurance Renewal
STEPHANIE RESALE SHOP,SERGIO RAMIREZ,8705 AIRLINE DR,HOUSTON,TX,77037,238350,"Construction (General, Civil, Specialty Trades)",Type IS,2007-01-19T00:00:00.000,Business Email Compromise (BEC) & Cyber Insurance Renewal
STERLING GLASS INC,STERLING GLASS INC,5891 W 34TH ST,HOUSTON,TX,77092,238150,"Construction (General, Civil, Specialty Trades)",Texas Corporation,2017-04-05T00:00:00.000,Business Email Compromise (BEC) & Cyber Insurance Renewal
STERLING SERVICES OF TEXAS,"STERLING SERVICES OF TEXAS, LLC",4400 S WAYSIDE DR,HOUSTON,TX,77087,238990,"Construction (General, Civil, Specialty Trades)",Limited Liability Company (LLC),2026-08-07T00:00:00.000,Business Email Compromise (BEC) & Cyber Insurance Renewal
"STERNENBERG & KROHN, LLC","STERNENBERG & KROHN, LLC",5612 RAMPART ST,HOUSTON,TX,77081,238220,"Plumbing, Heating, and Air-Conditioning Contractors",Limited Liability Company (LLC),2017-04-28T00:00:00.000,Business Email Compromise (BEC) & Cyber Insurance Renewal
STEVE C HOWARD DESIGNS,STEVE C HOWARD,2248 NORTH BLVD,HOUSTON,TX,77098,238990,"Construction (General, Civil, Specialty Trades)",Type IS,2016-10-25T00:00:00.000,Business Email Compromise (BEC) & Cyber Insurance Renewal
STEVE'S HEATING & AIR CONDITIONING,STEPHEN E BRAUNAGEL,6731 KURY LN,HOUSTON,TX,77008,238220,"Plumbing, Heating, and Air-Conditioning Contractors",Type IS,1991-08-07T00:00:00.000,Business Email Compromise (BEC) & Cyber Insurance Renewal
STEVE'S INSTALLATION CO INC,"STEVE'S INSTALLATION CO., INC.",215 BENNINGTON ST,HOUSTON,TX,77022,238192,"Construction (General, Civil, Specialty Trades)",Texas Corporation,1978-03-31T00:00:00.000,Business Email Compromise (BEC) & Cyber Insurance Renewal
"STEVEN R. HILL CONSTRUCTION CO., INC.","STEVEN R. HILL CONSTRUCTION CO., INC.",8534 RAYSON RD,HOUSTON,TX,77080,238112,"Construction (General, Civil, Specialty Trades)",Texas Corporation,2015-06-18T00:00:00.000,Business Email Compromise (BEC) & Cyber Insurance Renewal
"STEWART BUILDERS, INC.","STEWART HOLDINGS GROUP, INC.",16575 VILLAGE DR,HOUSTON,TX,77040,238110,"Construction (General, Civil, Specialty Trades)",Texas Corporation,2008-03-07T00:00:00.000,Business Email Compromise (BEC) & Cyber Insurance Renewal
STEWART DOOR HOUSTON,"JTM DOOR, LLC",17030 W LITTLE YORK RD,HOUSTON,TX,77084,238350,"Construction (General, Civil, Specialty Trades)",Limited Liability Company (LLC),2022-07-02T00:00:00.000,Business Email Compromise (BEC) & Cyber Insurance Renewal
"STEWART HOLDINGS, LLC","STEWART HOLDINGS, LLC",10645 RICHMOND AVE STE 140,HOUSTON,TX,77042,238220,"Plumbing, Heating, and Air-Conditioning Contractors",Limited Liability Company (LLC),2020-08-27T00:00:00.000,Business Email Compromise (BEC) & Cyber Insurance Renewal
STINTE LLC,STINTE LLC,21123 W HARDY RD,HOUSTON,TX,77073,238210,Electrical Contractors and Other Wiring Installation,Limited Liability Company (LLC),2024-10-23T00:00:00.000,Business Email Compromise (BEC) & Cyber Insurance Renewal
STODDARD AIR CONDITIONING AND HEATING,STEPHEN W STODDARD,14830 CEDAR POINT DR,HOUSTON,TX,77070,238220,"Plumbing, Heating, and Air-Conditioning Contractors",Type IS,2014-02-12T00:00:00.000,Business Email Compromise (BEC) & Cyber Insurance Renewal
"STONE BUILDING SERVICES, LLC","STONE BUILDING SERVICES, LLC",14919 HOLLYDALE DR,HOUSTON,TX,77062,238992,"Construction (General, Civil, Specialty Trades)",Limited Liability Company (LLC),2022-03-22T00:00:00.000,Business Email Compromise (BEC) & Cyber Insurance Renewal
"STONE GATE ROOFING, LLC","STONE GATE ROOFING, LLC",10010 E HARDY RD,HOUSTON,TX,77093,238160,Roofing Contractors,Limited Liability Company (LLC),2025-11-22T00:00:00.000,Business Email Compromise (BEC) & Cyber Insurance Renewal
STONE HOME SOLUTIONS,"STONE HOME SOLUTIONS, LLC",12611 CHANDLERS WAY DR,HOUSTON,TX,77041,238310,"Construction (General, Civil, Specialty Trades)",Limited Liability Company (LLC),2025-12-30T00:00:00.000,Business Email Compromise (BEC) & Cyber Insurance Renewal
STONE INSTALLATION INC,"STONE INSTALLATION, INC.",9894 BISSONNET ST STE 800,HOUSTON,TX,77036,238340,"Construction (General, Civil, Specialty Trades)",Texas Corporation,2009-01-17T00:00:00.000,Business Email Compromise (BEC) & Cyber Insurance Renewal
"STONE MASTER AND CABINET, LLC","STONE MASTER AND CABINET, LLC",10001 LONG POINT RD STE K,HOUSTON,TX,77055,238990,"Construction (General, Civil, Specialty Trades)",Limited Liability Company (LLC),2025-12-11T00:00:00.000,Business Email Compromise (BEC) & Cyber Insurance Renewal
"STONE SYSTEMS OF HOUSTON, LLC","STONE SYSTEMS OF HOUSTON, LLC",3700 S SAM HOUSTON PKWY W,HOUSTON,TX,77053,238390,"Construction (General, Civil, Specialty Trades)",Corporation / Corporate Entity,2019-06-26T00:00:00.000,Business Email Compromise (BEC) & Cyber Insurance Renewal
"STORMWATER STRUCTURES, LLC","STORMWATER STRUCTURES, LLC",13810 HOLLISTER DR STE 100,HOUSTON,TX,77086,238910,"Construction (General, Civil, Specialty Trades)",Corporation / Corporate Entity,2022-07-07T00:00:00.000,Business Email Compromise (BEC) & Cyber Insurance Renewal
STRAGEGIC ROOFING SOLUTIONS LLC,STRATEGIC ROOFING SOLUTIONS LLC,9702A GALVESTON RD,HOUSTON,TX,77034,238160,Roofing Contractors,Limited Liability Company (LLC),2022-12-02T00:00:00.000,Business Email Compromise (BEC) & Cyber Insurance Renewal
"STRATEGIC FILTRATION, INC.","STRATEGIC FILTRATION, INC.",4515 S PINEMONT DR STE 216,HOUSTON,TX,77041,238210,Electrical Contractors and Other Wiring Installation,Texas Corporation,2005-03-04T00:00:00.000,Business Email Compromise (BEC) & Cyber Insurance Renewal
STRIPING UNLIMITED CORPORATION,STRIPING UNLIMITED CORPORATION,6223 THEALL RD,HOUSTON,TX,77066,238990,"Construction (General, Civil, Specialty Trades)",Texas Corporation,1988-01-12T00:00:00.000,Business Email Compromise (BEC) & Cyber Insurance Renewal
STRIVE HVAC & CONSTRUCTION,STRIVE HVAC & CONSTRUCTION LLC,11500 FM 1960 RD W STE 117,HOUSTON,TX,77065,238220,"Plumbing, Heating, and Air-Conditioning Contractors",Limited Liability Company (LLC),2019-01-19T00:00:00.000,Business Email Compromise (BEC) & Cyber Insurance Renewal
STRONG TOWER SERVICES LLC,STRONG TOWER SERVICES LLC,14300 NORTHWEST FWY STE B18,HOUSTON,TX,77040,238220,"Plumbing, Heating, and Air-Conditioning Contractors",Limited Liability Company (LLC),2011-09-08T00:00:00.000,Business Email Compromise (BEC) & Cyber Insurance Renewal
STRONGHOLD ELECTRIC LLC,STRONGHOLD ELECTRIC LLC,6322 BEAU GESTE DR,HOUSTON,TX,77088,238210,Electrical Contractors and Other Wiring Installation,Limited Liability Company (LLC),2024-04-16T00:00:00.000,Business Email Compromise (BEC) & Cyber Insurance Renewal
"STRUCTURAL CONCRETE SYSTEMS, LLC","STRUCTURAL CONCRETE SYSTEMS, LLC",4619 CASHEL GLEN DR,HOUSTON,TX,77069,238112,"Construction (General, Civil, Specialty Trades)",Limited Liability Company (LLC),2022-09-06T00:00:00.000,Business Email Compromise (BEC) & Cyber Insurance Renewal
"STRUTTON PLUMBING COMMERCIAL, LLC","STRUTTON PLUMBING COMMERCIAL, LLC",5805 CYPRESS ST,HOUSTON,TX,77074,238220,"Plumbing, Heating, and Air-Conditioning Contractors",Limited Liability Company (LLC),2019-12-17T00:00:00.000,Business Email Compromise (BEC) & Cyber Insurance Renewal
STRUTTON PLUMBING COMPANY INC,"STRUTTON PLUMBING COMPANY, INC.",5805 CYPRESS ST,HOUSTON,TX,77074,238221,"Construction (General, Civil, Specialty Trades)",Texas Corporation,1999-02-17T00:00:00.000,Business Email Compromise (BEC) & Cyber Insurance Renewal
"STRUTTON PLUMBING RESIDENTIAL, LLC","STRUTTON PLUMBING RESIDENTIAL, LLC",5805 CYPRESS ST,HOUSTON,TX,77074,238220,"Plumbing, Heating, and Air-Conditioning Contractors",Limited Liability Company (LLC),2019-06-20T00:00:00.000,Business Email Compromise (BEC) & Cyber Insurance Renewal
"STRUTTON PLUMBING SERVICE, LLC","STRUTTON PLUMBING SERVICE, LLC",5805 CYPRESS ST,HOUSTON,TX,77074,238220,"Plumbing, Heating, and Air-Conditioning Contractors",Limited Liability Company (LLC),2019-06-25T00:00:00.000,Business Email Compromise (BEC) & Cyber Insurance Renewal
"STRUTTON PLUMBING UTILITY, LLC","STRUTTON PLUMBING UTILITY, LLC",5805 CYPRESS ST,HOUSTON,TX,77074,238220,"Plumbing, Heating, and Air-Conditioning Contractors",Limited Liability Company (LLC),2019-06-25T00:00:00.000,Business Email Compromise (BEC) & Cyber Insurance Renewal
STYLISH PUT AWAYS,PAUL A REINHARDT AND SUSAN H REINHARDT,12415 HUNTINGWICK DR,HOUSTON,TX,77024,238990,"Construction (General, Civil, Specialty Trades)",Type PI,2006-07-15T00:00:00.000,Business Email Compromise (BEC) & Cyber Insurance Renewal
SUMMERWOOD POOLS,SUMMERWOOD POOLS LLC,13614 SAND MOUNTAIN LN,HOUSTON,TX,77044,238191,"Construction (General, Civil, Specialty Trades)",Limited Liability Company (LLC),2025-12-16T00:00:00.000,Business Email Compromise (BEC) & Cyber Insurance Renewal
"SUN FLUORO SYSTEM, INC.","SUN FLUORO SYSTEM, INC.",1701 TIDWELL RD,HOUSTON,TX,77093,238990,"Construction (General, Civil, Specialty Trades)",Foreign Corporation (Out-of-State),2026-09-02T00:00:00.000,Business Email Compromise (BEC) & Cyber Insurance Renewal
SUNBELT WINDOW FILM,RAYMOND B LEVY,16820 BARKER SPRINGS RD STE 510,HOUSTON,TX,77084,238150,"Construction (General, Civil, Specialty Trades)",Type IS,2024-10-31T00:00:00.000,Business Email Compromise (BEC) & Cyber Insurance Renewal
"SUNCOAST POST-TENSION, LTD.","SUNCOAST POST-TENSION, LTD.",15422 LILLJA RD,HOUSTON,TX,77060,238990,"Construction (General, Civil, Specialty Trades)",Foreign Corporation (Out-of-State),2007-09-25T00:00:00.000,Business Email Compromise (BEC) & Cyber Insurance Renewal
SUNLIGHT POOLS AND SPAS,"HAINES ENTERPRISES, LLC",6363 RICHMOND AVE STE 317,HOUSTON,TX,77057,238990,"Construction (General, Civil, Specialty Trades)",Limited Liability Company (LLC),2019-03-29T00:00:00.000,Business Email Compromise (BEC) & Cyber Insurance Renewal
"SUNNY GREEN POWER, LLC","BIG STAR ELECTRICAL, LLC",10500 NORTHWEST FWY STE 190,HOUSTON,TX,77092,238210,Electrical Contractors and Other Wiring Installation,Limited Liability Company (LLC),2021-06-12T00:00:00.000,Business Email Compromise (BEC) & Cyber Insurance Renewal
SUNNY HOME SERVICES,SHS HVAC LLC,7999 HANSEN RD STE 421,HOUSTON,TX,77061,238220,"Plumbing, Heating, and Air-Conditioning Contractors",Limited Liability Company (LLC),2023-11-14T00:00:00.000,Business Email Compromise (BEC) & Cyber Insurance Renewal
SUNRISE GLASS TINTING,DOUGLAS SCOTT CONNER,11403 SOUTH DR,HOUSTON,TX,77099,238150,"Construction (General, Civil, Specialty Trades)",Type IS,2008-02-01T00:00:00.000,Business Email Compromise (BEC) & Cyber Insurance Renewal
"SUNSHINE GLASS, LLC","SUNSHINE GLASS, LLC",7070 MAYARD RD STE C,HOUSTON,TX,77041,238350,"Construction (General, Civil, Specialty Trades)",Limited Liability Company (LLC),2022-11-28T00:00:00.000,Business Email Compromise (BEC) & Cyber Insurance Renewal
SUNSHINE POOL SERVICE INC,"SUNSHINE POOL SERVICE, INC.",12021 DOVER ST,HOUSTON,TX,77031,238990,"Construction (General, Civil, Specialty Trades)",Texas Corporation,2006-12-16T00:00:00.000,Business Email Compromise (BEC) & Cyber Insurance Renewal
SUNSHINE POOLS INC,"SUNSHINE POOLS, INC.",1800 AUGUSTA DR STE 140,HOUSTON,TX,77057,238991,"Construction (General, Civil, Specialty Trades)",Texas Corporation,2001-01-09T00:00:00.000,Business Email Compromise (BEC) & Cyber Insurance Renewal
SUNSHINE RENEWABLE SOLUTIONS LLC,SUNSHINE RENEWABLE SOLUTIONS LLC,4011 VALLEY GREEN CT,HOUSTON,TX,77059,238990,"Construction (General, Civil, Specialty Trades)",Limited Liability Company (LLC),2017-11-29T00:00:00.000,Business Email Compromise (BEC) & Cyber Insurance Renewal
"SUPER FLAME PLUMBING, INC.","SUPER FLAME PLUMBING, INC.",13115 S POST OAK RD,HOUSTON,TX,77045,238222,"Construction (General, Civil, Specialty Trades)",Texas Corporation,2017-05-24T00:00:00.000,Business Email Compromise (BEC) & Cyber Insurance Renewal
SUPER SERVICE FLORES,FRANCISCO FLORES,36 RITTENHOUSE ST,HOUSTON,TX,77076,238210,Electrical Contractors and Other Wiring Installation,Type IS,2016-06-15T00:00:00.000,Business Email Compromise (BEC) & Cyber Insurance Renewal
SUPERIOR AUTOMATIC FIRE SYSTEM,"SUPERIOR AUTOMATIC FIRE SYSTEM, LLC",94 WHITE RD,HOUSTON,TX,77047,238220,"Plumbing, Heating, and Air-Conditioning Contractors",Limited Liability Company (LLC),2025-11-10T00:00:00.000,Business Email Compromise (BEC) & Cyber Insurance Renewal
"SUPERIOR GROUTING SERVICES, INC.","SUPERIOR GROUTING SERVICES, INC.",8927 MEADOW VISTA BLVD,HOUSTON,TX,77064,238110,"Construction (General, Civil, Specialty Trades)",Texas Corporation,2015-05-11T00:00:00.000,Business Email Compromise (BEC) & Cyber Insurance Renewal
SUPERNOVAFURNITURE.COM-45,"SUPERNOVA MANAGEMENT, INC",6655 GULF FWY,HOUSTON,TX,77087,238140,"Construction (General, Civil, Specialty Trades)",Texas Corporation,2026-04-17T00:00:00.000,Business Email Compromise (BEC) & Cyber Insurance Renewal
SUPREME C READY MIX,SUPREME C  READY MIX LLC,1808 DEAMS ST,HOUSTON,TX,77093,238110,"Construction (General, Civil, Specialty Trades)",Limited Liability Company (LLC),2025-02-28T00:00:00.000,Business Email Compromise (BEC) & Cyber Insurance Renewal
SURE 2 SECURE LLC,SURE 2 SECURE LLC,9726 CHECKERBOARD ST,HOUSTON,TX,77096,238990,"Construction (General, Civil, Specialty Trades)",Limited Liability Company (LLC),2021-12-30T00:00:00.000,Business Email Compromise (BEC) & Cyber Insurance Renewal
"SURFACE SYSTEMS OF TEXAS, L.L.C.","SURFACE SYSTEMS OF TEXAS, L.L.C.",15700 EXPORT PLAZA DR STE U,HOUSTON,TX,77032,238391,"Construction (General, Civil, Specialty Trades)",Limited Liability Company (LLC),2015-09-16T00:00:00.000,Business Email Compromise (BEC) & Cyber Insurance Renewal
SUSANA'S PLACE,BISMARCK JOSE CASTILLO,7614 PECAN VILLAS DR STE A,HOUSTON,TX,77061,238190,"Construction (General, Civil, Specialty Trades)",Type IS,2024-11-06T00:00:00.000,Business Email Compromise (BEC) & Cyber Insurance Renewal
"SWARTZ GREEN ELECTRIC, LLC","SWARTZ GREEN ELECTRIC, LLC",7200 ROSWELL ST,HOUSTON,TX,77022,238210,Electrical Contractors and Other Wiring Installation,Limited Liability Company (LLC),2024-01-13T00:00:00.000,Business Email Compromise (BEC) & Cyber Insurance Renewal
SWEAT ENERGY SERVICES,"PATH ENVIRONMENTAL TECHNOLOGY, LLC",8409 MOSLEY RD,HOUSTON,TX,77075,238990,"Construction (General, Civil, Specialty Trades)",Limited Liability Company (LLC),2019-04-08T00:00:00.000,Business Email Compromise (BEC) & Cyber Insurance Renewal
SWISHER SERVICES,"SWISHER SERVICES, LLC",11214 E TRAVELERS WAY CIR,HOUSTON,TX,77065,238210,Electrical Contractors and Other Wiring Installation,Limited Liability Company (LLC),2026-04-03T00:00:00.000,Business Email Compromise (BEC) & Cyber Insurance Renewal
SWORD PLUMBING CO,SWORD PLUMBING COMPANY,2510 TANGLEY ST,HOUSTON,TX,77005,238221,"Construction (General, Civil, Specialty Trades)",Texas Corporation,1989-01-25T00:00:00.000,Business Email Compromise (BEC) & Cyber Insurance Renewal
SYCON LLC,SYCON LLC,1549 CAMPBELL RD,HOUSTON,TX,77055,238991,"Construction (General, Civil, Specialty Trades)",Limited Liability Company (LLC),2018-04-03T00:00:00.000,Business Email Compromise (BEC) & Cyber Insurance Renewal
"SYMBIO LIGHTING & CONTROL, LLC","SYMBIO LIGHTING & CONTROL, LLC",4229 BELLAIRE BLVD STE C,HOUSTON,TX,77025,238991,"Construction (General, Civil, Specialty Trades)",Limited Liability Company (LLC),2026-03-28T00:00:00.000,Business Email Compromise (BEC) & Cyber Insurance Renewal
"SYMFONI TRADES, LLC","SYMFONI TRADES, LLC",3040 POST OAK BLVD,HOUSTON,TX,77056,238990,"Construction (General, Civil, Specialty Trades)",Limited Liability Company (LLC),2025-02-21T00:00:00.000,Business Email Compromise (BEC) & Cyber Insurance Renewal
SYSTEM APPLIANCE COMPANY,ANTONIO A MAYA,515 N SAM HOUSTON PKWY E STE 630D,HOUSTON,TX,77060,238220,"Plumbing, Heating, and Air-Conditioning Contractors",Type IS,2024-10-30T00:00:00.000,Business Email Compromise (BEC) & Cyber Insurance Renewal
T & T ELECTRIC CO,"T & AT, LLC",12773 BEECHNUT ST STE C400,HOUSTON,TX,77072,238210,Electrical Contractors and Other Wiring Installation,Limited Liability Company (LLC),2017-01-04T00:00:00.000,Business Email Compromise (BEC) & Cyber Insurance Renewal
T AND P COMMUNICATIONS LLC,T AND P COMMUNICATIONS LLC,11423 ALMEDA GENOA RD,HOUSTON,TX,77034,238210,Electrical Contractors and Other Wiring Installation,Limited Liability Company (LLC),2019-09-03T00:00:00.000,Business Email Compromise (BEC) & Cyber Insurance Renewal
T&M GLASS,T&M GLASS LIMITED LIABILITY COMPANY,12407 CAMPOS DR,HOUSTON,TX,77065,238150,"Construction (General, Civil, Specialty Trades)",Limited Liability Company (LLC),2021-07-28T00:00:00.000,Business Email Compromise (BEC) & Cyber Insurance Renewal
T&R STONE CREATIONS,JOSE S PEREZ,8810 LANGDON LN,HOUSTON,TX,77036,238140,"Construction (General, Civil, Specialty Trades)",Type IS,2008-10-27T00:00:00.000,Business Email Compromise (BEC) & Cyber Insurance Renewal
T.E. IBBERSON COMPANY,T.E. IBBERSON COMPANY,16150 PENINSULA ST,HOUSTON,TX,77015,238110,"Construction (General, Civil, Specialty Trades)",Foreign Corporation (Out-of-State),2008-12-19T00:00:00.000,Business Email Compromise (BEC) & Cyber Insurance Renewal
TAB ELECTRIC,"TINO A. BERMUDEZ ELECTRICAL, LLC",926 LAWRENCE ST,HOUSTON,TX,77008,238210,Electrical Contractors and Other Wiring Installation,Limited Liability Company (LLC),2014-07-10T00:00:00.000,Business Email Compromise (BEC) & Cyber Insurance Renewal
TAFT BROADCASTING COMPANY L L C,"TAFT BROADCASTING COMPANY, L.L.C.",1118 HEIGHTS BLVD,HOUSTON,TX,77008,238210,Electrical Contractors and Other Wiring Installation,Limited Liability Company (LLC),2006-11-02T00:00:00.000,Business Email Compromise (BEC) & Cyber Insurance Renewal
TAG AUTO EQUIPMENT,TAG AUTO EQUIPMENT INC,7330 PALESTINE ST,HOUSTON,TX,77020,238290,"Construction (General, Civil, Specialty Trades)",Texas Corporation,2022-07-30T00:00:00.000,Business Email Compromise (BEC) & Cyber Insurance Renewal
TAG ELECTRIC COMPANY,"TAG ELECTRIC COMPANY, L.P.",16422 HUFFSMITH KOHRVILLE RD,HOUSTON,TX,77070,238212,"Construction (General, Civil, Specialty Trades)",Type PL,1997-10-31T00:00:00.000,Business Email Compromise (BEC) & Cyber Insurance Renewal
"TAG ELECTRIC OF HOUSTON, L.P.","TAG ELECTRIC OF HOUSTON, L.P.",16422 HUFFSMITH KOHRVILLE RD,HOUSTON,TX,77070,238210,Electrical Contractors and Other Wiring Installation,Type PL,1999-07-12T00:00:00.000,Business Email Compromise (BEC) & Cyber Insurance Renewal
TAG R,"THE ARCTICOM GROUP REFRIGERATION, LLC",22505 IMPERIAL VALLEY DR STE 135,HOUSTON,TX,77073,238222,"Construction (General, Civil, Specialty Trades)",Corporation / Corporate Entity,2024-07-23T00:00:00.000,Business Email Compromise (BEC) & Cyber Insurance Renewal
TAG WATERPROOFING & MASONRY RESTORATION,PAULO JAVIER ADAME,8515 JACKRABBIT RD STE L,HOUSTON,TX,77095,238390,"Construction (General, Civil, Specialty Trades)",Type IS,2013-11-20T00:00:00.000,Business Email Compromise (BEC) & Cyber Insurance Renewal
TAMEZ AIR CONDITIONING AND HEATING,ALFONSO TAMEZ AND ALBERTO TAMEZ,11443 BETHNAL GREEN DR,HOUSTON,TX,77066,238220,"Plumbing, Heating, and Air-Conditioning Contractors",Type PI,2008-06-10T00:00:00.000,Business Email Compromise (BEC) & Cyber Insurance Renewal
TAN CONSULTING AND CONTRACTING,"N T T COMMUNICATIONS, INC.",711 CENTER HILL DR,HOUSTON,TX,77079,238210,Electrical Contractors and Other Wiring Installation,Texas Corporation,2012-11-08T00:00:00.000,Business Email Compromise (BEC) & Cyber Insurance Renewal
"TAS PIPELINE LOGISTICS, LLC","TAS PIPELINE LOGISTICS, LLC",8521 MCHARD RD,HOUSTON,TX,77053,238990,"Construction (General, Civil, Specialty Trades)",Limited Liability Company (LLC),2011-07-15T00:00:00.000,Business Email Compromise (BEC) & Cyber Insurance Renewal
"TAYLOR WATERPROOFING PLUS, INC.","TAYLOR WATERPROOFING PLUS, INC.",122 BERRY RD,HOUSTON,TX,77022,238992,"Construction (General, Civil, Specialty Trades)",Texas Corporation,1996-07-26T00:00:00.000,Business Email Compromise (BEC) & Cyber Insurance Renewal
TC AUTOMATIC DOOR SERVICES LLC,TC AUTOMATIC DOOR SERVICES LLC,5907 GEORGETOWN COLONY DR,HOUSTON,TX,77084,238290,"Construction (General, Civil, Specialty Trades)",Limited Liability Company (LLC),2026-08-05T00:00:00.000,Business Email Compromise (BEC) & Cyber Insurance Renewal
TC ELECTRONICS LLC,TC ELECTRONICS LLC,5510 S RICE AVE APT 2034,HOUSTON,TX,77081,238210,Electrical Contractors and Other Wiring Installation,Limited Liability Company (LLC),2025-07-01T00:00:00.000,Business Email Compromise (BEC) & Cyber Insurance Renewal
TCC MULTI-FAMILY INTERIORS INC.,TCC MULTI-FAMILY INTERIORS INC.,9340 DERRINGTON RD,HOUSTON,TX,77064,238330,"Construction (General, Civil, Specialty Trades)",Texas Corporation,2023-08-09T00:00:00.000,Business Email Compromise (BEC) & Cyber Insurance Renewal
TCI OF HOUSTON,TONY CHAU,6125 GLENCOE ST,HOUSTON,TX,77087,238210,Electrical Contractors and Other Wiring Installation,Type IS,2023-10-18T00:00:00.000,Business Email Compromise (BEC) & Cyber Insurance Renewal
"TCJS SERVICES, INC.","TCJS SERVICES, INC.",10615 SHADOW WOOD DR STE 230,HOUSTON,TX,77043,238990,"Construction (General, Civil, Specialty Trades)",Texas Corporation,2021-01-12T00:00:00.000,Business Email Compromise (BEC) & Cyber Insurance Renewal
TD & K ELECTRIC,TD & K ELECTRIC LLC,8526 CAUSEWAY DR,HOUSTON,TX,77083,238210,Electrical Contractors and Other Wiring Installation,Limited Liability Company (LLC),2020-02-12T00:00:00.000,Business Email Compromise (BEC) & Cyber Insurance Renewal
TD WATERPROOFING,THOMAS E DAWKINS,5773 WOODWAY DR STE 1106,HOUSTON,TX,77057,238322,"Construction (General, Civil, Specialty Trades)",Type IS,2016-09-15T00:00:00.000,Business Email Compromise (BEC) & Cyber Insurance Renewal
"TDA, INC.","TDA, INC.",1109 HUB ST,HOUSTON,TX,77023,238120,"Construction (General, Civil, Specialty Trades)",Texas Corporation,2013-04-25T00:00:00.000,Business Email Compromise (BEC) & Cyber Insurance Renewal
"TDB, INC.","TDB, INC.",10010 TANNER RD,HOUSTON,TX,77041,238210,Electrical Contractors and Other Wiring Installation,Texas Corporation,2002-01-25T00:00:00.000,Business Email Compromise (BEC) & Cyber Insurance Renewal
"TDINDUSTRIES, INC.","TDINDUSTRIES, INC.",9525 DERRINGTON RD,HOUSTON,TX,77064,238220,"Plumbing, Heating, and Air-Conditioning Contractors",Texas Corporation,2017-04-03T00:00:00.000,Business Email Compromise (BEC) & Cyber Insurance Renewal
"TDR MECHANICAL, LLC","TDR MECHANICAL, LLC",11875 W LITTLE YORK RD STE 1005,HOUSTON,TX,77041,238220,"Plumbing, Heating, and Air-Conditioning Contractors",Limited Liability Company (LLC),2021-02-26T00:00:00.000,Business Email Compromise (BEC) & Cyber Insurance Renewal
TE-KO CONTRACTORS INC,"TE-KO CONTRACTORS, INC.",1310 BOYLES ST,HOUSTON,TX,77020,238322,"Construction (General, Civil, Specialty Trades)",Texas Corporation,2001-05-10T00:00:00.000,Business Email Compromise (BEC) & Cyber Insurance Renewal
"TEAMWIRED, LLC","TEAMWIRED, LLC",13624 PERRY RD,HOUSTON,TX,77070,238290,"Construction (General, Civil, Specialty Trades)",Limited Liability Company (LLC),2016-02-26T00:00:00.000,Business Email Compromise (BEC) & Cyber Insurance Renewal
TECHNICAL CONSTRUCTION LLC,TECHNICAL CONSTRUCTION LLC,12440 OXFORD PARK DR STE C104,HOUSTON,TX,77082,238160,Roofing Contractors,Limited Liability Company (LLC),2023-09-13T00:00:00.000,Business Email Compromise (BEC) & Cyber Insurance Renewal
"TECON SERVICES, INC.","TECON SERVICES, INC.",515 GARDEN OAKS BLVD,HOUSTON,TX,77018,238312,"Construction (General, Civil, Specialty Trades)",Texas Corporation,1984-08-01T00:00:00.000,Business Email Compromise (BEC) & Cyber Insurance Renewal
TEE INDUSTRIES LLC,TEE INDUSTRIES LLC,15722 WINTER HEIGHTS DR,HOUSTON,TX,77044,238221,"Construction (General, Civil, Specialty Trades)",Limited Liability Company (LLC),2026-06-03T00:00:00.000,Business Email Compromise (BEC) & Cyber Insurance Renewal
TEJAS CONSTRUCTION PARTNERS LLC,TEJAS CONSTRUCTION PARTNERS LLC,13810 SAINT MARYS LN,HOUSTON,TX,77079,238390,"Construction (General, Civil, Specialty Trades)",Limited Liability Company (LLC),2025-11-13T00:00:00.000,Business Email Compromise (BEC) & Cyber Insurance Renewal
TEJAS ELEVATOR COMPANY - HOUSTON INC,"TEJAS ELEVATOR COMPANY - HOUSTON, INC.",11811 EAST FWY STE 230,HOUSTON,TX,77029,238292,"Construction (General, Civil, Specialty Trades)",Texas Corporation,2007-01-25T00:00:00.000,Business Email Compromise (BEC) & Cyber Insurance Renewal
TEKPLAN SOLUTIONS TEXAS LLC,TEKPLAN SOLUTIONS TEXAS LLC,11011 BROOKLET DR STE 300,HOUSTON,TX,77099,238220,"Plumbing, Heating, and Air-Conditioning Contractors",Limited Liability Company (LLC),2026-08-28T00:00:00.000,Business Email Compromise (BEC) & Cyber Insurance Renewal
"TELECOM TECHNICIANS, INC.","TELECOM TECHNICIANS, INC.",1412 N SAM HOUSTON PKWY E # 180A,HOUSTON,TX,77032,238211,"Construction (General, Civil, Specialty Trades)",Foreign Corporation (Out-of-State),2025-09-30T00:00:00.000,Business Email Compromise (BEC) & Cyber Insurance Renewal
"TELEPHONE TECHNICAL SERVICES, INC.","TELEPHONE TECHNICAL SERVICES, INC.",15700 EXPORT PLAZA DR STE F,HOUSTON,TX,77032,238212,"Construction (General, Civil, Specialty Trades)",Texas Corporation,2015-11-03T00:00:00.000,Business Email Compromise (BEC) & Cyber Insurance Renewal
TELKIN SHEETMETAL INC,"TELKIN SHEETMETAL, INC.",7313 DOMINO LN,HOUSTON,TX,77076,238222,"Construction (General, Civil, Specialty Trades)",Texas Corporation,1997-01-30T00:00:00.000,Business Email Compromise (BEC) & Cyber Insurance Renewal
"TELOMACK DATA SOLUTIONS, INC.","TELOMACK DATA SOLUTIONS, INC.",1334 BRITTMOORE RD STE 1312,HOUSTON,TX,77043,238210,Electrical Contractors and Other Wiring Installation,Texas Corporation,2023-05-19T00:00:00.000,Business Email Compromise (BEC) & Cyber Insurance Renewal
"TEM SYSTEMS TEXAS, LLC","TEM SYSTEMS TEXAS, LLC",6743 THEALL RD STE B,HOUSTON,TX,77066,238290,"Construction (General, Civil, Specialty Trades)",Limited Liability Company (LLC),2025-10-28T00:00:00.000,Business Email Compromise (BEC) & Cyber Insurance Renewal
TEMPE CONTRACTING PROS,TEMPECLEANINGPROS LLC,2403 FLETCHER ST,HOUSTON,TX,77009,238991,"Construction (General, Civil, Specialty Trades)",Corporation / Corporate Entity,2023-02-22T00:00:00.000,Business Email Compromise (BEC) & Cyber Insurance Renewal
TENNYSON AIR CONDITION & REFRIGERATION,CLYDE TENNYSON SR,3911 SANDY MEADOW LN,HOUSTON,TX,77039,238220,"Plumbing, Heating, and Air-Conditioning Contractors",Type IS,2009-09-16T00:00:00.000,Business Email Compromise (BEC) & Cyber Insurance Renewal
"TERRA GRANITE, LLC","TERRA GRANITE, LLC",12642 HEMPSTEAD RD,HOUSTON,TX,77092,238140,"Construction (General, Civil, Specialty Trades)",Limited Liability Company (LLC),2017-03-17T00:00:00.000,Business Email Compromise (BEC) & Cyber Insurance Renewal
TERRACO STONE & TILE,"METCOM INTERNATIONAL, INC.",6411 ASHCROFT DR BLDG A,HOUSTON,TX,77081,238340,"Construction (General, Civil, Specialty Trades)",Texas Corporation,2004-01-06T00:00:00.000,Business Email Compromise (BEC) & Cyber Insurance Renewal
TETRAMAR,"TETRAMAR, LLC",1415 NORTH LOOP W STE 810,HOUSTON,TX,77008,238330,"Construction (General, Civil, Specialty Trades)",Limited Liability Company (LLC),2012-06-26T00:00:00.000,Business Email Compromise (BEC) & Cyber Insurance Renewal
TEX HEATING AND AC,"TEX HEATING AND AC, LLC",8918 OPELIKA ST,HOUSTON,TX,77080,238220,"Plumbing, Heating, and Air-Conditioning Contractors",Limited Liability Company (LLC),2024-07-23T00:00:00.000,Business Email Compromise (BEC) & Cyber Insurance Renewal
"TEX-STAR ELECTRIC, INCORPORATED","TEX-STAR ELECTRIC, INCORPORATED",6102 MILWEE ST STE A,HOUSTON,TX,77092,238212,"Construction (General, Civil, Specialty Trades)",Texas Corporation,2023-08-03T00:00:00.000,Business Email Compromise (BEC) & Cyber Insurance Renewal
TEX-STAR SERVICES INC,"TEX-STAR SERVICES, INC.",14027 CHRISMAN RD,HOUSTON,TX,77039,238910,"Construction (General, Civil, Specialty Trades)",Texas Corporation,1999-06-23T00:00:00.000,Business Email Compromise (BEC) & Cyber Insurance Renewal
TEXAN BUILDING SUPPLY,"TEXAN DRYWALL, INC.",1505 ALDINE BENDER RD,HOUSTON,TX,77032,238311,"Construction (General, Civil, Specialty Trades)",Texas Corporation,2002-05-22T00:00:00.000,Business Email Compromise (BEC) & Cyber Insurance Renewal
TEXAN ELECTRIC CO INC,"TEXAN ELECTRIC CO., INC.",7011 DIXIE DR,HOUSTON,TX,77087,238212,"Construction (General, Civil, Specialty Trades)",Texas Corporation,2025-01-24T00:00:00.000,Business Email Compromise (BEC) & Cyber Insurance Renewal
TEXAN LANDSCAPE GROUP LLC,TEXAN LANDSCAPE GROUP LLC,10414 SHADOW WOOD DR,HOUSTON,TX,77043,238991,"Construction (General, Civil, Specialty Trades)",Limited Liability Company (LLC),2023-11-09T00:00:00.000,Business Email Compromise (BEC) & Cyber Insurance Renewal
TEXAN PLUMBING CORPORATION,TEXAN PLUMBING CORPORATION,7858 YELLOW PINE DR,HOUSTON,TX,77040,238220,"Plumbing, Heating, and Air-Conditioning Contractors",Texas Corporation,2025-11-20T00:00:00.000,Business Email Compromise (BEC) & Cyber Insurance Renewal
TEXANS SERVICES ONE,"FRANCISCO CRUZ, INC.",7355 MOLINE ST,HOUSTON,TX,77087,238212,"Construction (General, Civil, Specialty Trades)",Texas Corporation,2018-04-06T00:00:00.000,Business Email Compromise (BEC) & Cyber Insurance Renewal
TEXAS A AND M CONCRETE,"TEXAS A&M CONCRETE, LLC",3010 BROWNIE CAMPBELL RD,HOUSTON,TX,77038,238110,"Construction (General, Civil, Specialty Trades)",Limited Liability Company (LLC),2014-02-13T00:00:00.000,Business Email Compromise (BEC) & Cyber Insurance Renewal
"TEXAS A&M CONCRETE - AUSTIN, LLC","TEXAS A&M CONCRETE - AUSTIN, LLC",1901 ALDINE WESTERN RD,HOUSTON,TX,77038,238110,"Construction (General, Civil, Specialty Trades)",Limited Liability Company (LLC),2019-08-07T00:00:00.000,Business Email Compromise (BEC) & Cyber Insurance Renewal
TEXAS BUSINESS SYSTEM,"TEXAS BUILDING SYSTEMS, INC.",3502 ASKEW ST,HOUSTON,TX,77087,238132,"Construction (General, Civil, Specialty Trades)",Texas Corporation,2012-07-27T00:00:00.000,Business Email Compromise (BEC) & Cyber Insurance Renewal
TEXAS CLIMATE CONTROL HVAC/R,DANIEL ANGEL SANCHEZ,13403 LAKE ARLINGTON RD,HOUSTON,TX,77044,238222,"Construction (General, Civil, Specialty Trades)",Type IS,2026-08-12T00:00:00.000,Business Email Compromise (BEC) & Cyber Insurance Renewal
TEXAS COATING & BLASTING LLC,TEXAS COATING & BLASTING LLC,6011 GOLD ST,HOUSTON,TX,77026,238320,"Construction (General, Civil, Specialty Trades)",Limited Liability Company (LLC),2026-05-28T00:00:00.000,Business Email Compromise (BEC) & Cyber Insurance Renewal
TEXAS CONTRACT FLOORS INC,"TEXAS CONTRACT FLOORS, INC.",6270 BROOKHILL DR,HOUSTON,TX,77087,238330,"Construction (General, Civil, Specialty Trades)",Texas Corporation,2005-08-01T00:00:00.000,Business Email Compromise (BEC) & Cyber Insurance Renewal
TEXAS COPPERZONE,JESUS O SALINAS,7207 SANTIAGO ST,HOUSTON,TX,77023,238210,Electrical Contractors and Other Wiring Installation,Type IS,2013-07-22T00:00:00.000,Business Email Compromise (BEC) & Cyber Insurance Renewal
TEXAS CURRENT SOLUTIONS LLC,TEXAS CURRENT SOLUTIONS LLC,18210 SPRUCE CREEK DR,HOUSTON,TX,77084,238210,Electrical Contractors and Other Wiring Installation,Limited Liability Company (LLC),2024-01-11T00:00:00.000,Business Email Compromise (BEC) & Cyber Insurance Renewal
TEXAS CUSTOM GRANITE CO.,TEXAS CUSTOM GRANITE CO.,5606 OLD GREENHOUSE RD,HOUSTON,TX,77084,238990,"Construction (General, Civil, Specialty Trades)",Texas Corporation,2013-11-25T00:00:00.000,Business Email Compromise (BEC) & Cyber Insurance Renewal
TEXAS DECKS AND PATIO COVERS,"ASNF DECKS, INC.",1505 GARDENIA DR,HOUSTON,TX,77018,238990,"Construction (General, Civil, Specialty Trades)",Texas Corporation,2014-01-13T00:00:00.000,Business Email Compromise (BEC) & Cyber Insurance Renewal
"TEXAS DRAIN TECHNOLOGIES, INC.","TEXAS DRAIN TECHNOLOGIES, INC.",4918 PINEMONT DR STE A,HOUSTON,TX,77092,238221,"Construction (General, Civil, Specialty Trades)",Texas Corporation,2011-09-26T00:00:00.000,Business Email Compromise (BEC) & Cyber Insurance Renewal
"TEXAS ECO PAVERS, LLC","TEXAS ECO PAVERS, LLC",6002 CLINTON DR,HOUSTON,TX,77020,238990,"Construction (General, Civil, Specialty Trades)",Limited Liability Company (LLC),2023-07-03T00:00:00.000,Business Email Compromise (BEC) & Cyber Insurance Renewal
TEXAS ELECTRICAL RESIDENTIAL CONTRACTORS LLC,"TEXAS ELECTRICAL RESIDENTIAL CONTRACTORS, LLC",12031 REEDCREST ST,HOUSTON,TX,77085,238210,Electrical Contractors and Other Wiring Installation,Limited Liability Company (LLC),2024-10-01T00:00:00.000,Business Email Compromise (BEC) & Cyber Insurance Renewal
TEXAS ELECTRICAL SOLUTIONS CORPORATION,TEXAS ELECTRICAL SOLUTIONS CORPORATION,13050 CHAMIONS PARK #901,HOUSTON,TX,77069,238212,"Construction (General, Civil, Specialty Trades)",Texas Corporation,2023-07-24T00:00:00.000,Business Email Compromise (BEC) & Cyber Insurance Renewal
"TEXAS ELITE CABINET & STONE, LLC","TEXAS ELITE CABINET & STONE, LLC",9711 SHEPPERTON CT,HOUSTON,TX,77065,238350,"Construction (General, Civil, Specialty Trades)",Limited Liability Company (LLC),2026-01-21T00:00:00.000,Business Email Compromise (BEC) & Cyber Insurance Renewal
TEXAS ENVIRONMENTAL PROFESSIONALS LLC,TEXAS ENVIRONMENTAL PROFESSIONALS LLC,2711 DRUID ST,HOUSTON,TX,77091,238220,"Plumbing, Heating, and Air-Conditioning Contractors",Limited Liability Company (LLC),2021-06-23T00:00:00.000,Business Email Compromise (BEC) & Cyber Insurance Renewal
"TEXAS ER PLUMBING, LLC",TEXAS ER PLUMBING LLC,13109 LOUISVILLE ST,HOUSTON,TX,77015,238220,"Plumbing, Heating, and Air-Conditioning Contractors",Limited Liability Company (LLC),2025-09-03T00:00:00.000,Business Email Compromise (BEC) & Cyber Insurance Renewal
TEXAS EXPRESS PLUMBING INC.,TEXAS EXPRESS PLUMBING INC.,4725 STEFFANI LN,HOUSTON,TX,77041,238220,"Plumbing, Heating, and Air-Conditioning Contractors",Texas Corporation,2026-04-01T00:00:00.000,Business Email Compromise (BEC) & Cyber Insurance Renewal
TEXAS GARAGE EXPERTS,MUHAMED BESIC,9720 TOWN PARK DR STE 19,HOUSTON,TX,77036,238290,"Construction (General, Civil, Specialty Trades)",Type IS,2019-07-02T00:00:00.000,Business Email Compromise (BEC) & Cyber Insurance Renewal
TEXAS GLASS TINT,SCHILLACI ENTERPRISE INC.,600 KENRICK DR STE B10,HOUSTON,TX,77060,238150,"Construction (General, Civil, Specialty Trades)",Texas Corporation,2025-10-09T00:00:00.000,Business Email Compromise (BEC) & Cyber Insurance Renewal
TEXAS GULF COAST AIR CONDITIONING LLC,TEXAS GULF COAST AIR CONDITIONING LLC,5926 HEFFERNAN ST,HOUSTON,TX,77087,238220,"Plumbing, Heating, and Air-Conditioning Contractors",Limited Liability Company (LLC),2017-10-28T00:00:00.000,Business Email Compromise (BEC) & Cyber Insurance Renewal
TEXAS HOME AND BUILDING SERVICES,UDAY KUMAR,9000 SOUTHWEST FWY STE 120,HOUSTON,TX,77074,238990,"Construction (General, Civil, Specialty Trades)",Type IS,2007-02-14T00:00:00.000,Business Email Compromise (BEC) & Cyber Insurance Renewal
TEXAS HVAC SERVICES,"TEXAS HVACR SERVICES, LLC",1031 E 23RD ST,HOUSTON,TX,77009,238220,"Plumbing, Heating, and Air-Conditioning Contractors",Limited Liability Company (LLC),2013-03-26T00:00:00.000,Business Email Compromise (BEC) & Cyber Insurance Renewal
"TEXAS IAQ SPECIALISTS, INC.","TEXAS IAQ SPECIALISTS, INC.",15255 GULF FWY STE 144D,HOUSTON,TX,77034,238990,"Construction (General, Civil, Specialty Trades)",Texas Corporation,2025-04-23T00:00:00.000,Business Email Compromise (BEC) & Cyber Insurance Renewal
"TEXAS INSTRUMENTATION AND CONTROLS, LLC","TEXAS INSTRUMENTATION AND CONTROLS, LLC",15318 BEECHNUT ST,HOUSTON,TX,77083,238210,Electrical Contractors and Other Wiring Installation,Limited Liability Company (LLC),2017-08-16T00:00:00.000,Business Email Compromise (BEC) & Cyber Insurance Renewal
TEXAS MADE ELECTRICAL SERVICES LLC,TEXAS MADE ELECTRICAL SERVICES LLC,2950 VALIANT SCENE CT,HOUSTON,TX,77038,238210,Electrical Contractors and Other Wiring Installation,Limited Liability Company (LLC),2022-05-10T00:00:00.000,Business Email Compromise (BEC) & Cyber Insurance Renewal
TEXAS METAL SPECALITY COMPANY,"JACKOWSKI & FINNEY ENTERPRISES, INC.",3717 PINEMONT DR,HOUSTON,TX,77018,238392,"Construction (General, Civil, Specialty Trades)",Texas Corporation,1989-09-23T00:00:00.000,Business Email Compromise (BEC) & Cyber Insurance Renewal
"TEXAS MICROGRID II, LLC","TEXAS MICROGRID II, LLC",1113 VINE ST STE 101,HOUSTON,TX,77002,238990,"Construction (General, Civil, Specialty Trades)",Corporation / Corporate Entity,2023-10-10T00:00:00.000,Business Email Compromise (BEC) & Cyber Insurance Renewal
"TEXAS POOL TECH, INC.","TEXAS POOL TECH, INC.",8403 WESTGLEN DR,HOUSTON,TX,77063,238991,"Construction (General, Civil, Specialty Trades)",Texas Corporation,2025-11-24T00:00:00.000,Business Email Compromise (BEC) & Cyber Insurance Renewal
TEXAS PREMIER CONTRACTORS,MILTON GIRALDO,1214B BIRDSALL ST,HOUSTON,TX,77007,238160,Roofing Contractors,Type IS,2023-04-18T00:00:00.000,Business Email Compromise (BEC) & Cyber Insurance Renewal
"TEXAS PREMIER DRYWALL SYSTEMS, LLC","TEXAS PREMIER DRYWALL SYSTEMS, LLC",5757 ADDICKS SATSUMA RD,HOUSTON,TX,77084,238312,"Construction (General, Civil, Specialty Trades)",Limited Liability Company (LLC),2015-08-14T00:00:00.000,Business Email Compromise (BEC) & Cyber Insurance Renewal
TEXAS PREMIER PLUMBING LLC,TEXAS PREMIER PLUMBING LLC,6211 DUMFRIES DR,HOUSTON,TX,77096,238220,"Plumbing, Heating, and Air-Conditioning Contractors",Limited Liability Company (LLC),2017-07-21T00:00:00.000,Business Email Compromise (BEC) & Cyber Insurance Renewal
"TEXAS PRIDE AIR CONDITIONING AND HEATING, LLC","TEXAS PRIDE AIR CONDITIONING AND HEATING, LLC",728 E 6TH 1/2 ST,HOUSTON,TX,77007,238220,"Plumbing, Heating, and Air-Conditioning Contractors",Limited Liability Company (LLC),2020-11-18T00:00:00.000,Business Email Compromise (BEC) & Cyber Insurance Renewal
TEXAS PRIDE RAIN GUTTERS LLC,TEXAS PRIDE RAIN GUTTERS LLC,7438 BRACE ST,HOUSTON,TX,77061,238170,"Construction (General, Civil, Specialty Trades)",Limited Liability Company (LLC),2024-03-08T00:00:00.000,Business Email Compromise (BEC) & Cyber Insurance Renewal
TEXAS PRODIGY A/C & HEAT LLC,TEXAS PRODIGY A/C & HEAT LLC,40 CYPRESS CREEK PKWY # 189,HOUSTON,TX,77090,238220,"Plumbing, Heating, and Air-Conditioning Contractors",Limited Liability Company (LLC),2022-04-26T00:00:00.000,Business Email Compromise (BEC) & Cyber Insurance Renewal
TEXAS QUALITY PLUMBING,"TEXAS QUALITY PLUMBING, LLC",918 W 34TH ST,HOUSTON,TX,77018,238220,"Plumbing, Heating, and Air-Conditioning Contractors",Limited Liability Company (LLC),2016-12-29T00:00:00.000,Business Email Compromise (BEC) & Cyber Insurance Renewal
TEXAS SHUTTER COMPANY,"S-DUB, LLC",20220 HEMPSTEAD RD STE 1,HOUSTON,TX,77065,238991,"Construction (General, Civil, Specialty Trades)",Limited Liability Company (LLC),2011-03-17T00:00:00.000,Business Email Compromise (BEC) & Cyber Insurance Renewal
TEXAS STAR CONTRACTORS LLC,TEXAS STAR CONTRACTORS LLC,14300 CORNERSTONE VILLAGE DR STE 223,HOUSTON,TX,77014,238110,"Construction (General, Civil, Specialty Trades)",Limited Liability Company (LLC),2026-04-24T00:00:00.000,Business Email Compromise (BEC) & Cyber Insurance Renewal
TEXAS STATE BUILDERS,ROBERT M STEFFAN,16261 HOLLISTER ST,HOUSTON,TX,77066,238161,"Construction (General, Civil, Specialty Trades)",Type IS,2026-08-18T00:00:00.000,Business Email Compromise (BEC) & Cyber Insurance Renewal
"TEXAS STRONG MECHANICAL, LLC","TEXAS STRONG MECHANICAL, LLC",5750 N SAM HOUSTON PKWY E STE 205,HOUSTON,TX,77032,238220,"Plumbing, Heating, and Air-Conditioning Contractors",Limited Liability Company (LLC),2022-07-29T00:00:00.000,Business Email Compromise (BEC) & Cyber Insurance Renewal
TEXAS THIRD COAST ENTERPRISES LLC,TEXAS THIRD COAST ENTERPRISES LLC,3120 SOUTHWEST FWY STE 101 # 458639,HOUSTON,TX,77098,238210,Electrical Contractors and Other Wiring Installation,Limited Liability Company (LLC),2024-06-26T00:00:00.000,Business Email Compromise (BEC) & Cyber Insurance Renewal
TEXAS TRADEHOUSE LTD. CO.,TEXAS TRADEHOUSE LTD. CO.,13314 ELAINE RD,HOUSTON,TX,77047,238290,"Construction (General, Civil, Specialty Trades)",Limited Liability Company (LLC),2008-05-16T00:00:00.000,Business Email Compromise (BEC) & Cyber Insurance Renewal
"TEXAS TRUSTED REPIPE & PLUMBING SPECIALISTS, LLC","TEXAS TRUSTED REPIPE & PLUMBING SPECIALISTS, LLC",765 ENTERPRISE ST # C,HOUSTON,TX,77088,238220,"Plumbing, Heating, and Air-Conditioning Contractors",Limited Liability Company (LLC),2025-12-16T00:00:00.000,Business Email Compromise (BEC) & Cyber Insurance Renewal
TEXAS-LIQUA TECH SERVICES INC,"TEXAS LIQUA TECH SERVICES, INC.",1819 MILBY ST,HOUSTON,TX,77003,238992,"Construction (General, Civil, Specialty Trades)",Texas Corporation,1998-02-18T00:00:00.000,Business Email Compromise (BEC) & Cyber Insurance Renewal
"TEXAS/SOUTHWEST FLOORS, LLC","TEXAS/SOUTHWEST FLOORS, LLC",1116 OLIVER ST,HOUSTON,TX,77007,238331,"Construction (General, Civil, Specialty Trades)",Limited Liability Company (LLC),2014-04-29T00:00:00.000,Business Email Compromise (BEC) & Cyber Insurance Renewal
"TEXSERV ELECTRIC, LLC","TEXSERV ELECTRIC, LLC",14411 RAVENHURST LN,HOUSTON,TX,77070,238210,Electrical Contractors and Other Wiring Installation,Limited Liability Company (LLC),2017-09-22T00:00:00.000,Business Email Compromise (BEC) & Cyber Insurance Renewal
THAKKAR SERVICES INC,"THAKKAR SERVICES, INC.",6227 GRANDVALE DR,HOUSTON,TX,77072,238221,"Construction (General, Civil, Specialty Trades)",Texas Corporation,2000-11-07T00:00:00.000,Business Email Compromise (BEC) & Cyber Insurance Renewal
THE ACOUSTICAL CEILING COMPANY INC,"THE ACOUSTICAL CEILING COMPANY, INC.",1943 WYCLIFFE DR,HOUSTON,TX,77043,238990,"Construction (General, Civil, Specialty Trades)",Texas Corporation,2010-04-07T00:00:00.000,Business Email Compromise (BEC) & Cyber Insurance Renewal
THE BRUEGGING COMPANY,THE BRUEGGING COMPANY,11226 CHARLES RD,HOUSTON,TX,77041,238322,"Construction (General, Civil, Specialty Trades)",Texas Corporation,2018-11-06T00:00:00.000,Business Email Compromise (BEC) & Cyber Insurance Renewal
THE COMFLOW COMPANY,"THE COMFLOW COMPANY, LLC",6411 LAWFORD LN,HOUSTON,TX,77040,238220,"Plumbing, Heating, and Air-Conditioning Contractors",Limited Liability Company (LLC),2013-12-05T00:00:00.000,Business Email Compromise (BEC) & Cyber Insurance Renewal
THE COOLERMAN & BEAL MECHANICAL,FROSTY INCORPORATED,10200 HEMPSTEAD RD STE 2J,HOUSTON,TX,77092,238220,"Plumbing, Heating, and Air-Conditioning Contractors",Texas Corporation,2018-11-20T00:00:00.000,Business Email Compromise (BEC) & Cyber Insurance Renewal
THE CUSTOM SHOWER DOOR COMPANY,THE CUSTOM SHOWER DOOR COMPANY LLC,1027 ALDINE BENDER RD STE L,HOUSTON,TX,77032,238150,"Construction (General, Civil, Specialty Trades)",Limited Liability Company (LLC),2018-03-07T00:00:00.000,Business Email Compromise (BEC) & Cyber Insurance Renewal
THE DAM STORAGE LLC,THE DAM STORAGE LLC,13030 AQUEDUCT RD,HOUSTON,TX,77044,238110,"Construction (General, Civil, Specialty Trades)",Limited Liability Company (LLC),2023-02-25T00:00:00.000,Business Email Compromise (BEC) & Cyber Insurance Renewal
THE GLASS GURU OF WEST HOUSTON,CLARUS VENTURES CORP,5320 GULFTON ST STE 5,HOUSTON,TX,77081,238150,"Construction (General, Civil, Specialty Trades)",Texas Corporation,2026-01-03T00:00:00.000,Business Email Compromise (BEC) & Cyber Insurance Renewal
THE GUTTER MAN INC,"THE GUTTER MAN, INC.",21902 TOMBALL PKWY,HOUSTON,TX,77070,238160,Roofing Contractors,Texas Corporation,1998-01-06T00:00:00.000,Business Email Compromise (BEC) & Cyber Insurance Renewal
"THE HALO CREW, LLC","THE HALO CREW, LLC",5821 SOUTHWEST FWY # 320,HOUSTON,TX,77057,238210,Electrical Contractors and Other Wiring Installation,Limited Liability Company (LLC),2018-05-26T00:00:00.000,Business Email Compromise (BEC) & Cyber Insurance Renewal
THE HOUSER GROUP INC,THE HOUSER GROUP INC.,5950 EDGEMOOR DR,HOUSTON,TX,77081,238350,"Construction (General, Civil, Specialty Trades)",Texas Corporation,1988-09-15T00:00:00.000,Business Email Compromise (BEC) & Cyber Insurance Renewal
THE KITCHEN AND BATH SHOWROOM LLC.,THE KITCHEN AND BATH SHOWROOM LLC.,12440 S SAM HOUSTON PKWY W,HOUSTON,TX,77031,238991,"Construction (General, Civil, Specialty Trades)",Limited Liability Company (LLC),2017-03-07T00:00:00.000,Business Email Compromise (BEC) & Cyber Insurance Renewal
"THE LONESTAR RANGE HOOD COMPANY, LLC","THE LONESTAR RANGE HOOD COMPANY, LLC",1226 JACKSON BLVD,HOUSTON,TX,77006,238990,"Construction (General, Civil, Specialty Trades)",Limited Liability Company (LLC),2020-05-02T00:00:00.000,Business Email Compromise (BEC) & Cyber Insurance Renewal
THE MARQUEE BAR HTX,"THE MARQUEE BAR HTX, LLC",1401 GREENGRASS DR STE D4,HOUSTON,TX,77008,238350,"Construction (General, Civil, Specialty Trades)",Limited Liability Company (LLC),2026-02-11T00:00:00.000,Business Email Compromise (BEC) & Cyber Insurance Renewal
"THE MEHLING GROUP, LLC","THE MEHLING GROUP, LLC",1973 W GRAY ST STE 9,HOUSTON,TX,77019,238330,"Construction (General, Civil, Specialty Trades)",Limited Liability Company (LLC),2024-05-09T00:00:00.000,Business Email Compromise (BEC) & Cyber Insurance Renewal
THE NEVA CORPORATION,NEVA CORPORATION,11350 BRITTMOORE PARK DR,HOUSTON,TX,77041,238222,"Construction (General, Civil, Specialty Trades)",Texas Corporation,1986-01-18T00:00:00.000,Business Email Compromise (BEC) & Cyber Insurance Renewal
THE NEXT SOLAR ENERGY TECHNOLOGY INC,THE NEXT SOLAR ENERGY TECHNOLOGY INC,3730 KIRBY DR STE 1200,HOUSTON,TX,77098,238990,"Construction (General, Civil, Specialty Trades)",Foreign Corporation (Out-of-State),2026-05-05T00:00:00.000,Business Email Compromise (BEC) & Cyber Insurance Renewal
THE OHMS CORPORATION OF HOUSTON,THE OHMS CORPORATION OF HOUSTON,8303 DUNLAP ST,HOUSTON,TX,77074,238210,Electrical Contractors and Other Wiring Installation,Texas Corporation,2024-06-26T00:00:00.000,Business Email Compromise (BEC) & Cyber Insurance Renewal
THE OLD BELL/UNDERCOVER SQUEEGEE,THE OLD BELL/UNDERCOVER SQUEEGEE,11006 HILLCROFT ST,HOUSTON,TX,77096,238990,"Construction (General, Civil, Specialty Trades)",Type PI,2024-06-14T00:00:00.000,Business Email Compromise (BEC) & Cyber Insurance Renewal
THE PAVING AGENCY LLC,THE PAVING AGENCY LLC,13710 PARK ROW DR APT 4204,HOUSTON,TX,77084,238990,"Construction (General, Civil, Specialty Trades)",Limited Liability Company (LLC),2025-03-26T00:00:00.000,Business Email Compromise (BEC) & Cyber Insurance Renewal
THE PLUMBING GUY LLC,THE PLUMBING GUY LLC,10915 PAULWOOD DR,HOUSTON,TX,77071,238220,"Plumbing, Heating, and Air-Conditioning Contractors",Limited Liability Company (LLC),2009-10-28T00:00:00.000,Business Email Compromise (BEC) & Cyber Insurance Renewal
THE WESTFALL GROUP LTD,THE WESTFALL GROUP LTD,3835 DACOMA ST,HOUSTON,TX,77092,238990,"Construction (General, Civil, Specialty Trades)",Type AF,2026-05-04T00:00:00.000,Business Email Compromise (BEC) & Cyber Insurance Renewal
THE WINDOW CENTER,"KURT M. PAPP, INCORPORATED",6877 W 43RD ST,HOUSTON,TX,77092,238991,"Construction (General, Civil, Specialty Trades)",Texas Corporation,2024-03-27T00:00:00.000,Business Email Compromise (BEC) & Cyber Insurance Renewal
"THE YELLOW STONE MARBLE AND GRANITE, INCORPORATED","THE YELLOW STONE MARBLE AND GRANITE, INCORPORATED",1933 KNOLL ST,HOUSTON,TX,77080,238341,"Construction (General, Civil, Specialty Trades)",Texas Corporation,2006-12-13T00:00:00.000,Business Email Compromise (BEC) & Cyber Insurance Renewal
"THECLA DESIGNS, LLC","THECLA DESIGNS, LLC",304 ARCHER ST,HOUSTON,TX,77009,238990,"Construction (General, Civil, Specialty Trades)",Limited Liability Company (LLC),2023-06-15T00:00:00.000,Business Email Compromise (BEC) & Cyber Insurance Renewal
THOMPSON SERVICES,SAMUEL BRADY THOMPSON SR,11634 KIRKHOLLOW DR,HOUSTON,TX,77089,238220,"Plumbing, Heating, and Air-Conditioning Contractors",Type IS,2017-07-28T00:00:00.000,Business Email Compromise (BEC) & Cyber Insurance Renewal
THOR ENTERPRISES L L C,"THOR ENTERPRISES, L.L.C.",12831 HUNTING BROOK DR,HOUSTON,TX,77099,238210,Electrical Contractors and Other Wiring Installation,Limited Liability Company (LLC),2005-05-04T00:00:00.000,Business Email Compromise (BEC) & Cyber Insurance Renewal
THORPE SPECIATLY SERVICES CORPORATION,THORPE SPECIALTY SERVICES CORPORATION,6833 KIRBYVILLE ST,HOUSTON,TX,77033,238140,"Construction (General, Civil, Specialty Trades)",Texas Corporation,2012-05-24T00:00:00.000,Business Email Compromise (BEC) & Cyber Insurance Renewal
THREE NAILS & CROSS GROUP LLC,THREE NAILS & CROSS GROUP LLC,4011 DALMATIAN DR,HOUSTON,TX,77045,238390,"Construction (General, Civil, Specialty Trades)",Limited Liability Company (LLC),2022-11-19T00:00:00.000,Business Email Compromise (BEC) & Cyber Insurance Renewal
THYSSENKRUPP ELEVATOR,TK ELEVATOR CORPORATION,3100 N TERMINAL RD STE B-100,HOUSTON,TX,77032,238290,"Construction (General, Civil, Specialty Trades)",Foreign Corporation (Out-of-State),2016-05-04T00:00:00.000,Business Email Compromise (BEC) & Cyber Insurance Renewal
THYSSENKRUPP ELEVATOR,TK ELEVATOR CORPORATION,500 JEFFERSON ST STE 2030,HOUSTON,TX,77002,238290,"Construction (General, Civil, Specialty Trades)",Foreign Corporation (Out-of-State),2017-03-15T00:00:00.000,Business Email Compromise (BEC) & Cyber Insurance Renewal
TILE CENTER,"JATIN INTERNATIONAL TILES, INC.",8907 GULF FWY STE A,HOUSTON,TX,77017,238331,"Construction (General, Civil, Specialty Trades)",Texas Corporation,2004-01-12T00:00:00.000,Business Email Compromise (BEC) & Cyber Insurance Renewal
"TILE CONNECTIONS, LTD.","TILE CONNECTIONS, LTD.",11875 W LITTLE YORK RD STE 503,HOUSTON,TX,77041,238340,"Construction (General, Civil, Specialty Trades)",Type PL,2020-05-09T00:00:00.000,Business Email Compromise (BEC) & Cyber Insurance Renewal
"TILE CONNECTIONS, LTD.","TILE CONNECTIONS, LTD.",12018 WINDFERN RD,HOUSTON,TX,77064,238340,"Construction (General, Civil, Specialty Trades)",Type PL,2022-02-23T00:00:00.000,Business Email Compromise (BEC) & Cyber Insurance Renewal
TILE CRAFTSMEN LLC,TILE CRAFTSMEN LLC,4408 N MAIN ST,HOUSTON,TX,77009,238330,"Construction (General, Civil, Specialty Trades)",Limited Liability Company (LLC),2023-08-29T00:00:00.000,Business Email Compromise (BEC) & Cyber Insurance Renewal
"TILE ROOFS OF TEXAS, INC.","TILE ROOFS OF TEXAS, INC.",6614 DEL RIO ST,HOUSTON,TX,77021,238161,"Construction (General, Civil, Specialty Trades)",Texas Corporation,2018-12-27T00:00:00.000,Business Email Compromise (BEC) & Cyber Insurance Renewal
"TINO A. BERMUDEZ ELECTIRCAL, LLC","TINO A. BERMUDEZ ELECTRICAL, LLC",5301 POLK ST BLDG 14,HOUSTON,TX,77023,238210,Electrical Contractors and Other Wiring Installation,Limited Liability Company (LLC),2021-11-09T00:00:00.000,Business Email Compromise (BEC) & Cyber Insurance Renewal
"TIPCO A/C & ELECTRICAL, LLC","TIPCO A/C & ELECTRICAL, LLC",9406 CURRY LANDING DR,HOUSTON,TX,77095,238210,Electrical Contractors and Other Wiring Installation,Limited Liability Company (LLC),2016-11-15T00:00:00.000,Business Email Compromise (BEC) & Cyber Insurance Renewal
TITAN ENVIRONMENTAL USA LLC,TITAN ENVIRONMENTAL USA LLC,5070 ASHLEY CT STE B,HOUSTON,TX,77041,238990,"Construction (General, Civil, Specialty Trades)",Corporation / Corporate Entity,2017-05-11T00:00:00.000,Business Email Compromise (BEC) & Cyber Insurance Renewal
TITAN INFRASTRUCTURE LLC,TITAN INFRASTRUCTURE LLC,6903 SHAVELSON ST,HOUSTON,TX,77055,238390,"Construction (General, Civil, Specialty Trades)",Limited Liability Company (LLC),2026-05-22T00:00:00.000,Business Email Compromise (BEC) & Cyber Insurance Renewal
TITAN SAFETY SOLUTIONS,"TITAN CREWS, INC.",11639 C E KING PKWY,HOUSTON,TX,77044,238990,"Construction (General, Civil, Specialty Trades)",Texas Corporation,2015-07-21T00:00:00.000,Business Email Compromise (BEC) & Cyber Insurance Renewal
TJ BUILDERS LLC,TJ BUILDERS LLC,4103 PARK DOUGLAS DR,HOUSTON,TX,77084,238990,"Construction (General, Civil, Specialty Trades)",Limited Liability Company (LLC),2018-12-05T00:00:00.000,Business Email Compromise (BEC) & Cyber Insurance Renewal
TK ELEVATOR CORPORATION,TK ELEVATOR CORPORATION,14820 STATE HIGHWAY 249 STE 190,HOUSTON,TX,77086,238290,"Construction (General, Civil, Specialty Trades)",Foreign Corporation (Out-of-State),2023-04-19T00:00:00.000,Business Email Compromise (BEC) & Cyber Insurance Renewal
TK ELEVATOR CORPORATION,TK ELEVATOR CORPORATION,11011 BROOKLET DR STE 360,HOUSTON,TX,77099,238290,"Construction (General, Civil, Specialty Trades)",Foreign Corporation (Out-of-State),2023-06-07T00:00:00.000,Business Email Compromise (BEC) & Cyber Insurance Renewal
TMG ARCHITECTURAL SOLUTIONS,"TMG ARCHITECTURAL SOLUTIONS, LLC",1220 BLALOCK RD STE 300,HOUSTON,TX,77055,238992,"Construction (General, Civil, Specialty Trades)",Limited Liability Company (LLC),2021-02-03T00:00:00.000,Business Email Compromise (BEC) & Cyber Insurance Renewal
TMLP SERVICES,TMLP SERVICES  LLC,11406 BROOK MEADOW DR,HOUSTON,TX,77089,238212,"Construction (General, Civil, Specialty Trades)",Limited Liability Company (LLC),2022-09-21T00:00:00.000,Business Email Compromise (BEC) & Cyber Insurance Renewal
TMT SOLUTIONS LLC,TMT SOLUTIONS LLC,1717 W 34TH ST # 179,HOUSTON,TX,77018,238160,Roofing Contractors,Corporation / Corporate Entity,2024-08-06T00:00:00.000,Business Email Compromise (BEC) & Cyber Insurance Renewal
TNT,NHUAN DUC NGUYEN,7828 INTREPID ST,HOUSTON,TX,77072,238150,"Construction (General, Civil, Specialty Trades)",Type IS,2004-03-25T00:00:00.000,Business Email Compromise (BEC) & Cyber Insurance Renewal
"TNT CRANE & RIGGING, INC.","TNT CRANE & RIGGING, INC.",925 S LOOP W,HOUSTON,TX,77054,238990,"Construction (General, Civil, Specialty Trades)",Texas Corporation,2011-08-17T00:00:00.000,Business Email Compromise (BEC) & Cyber Insurance Renewal
TNT ELECTRICAL CONTRACTORS,TODD GLANCY BURT,2400 CENTRAL PKWY STE P,HOUSTON,TX,77092,238000,"Construction (General, Civil, Specialty Trades)",Type IS,2000-04-19T00:00:00.000,Business Email Compromise (BEC) & Cyber Insurance Renewal
TOBIN & ROONEY INC,"TOBIN & ROONEY, INC.",5318 GLENMONT DR,HOUSTON,TX,77081,238990,"Construction (General, Civil, Specialty Trades)",Texas Corporation,,Business Email Compromise (BEC) & Cyber Insurance Renewal
"TODAY'S INTEGRATION, INC.","TODAY'S INTEGRATION, INC.",17026 SANDESTINE DR,HOUSTON,TX,77095,238210,Electrical Contractors and Other Wiring Installation,Texas Corporation,2008-02-11T00:00:00.000,Business Email Compromise (BEC) & Cyber Insurance Renewal
"TOM-MAC, INC.","TOM-MAC, INC.",10214 TELEPHONE RD,HOUSTON,TX,77075,238912,"Construction (General, Civil, Specialty Trades)",Texas Corporation,1991-03-13T00:00:00.000,Business Email Compromise (BEC) & Cyber Insurance Renewal
TONY'S AC & HEATING LLC,TONY'S AC & HEATING LLC,13503 CANTERWELL RD,HOUSTON,TX,77047,238220,"Plumbing, Heating, and Air-Conditioning Contractors",Limited Liability Company (LLC),2012-07-11T00:00:00.000,Business Email Compromise (BEC) & Cyber Insurance Renewal
TOP CARE LANDSCAPE SERVICES LLC.,TOP CARE LANDSCAPE SERVICES LLC.,7803 HIGHLAND GLEN DR,HOUSTON,TX,77070,238991,"Construction (General, Civil, Specialty Trades)",Limited Liability Company (LLC),2025-02-19T00:00:00.000,Business Email Compromise (BEC) & Cyber Insurance Renewal
TOP QUALITY AIR DESIGN INC.,TOP QUALITY AIR DESIGN INC.,13603 SABLEGLEN ST,HOUSTON,TX,77014,238220,"Plumbing, Heating, and Air-Conditioning Contractors",Texas Corporation,2025-03-03T00:00:00.000,Business Email Compromise (BEC) & Cyber Insurance Renewal
"TOP QUALITY FLOORING, LLC","TOP QUALITY FLOORING, LLC",7634 GULF FWY STE A,HOUSTON,TX,77017,238330,"Construction (General, Civil, Specialty Trades)",Limited Liability Company (LLC),2020-11-03T00:00:00.000,Business Email Compromise (BEC) & Cyber Insurance Renewal
TOP ROOFING LLC,TOP ROOFING LLC,5521 DARLING ST UNIT A,HOUSTON,TX,77007,238160,Roofing Contractors,Limited Liability Company (LLC),2020-11-17T00:00:00.000,Business Email Compromise (BEC) & Cyber Insurance Renewal
TOP TIER PAINTING LLC,TOP TIER PAINTING LLC,8511 RINN ST,HOUSTON,TX,77078,238320,"Construction (General, Civil, Specialty Trades)",Limited Liability Company (LLC),2025-08-09T00:00:00.000,Business Email Compromise (BEC) & Cyber Insurance Renewal
TORO'S FENCE,"TOROS FENCE, LLC",9911 ARROWGRASS DR,HOUSTON,TX,77064,238990,"Construction (General, Civil, Specialty Trades)",Limited Liability Company (LLC),2024-08-10T00:00:00.000,Business Email Compromise (BEC) & Cyber Insurance Renewal
TOTAL EXPERTS INC,"TOTAL EXPERTS, INC.",8616 DAIRY VIEW LN,HOUSTON,TX,77072,238221,"Construction (General, Civil, Specialty Trades)",Texas Corporation,1995-07-13T00:00:00.000,Business Email Compromise (BEC) & Cyber Insurance Renewal
TOTAL RENTAL CENTER,"GRACE AUSTEN, L.P.",2121 FM 1960 RD,HOUSTON,TX,77073,238910,"Construction (General, Civil, Specialty Trades)",Type PL,2017-01-20T00:00:00.000,Business Email Compromise (BEC) & Cyber Insurance Renewal
"TOTAL TIRE RECYCLING, LLC","TOTAL TIRE RECYCLING, LLC",8521 W MONROE RD,HOUSTON,TX,77061,238990,"Construction (General, Civil, Specialty Trades)",Limited Liability Company (LLC),2023-08-16T00:00:00.000,Business Email Compromise (BEC) & Cyber Insurance Renewal
TOUCHSTONE POOLS INC,TOUCHSTONE POOLS INC,13810 CHAMPION FOREST DR STE 150-A,HOUSTON,TX,77069,238990,"Construction (General, Civil, Specialty Trades)",Texas Corporation,2026-02-24T00:00:00.000,Business Email Compromise (BEC) & Cyber Insurance Renewal
"TOWER PERFORMANCE, LLC","TOWER PERFORMANCE, LLC",8031 AIRPORT BLVD STE 100,HOUSTON,TX,77061,238222,"Construction (General, Civil, Specialty Trades)",Corporation / Corporate Entity,2021-10-26T00:00:00.000,Business Email Compromise (BEC) & Cyber Insurance Renewal
TOWN & COUNTRY NATURAL STONE CARE LLC,TOWN & COUNTRY NATURAL STONE CARE LLC,4202 MORNINGVIEW DR,HOUSTON,TX,77080,238140,"Construction (General, Civil, Specialty Trades)",Limited Liability Company (LLC),2017-05-25T00:00:00.000,Business Email Compromise (BEC) & Cyber Insurance Renewal
TP AIR MECHANICAL LLC,TP AIR MECHANICAL LLC,11619 TAOS LN,HOUSTON,TX,77070,238220,"Plumbing, Heating, and Air-Conditioning Contractors",Limited Liability Company (LLC),2023-03-21T00:00:00.000,Business Email Compromise (BEC) & Cyber Insurance Renewal
TP GLASS,"TP GLASS, LLC",114 WEISENBERGER DR,HOUSTON,TX,77022,238150,"Construction (General, Civil, Specialty Trades)",Limited Liability Company (LLC),2014-03-03T00:00:00.000,Business Email Compromise (BEC) & Cyber Insurance Renewal
"TPI CONSTRUCTION & PAINTING, INC.","TPI CONSTRUCTION & PAINTING, INC.",5225 ALLUM RD,HOUSTON,TX,77045,238320,"Construction (General, Civil, Specialty Trades)",Texas Corporation,2024-10-23T00:00:00.000,Business Email Compromise (BEC) & Cyber Insurance Renewal
TRACTEL INC,TRACTEL INC,2002 KARBACH ST,HOUSTON,TX,77092,238990,"Construction (General, Civil, Specialty Trades)",Foreign Corporation (Out-of-State),2019-03-28T00:00:00.000,Business Email Compromise (BEC) & Cyber Insurance Renewal
TRADITIONAL DESIGNS TEXAS LTD,"TRADITIONAL DESIGNS TEXAS, LTD.",3602 W 12TH ST,HOUSTON,TX,77008,238330,"Construction (General, Civil, Specialty Trades)",Type PL,2005-06-15T00:00:00.000,Business Email Compromise (BEC) & Cyber Insurance Renewal
TRADITIONAL RESTORATION SERVICE,TEOFILO R SALAZAR,12423 LANEVIEW DR,HOUSTON,TX,77070,238990,"Construction (General, Civil, Specialty Trades)",Type IS,2003-05-29T00:00:00.000,Business Email Compromise (BEC) & Cyber Insurance Renewal
"TRAF-TEX, INC.","TRAF-TEX, INC.",8420 HANSEN RD,HOUSTON,TX,77075,238212,"Construction (General, Civil, Specialty Trades)",Texas Corporation,2004-11-08T00:00:00.000,Business Email Compromise (BEC) & Cyber Insurance Renewal
TRANS-AMERICA SECURITY CORPORATION,TRANS-AMERICA SECURITY CORPORATION,731 W TEMPLE ST,HOUSTON,TX,77009,238211,"Construction (General, Civil, Specialty Trades)",Texas Corporation,2001-07-26T00:00:00.000,Business Email Compromise (BEC) & Cyber Insurance Renewal
"TRENCO AIR REFRIGERATION, CORP.","TRENCO AIR REFRIGERATION, CORP.",6804 EASTHAVEN BLVD,HOUSTON,TX,77017,238220,"Plumbing, Heating, and Air-Conditioning Contractors",Texas Corporation,2012-03-07T00:00:00.000,Business Email Compromise (BEC) & Cyber Insurance Renewal
TREVINO ELECTRICAL CONTRACTOR LLC,TREVINO ELECTRICAL CONTRACTOR LLC,10155 ELLA FALLS BLVD,HOUSTON,TX,77038,238210,Electrical Contractors and Other Wiring Installation,Limited Liability Company (LLC),2025-10-14T00:00:00.000,Business Email Compromise (BEC) & Cyber Insurance Renewal
TRI B INTERESTS,"TRI B INTERESTS, INC.",815 WADE HAMPTON DR,HOUSTON,TX,77024,238991,"Construction (General, Civil, Specialty Trades)",Texas Corporation,2016-12-31T00:00:00.000,Business Email Compromise (BEC) & Cyber Insurance Renewal
TRI COUNTY ALLIANCE,"TRI COUNTY ALLIANCE, INC.",16915 CAMBERWELL GREEN LN,HOUSTON,TX,77070,238991,"Construction (General, Civil, Specialty Trades)",Texas Corporation,2011-07-08T00:00:00.000,Business Email Compromise (BEC) & Cyber Insurance Renewal
"TRIANGLE PLASTERING, LTD.","TRIANGLE PLASTERING, LTD.",15740 TUCKERTON RD,HOUSTON,TX,77095,238310,"Construction (General, Civil, Specialty Trades)",Type PL,2014-10-15T00:00:00.000,Business Email Compromise (BEC) & Cyber Insurance Renewal
TRIDENTPRO SERVICES LLC,TRIDENTPRO SERVICES LLC,710 MOSBY CIR,HOUSTON,TX,77007,238210,Electrical Contractors and Other Wiring Installation,Limited Liability Company (LLC),2026-07-25T00:00:00.000,Business Email Compromise (BEC) & Cyber Insurance Renewal
TRIDOM ROOFING,"TRIDOM ROOFING, LLC",1116 W LITTLE YORK RD BLDG 1,HOUSTON,TX,77091,238160,Roofing Contractors,Limited Liability Company (LLC),2025-01-25T00:00:00.000,Business Email Compromise (BEC) & Cyber Insurance Renewal
TRIFECTA FLOORING LLC,TRIFECTA FLOORING LLC,7809 W BELLFORT AVE APT 232,HOUSTON,TX,77071,238330,"Construction (General, Civil, Specialty Trades)",Limited Liability Company (LLC),2024-09-19T00:00:00.000,Business Email Compromise (BEC) & Cyber Insurance Renewal
TRINITY LLC,TRINITY DHK 777 LLC,4813 LARKIN ST,HOUSTON,TX,77007,238340,"Construction (General, Civil, Specialty Trades)",Limited Liability Company (LLC),2009-02-18T00:00:00.000,Business Email Compromise (BEC) & Cyber Insurance Renewal
TRIO ELECTRIC LLC,"TRIO ELECTRIC, LLC",11413 TODD ST,HOUSTON,TX,77055,238210,Electrical Contractors and Other Wiring Installation,Corporation / Corporate Entity,2016-08-17T00:00:00.000,Business Email Compromise (BEC) & Cyber Insurance Renewal
"TRIUMPH CABLING SYSTEMS, L.L.C.","TRIUMPH CABLING SYSTEMS, L.L.C.",10696 HADDINGTON DR STE 120,HOUSTON,TX,77043,238210,Electrical Contractors and Other Wiring Installation,Limited Liability Company (LLC),2012-02-21T00:00:00.000,Business Email Compromise (BEC) & Cyber Insurance Renewal
TRIUMPH PLUMBING SERVICES LLC,TRIUMPH PLUMBING SERVICES LLC,13615 JAYCREST DR,HOUSTON,TX,77037,238220,"Plumbing, Heating, and Air-Conditioning Contractors",Limited Liability Company (LLC),2022-08-30T00:00:00.000,Business Email Compromise (BEC) & Cyber Insurance Renewal
TROCONES' SERVICE / TROKONES AUTO SALES,JOSE P TROCONES,17519 MOSSFOREST DR,HOUSTON,TX,77090,238990,"Construction (General, Civil, Specialty Trades)",Type IS,2026-03-07T00:00:00.000,Business Email Compromise (BEC) & Cyber Insurance Renewal
"TROTTI SERVICE COMPANY, INC.","TROTTI SERVICE COMPANY, INC.",9210 MEADOW VISTA BLVD,HOUSTON,TX,77064,238222,"Construction (General, Civil, Specialty Trades)",Texas Corporation,2007-01-02T00:00:00.000,Business Email Compromise (BEC) & Cyber Insurance Renewal
TRUE INSTALL HOUSTON,WINCO INSTALLATIONS LLC,614 E 10TH 1/2 ST,HOUSTON,TX,77008,238990,"Construction (General, Civil, Specialty Trades)",Limited Liability Company (LLC),2024-12-04T00:00:00.000,Business Email Compromise (BEC) & Cyber Insurance Renewal
TRUEBASE CONSTRUCTION,TRUEBASE CONSTRUCTION LLC,7615 ELM ST,HOUSTON,TX,77023,238291,"Construction (General, Civil, Specialty Trades)",Limited Liability Company (LLC),2025-11-04T00:00:00.000,Business Email Compromise (BEC) & Cyber Insurance Renewal
TRUETECH SERVICES,JORGE ORTEGA,2047 PARK GRAND RD,HOUSTON,TX,77062,238220,"Plumbing, Heating, and Air-Conditioning Contractors",Type IS,2015-07-15T00:00:00.000,Business Email Compromise (BEC) & Cyber Insurance Renewal
TRUEWORKS ROOFING LLC,TRUEWORKS ROOFING LLC,8566 KATY FWY STE 122,HOUSTON,TX,77024,238160,Roofing Contractors,Limited Liability Company (LLC),2022-10-07T00:00:00.000,Business Email Compromise (BEC) & Cyber Insurance Renewal
TRUFLO MECHANICAL LLC,TRUFLO MECHANICAL LLC,7025 W TIDWELL RD STE H-111,HOUSTON,TX,77092,238220,"Plumbing, Heating, and Air-Conditioning Contractors",Limited Liability Company (LLC),2025-09-20T00:00:00.000,Business Email Compromise (BEC) & Cyber Insurance Renewal
TRW MODERNFOLD COMPANY,"T R W MODERNFOLD COMPANY, INC.",14611 SOMMERMEYER ST,HOUSTON,TX,77041,238352,"Construction (General, Civil, Specialty Trades)",Texas Corporation,1992-10-15T00:00:00.000,Business Email Compromise (BEC) & Cyber Insurance Renewal
"TSP SPECIALTY PRODUCTS, LTD.","TSP SPECIALTY PRODUCTS, LTD.",3700 WESTCHASE DR,HOUSTON,TX,77042,238220,"Plumbing, Heating, and Air-Conditioning Contractors",Type PL,2013-05-03T00:00:00.000,Business Email Compromise (BEC) & Cyber Insurance Renewal
TTI,"TODAY'S TELECOMMUNICATIONS INDUSTRIES, L.L.C.",3355 W ALABAMA ST STE 650,HOUSTON,TX,77098,238210,Electrical Contractors and Other Wiring Installation,Limited Liability Company (LLC),2008-05-05T00:00:00.000,Business Email Compromise (BEC) & Cyber Insurance Renewal
TUCKER PLUMBING LLC,TUCKER PLUMBING LLC,8219 COOLSHIRE LN,HOUSTON,TX,77070,238220,"Plumbing, Heating, and Air-Conditioning Contractors",Limited Liability Company (LLC),2025-10-23T00:00:00.000,Business Email Compromise (BEC) & Cyber Insurance Renewal
TURNAROUND PIPING SERVICES,TURNAROUND PIPING SERVICES LLC,9410 BRANTFIELD CT,HOUSTON,TX,77095,238220,"Plumbing, Heating, and Air-Conditioning Contractors",Limited Liability Company (LLC),2026-04-14T00:00:00.000,Business Email Compromise (BEC) & Cyber Insurance Renewal
"TURNER PAVING & CONSTRUCTION, INC.","TURNER PAVING & CONSTRUCTION, INC.",10610 TOWER OAKS BLVD,HOUSTON,TX,77070,238990,"Construction (General, Civil, Specialty Trades)",Texas Corporation,2010-09-01T00:00:00.000,Business Email Compromise (BEC) & Cyber Insurance Renewal
TURNKEY COMMERCIAL CONSTRUCTION,"TURN KEY PAINTING, INC.",10422 ROCKLEY RD,HOUSTON,TX,77099,238320,"Construction (General, Civil, Specialty Trades)",Texas Corporation,2013-08-06T00:00:00.000,Business Email Compromise (BEC) & Cyber Insurance Renewal
"TWC SERVICES, INC.","TWC SERVICES, INC.",1818 FEDERAL RD STE A300,HOUSTON,TX,77015,238220,"Plumbing, Heating, and Air-Conditioning Contractors",Foreign Corporation (Out-of-State),2023-07-15T00:00:00.000,Business Email Compromise (BEC) & Cyber Insurance Renewal
"TWIN SHARKS CONSTRUCTION, INC.","TWIN SHARKS CONSTRUCTION, INC.",12146 BEECHNUT ST,HOUSTON,TX,77072,238991,"Construction (General, Civil, Specialty Trades)",Texas Corporation,2019-01-18T00:00:00.000,Business Email Compromise (BEC) & Cyber Insurance Renewal
"TYCO ELECTRICAL SERVICES, INC.","TYCO ELECTRICAL SERVICES, INC.",2125 JUDIWAY ST,HOUSTON,TX,77018,238210,Electrical Contractors and Other Wiring Installation,Texas Corporation,2018-03-08T00:00:00.000,Business Email Compromise (BEC) & Cyber Insurance Renewal
U S INSTALLATION GROUP INC,U S INSTALLATION GROUP INC,3702 ARC ST,HOUSTON,TX,77063,238331,"Construction (General, Civil, Specialty Trades)",Foreign Corporation (Out-of-State),2026-05-28T00:00:00.000,Business Email Compromise (BEC) & Cyber Insurance Renewal
"U.S.A. SHUTTERS AND BLINDS, INC.","U.S.A. SHUTTERS AND BLINDS, INC.",221 BAKER RD UNIT H1,HOUSTON,TX,77094,238190,"Construction (General, Civil, Specialty Trades)",Texas Corporation,2016-02-22T00:00:00.000,Business Email Compromise (BEC) & Cyber Insurance Renewal
UB CABLING AND TECHNOLOGY,"UB CABLING AND TECHNOLOGY, LLC",10619 WHISPERING MEADOWS TRL,HOUSTON,TX,77064,238210,Electrical Contractors and Other Wiring Installation,Limited Liability Company (LLC),2026-05-16T00:00:00.000,Business Email Compromise (BEC) & Cyber Insurance Renewal
UHD AUDIO VIDEO DESIGN LLC,UHD AUDIO VIDEO DESIGN LLC,1750 OJEMAN RD,HOUSTON,TX,77055,238990,"Construction (General, Civil, Specialty Trades)",Limited Liability Company (LLC),2024-01-05T00:00:00.000,Business Email Compromise (BEC) & Cyber Insurance Renewal
UHD COMMERCIAL TECHNOLOGY SOLUTIONS,UHD COMMERCIAL TECHNOLOGY SOLUTIONS LLC,1750 OJEMAN RD,HOUSTON,TX,77055,238992,"Construction (General, Civil, Specialty Trades)",Limited Liability Company (LLC),2024-01-05T00:00:00.000,Business Email Compromise (BEC) & Cyber Insurance Renewal
UHD DESIGN & CONSTRUCTION SOLUTIONS LLC,UHD DESIGN & CONSTRUCTION SOLUTIONS LLC,1750 OJEMAN RD,HOUSTON,TX,77055,238991,"Construction (General, Civil, Specialty Trades)",Limited Liability Company (LLC),2024-01-05T00:00:00.000,Business Email Compromise (BEC) & Cyber Insurance Renewal
UHD LIGHTING & ELECTRICAL DESIGN LLC,UHD LIGHTING & ELECTRICAL DESIGN LLC,1750 OJEMAN RD,HOUSTON,TX,77055,238990,"Construction (General, Civil, Specialty Trades)",Limited Liability Company (LLC),2024-01-05T00:00:00.000,Business Email Compromise (BEC) & Cyber Insurance Renewal
UHD SECURITY SOLUTIONS LLC,UHD SECURITY SOLUTIONS LLC,1750 OJEMAN RD,HOUSTON,TX,77055,238990,"Construction (General, Civil, Specialty Trades)",Limited Liability Company (LLC),2024-01-05T00:00:00.000,Business Email Compromise (BEC) & Cyber Insurance Renewal
UHD TECHNOLOGY SOLUTIONS LLC,UHD TECHNOLOGY SOLUTIONS LLC,1750 OJEMAN RD,HOUSTON,TX,77055,238990,"Construction (General, Civil, Specialty Trades)",Limited Liability Company (LLC),2024-01-05T00:00:00.000,Business Email Compromise (BEC) & Cyber Insurance Renewal
ULTA BEAUTY,LCP MANUFACTURING LLC,7744 CYPRESS CREEK PKWY,HOUSTON,TX,77070,238290,"Construction (General, Civil, Specialty Trades)",Limited Liability Company (LLC),2025-03-19T00:00:00.000,Business Email Compromise (BEC) & Cyber Insurance Renewal
ULTIMATE COMFORT AC AND HEATING,ULTIMATE COMFORT LLC,2238 S SAM HOUSTON PKWY W,HOUSTON,TX,77047,238220,"Plumbing, Heating, and Air-Conditioning Contractors",Limited Liability Company (LLC),2015-12-01T00:00:00.000,Business Email Compromise (BEC) & Cyber Insurance Renewal
"ULTRA MECHANICAL, INC","ULTRA MECHANICAL, INC",9636 KEEGAN RD STE B,HOUSTON,TX,77099,238220,"Plumbing, Heating, and Air-Conditioning Contractors",Texas Corporation,2019-05-15T00:00:00.000,Business Email Compromise (BEC) & Cyber Insurance Renewal
"UNI GLASS HOUSTON, LLC","UNI GLASS HOUSTON, LLC",1440 HOPPER RD,HOUSTON,TX,77093,238150,"Construction (General, Civil, Specialty Trades)",Limited Liability Company (LLC),2023-02-09T00:00:00.000,Business Email Compromise (BEC) & Cyber Insurance Renewal
"UNIFY ENERGY SOLUTIONS, LLC","UNIFY ENERGY SOLUTIONS, LLC",13221 LOCKWOOD RD STE 108,HOUSTON,TX,77044,238210,Electrical Contractors and Other Wiring Installation,Limited Liability Company (LLC),2026-06-03T00:00:00.000,Business Email Compromise (BEC) & Cyber Insurance Renewal
UNIK FENCE,JOSE L ROSAS,16519 DOUNREAY DR,HOUSTON,TX,77084,238990,"Construction (General, Civil, Specialty Trades)",Type IS,2026-08-19T00:00:00.000,Business Email Compromise (BEC) & Cyber Insurance Renewal
"UNION GUNITE, LLC","UNION GUNITE, LLC",15840 FM 529 RD STE 210,HOUSTON,TX,77095,238991,"Construction (General, Civil, Specialty Trades)",Limited Liability Company (LLC),2024-03-22T00:00:00.000,Business Email Compromise (BEC) & Cyber Insurance Renewal
"UNIQUE OUTDOOR, LLC","UNIQUE OUTDOOR, LLC",11320 FM 529 RD STE H,HOUSTON,TX,77041,238211,"Construction (General, Civil, Specialty Trades)",Limited Liability Company (LLC),2012-09-24T00:00:00.000,Business Email Compromise (BEC) & Cyber Insurance Renewal
UNISTRUT INTERNATIONAL CORPORATION,UNISTRUT INTERNATIONAL CORPORATION,10235 W LITTLE YORK RD STE 161,HOUSTON,TX,77040,238132,"Construction (General, Civil, Specialty Trades)",Foreign Corporation (Out-of-State),2007-02-06T00:00:00.000,Business Email Compromise (BEC) & Cyber Insurance Renewal
UNITED CSH CORPORATION,UNITED CSH CORPORATION,11205 MAIN ST STE 116,HOUSTON,TX,77025,238210,Electrical Contractors and Other Wiring Installation,Texas Corporation,2018-12-12T00:00:00.000,Business Email Compromise (BEC) & Cyber Insurance Renewal
UNITED GARAGE DOORS LLC,UNITED GARAGE DOOR LLC,4201 MAIN ST STE 200,HOUSTON,TX,77002,238290,"Construction (General, Civil, Specialty Trades)",Limited Liability Company (LLC),2026-01-07T00:00:00.000,Business Email Compromise (BEC) & Cyber Insurance Renewal
"UNITED MASONRY, INC.","UNITED MASONRY, INC.",29549 LOOP 494,HOUSTON,TX,77339,238142,"Construction (General, Civil, Specialty Trades)",Texas Corporation,2025-12-19T00:00:00.000,Business Email Compromise (BEC) & Cyber Insurance Renewal
"UNIVERSAL DIABETES REVERSAL, INC.","TANUQI GLOBAL, INC.",5723 STAR LN,HOUSTON,TX,77057,238210,Electrical Contractors and Other Wiring Installation,Texas Corporation,2014-12-18T00:00:00.000,Business Email Compromise (BEC) & Cyber Insurance Renewal
UNIVERSAL GRINDING,"UNIVERSAL GRINDING SERVICE, INC.",5230 HARTWICK RD,HOUSTON,TX,77093,238192,"Construction (General, Civil, Specialty Trades)",Texas Corporation,2019-10-28T00:00:00.000,Business Email Compromise (BEC) & Cyber Insurance Renewal
"UNIVERSAL MARINE ELECTRIC, INC.","UNIVERSAL MARINE ELECTRIC, INC.",5826 CHESWOOD ST,HOUSTON,TX,77087,238212,"Construction (General, Civil, Specialty Trades)",Texas Corporation,2019-11-22T00:00:00.000,Business Email Compromise (BEC) & Cyber Insurance Renewal
"UNIVERSAL SHEET METAL, INC.","UNIVERSAL SHEET METAL, INC.",124 W LORINO ST,HOUSTON,TX,77037,238171,"Construction (General, Civil, Specialty Trades)",Texas Corporation,2000-08-21T00:00:00.000,Business Email Compromise (BEC) & Cyber Insurance Renewal
UNIVERSAL STAINLESS STEEL MFG & SUPPLY CO,A-MRC CORP.,715 BROOKS ST,HOUSTON,TX,77009,238390,"Construction (General, Civil, Specialty Trades)",Texas Corporation,2011-10-15T00:00:00.000,Business Email Compromise (BEC) & Cyber Insurance Renewal
UNLIMITED KUSTOMZ,"UNLIMITED KUSTOMZ, LLC",9280 CYPRESS CREEK PKWY,HOUSTON,TX,77070,238210,Electrical Contractors and Other Wiring Installation,Limited Liability Company (LLC),2025-12-12T00:00:00.000,Business Email Compromise (BEC) & Cyber Insurance Renewal
UP KEEP PRESERVATION SERVICES,ALEXANDER B MARIN,7016 HEMLOCK ST,HOUSTON,TX,77087,238990,"Construction (General, Civil, Specialty Trades)",Type IS,2018-12-04T00:00:00.000,Business Email Compromise (BEC) & Cyber Insurance Renewal
UPLAND LANDSCAPE CONSTRUCTION LLC,UPLAND LANDSCAPE CONSTRUCTION LLC,7710 CHERRY PARK DR,HOUSTON,TX,77095,238140,"Construction (General, Civil, Specialty Trades)",Limited Liability Company (LLC),2012-07-06T00:00:00.000,Business Email Compromise (BEC) & Cyber Insurance Renewal
UR NAME ON IT,"K.E.S., INC.",2315 HOSKINS DR,HOUSTON,TX,77080,238212,"Construction (General, Civil, Specialty Trades)",Texas Corporation,2013-07-18T00:00:00.000,Business Email Compromise (BEC) & Cyber Insurance Renewal
URBAN CONSTRUCTORS INC,"URBAN CONSTRUCTORS, INC.",14219 ASTON ST,HOUSTON,TX,77040,238392,"Construction (General, Civil, Specialty Trades)",Texas Corporation,1998-03-02T00:00:00.000,Business Email Compromise (BEC) & Cyber Insurance Renewal
"URE ROOFER, INC.","URE ROOFER, INC.",10218 PERIDOT CV,HOUSTON,TX,77095,238160,Roofing Contractors,Texas Corporation,2017-06-21T00:00:00.000,Business Email Compromise (BEC) & Cyber Insurance Renewal
"USIG HOUSTON, INC.","USIG HOUSTON, INC.",3702 ARC ST,HOUSTON,TX,77063,238330,"Construction (General, Civil, Specialty Trades)",Foreign Corporation (Out-of-State),2026-05-28T00:00:00.000,Business Email Compromise (BEC) & Cyber Insurance Renewal
"USPMC, LLC","TXPMC, LLC",1929 SUMMER ST,HOUSTON,TX,77007,238992,"Construction (General, Civil, Specialty Trades)",Limited Liability Company (LLC),2016-04-15T00:00:00.000,Business Email Compromise (BEC) & Cyber Insurance Renewal
V CONSTRUCTION,AMAYA CONSTRUCTION INC,9507 DEEP VALLEY DR,HOUSTON,TX,77044,238990,"Construction (General, Civil, Specialty Trades)",Texas Corporation,2006-02-17T00:00:00.000,Business Email Compromise (BEC) & Cyber Insurance Renewal
V. R. MANUFACTURING CORPORATION,V. R. MANUFACTURING CORPORATION,8714 GALVESTON RD,HOUSTON,TX,77034,238130,"Construction (General, Civil, Specialty Trades)",Texas Corporation,2017-09-11T00:00:00.000,Business Email Compromise (BEC) & Cyber Insurance Renewal
VALENTI CARPENTRY,VALENTI CARPENTRY LLC,11319 MARRS DR,HOUSTON,TX,77065,238350,"Construction (General, Civil, Specialty Trades)",Limited Liability Company (LLC),2021-08-05T00:00:00.000,Business Email Compromise (BEC) & Cyber Insurance Renewal
VANEK & ASSOCIATES,DAVID A VANEK,15931 SIGNAL CREEK DR,HOUSTON,TX,77095,238990,"Construction (General, Civil, Specialty Trades)",Type IS,2003-08-13T00:00:00.000,Business Email Compromise (BEC) & Cyber Insurance Renewal
VANTAGE COMMERCIAL CONSTRUCTION LLC,VANTAGE COMMERCIAL CONSTRUCTION LLC,13722 LAKEWOOD FOREST OFFICE PARK DR,HOUSTON,TX,77070,238992,"Construction (General, Civil, Specialty Trades)",Limited Liability Company (LLC),2023-12-15T00:00:00.000,Business Email Compromise (BEC) & Cyber Insurance Renewal
VEAZEY,"VEAZEY ENTERPRISES, INC.",7133 APPLETON ST,HOUSTON,TX,77022,238342,"Construction (General, Civil, Specialty Trades)",Texas Corporation,1999-05-31T00:00:00.000,Business Email Compromise (BEC) & Cyber Insurance Renewal
"VECTOR SPECTRUM HOUSTON HOLDINGS, LLC","VECTOR SPECTRUM HOUSTON HOLDINGS, LLC",713 BRADFIELD RD,HOUSTON,TX,77060,238990,"Construction (General, Civil, Specialty Trades)",Corporation / Corporate Entity,2026-01-10T00:00:00.000,Business Email Compromise (BEC) & Cyber Insurance Renewal
"VEGA CONSTRUCTION SERVICES, LLC",VEGA CONSTRUCTION SERVICES LLC,7025 W TIDWELL RD STE H-100,HOUSTON,TX,77092,238352,"Construction (General, Civil, Specialty Trades)",Limited Liability Company (LLC),2024-11-15T00:00:00.000,Business Email Compromise (BEC) & Cyber Insurance Renewal
VEITCO A/C & HEATING CO,"J. & F. MANUFACTURING CO., INC",10627 MILLS CUT ST,HOUSTON,TX,77070,238221,"Construction (General, Civil, Specialty Trades)",Texas Corporation,1988-11-10T00:00:00.000,Business Email Compromise (BEC) & Cyber Insurance Renewal
VEJORE SOLAR,VEJORE LLC,14307 NORHILL POINTE DR,HOUSTON,TX,77044,238210,Electrical Contractors and Other Wiring Installation,Limited Liability Company (LLC),2024-07-13T00:00:00.000,Business Email Compromise (BEC) & Cyber Insurance Renewal
VELASCO GLASS & MIRRORS LLC,VELASCO GLASS & MIRRORS LLC,6010 W 34TH ST STE A,HOUSTON,TX,77092,238150,"Construction (General, Civil, Specialty Trades)",Limited Liability Company (LLC),2020-03-31T00:00:00.000,Business Email Compromise (BEC) & Cyber Insurance Renewal
VELAZQUEZ GLASS LLC,VELAZQUEZ GLASS LLC,6010 W 34TH ST STE OYG,HOUSTON,TX,77092,238150,"Construction (General, Civil, Specialty Trades)",Limited Liability Company (LLC),2026-08-26T00:00:00.000,Business Email Compromise (BEC) & Cyber Insurance Renewal
VERACITY NDT,JASON MILLER,13319 WHITE IBIS DR,HOUSTON,TX,77044,238292,"Construction (General, Civil, Specialty Trades)",Type IS,2021-05-11T00:00:00.000,Business Email Compromise (BEC) & Cyber Insurance Renewal
VERDENT PATIOS LLC,VERDANT PATIOS LLC,10850 HAMMERLY BLVD APT 374,HOUSTON,TX,77043,238990,"Construction (General, Civil, Specialty Trades)",Limited Liability Company (LLC),2026-05-20T00:00:00.000,Business Email Compromise (BEC) & Cyber Insurance Renewal
"VERO ELECTRICAL SERVICES, LLC","VERO ELECTRICAL SERVICES, LLC",10159 WINDFERN RD,HOUSTON,TX,77064,238210,Electrical Contractors and Other Wiring Installation,Limited Liability Company (LLC),2019-11-01T00:00:00.000,Business Email Compromise (BEC) & Cyber Insurance Renewal
VERSATILE OFFICE INTERIORS,VERSATILE OFFICE INTERIORS LLC,7026 OLD KATY RD STE 300,HOUSTON,TX,77024,238330,"Construction (General, Civil, Specialty Trades)",Limited Liability Company (LLC),2025-06-30T00:00:00.000,Business Email Compromise (BEC) & Cyber Insurance Renewal
"VETERAN GARAGE DOOR, LLC","VETERAN GARAGE DOOR, LLC",7040 LAKEVIEW HAVEN DR STE 136,HOUSTON,TX,77095,238350,"Construction (General, Civil, Specialty Trades)",Limited Liability Company (LLC),2022-08-10T00:00:00.000,Business Email Compromise (BEC) & Cyber Insurance Renewal
"VETERAN GARAGE DOOR, LLC","VETERAN GARAGE DOOR, LLC",5750 ROYALTON ST STE C,HOUSTON,TX,77081,238350,"Construction (General, Civil, Specialty Trades)",Limited Liability Company (LLC),2022-08-10T00:00:00.000,Business Email Compromise (BEC) & Cyber Insurance Renewal
VGR SERVICES,VGR SERVICES LLC,5423 LAKE PLACE DR,HOUSTON,TX,77041,238330,"Construction (General, Civil, Specialty Trades)",Limited Liability Company (LLC),2020-03-11T00:00:00.000,Business Email Compromise (BEC) & Cyber Insurance Renewal
VICTAMEX LLC,VICTAMEX LLC,13822 KENSINGTON PL,HOUSTON,TX,77034,238992,"Construction (General, Civil, Specialty Trades)",Limited Liability Company (LLC),2025-04-30T00:00:00.000,Business Email Compromise (BEC) & Cyber Insurance Renewal
VIDTEC SERVICES LLC,VIDTEC SERVICES LLC,10134 HOLLYVINE LN,HOUSTON,TX,77089,238992,"Construction (General, Civil, Specialty Trades)",Limited Liability Company (LLC),2026-06-12T00:00:00.000,Business Email Compromise (BEC) & Cyber Insurance Renewal
VIFER CARPET SERVICES,"VIFER SERVICES, INC.",4302 DAYCO ST,HOUSTON,TX,77092,238330,"Construction (General, Civil, Specialty Trades)",Texas Corporation,2017-12-22T00:00:00.000,Business Email Compromise (BEC) & Cyber Insurance Renewal
"VIKING FENCE COMPANY, LTD.","VIKING FENCE COMPANY, LTD.",10814 E HARDY RD,HOUSTON,TX,77093,238992,"Construction (General, Civil, Specialty Trades)",Type PL,2017-11-27T00:00:00.000,Business Email Compromise (BEC) & Cyber Insurance Renewal
VILLAGE PLUMBING AND AIR,"ARCHIMEDES, LLC",10644 W LITTLE YORK RD STE 200,HOUSTON,TX,77041,238221,"Construction (General, Civil, Specialty Trades)",Limited Liability Company (LLC),2023-07-06T00:00:00.000,Business Email Compromise (BEC) & Cyber Insurance Renewal
VILLANOS DRYWALL CORPORATION,VILLANOS DRYWALL CORPORATION,6808 SIDNEY ST,HOUSTON,TX,77021,238310,"Construction (General, Civil, Specialty Trades)",Texas Corporation,2024-11-21T00:00:00.000,Business Email Compromise (BEC) & Cyber Insurance Renewal
VILLEGAS WELDING AND FABRICATION LLC,VILLEGAS WELDING AND FABRICATION LLC,920 NUECES ST,HOUSTON,TX,77012,238121,"Construction (General, Civil, Specialty Trades)",Limited Liability Company (LLC),2026-07-16T00:00:00.000,Business Email Compromise (BEC) & Cyber Insurance Renewal
VIMARK SERVICES INC,"VIMARK SERVICES, INC.",213 W ECHO GLEN DR,HOUSTON,TX,77076,238222,"Construction (General, Civil, Specialty Trades)",Texas Corporation,2001-10-12T00:00:00.000,Business Email Compromise (BEC) & Cyber Insurance Renewal
VINDOV & GLASS,MMT GROUP LLC,10612 HEMPSTEAD RD STE G,HOUSTON,TX,77092,238150,"Construction (General, Civil, Specialty Trades)",Limited Liability Company (LLC),2024-07-30T00:00:00.000,Business Email Compromise (BEC) & Cyber Insurance Renewal
"VINEYARD WINE CELLARS, LP","VINEYARD WINE CELLARS, LP",7026 OLD KATY RD STE 154B,HOUSTON,TX,77024,238990,"Construction (General, Civil, Specialty Trades)",Type PL,2025-12-12T00:00:00.000,Business Email Compromise (BEC) & Cyber Insurance Renewal
"VINSON CORROSION CONTROL SERVICE, INC.","VINSON CORROSION CONTROL SERVICE, INC.",6720 SATSUMA DR,HOUSTON,TX,77041,238991,"Construction (General, Civil, Specialty Trades)",Texas Corporation,1999-02-09T00:00:00.000,Business Email Compromise (BEC) & Cyber Insurance Renewal
VIP PLUMBING,"SPIVEY ENTERPRISES, INC.",7728 LONG POINT RD # 214,HOUSTON,TX,77055,238990,"Construction (General, Civil, Specialty Trades)",Texas Corporation,2005-01-26T00:00:00.000,Business Email Compromise (BEC) & Cyber Insurance Renewal
VISION AIR COOLING & HEATING LLC,VISION AIR COOLING & HEATING LLC,1434 CYPRESS PKWY,HOUSTON,TX,77090,238221,"Construction (General, Civil, Specialty Trades)",Limited Liability Company (LLC),2026-02-05T00:00:00.000,Business Email Compromise (BEC) & Cyber Insurance Renewal
"VISIONQUEST, INC.","VISIONQUEST, INC.",2323 CLEAR LAKE CITY BLVD STE 180-120,HOUSTON,TX,77062,238210,Electrical Contractors and Other Wiring Installation,Texas Corporation,2025-06-20T00:00:00.000,Business Email Compromise (BEC) & Cyber Insurance Renewal
VISTA AIR SERVICES,"VISTA AIR SERVICES, INC.",5425 BROOKFIELD DR,HOUSTON,TX,77045,238212,"Construction (General, Civil, Specialty Trades)",Texas Corporation,1986-08-28T00:00:00.000,Business Email Compromise (BEC) & Cyber Insurance Renewal
VISTA SIGNS & MORE,MARCOS MEDEROS,710 N WILLOW DR,HOUSTON,TX,77073,238210,Electrical Contractors and Other Wiring Installation,Type IS,2024-04-05T00:00:00.000,Business Email Compromise (BEC) & Cyber Insurance Renewal
VIVAS COMMERCIAL INTERIORS,VIVAS COMMERCIAL INTERIORS LLC,5205 SPINDLE DR,HOUSTON,TX,77086,238320,"Construction (General, Civil, Specialty Trades)",Limited Liability Company (LLC),2025-10-21T00:00:00.000,Business Email Compromise (BEC) & Cyber Insurance Renewal
"VM GOLF SERVICES, INC.","VM GOLF SERVICES, INC.",12345 JONES RD STE 260,HOUSTON,TX,77070,238912,"Construction (General, Civil, Specialty Trades)",Texas Corporation,2018-03-20T00:00:00.000,Business Email Compromise (BEC) & Cyber Insurance Renewal
VOLTAGE ELECTRIC LLC,VOLTAGE ELECTRIC LLC,11422 GRAYWOOD DR,HOUSTON,TX,77089,238210,Electrical Contractors and Other Wiring Installation,Limited Liability Company (LLC),2012-09-28T00:00:00.000,Business Email Compromise (BEC) & Cyber Insurance Renewal
"VORTEX COLORADO, LLC","VORTEX COLORADO, LLC",19424 PARK ROW STE 102,HOUSTON,TX,77084,238290,"Construction (General, Civil, Specialty Trades)",Corporation / Corporate Entity,2025-04-15T00:00:00.000,Business Email Compromise (BEC) & Cyber Insurance Renewal
"VORTEX COLORADO, LLC","VORTEX COLORADO, LLC",11707 S SAM HOUSTON PKWY W STE K,HOUSTON,TX,77031,238290,"Construction (General, Civil, Specialty Trades)",Corporation / Corporate Entity,2016-08-25T00:00:00.000,Business Email Compromise (BEC) & Cyber Insurance Renewal
"VORTEX COLORADO, LLC","VORTEX COLORADO, LLC",5656 N SAM HOUSTON PKWY E STE 120,HOUSTON,TX,77032,238290,"Construction (General, Civil, Specialty Trades)",Corporation / Corporate Entity,2022-11-01T00:00:00.000,Business Email Compromise (BEC) & Cyber Insurance Renewal
VORTEX PLUMBING INC,"VORTEX PLUMBING, INC.",1140 LUMPKIN RD UNIT 71011,HOUSTON,TX,77043,238221,"Construction (General, Civil, Specialty Trades)",Texas Corporation,2001-01-18T00:00:00.000,Business Email Compromise (BEC) & Cyber Insurance Renewal
VOSSLER PLUMBING COMPANY,"GLV INTERESTS, INC.",6117 MILWEE ST STE D,HOUSTON,TX,77092,238220,"Plumbing, Heating, and Air-Conditioning Contractors",Texas Corporation,2026-01-23T00:00:00.000,Business Email Compromise (BEC) & Cyber Insurance Renewal
VXZ CONSTRUCTION INC,VXZ CONSTRUCTION INC,12850 EDGEWOOD PARK DR,HOUSTON,TX,77038,238991,"Construction (General, Civil, Specialty Trades)",Texas Corporation,2018-05-11T00:00:00.000,Business Email Compromise (BEC) & Cyber Insurance Renewal
W & W OVERHEAD DOOR CO,KATHIE ANN WILSON,9042 LONG POINT RD,HOUSTON,TX,77055,238990,"Construction (General, Civil, Specialty Trades)",Type IS,2007-01-26T00:00:00.000,Business Email Compromise (BEC) & Cyber Insurance Renewal
W ELAM PLUMBING COMPANY,WESLEY ELAM,9019 BRANDON ST,HOUSTON,TX,77051,238000,"Construction (General, Civil, Specialty Trades)",Type IS,1990-12-20T00:00:00.000,Business Email Compromise (BEC) & Cyber Insurance Renewal
"W-E MANUFACTURING & CONTROLS, INC.","W-E MANUFACTURING & CONTROLS, INC.",5535 HARVEY WILSON DR,HOUSTON,TX,77020,238990,"Construction (General, Civil, Specialty Trades)",Texas Corporation,2005-03-16T00:00:00.000,Business Email Compromise (BEC) & Cyber Insurance Renewal
"W. S. COATINGS, INC.","W. S. COATINGS, INC.",5233 SCHURMIER RD,HOUSTON,TX,77048,238322,"Construction (General, Civil, Specialty Trades)",Texas Corporation,2010-05-19T00:00:00.000,Business Email Compromise (BEC) & Cyber Insurance Renewal
"WAKEFIELD AV & CABLING, LLC","WAKEFIELD AV & CABLING, LLC",4430 PINEMONT DR,HOUSTON,TX,77018,238210,Electrical Contractors and Other Wiring Installation,Limited Liability Company (LLC),2019-01-25T00:00:00.000,Business Email Compromise (BEC) & Cyber Insurance Renewal
"WALKER ENGINEERING, INC.","WALKER ENGINEERING, INC.",7761 W LITTLE YORK RD,HOUSTON,TX,77040,238210,Electrical Contractors and Other Wiring Installation,Texas Corporation,2018-02-14T00:00:00.000,Business Email Compromise (BEC) & Cyber Insurance Renewal
"WALKER INDUSTRIAL, LLC","WALKER INDUSTRIAL, LLC",7701 W LITTLE YORK RD STE 100,HOUSTON,TX,77040,238212,"Construction (General, Civil, Specialty Trades)",Limited Liability Company (LLC),2015-03-16T00:00:00.000,Business Email Compromise (BEC) & Cyber Insurance Renewal
WATER PROFESSIONAL TREATMENT,RAUL H RODRIGUEZ,1919 W KIRKWOOD RD,HOUSTON,TX,77077,238220,"Plumbing, Heating, and Air-Conditioning Contractors",Type IS,2026-07-23T00:00:00.000,Business Email Compromise (BEC) & Cyber Insurance Renewal
"WATER STRATEGY, LLC","WATER STRATEGY, LLC",1730 SAXON DR,HOUSTON,TX,77018,238990,"Construction (General, Civil, Specialty Trades)",Limited Liability Company (LLC),2020-05-21T00:00:00.000,Business Email Compromise (BEC) & Cyber Insurance Renewal
"WATER'S EDGE OUTDDOR LIVING, LLC","WATER'S EDGE OUTDOOR LIVING, LLC",1850 HOLLISTER ST,HOUSTON,TX,77080,238990,"Construction (General, Civil, Specialty Trades)",Limited Liability Company (LLC),2015-03-09T00:00:00.000,Business Email Compromise (BEC) & Cyber Insurance Renewal
WATTEDGE LIGHTING LLC,WATTEDGE LIGHTING LLC,1415 NORTH LOOP W STE 660D,HOUSTON,TX,77008,238210,Electrical Contractors and Other Wiring Installation,Limited Liability Company (LLC),2025-10-08T00:00:00.000,Business Email Compromise (BEC) & Cyber Insurance Renewal
WATTS POOL COMPANY,WATTS POOL COMPANY,11150 OLD KATY RD,HOUSTON,TX,77043,238990,"Construction (General, Civil, Specialty Trades)",Texas Corporation,1987-12-03T00:00:00.000,Business Email Compromise (BEC) & Cyber Insurance Renewal
WAVE GRANITE & MARBLE INC,WAVE GRANITE & MARBLE INC,14415 FM 529 RD,HOUSTON,TX,77095,238340,"Construction (General, Civil, Specialty Trades)",Texas Corporation,2019-10-17T00:00:00.000,Business Email Compromise (BEC) & Cyber Insurance Renewal
WAVE GRANITE & MARBLE INC,WAVE GRANITE & MARBLE INC,1413 BRITTMOORE RD,HOUSTON,TX,77043,238140,"Construction (General, Civil, Specialty Trades)",Texas Corporation,2026-01-08T00:00:00.000,Business Email Compromise (BEC) & Cyber Insurance Renewal
WAY ENGINEERING LTD.,WAY ENGINEERING LTD.,8610 WALLISVILLE RD,HOUSTON,TX,77029,238220,"Plumbing, Heating, and Air-Conditioning Contractors",Type PL,2017-01-17T00:00:00.000,Business Email Compromise (BEC) & Cyber Insurance Renewal
"WAY-TECH, INC.","WAY-TECH, INC.",11910 TRICKEY RD,HOUSTON,TX,77067,238390,"Construction (General, Civil, Specialty Trades)",Texas Corporation,2007-05-24T00:00:00.000,Business Email Compromise (BEC) & Cyber Insurance Renewal
"WAYNE ELECTRIC, INC.","WAYNE ELECTRIC, INC.",11910 TRICKEY RD,HOUSTON,TX,77067,238210,Electrical Contractors and Other Wiring Installation,Texas Corporation,2005-04-12T00:00:00.000,Business Email Compromise (BEC) & Cyber Insurance Renewal
"WBC ELECTRIC, LLC","WBC ELECTRIC, LLC",11665 FUQUA ST STE C301A,HOUSTON,TX,77034,238210,Electrical Contractors and Other Wiring Installation,Limited Liability Company (LLC),2016-10-07T00:00:00.000,Business Email Compromise (BEC) & Cyber Insurance Renewal
WBERRIOS INC.,WBERRIOS INC.,15013 ALMEDA SCHOOL RD,HOUSTON,TX,77047,238220,"Plumbing, Heating, and Air-Conditioning Contractors",Texas Corporation,2021-03-12T00:00:00.000,Business Email Compromise (BEC) & Cyber Insurance Renewal
"WEATHERCOAT, INC.","WEATHERCOAT, INC.",40 CYPRESS CREEK PKWY STE 490,HOUSTON,TX,77090,238322,"Construction (General, Civil, Specialty Trades)",Foreign Corporation (Out-of-State),2015-09-11T00:00:00.000,Business Email Compromise (BEC) & Cyber Insurance Renewal
WEBB OVERHEAD DOORS,RAY A WEBB,4115 LARK LN,HOUSTON,TX,77025,238130,"Construction (General, Civil, Specialty Trades)",Type IS,2002-04-16T00:00:00.000,Business Email Compromise (BEC) & Cyber Insurance Renewal
WELDING SQUAD TX,"WELDING SQUAD TX, LLC",3100 JEANETTA ST APT 904,HOUSTON,TX,77063,238190,"Construction (General, Civil, Specialty Trades)",Limited Liability Company (LLC),2024-12-07T00:00:00.000,Business Email Compromise (BEC) & Cyber Insurance Renewal
"WEST SIDE DRYWALL INVESTMENTS, INC.","WEST SIDE DRYWALL INVESTMENTS, INC.",21706 HIGHWAY 290,HOUSTON,TX,77040,238311,"Construction (General, Civil, Specialty Trades)",Texas Corporation,1994-09-30T00:00:00.000,Business Email Compromise (BEC) & Cyber Insurance Renewal
"WESTAIR AIR CONDITIONING AND HEATING, INC.","WESTAIR AIR CONDITIONING AND HEATING, INC.",9230 KEOUGH RD STE 400,HOUSTON,TX,77040,238221,"Construction (General, Civil, Specialty Trades)",Texas Corporation,2020-04-01T00:00:00.000,Business Email Compromise (BEC) & Cyber Insurance Renewal
WESTERN STATE FIRE PROTECTION CO,API GROUP LIFE SAFETY USA LLC,4456 CAMPBELL RD,HOUSTON,TX,77041,238220,"Plumbing, Heating, and Air-Conditioning Contractors",Corporation / Corporate Entity,2007-03-19T00:00:00.000,Business Email Compromise (BEC) & Cyber Insurance Renewal
"WESTERN SYSTEMS, INC.","WESTERN SYSTEMS, INC.",5414 WILEY RD,HOUSTON,TX,77016,238210,Electrical Contractors and Other Wiring Installation,Texas Corporation,2013-09-25T00:00:00.000,Business Email Compromise (BEC) & Cyber Insurance Renewal
WESTERN WATERPROOFING COMPANY OF AMERICA,WESTERN WATERPROOFING COMPANY OF AMERICA,5728 CLAREWOOD DR,HOUSTON,TX,77081,238391,"Construction (General, Civil, Specialty Trades)",Foreign Corporation (Out-of-State),1988-01-12T00:00:00.000,Business Email Compromise (BEC) & Cyber Insurance Renewal
WESTERN WATERPROOFING COMPANY OF AMERICA,WESTERN WATERPROOFING COMPANY OF AMERICA,5728 CLAREWOOD,HOUSTON,TX,77081,238391,"Construction (General, Civil, Specialty Trades)",Foreign Corporation (Out-of-State),2012-11-19T00:00:00.000,Business Email Compromise (BEC) & Cyber Insurance Renewal
WESTGREEN HOUSTON TURF,"WESTGREEN HOUSTON TURF, LLC",5762 S ACRES DR,HOUSTON,TX,77048,238990,"Construction (General, Civil, Specialty Trades)",Limited Liability Company (LLC),2024-09-18T00:00:00.000,Business Email Compromise (BEC) & Cyber Insurance Renewal
"WESTWOOD FENCE CO., INC.","WESTWOOD FENCE CO., INC.",8403 HOWTON ST,HOUSTON,TX,77028,238990,"Construction (General, Civil, Specialty Trades)",Texas Corporation,2010-06-10T00:00:00.000,Business Email Compromise (BEC) & Cyber Insurance Renewal
WHIT'S ELECTRIC SUPPLY COMPANY INC,"WHIT'S ELECTRIC SUPPLY COMPANY, INC.",10903 CULLEN BLVD,HOUSTON,TX,77047,238210,Electrical Contractors and Other Wiring Installation,Texas Corporation,2009-03-27T00:00:00.000,Business Email Compromise (BEC) & Cyber Insurance Renewal
WHITMAN'S CONTRACTING & ROOFING,"WHITMANS RESTORATION, LLC",2429 BISSONNET ST STE 568,HOUSTON,TX,77005,238160,Roofing Contractors,Limited Liability Company (LLC),2024-10-16T00:00:00.000,Business Email Compromise (BEC) & Cyber Insurance Renewal
WHO CONDUIT LLC,WHO CONDUIT LLC,9916 BROOKLET DR,HOUSTON,TX,77099,238211,"Construction (General, Civil, Specialty Trades)",Limited Liability Company (LLC),2018-05-22T00:00:00.000,Business Email Compromise (BEC) & Cyber Insurance Renewal
"WILCOX ELECTRIC CONTRACTING, LLC","WILCOX ELECTRIC CONTRACTING, LLC",8406 MOSLEY RD STE A,HOUSTON,TX,77075,238210,Electrical Contractors and Other Wiring Installation,Limited Liability Company (LLC),2018-08-16T00:00:00.000,Business Email Compromise (BEC) & Cyber Insurance Renewal
WILLIAM DEWLEN AV LLC,WILLIAM DEWLEN AV LLC,4275 BETHEL BLVD,HOUSTON,TX,77092,238990,"Construction (General, Civil, Specialty Trades)",Limited Liability Company (LLC),2022-07-21T00:00:00.000,Business Email Compromise (BEC) & Cyber Insurance Renewal
WILLIAMS CONTRACTOR SERVICES,"BUILDER SERVICES GROUP, INC.",4930 CRANSWICK RD,HOUSTON,TX,77041,238310,"Construction (General, Civil, Specialty Trades)",Foreign Corporation (Out-of-State),2014-01-31T00:00:00.000,Business Email Compromise (BEC) & Cyber Insurance Renewal
WILLIAMS INSULATION,"BUILDER SERVICES GROUP, INC.",7600 BOWIE ST,HOUSTON,TX,77012,238310,"Construction (General, Civil, Specialty Trades)",Foreign Corporation (Out-of-State),2014-01-31T00:00:00.000,Business Email Compromise (BEC) & Cyber Insurance Renewal
WILLIE Z MAINTENANCE SERVICE HVAC,WILLIE Z MCCULLOUGH JR,3010 SPARROW ST,HOUSTON,TX,77051,238220,"Plumbing, Heating, and Air-Conditioning Contractors",Type IS,2024-02-09T00:00:00.000,Business Email Compromise (BEC) & Cyber Insurance Renewal
"WINDOW CITY, LLC","WINDOW CITY, LLC",15206 BENTRIDGE DR,HOUSTON,TX,77044,238191,"Construction (General, Civil, Specialty Trades)",Limited Liability Company (LLC),2025-07-30T00:00:00.000,Business Email Compromise (BEC) & Cyber Insurance Renewal
WINDOW WORLD OF HOUSTON,"WINDOW WORLD OF BATON ROUGE, LLC",10540 BISSONNET ST STE 150,HOUSTON,TX,77099,238151,"Construction (General, Civil, Specialty Trades)",Corporation / Corporate Entity,2018-12-19T00:00:00.000,Business Email Compromise (BEC) & Cyber Insurance Renewal
"WINGFOOT HOLDINGS, LLC","WINGFOOT HOLDINGS, LLC",1807 HEATHER COVE CT,HOUSTON,TX,77062,238910,"Construction (General, Civil, Specialty Trades)",Corporation / Corporate Entity,2025-08-08T00:00:00.000,Business Email Compromise (BEC) & Cyber Insurance Renewal
WIRED ELECTRICAL SERVICES,"WIRED ELECTRICAL SERVICES, INC.",2316 BAUER DR,HOUSTON,TX,77080,238210,Electrical Contractors and Other Wiring Installation,Texas Corporation,2005-12-21T00:00:00.000,Business Email Compromise (BEC) & Cyber Insurance Renewal
WIRED WORLD TECNOLOGIES INCORPORATED,"WIRED WORLD TECHNOLOGIES, INCORPORATED",3508 EAST TC JESTER,HOUSTON,TX,77018,238211,"Construction (General, Civil, Specialty Trades)",Texas Corporation,2000-10-20T00:00:00.000,Business Email Compromise (BEC) & Cyber Insurance Renewal
"WISENBAKER BUILDER SERVICES, INC.","WISENBAKER BUILDER SERVICES, INC.",1703 WESTFIELD LOOP RD,HOUSTON,TX,77073,238330,"Construction (General, Civil, Specialty Trades)",Texas Corporation,2015-07-23T00:00:00.000,Business Email Compromise (BEC) & Cyber Insurance Renewal
"WISENBAKER BUILDER SERVICES, INC.","WISENBAKER BUILDER SERVICES, INC.",1020 BAMMEL RD,HOUSTON,TX,77073,238330,"Construction (General, Civil, Specialty Trades)",Texas Corporation,2025-03-26T00:00:00.000,Business Email Compromise (BEC) & Cyber Insurance Renewal
"WISENBAKER KITCHENS, FLOOR AND MORE","WISENBAKER BUILDER SERVICES, INC.",10110 W SAM HOUSTON PKWY N,HOUSTON,TX,77064,238330,"Construction (General, Civil, Specialty Trades)",Texas Corporation,2007-07-16T00:00:00.000,Business Email Compromise (BEC) & Cyber Insurance Renewal
"WISENBAKER KITCHENS, FLOOR AND MORE","WISENBAKER BUILDER SERVICES, INC.",14323 REEVESTON RD,HOUSTON,TX,77039,238330,"Construction (General, Civil, Specialty Trades)",Texas Corporation,2008-03-21T00:00:00.000,Business Email Compromise (BEC) & Cyber Insurance Renewal
"WISENBAKER RENOVATIONS, LTD.","WISENBAKER RENOVATIONS, LTD.",1703 WESTFIELD LOOP RD,HOUSTON,TX,77073,238991,"Construction (General, Civil, Specialty Trades)",Type PL,2015-02-13T00:00:00.000,Business Email Compromise (BEC) & Cyber Insurance Renewal
WISHBONE WELDING LLC,WISHBONE WELDING LLC,3301 JENSEN DR,HOUSTON,TX,77026,238990,"Construction (General, Civil, Specialty Trades)",Limited Liability Company (LLC),2022-01-11T00:00:00.000,Business Email Compromise (BEC) & Cyber Insurance Renewal
"WISON PETROCHEMICALS (NA), LLC","WISON USA, LLC",2925 BRIARPARK DR STE 675,HOUSTON,TX,77042,238120,"Construction (General, Civil, Specialty Trades)",Limited Liability Company (LLC),2017-09-26T00:00:00.000,Business Email Compromise (BEC) & Cyber Insurance Renewal
WONG A/C,KOON P WONG,10830 BELLAIRE BLVD,HOUSTON,TX,77072,238220,"Plumbing, Heating, and Air-Conditioning Contractors",Type IS,2016-01-22T00:00:00.000,Business Email Compromise (BEC) & Cyber Insurance Renewal
WOOD CONSTRUCTION SERVICES,"CIELO CONCRETE, LLC",9303 RHYTHM LN,HOUSTON,TX,77040,238191,"Construction (General, Civil, Specialty Trades)",Limited Liability Company (LLC),2023-10-14T00:00:00.000,Business Email Compromise (BEC) & Cyber Insurance Renewal
WOOD ELECTRICAL SERVICES,"WOOD ELECTRICAL SERVICES, INC.",3099 ANTOINE DR,HOUSTON,TX,77092,238212,"Construction (General, Civil, Specialty Trades)",Texas Corporation,1988-10-13T00:00:00.000,Business Email Compromise (BEC) & Cyber Insurance Renewal
WORLD SAT COMMUNICATIONS,YEN KHOUANNMUONG,9010 MAUNA LOA LN,HOUSTON,TX,77040,238210,Electrical Contractors and Other Wiring Installation,Type IS,2018-08-07T00:00:00.000,Business Email Compromise (BEC) & Cyber Insurance Renewal
WRC ELECTRICAL SERVICES LLC,WRC ELECTRICAL SERVICES LLC,17710 MOSSFOREST DR,HOUSTON,TX,77090,238210,Electrical Contractors and Other Wiring Installation,Limited Liability Company (LLC),2026-05-05T00:00:00.000,Business Email Compromise (BEC) & Cyber Insurance Renewal
XPERT INSTALLS,"SAISSA, L.L.C.",15707 BELLAIRE BLVD STE 38,HOUSTON,TX,77083,238290,"Construction (General, Civil, Specialty Trades)",Limited Liability Company (LLC),2014-12-16T00:00:00.000,Business Email Compromise (BEC) & Cyber Insurance Renewal
XSY LED LIGHTING CORP,XSY LED LIGHTING CORP,14453 HILLCROFT ST STE 250,HOUSTON,TX,77085,238210,Electrical Contractors and Other Wiring Installation,Texas Corporation,2023-06-09T00:00:00.000,Business Email Compromise (BEC) & Cyber Insurance Renewal
XTRA LEASE INC,XTRA LEASE LLC,130 MCCARTY ST,HOUSTON,TX,77029,238900,"Construction (General, Civil, Specialty Trades)",Corporation / Corporate Entity,2003-08-26T00:00:00.000,Business Email Compromise (BEC) & Cyber Insurance Renewal
XTREME AUDIO & VIDEO LLC.,XTREME AUDIO & VIDEO LLC.,6029 SOUTH LOOP E,HOUSTON,TX,77033,238210,Electrical Contractors and Other Wiring Installation,Limited Liability Company (LLC),2018-09-28T00:00:00.000,Business Email Compromise (BEC) & Cyber Insurance Renewal
"YAR BUILDERS, LLC","YAR BUILDERS, LLC",17226 BAMWOOD DR,HOUSTON,TX,77090,238990,"Construction (General, Civil, Specialty Trades)",Limited Liability Company (LLC),2020-09-18T00:00:00.000,Business Email Compromise (BEC) & Cyber Insurance Renewal
YARDON HOMES BUILDER LLC,YORDAN HOMES BUILDER LLC,13502 NORTHBOROUGH DR APT 602,HOUSTON,TX,77067,238991,"Construction (General, Civil, Specialty Trades)",Limited Liability Company (LLC),2026-08-18T00:00:00.000,Business Email Compromise (BEC) & Cyber Insurance Renewal
"YBARRA'S REAL ESTATE SERVICES, LLC","YBARRA'S REAL ESTATE SERVICES, LLC",1208 CALUMET ST,HOUSTON,TX,77004,238320,"Construction (General, Civil, Specialty Trades)",Limited Liability Company (LLC),2017-06-21T00:00:00.000,Business Email Compromise (BEC) & Cyber Insurance Renewal
"YOUNG & SONS DRYWALL, L.P.","YOUNG & SONS DRYWALL, L.P.",1527 ANTOINE DR,HOUSTON,TX,77055,238310,"Construction (General, Civil, Specialty Trades)",Type PL,2010-10-18T00:00:00.000,Business Email Compromise (BEC) & Cyber Insurance Renewal
YOUNG ELECTRICAL SERVICES INC,"YOUNG ELECTRICAL SERVICES, INC.",10612 HEMPSTEAD RD STE H,HOUSTON,TX,77092,238212,"Construction (General, Civil, Specialty Trades)",Texas Corporation,2004-08-31T00:00:00.000,Business Email Compromise (BEC) & Cyber Insurance Renewal
YOUNG LEE PLUMBING CO INC,"YOUNG LEE PLUMBING CO., INC.",14518 HEMPSTEAD RD STE 4S,HOUSTON,TX,77040,238220,"Plumbing, Heating, and Air-Conditioning Contractors",Texas Corporation,2007-10-15T00:00:00.000,Business Email Compromise (BEC) & Cyber Insurance Renewal
YOUR TANKLESS FLUSH & CLEAN SERVICES LLC,YOUR TANKLESS FLUSH & CLEAN SERVICES LLC,6648 STEARNS ST,HOUSTON,TX,77021,238220,"Plumbing, Heating, and Air-Conditioning Contractors",Limited Liability Company (LLC),2025-02-19T00:00:00.000,Business Email Compromise (BEC) & Cyber Insurance Renewal
"YP POWERHOUSE, LLC","YP POWERHOUSE, LLC",5326 INDIAN SHORES LN,HOUSTON,TX,77041,238210,Electrical Contractors and Other Wiring Installation,Limited Liability Company (LLC),2023-03-10T00:00:00.000,Business Email Compromise (BEC) & Cyber Insurance Renewal
ZACHRY-ODEBRECHT PARKWAY BUILDERS,ZACHRY-ODEBRECHT PARKWAY BUILDERS,222 PENNBRIGHT DR STE 300,HOUSTON,TX,77090,238190,"Construction (General, Civil, Specialty Trades)",Type PV,2014-01-23T00:00:00.000,Business Email Compromise (BEC) & Cyber Insurance Renewal
"ZC PRO SERVICES, LLC","ZC PRO SERVICES, LLC",5518 CHESHIRE LN,HOUSTON,TX,77092,238220,"Plumbing, Heating, and Air-Conditioning Contractors",Limited Liability Company (LLC),2020-12-05T00:00:00.000,Business Email Compromise (BEC) & Cyber Insurance Renewal
ZENAIR SOLUTIONS LLC,ZENAIR SOLUTIONS LLC,12215 AMANDA MDWS,HOUSTON,TX,77089,238220,"Plumbing, Heating, and Air-Conditioning Contractors",Limited Liability Company (LLC),2025-05-02T00:00:00.000,Business Email Compromise (BEC) & Cyber Insurance Renewal
ZEUS ELECTRIC,ZEUS ELECTRICAL L.L.C.,9607 COAHUILA ST,HOUSTON,TX,77013,238210,Electrical Contractors and Other Wiring Installation,Limited Liability Company (LLC),2026-08-05T00:00:00.000,Business Email Compromise (BEC) & Cyber Insurance Renewal
ZHIHE GLOBAL INC,ZHIHE GLOBAL INC,1250 W SAM HOUSTON PKWY S STE 819,HOUSTON,TX,77042,238290,"Construction (General, Civil, Specialty Trades)",Texas Corporation,2026-06-17T00:00:00.000,Business Email Compromise (BEC) & Cyber Insurance Renewal
ZIP ELECTRIC LLC,ZIP ELECTRIC LLC,8614 TWISTING VINE LN,HOUSTON,TX,77040,238210,Electrical Contractors and Other Wiring Installation,Limited Liability Company (LLC),2021-02-10T00:00:00.000,Business Email Compromise (BEC) & Cyber Insurance Renewal
ZOLO AIR,MANUEL TERAN,7302 DEW MIST LN,HOUSTON,TX,77095,238220,"Plumbing, Heating, and Air-Conditioning Contractors",Type IS,2006-05-23T00:00:00.000,Business Email Compromise (BEC) & Cyber Insurance Renewal
ZOOM DRAIN,H TOWN TRD HERDERS LLC,827 W 34TH ST,HOUSTON,TX,77018,238220,"Plumbing, Heating, and Air-Conditioning Contractors",Limited Liability Company (LLC),2025-12-19T00:00:00.000,Business Email Compromise (BEC) & Cyber Insurance Renewal
ZORRO AUTO GLASS,"ZORRO AUTO GLASS, LLC",12711 FUQUA ST STE 108,HOUSTON,TX,77034,238150,"Construction (General, Civil, Specialty Trades)",Limited Liability Company (LLC),2022-08-16T00:00:00.000,Business Email Compromise (BEC) & Cyber Insurance Renewal
