Business / DBA Name,Legal Entity Name,Street Address,City,State,ZIP Code,NAICS Code,Industry Category,Entity Type,Permit Issue Date,MSSP Regulatory Sales Hook
1ST RATE INSPECTIONS,1ST RATE INSPECTIONS LLC.,9630 CANNOCK CHASE DR,HOUSTON,TX,77065,541350,"Professional, Scientific, and Technical Services (Legal, Accounting, IT)",Limited Liability Company (LLC),2023-11-20T00:00:00.000,CMMC 2.0 / Proprietary CAD & IP Protection
"2H OFFSHORE, INC.","2H OFFSHORE, INC.",15990 N BARKERS LANDING RD STE 200,HOUSTON,TX,77079,541330,Engineering Services,Foreign Corporation (Out-of-State),2013-10-16T00:00:00.000,CMMC 2.0 / Proprietary CAD & IP Protection
2I'S LLC,2I'S LLC,8320 MILLET ST,HOUSTON,TX,77012,541330,Engineering Services,Limited Liability Company (LLC),2025-03-17T00:00:00.000,CMMC 2.0 / Proprietary CAD & IP Protection
3D MACHINE WORKS,DOWNHOLE INNOVATIONS LLC,12703 BRANT ROCK DR,HOUSTON,TX,77082,541330,Engineering Services,Limited Liability Company (LLC),2023-12-04T00:00:00.000,CMMC 2.0 / Proprietary CAD & IP Protection
"4D NAV, LLC","4D NAV, LLC",1680 W SAM HOUSTON PKWY N,HOUSTON,TX,77043,541370,"Professional, Scientific, and Technical Services (Legal, Accounting, IT)",Limited Liability Company (LLC),2022-09-13T00:00:00.000,CMMC 2.0 / Proprietary CAD & IP Protection
"4M PROCESS SOLUTIONS, LLC","4M PROCESS SOLUTIONS, LLC",945 W 17TH ST,HOUSTON,TX,77008,541330,Engineering Services,Limited Liability Company (LLC),2022-05-25T00:00:00.000,CMMC 2.0 / Proprietary CAD & IP Protection
5203 WERNER,"COMPEAN DESIGN STUDIO, LLC",5203 WERNER ST,HOUSTON,TX,77022,541310,"Professional, Scientific, and Technical Services (Legal, Accounting, IT)",Limited Liability Company (LLC),2025-04-02T00:00:00.000,CMMC 2.0 / Proprietary CAD & IP Protection
"823 DRAFTING STUDIO, LLC","823 DRAFTING STUDIO, LLC",6511 MYRTLE ST,HOUSTON,TX,77087,541340,"Professional, Scientific, and Technical Services (Legal, Accounting, IT)",Limited Liability Company (LLC),2019-07-23T00:00:00.000,CMMC 2.0 / Proprietary CAD & IP Protection
A & D MACHINING SERVICE LLC,A & D MACHINING SERVICE LLC,6717 MCGREW ST,HOUSTON,TX,77087,541330,Engineering Services,Limited Liability Company (LLC),2025-09-02T00:00:00.000,CMMC 2.0 / Proprietary CAD & IP Protection
"A & S ENGINEERS, INC.","A & S ENGINEERS, INC.",10377 STELLA LINK RD,HOUSTON,TX,77025,541330,Engineering Services,Texas Corporation,2024-10-12T00:00:00.000,CMMC 2.0 / Proprietary CAD & IP Protection
"A J'S LANDSCAPING & DESIGN, INC.","A J'S LANDSCAPING & DESIGN, INC.",1223 W 21ST ST,HOUSTON,TX,77008,541320,"Professional, Scientific, and Technical Services (Legal, Accounting, IT)",Texas Corporation,2025-06-04T00:00:00.000,CMMC 2.0 / Proprietary CAD & IP Protection
"A&D ENGINEERING, LLC","A&D ENGINEERING, LLC",209 FRAWLEY ST,HOUSTON,TX,77009,541330,Engineering Services,Limited Liability Company (LLC),2018-01-17T00:00:00.000,CMMC 2.0 / Proprietary CAD & IP Protection
A&M ARCHITECTURAL GLASS INC,A&M ARCHITECTURAL GLASS INC,5505 BRYSTONE DR,HOUSTON,TX,77041,541330,Engineering Services,Texas Corporation,2018-05-02T00:00:00.000,CMMC 2.0 / Proprietary CAD & IP Protection
"ABCO SUBSEA, LLC","ABCO SUBSEA, LLC",7108 W LITTLE YORK RD,HOUSTON,TX,77040,541330,Engineering Services,Limited Liability Company (LLC),2015-02-24T00:00:00.000,CMMC 2.0 / Proprietary CAD & IP Protection
ABSG CONSULTING INC,ABSG CONSULTING INC.,16855 NORTHCHASE DR,HOUSTON,TX,77060,541330,Engineering Services,Foreign Corporation (Out-of-State),2007-04-20T00:00:00.000,CMMC 2.0 / Proprietary CAD & IP Protection
ABSOLUTELY OUTDOORS,"HHP DESIGN GROUP, LLC",21175 STATE HIGHWAY 249 # 410,HOUSTON,TX,77070,541320,"Professional, Scientific, and Technical Services (Legal, Accounting, IT)",Limited Liability Company (LLC),2022-05-25T00:00:00.000,CMMC 2.0 / Proprietary CAD & IP Protection
ACE ENGINEERING AMERICA INC.,ACE ENGINEERING AMERICA INC.,100 GLENBOROUGH DR STE 805,HOUSTON,TX,77067,541330,Engineering Services,Foreign Corporation (Out-of-State),2026-07-01T00:00:00.000,CMMC 2.0 / Proprietary CAD & IP Protection
ACET SOLUTIONS LLC,ACET SOLUTIONS LLC,1400 BROADFIELD BLVD STE 200,HOUSTON,TX,77084,541330,Engineering Services,Limited Liability Company (LLC),2021-12-13T00:00:00.000,CMMC 2.0 / Proprietary CAD & IP Protection
ACTION SURVEYING,ACTION SURVEYING LLC,10210 FUQUA ST,HOUSTON,TX,77089,541370,"Professional, Scientific, and Technical Services (Legal, Accounting, IT)",Limited Liability Company (LLC),2015-08-22T00:00:00.000,CMMC 2.0 / Proprietary CAD & IP Protection
ACTIVE INDUSTRIAL FIRE PROTECTION LLC,ACTIVE INDUSTRIAL FIRE PROTECTION LLC,13100 WORTHAM CENTER DR FL 3,HOUSTON,TX,77065,541340,"Professional, Scientific, and Technical Services (Legal, Accounting, IT)",Limited Liability Company (LLC),2024-05-31T00:00:00.000,CMMC 2.0 / Proprietary CAD & IP Protection
ADVANCE SURVEYING INC,"ADVANCE SURVEYING, INC.",10518 KIPP WAY DR # 1B,HOUSTON,TX,77099,541370,"Professional, Scientific, and Technical Services (Legal, Accounting, IT)",Texas Corporation,2006-06-13T00:00:00.000,CMMC 2.0 / Proprietary CAD & IP Protection
"ADVANCED TRAFFIC SOLUTIONS, LLC","ADVANCED TRAFFIC SOLUTIONS, LLC",3505 SAGE RD UNIT 2309,HOUSTON,TX,77056,541330,Engineering Services,Limited Liability Company (LLC),2015-09-09T00:00:00.000,CMMC 2.0 / Proprietary CAD & IP Protection
AE PROJECTS LLC,AE PROJECTS LLC,4213A KOEHLER ST,HOUSTON,TX,77007,541340,"Professional, Scientific, and Technical Services (Legal, Accounting, IT)",Limited Liability Company (LLC),2018-07-05T00:00:00.000,CMMC 2.0 / Proprietary CAD & IP Protection
AEA ARCHITECTS,AEA ARCHITECTS,3411 BRIMWOOD DR,HOUSTON,TX,77068,541310,"Professional, Scientific, and Technical Services (Legal, Accounting, IT)",Type PI,2019-03-29T00:00:00.000,CMMC 2.0 / Proprietary CAD & IP Protection
AEROSITE SOLUTIONS,AEROSITE SOLUTIONS LLC,2410 QUIVER LN,HOUSTON,TX,77067,541370,"Professional, Scientific, and Technical Services (Legal, Accounting, IT)",Limited Liability Company (LLC),2026-06-23T00:00:00.000,CMMC 2.0 / Proprietary CAD & IP Protection
AEROTECH P & K HOUSTON,"EUROFINS AEROTECH BUILT ENVIRONMENT TESTING, LLC",6310 ROTHWAY STREET,HOUSTON,TX,77040,541380,"Professional, Scientific, and Technical Services (Legal, Accounting, IT)",Corporation / Corporate Entity,2005-04-27T00:00:00.000,CMMC 2.0 / Proprietary CAD & IP Protection
"AFFILIATED ENGINEERS, INC.","AFFILIATED ENGINEERS, INC.",1 GREENWAY PLZ STE 150,HOUSTON,TX,77046,541330,Engineering Services,Foreign Corporation (Out-of-State),2010-08-12T00:00:00.000,CMMC 2.0 / Proprietary CAD & IP Protection
AFFINITY POWER SYSTEMS LLC,AFFINITY POWER SYSTEMS LLC,5750 N SAM HOUSTON PKWY E STE 811,HOUSTON,TX,77032,541330,Engineering Services,Limited Liability Company (LLC),2013-10-04T00:00:00.000,CMMC 2.0 / Proprietary CAD & IP Protection
AFTON GLOBAL SUPPLY LLC,AFTON GLOBAL SUPPLY LLC,12000 BARRYKNOLL LN APT 839,HOUSTON,TX,77024,541330,Engineering Services,Limited Liability Company (LLC),2025-10-23T00:00:00.000,CMMC 2.0 / Proprietary CAD & IP Protection
AHK SOLUTIONS LLC,AHK SOLUTIONS LLC,1095 BRITTMOORE RD APT 2223,HOUSTON,TX,77043,541330,Engineering Services,Limited Liability Company (LLC),2025-02-19T00:00:00.000,CMMC 2.0 / Proprietary CAD & IP Protection
"AI ENGINEERS & INNOVATORS, LLC.","AI ENGINEERS & INNOVATORS, LLC.",5711 LACY ST,HOUSTON,TX,77007,541330,Engineering Services,Limited Liability Company (LLC),2026-09-03T00:00:00.000,CMMC 2.0 / Proprietary CAD & IP Protection
AIK GLOBAL INC,AIK GLOBAL INC,6201 BONHOMME RD STE 454S,HOUSTON,TX,77036,541330,Engineering Services,Texas Corporation,2025-10-08T00:00:00.000,CMMC 2.0 / Proprietary CAD & IP Protection
AIKEN ENGINEERING COMPANY,AIKEN ENGINEERING COMPANY,9720 CYPRESSWOOD DR STE 226,HOUSTON,TX,77070,541330,Engineering Services,Texas Corporation,2018-10-23T00:00:00.000,CMMC 2.0 / Proprietary CAD & IP Protection
AIR LIQUIDE GLOBAL E&C SOLUTIONS US INC,AIR LIQUIDE GLOBAL E&C SOLUTIONS US INC.,9811 KATY FWY STE 100,HOUSTON,TX,77024,541330,Engineering Services,Foreign Corporation (Out-of-State),2025-07-01T00:00:00.000,CMMC 2.0 / Proprietary CAD & IP Protection
"ALLIANCE LABORATORIES, INC.","ALLIANCE LABORATORIES, INC.",5650 GUHN RD STE 118,HOUSTON,TX,77040,541380,"Professional, Scientific, and Technical Services (Legal, Accounting, IT)",Texas Corporation,2011-02-10T00:00:00.000,CMMC 2.0 / Proprietary CAD & IP Protection
"ALLIANCE PROCESS PARTNERS, LLC","ALLIANCE PROCESS PARTNERS, LLC",3657 BRIARPARK DR,HOUSTON,TX,77042,541310,"Professional, Scientific, and Technical Services (Legal, Accounting, IT)",Corporation / Corporate Entity,2009-04-07T00:00:00.000,CMMC 2.0 / Proprietary CAD & IP Protection
ALLIE'S TECHNICAL SERVICES,CRISTI ANN RAYMUNDO,7327 BOYSENBERRY LN,HOUSTON,TX,77095,541380,"Professional, Scientific, and Technical Services (Legal, Accounting, IT)",Type IS,2015-09-30T00:00:00.000,CMMC 2.0 / Proprietary CAD & IP Protection
"ALS GROUP USA, CORP.","ALS GROUP USA, CORP.",10450 STANCLIFF RD STE 210,HOUSTON,TX,77099,541380,"Professional, Scientific, and Technical Services (Legal, Accounting, IT)",Texas Corporation,2006-07-27T00:00:00.000,CMMC 2.0 / Proprietary CAD & IP Protection
"AMANI ENGINEERING, INC.","AMANI ENGINEERING, INC.",11011 RICHMOND AVE STE 700,HOUSTON,TX,77042,541330,Engineering Services,Texas Corporation,2023-05-15T00:00:00.000,CMMC 2.0 / Proprietary CAD & IP Protection
AMENTUM TECHNOLOGY INC,"AMENTUM TECHNOLOGY, INC.",2224 BAY AREA BLVD,HOUSTON,TX,77058,541330,Engineering Services,Foreign Corporation (Out-of-State),2024-03-04T00:00:00.000,CMMC 2.0 / Proprietary CAD & IP Protection
"AMOG CONSULTING, INC.","AMOG CONSULTING, INC.",770 S POST OAK LN STE 310,HOUSTON,TX,77056,541330,Engineering Services,Texas Corporation,2011-05-03T00:00:00.000,CMMC 2.0 / Proprietary CAD & IP Protection
AMROAMP HOUSTON,SPRINGHORN BROTHERS LLC,10226 GEORGIBELLE DR # H3,HOUSTON,TX,77043,541310,"Professional, Scientific, and Technical Services (Legal, Accounting, IT)",Limited Liability Company (LLC),2026-07-22T00:00:00.000,CMMC 2.0 / Proprietary CAD & IP Protection
AMY E SULLIVAN DESIGN,AMY ELIZABETH SULLIVAN,5210 CANAL ST,HOUSTON,TX,77011,541320,"Professional, Scientific, and Technical Services (Legal, Accounting, IT)",Type IS,2018-12-14T00:00:00.000,CMMC 2.0 / Proprietary CAD & IP Protection
ANDERSON & ASSOCIATES INC,"ANDERSON & ASSOCIATES, INC.",919 FM 1959 RD,HOUSTON,TX,77034,541380,"Professional, Scientific, and Technical Services (Legal, Accounting, IT)",Texas Corporation,1997-11-17T00:00:00.000,CMMC 2.0 / Proprietary CAD & IP Protection
ANGEL'S ROCKS AND FOSSILS,"HYDRAULIC FRACTURING GROUP, LLC",12918 MALCOMSON RD,HOUSTON,TX,77070,541330,Engineering Services,Limited Liability Company (LLC),2023-12-29T00:00:00.000,CMMC 2.0 / Proprietary CAD & IP Protection
ANYBOTICS INC.,ANYBOTICS INC.,11826 WATERDANCE LN,HOUSTON,TX,77095,541330,Engineering Services,Foreign Corporation (Out-of-State),2026-08-13T00:00:00.000,CMMC 2.0 / Proprietary CAD & IP Protection
ARAMCO SERVICES COMPANY,ARAMCO DOWNSTREAM AMERICAS COMPANY,1200 SMITH ST,HOUSTON,TX,77002,541330,Engineering Services,Foreign Corporation (Out-of-State),2020-05-13T00:00:00.000,CMMC 2.0 / Proprietary CAD & IP Protection
ARCADIS INC.,ARCADIS INC.,2929 BRIARPARK DR STE 215,HOUSTON,TX,77042,541330,Engineering Services,Foreign Corporation (Out-of-State),2025-06-12T00:00:00.000,CMMC 2.0 / Proprietary CAD & IP Protection
"ARCADIS U.S., INC.","ARCADIS U.S., INC.",2929 BRIARPARK DR STE 215,HOUSTON,TX,77042,541330,Engineering Services,Foreign Corporation (Out-of-State),2007-04-19T00:00:00.000,CMMC 2.0 / Proprietary CAD & IP Protection
"ARCREALM STUDIO, LLC.","ARCREALM STUDIO, LLC.",5915 GLENNEYRE LN,HOUSTON,TX,77084,541310,"Professional, Scientific, and Technical Services (Legal, Accounting, IT)",Limited Liability Company (LLC),2009-08-24T00:00:00.000,CMMC 2.0 / Proprietary CAD & IP Protection
"ARES DRONES, LLC","ARES DRONES, LLC",1880 S DAIRY ASHFORD RD STE 207 PMB 349,HOUSTON,TX,77077,541370,"Professional, Scientific, and Technical Services (Legal, Accounting, IT)",Limited Liability Company (LLC),2025-11-15T00:00:00.000,CMMC 2.0 / Proprietary CAD & IP Protection
"ARTSCAPE, LLC","ARTSCAPE, LLC",8427 BLUEGATE ST,HOUSTON,TX,77025,541320,"Professional, Scientific, and Technical Services (Legal, Accounting, IT)",Limited Liability Company (LLC),2022-08-27T00:00:00.000,CMMC 2.0 / Proprietary CAD & IP Protection
ARYA MECHANICAL,ARYA MECHANICAL INC,10022 PINE FOREST RD,HOUSTON,TX,77042,541330,Engineering Services,Texas Corporation,2021-01-08T00:00:00.000,CMMC 2.0 / Proprietary CAD & IP Protection
"ASCEND AUTOMATION & CONTROLS, LLC","ASCEND AUTOMATION & CONTROLS, LLC",9009 JACKRABBIT RD,HOUSTON,TX,77095,541330,Engineering Services,Corporation / Corporate Entity,2025-06-09T00:00:00.000,CMMC 2.0 / Proprietary CAD & IP Protection
ASPIRE & HONE LLC,ASPIRE & HONE LLC,1300 W SAM HOUSTON PKWY S STE 100,HOUSTON,TX,77042,541340,"Professional, Scientific, and Technical Services (Legal, Accounting, IT)",Limited Liability Company (LLC),2022-05-20T00:00:00.000,CMMC 2.0 / Proprietary CAD & IP Protection
ATA ASSOCIATES INC,"A.T.A. ASSOCIATES, INC.",1301 GEMINI ST,HOUSTON,TX,77058,541330,Engineering Services,Texas Corporation,1997-11-20T00:00:00.000,CMMC 2.0 / Proprietary CAD & IP Protection
ATLAS TECHNICAL CONSULTANTS LLC,ATLAS TECHNICAL CONSULTANTS LLC,5225 KATY FWY STE 400,HOUSTON,TX,77007,541350,"Professional, Scientific, and Technical Services (Legal, Accounting, IT)",Corporation / Corporate Entity,2024-08-19T00:00:00.000,CMMC 2.0 / Proprietary CAD & IP Protection
ATLAS TECHNICAL CONSULTANTS LLC,ATLAS TECHNICAL CONSULTANTS LLC,15740 PARK ROW STE 200,HOUSTON,TX,77084,541350,"Professional, Scientific, and Technical Services (Legal, Accounting, IT)",Corporation / Corporate Entity,2024-08-19T00:00:00.000,CMMC 2.0 / Proprietary CAD & IP Protection
"ATLAS TECHNOLOGY CONSULTING & MANAGEMENT, LLC","ATLAS TECHNOLOGY CONSULTING & MANAGEMENT, LLC",2339 COMMERCE ST STE 118,HOUSTON,TX,77002,541330,Engineering Services,Limited Liability Company (LLC),2022-03-12T00:00:00.000,CMMC 2.0 / Proprietary CAD & IP Protection
ATLAS TURBINE SERVICES,"ATLAS TURBINE SERVICES, INC.",5506 BARON OAKS CT,HOUSTON,TX,77069,541330,Engineering Services,Texas Corporation,2025-08-25T00:00:00.000,CMMC 2.0 / Proprietary CAD & IP Protection
ATTICUS ARCHITECTURE INC,"ATTICUS ARCHITECTURE, INC.",2444 TIMES BLVD STE 236H,HOUSTON,TX,77005,541310,"Professional, Scientific, and Technical Services (Legal, Accounting, IT)",Texas Corporation,2002-11-20T00:00:00.000,CMMC 2.0 / Proprietary CAD & IP Protection
"ATWELL, LLC","ATWELL, LLC",11451 KATY FWY STE 505,HOUSTON,TX,77079,541330,Engineering Services,Corporation / Corporate Entity,2019-08-01T00:00:00.000,CMMC 2.0 / Proprietary CAD & IP Protection
"AUDUBON ENGINEERING COMPANY, L.P.","AUDUBON ENGINEERING COMPANY, L.P.",3505 W SAM HOUSTON PKWY N STE 150,HOUSTON,TX,77043,541330,Engineering Services,Type PL,2025-11-19T00:00:00.000,CMMC 2.0 / Proprietary CAD & IP Protection
AUDUBON ENGINEERING OPERATIONS,"AUDUBON COMPANIES, LLC",3505 W SAM HOUSTON PKWY N STE 150,HOUSTON,TX,77043,541330,Engineering Services,Limited Liability Company (LLC),2026-04-16T00:00:00.000,CMMC 2.0 / Proprietary CAD & IP Protection
AUDUBON FIELD SOLUTIONS,"AUDUBON FIELD SOLUTIONS, LLC",10205 WESTHEIMER RD STE 100,HOUSTON,TX,77042,541330,Engineering Services,Corporation / Corporate Entity,2016-07-15T00:00:00.000,CMMC 2.0 / Proprietary CAD & IP Protection
"AUSTIN EXPLORATION, INCORPORATED","AUSTIN EXPLORATION, INCORPORATED",1655 TOWNHURST DR STE 100,HOUSTON,TX,77043,541360,"Professional, Scientific, and Technical Services (Legal, Accounting, IT)",Texas Corporation,2026-07-30T00:00:00.000,CMMC 2.0 / Proprietary CAD & IP Protection
AUTOMATION NATION INC,"AUTOMATION NATION, INC.",1109 HAWTHORNE ST,HOUSTON,TX,77006,541330,Engineering Services,Texas Corporation,2004-07-13T00:00:00.000,CMMC 2.0 / Proprietary CAD & IP Protection
"AUTOMATION SUPPLY AND ENGINEERING, INC.","AUTOMATION SUPPLY AND ENGINEERING, INC.",8809 FAIRBANKS N HOUSTON RD,HOUSTON,TX,77064,541330,Engineering Services,Texas Corporation,2017-10-05T00:00:00.000,CMMC 2.0 / Proprietary CAD & IP Protection
"AV DESIGN STUDIO, LLC","AV DESIGN STUDIO, LLC",9757 PINE LAKE DR APT 3096,HOUSTON,TX,77055,541310,"Professional, Scientific, and Technical Services (Legal, Accounting, IT)",Limited Liability Company (LLC),2023-04-22T00:00:00.000,CMMC 2.0 / Proprietary CAD & IP Protection
"AW HODGE, INC.","AW HODGE, INC.",13107 BARRYKNOLL LN,HOUSTON,TX,77079,541330,Engineering Services,Texas Corporation,2020-01-28T00:00:00.000,CMMC 2.0 / Proprietary CAD & IP Protection
"AXENS NORTH AMERICA, INC.","AXENS NORTH AMERICA, INC.",13501 KATY FWY STE 3800,HOUSTON,TX,77079,541330,Engineering Services,Foreign Corporation (Out-of-State),2025-07-24T00:00:00.000,CMMC 2.0 / Proprietary CAD & IP Protection
AYANSTR,AYANSTR LLC,13810 ROSEBRANCH CT,HOUSTON,TX,77059,541330,Engineering Services,Limited Liability Company (LLC),2026-06-26T00:00:00.000,CMMC 2.0 / Proprietary CAD & IP Protection
B AND C CUSTOM CABLING,CHRISTOPHER DAMIEN THOMANN,7135 W TIDWELL RD,HOUSTON,TX,77092,541330,Engineering Services,Type IS,2014-05-30T00:00:00.000,CMMC 2.0 / Proprietary CAD & IP Protection
B&D AUTOMATION LLC,B&D AUTOMATION LLC,15610 MARBLE BLUFF LN,HOUSTON,TX,77049,541330,Engineering Services,Limited Liability Company (LLC),2026-01-28T00:00:00.000,CMMC 2.0 / Proprietary CAD & IP Protection
B+T GROUP HOLDINGS INC,B+T GROUP HOLDINGS INC.,8129 JACKRABBIT RD,HOUSTON,TX,77095,541330,Engineering Services,Foreign Corporation (Out-of-State),2019-05-21T00:00:00.000,CMMC 2.0 / Proprietary CAD & IP Protection
BAIG ENGINEERING,"BAIG ENGINEERING, LLC",1316 TUAM ST,HOUSTON,TX,77004,541330,Engineering Services,Limited Liability Company (LLC),2021-08-25T00:00:00.000,CMMC 2.0 / Proprietary CAD & IP Protection
"BANDINI ENTERPRISES, INC.","BANDINI ENTERPRISES, INC.",12301 KURLAND DR STE 250,HOUSTON,TX,77034,541330,Engineering Services,Texas Corporation,2016-10-07T00:00:00.000,CMMC 2.0 / Proprietary CAD & IP Protection
"BARNHART CONSTRUCTORS, INC.","BARNHART CONSTRUCTORS, INC.",3710 WATONGA BLVD,HOUSTON,TX,77092,541330,Engineering Services,Texas Corporation,2023-03-30T00:00:00.000,CMMC 2.0 / Proprietary CAD & IP Protection
"BARRIOS TECHNOLOGY, LTD.","BARRIOS TECHNOLOGY, LLC",16441 SPACE CENTER BLVD STE B-100,HOUSTON,TX,77058,541330,Engineering Services,Limited Liability Company (LLC),2023-09-06T00:00:00.000,CMMC 2.0 / Proprietary CAD & IP Protection
BASELINE CORP.,BASELINE CORP.,1750 SEAMIST DR STE 160,HOUSTON,TX,77008,541370,"Professional, Scientific, and Technical Services (Legal, Accounting, IT)",Texas Corporation,2013-07-08T00:00:00.000,CMMC 2.0 / Proprietary CAD & IP Protection
BATECH QUALITY AUTO,BATECH QUALITY AUTO LLC,14070 BELLAIRE BLVD STE B,HOUSTON,TX,77083,541330,Engineering Services,Limited Liability Company (LLC),2025-05-01T00:00:00.000,CMMC 2.0 / Proprietary CAD & IP Protection
"BAYOU CITY BEAUTIFUL, LLC","BAYOU CITY BEAUTIFUL, LLC",114 BIG HOLLOW LN,HOUSTON,TX,77042,541320,"Professional, Scientific, and Technical Services (Legal, Accounting, IT)",Limited Liability Company (LLC),2023-04-12T00:00:00.000,CMMC 2.0 / Proprietary CAD & IP Protection
BCS FLOODTECH,"BCS FLOOD TECH, PLLC",2010 AUGUSTA DR,HOUSTON,TX,77057,541330,Engineering Services,Limited Liability Company (LLC),2025-11-11T00:00:00.000,CMMC 2.0 / Proprietary CAD & IP Protection
"BD ENERGY SYSTEMS, LLC","BD ENERGY SYSTEMS, LLC",1001 S DAIRY ASHFORD RD STE 200,HOUSTON,TX,77077,541330,Engineering Services,Corporation / Corporate Entity,2012-09-19T00:00:00.000,CMMC 2.0 / Proprietary CAD & IP Protection
"BELL GEOSPACE, INC.","BELL GEOSPACE, INC.",400 N SAM HOUSTON PKWY E STE 325,HOUSTON,TX,77060,541360,"Professional, Scientific, and Technical Services (Legal, Accounting, IT)",Foreign Corporation (Out-of-State),2011-02-23T00:00:00.000,CMMC 2.0 / Proprietary CAD & IP Protection
BENCHMARK ENGINEERING CORPORATION,BENCHMARK ENGINEERING CORPORATION,2401 FOUNTAIN VIEW DR STE 500,HOUSTON,TX,77057,541330,Engineering Services,Texas Corporation,1988-05-13T00:00:00.000,CMMC 2.0 / Proprietary CAD & IP Protection
BERGAILA & ASSOCIATES INC,"BERGAILA & ASSOCIATES, INC.",1880 S DAIRY ASHFORD ST STE 606,HOUSTON,TX,77077,541330,Engineering Services,Texas Corporation,2006-01-24T00:00:00.000,CMMC 2.0 / Proprietary CAD & IP Protection
BEYOND THE POINT LLP,BEYOND THE POINT LLP,21102 BRUSHY CANYON DR,HOUSTON,TX,77073,541370,"Professional, Scientific, and Technical Services (Legal, Accounting, IT)",Type PI,2025-05-02T00:00:00.000,CMMC 2.0 / Proprietary CAD & IP Protection
"BGE, INC.","BGE, INC.",11490 WESTHEIMER RD STE 700,HOUSTON,TX,77077,541330,Engineering Services,Texas Corporation,1994-10-25T00:00:00.000,CMMC 2.0 / Proprietary CAD & IP Protection
"BILMAR CONSULTING, LLC","BILMAR CONSULTING, LLC",1322 SPACE PARK DR STE C299,HOUSTON,TX,77058,541330,Engineering Services,Limited Liability Company (LLC),2025-09-11T00:00:00.000,CMMC 2.0 / Proprietary CAD & IP Protection
BIMTEQ INC,BIMTEQ INC.,17510 RUSTLING ASPEN LN,HOUSTON,TX,77095,541340,"Professional, Scientific, and Technical Services (Legal, Accounting, IT)",Texas Corporation,2024-12-06T00:00:00.000,CMMC 2.0 / Proprietary CAD & IP Protection
"BINKLEY & BARFIELD, INC.","DCCM INFRASTRUCTURE, INC.",1710 SEAMIST DR,HOUSTON,TX,77008,541330,Engineering Services,Texas Corporation,2022-01-26T00:00:00.000,CMMC 2.0 / Proprietary CAD & IP Protection
BIOMECHANICAL RESEARCH INSTITUTE LLC,"BIOMECHANICAL RESEARCH INSTITUTE, LLC",5090 RICHMOND AVE C/O PMB 99,HOUSTON,TX,77056,541330,Engineering Services,Limited Liability Company (LLC),2005-01-05T00:00:00.000,CMMC 2.0 / Proprietary CAD & IP Protection
"BIPOM ELECTRONICS, INC.","BIPOM ELECTRONICS, INC.",9788 CLAREWOOD DR STE 306,HOUSTON,TX,77036,541330,Engineering Services,Texas Corporation,2020-01-21T00:00:00.000,CMMC 2.0 / Proprietary CAD & IP Protection
BIRWELCO USA INC,BIRWELCO USA INC,20405 STATE HIGHWAY 249 STE 170,HOUSTON,TX,77070,541330,Engineering Services,Foreign Corporation (Out-of-State),2015-04-14T00:00:00.000,CMMC 2.0 / Proprietary CAD & IP Protection
BLAZEY CONSTRUCTION SERVICES,"BLAZEY CONSTRUCTION SERVICES, LLC",521 N SAM HOUSTON PKWY E STE 500,HOUSTON,TX,77060,541330,Engineering Services,Limited Liability Company (LLC),2017-07-25T00:00:00.000,CMMC 2.0 / Proprietary CAD & IP Protection
BLOCK 37,"BLOCK 37, LLC",3830 JULIUS LN,HOUSTON,TX,77021,541330,Engineering Services,Limited Liability Company (LLC),2026-05-07T00:00:00.000,CMMC 2.0 / Proprietary CAD & IP Protection
BMA SOLUTIONS INC,BMA SOLUTIONS INC,17325 PARK ROW,HOUSTON,TX,77084,541330,Engineering Services,Foreign Corporation (Out-of-State),2019-03-21T00:00:00.000,CMMC 2.0 / Proprietary CAD & IP Protection
BMT COMMERCIAL USA,"BMT COMMERCIAL USA, INC.",6639 THEALL RD,HOUSTON,TX,77066,541330,Engineering Services,Texas Corporation,2019-01-07T00:00:00.000,CMMC 2.0 / Proprietary CAD & IP Protection
BN ENERGY TECHNOLOGIES LLC,BN ENERGY TECHNOLOGIES LLC,7025 W TIDWELL RD STE H101,HOUSTON,TX,77092,541330,Engineering Services,Limited Liability Company (LLC),2026-09-03T00:00:00.000,CMMC 2.0 / Proprietary CAD & IP Protection
"BOREHOLE SEISMIC, LLC","BOREHOLE SEISMIC, LLC",10500 NORTHWEST FWY STE 224,HOUSTON,TX,77092,541360,"Professional, Scientific, and Technical Services (Legal, Accounting, IT)",Limited Liability Company (LLC),2020-11-17T00:00:00.000,CMMC 2.0 / Proprietary CAD & IP Protection
"BPM GROUP, INC.","BPM GROUP, INC.",3231 MARONEAL ST,HOUSTON,TX,77025,541310,"Professional, Scientific, and Technical Services (Legal, Accounting, IT)",Texas Corporation,2020-05-29T00:00:00.000,CMMC 2.0 / Proprietary CAD & IP Protection
BRAEDEN ENGINEERING AND CONSULTING,BRAEDEN ENGINEERING AND CONSULTING,5650 GUHN RD STE 118,HOUSTON,TX,77040,541330,Engineering Services,Corporation / Corporate Entity,2023-05-23T00:00:00.000,CMMC 2.0 / Proprietary CAD & IP Protection
"BRANNAN DESIGNS, LLC","BRANNAN DESIGNS, LLC",1415 NEW CEDARS DR,HOUSTON,TX,77062,541310,"Professional, Scientific, and Technical Services (Legal, Accounting, IT)",Limited Liability Company (LLC),2025-08-06T00:00:00.000,CMMC 2.0 / Proprietary CAD & IP Protection
"BRIAN SERVICE AND CALIBRATION, LLC","BRIAN SERVICE AND CALIBRATION, LLC",15255 GULF FWY STE 188B,HOUSTON,TX,77034,541380,"Professional, Scientific, and Technical Services (Legal, Accounting, IT)",Limited Liability Company (LLC),2015-07-25T00:00:00.000,CMMC 2.0 / Proprietary CAD & IP Protection
BRIGHT-LIGHTS,K AND E GROUP INC.,12407 SOWDEN RD,HOUSTON,TX,77080,541320,"Professional, Scientific, and Technical Services (Legal, Accounting, IT)",Texas Corporation,2020-03-03T00:00:00.000,CMMC 2.0 / Proprietary CAD & IP Protection
"BRIONES CONSULTING & ENGINEERING, LTD.","BRIONES CONSULTING & ENGINEERING, LTD.",4515 BRIAR HOLLOW PL APT 106,HOUSTON,TX,77027,541330,Engineering Services,Type PL,2016-08-11T00:00:00.000,CMMC 2.0 / Proprietary CAD & IP Protection
BROWN & CALDWELL,BROWN AND CALDWELL,1415 LOUISIANA ST STE 2500,HOUSTON,TX,77002,541330,Engineering Services,Foreign Corporation (Out-of-State),2002-01-17T00:00:00.000,CMMC 2.0 / Proprietary CAD & IP Protection
BROWN CORROSION SERVICES INC,"BROWN CORROSION SERVICES, INC.",2305 HIGHWAY 6 S STE B,HOUSTON,TX,77077,541330,Engineering Services,Texas Corporation,2006-07-03T00:00:00.000,CMMC 2.0 / Proprietary CAD & IP Protection
BROWN INDUSTRIAL SALES & SERVICE,0SCAR M BROWN,7330 BUBBLING BROOKS LN,HOUSTON,TX,77095,541330,Engineering Services,Type IS,2003-09-08T00:00:00.000,CMMC 2.0 / Proprietary CAD & IP Protection
BRYAN LABORATORY INC,"BRYAN LABORATORY, INC.",6919 ALMEDA RD,HOUSTON,TX,77021,541380,"Professional, Scientific, and Technical Services (Legal, Accounting, IT)",Texas Corporation,1992-09-11T00:00:00.000,CMMC 2.0 / Proprietary CAD & IP Protection
"BURROW GLOBAL SERVICES, LLC","BURROW GLOBAL SERVICES, LLC",4550 POST OAK PLACE DR STE 139,HOUSTON,TX,77027,541330,Engineering Services,Limited Liability Company (LLC),2022-06-07T00:00:00.000,CMMC 2.0 / Proprietary CAD & IP Protection
C H FENSTERMAKER & ASSOCIATES INC,"C. H. FENSTERMAKER & ASSOCIATES, L.L.C.",675 BERING DR STE 260,HOUSTON,TX,77057,541330,Engineering Services,Corporation / Corporate Entity,2010-11-30T00:00:00.000,CMMC 2.0 / Proprietary CAD & IP Protection
C RANDOLPH RIDDELL PE,CHARLES RANDOLPH RIDDELL,10200 HEMPSTEAD RD STE 2B,HOUSTON,TX,77092,541330,Engineering Services,Type IS,2015-01-14T00:00:00.000,CMMC 2.0 / Proprietary CAD & IP Protection
C2C HOME INSPECTIONS,C2C HOME INSPECTIONS PLLC,5310 CHENNAULT RD,HOUSTON,TX,77033,541350,"Professional, Scientific, and Technical Services (Legal, Accounting, IT)",Limited Liability Company (LLC),2026-01-08T00:00:00.000,CMMC 2.0 / Proprietary CAD & IP Protection
CAD CROWD GROUP INC.,CAD CROWD GROUP INC.,1412 TABOR ST,HOUSTON,TX,77009,541340,"Professional, Scientific, and Technical Services (Legal, Accounting, IT)",Foreign Corporation (Out-of-State),2024-02-27T00:00:00.000,CMMC 2.0 / Proprietary CAD & IP Protection
CALEB BRETT USA,INTERTEK USA INC.,2200 WEST LOOP S STE 200,HOUSTON,TX,77027,541380,"Professional, Scientific, and Technical Services (Legal, Accounting, IT)",Foreign Corporation (Out-of-State),2009-08-05T00:00:00.000,CMMC 2.0 / Proprietary CAD & IP Protection
CAM FIELD SOLUTIONS LLC,CAM FIELD SOLUTIONS LLC,17000 KATY FWY,HOUSTON,TX,77094,541370,"Professional, Scientific, and Technical Services (Legal, Accounting, IT)",Corporation / Corporate Entity,2020-01-22T00:00:00.000,CMMC 2.0 / Proprietary CAD & IP Protection
"CAM INTEGRATED SOLUTIONS, LLC","CAM INTEGRATED SOLUTIONS, LLC",11757 KATY FWY STE 1120,HOUSTON,TX,77079,541330,Engineering Services,Corporation / Corporate Entity,2019-05-08T00:00:00.000,CMMC 2.0 / Proprietary CAD & IP Protection
CANELA WORKS,CANELA WORKS LLC,4414 HUMMINGBIRD ST,HOUSTON,TX,77035,541310,"Professional, Scientific, and Technical Services (Legal, Accounting, IT)",Limited Liability Company (LLC),2025-05-05T00:00:00.000,CMMC 2.0 / Proprietary CAD & IP Protection
CARRINGER ENGINEERING LLC,CARRINGER ENGINEERING LLC,4706 EAGLE TRAIL DR,HOUSTON,TX,77084,541330,Engineering Services,Limited Liability Company (LLC),2021-10-14T00:00:00.000,CMMC 2.0 / Proprietary CAD & IP Protection
"CASTROPAREDES INTERNATIONAL, INC.","CASTROPAREDES INTERNATIONAL, INC.",935 IVY WALL DR,HOUSTON,TX,77079,541310,"Professional, Scientific, and Technical Services (Legal, Accounting, IT)",Texas Corporation,2013-06-04T00:00:00.000,CMMC 2.0 / Proprietary CAD & IP Protection
CB&I STONE & WEBSTER,"STONE & WEBSTER, L.L.C.",1430 ENCLAVE PKWY,HOUSTON,TX,77077,541330,Engineering Services,Corporation / Corporate Entity,2001-03-23T00:00:00.000,CMMC 2.0 / Proprietary CAD & IP Protection
"CD PARAGON, PLLC","CD PARAGON, PLLC",2618 RUSK ST,HOUSTON,TX,77003,541310,"Professional, Scientific, and Technical Services (Legal, Accounting, IT)",Limited Liability Company (LLC),2023-08-15T00:00:00.000,CMMC 2.0 / Proprietary CAD & IP Protection
CDM SMITH INC.,CDM SMITH INC.,11490 WESTHEIMER RD STE 700,HOUSTON,TX,77077,541330,Engineering Services,Foreign Corporation (Out-of-State),2017-01-20T00:00:00.000,CMMC 2.0 / Proprietary CAD & IP Protection
CEGAL LLC,CEGAL LLC,12140 WICKCHESTER LN STE 502,HOUSTON,TX,77079,541330,Engineering Services,Limited Liability Company (LLC),2016-11-02T00:00:00.000,CMMC 2.0 / Proprietary CAD & IP Protection
"CENTURY ENGINEERING, INC.","CENTURY ENGINEERING, INC.",3030 S GESSNER RD STE 100,HOUSTON,TX,77063,541330,Engineering Services,Texas Corporation,1993-10-22T00:00:00.000,CMMC 2.0 / Proprietary CAD & IP Protection
CHELSEA PLACE DESIGN INC,"CHELSEA PLACE DESIGN, INC.",3200 SOUTHWEST FWY STE 2121,HOUSTON,TX,77027,541310,"Professional, Scientific, and Technical Services (Legal, Accounting, IT)",Texas Corporation,2006-09-14T00:00:00.000,CMMC 2.0 / Proprietary CAD & IP Protection
"CHR SOLUTIONS, INC.","CHR SOLUTIONS, INC.",9700 BISSONNET ST STE 2800,HOUSTON,TX,77036,541330,Engineering Services,Texas Corporation,2025-12-01T00:00:00.000,CMMC 2.0 / Proprietary CAD & IP Protection
"CHRIS RANSOME & ASSOCIATES, INC.","CRA, INC.",2121 BRITTMOORE RD STE 3600,HOUSTON,TX,77043,541370,"Professional, Scientific, and Technical Services (Legal, Accounting, IT)",Texas Corporation,1997-03-03T00:00:00.000,CMMC 2.0 / Proprietary CAD & IP Protection
"CIEL ET TERRE USA, INC","CIEL ET TERRE USA, INC",5444 WESTHEIMER RD STE 1000,HOUSTON,TX,77056,541330,Engineering Services,Foreign Corporation (Out-of-State),2025-07-03T00:00:00.000,CMMC 2.0 / Proprietary CAD & IP Protection
"CIVIL-SURV LAND SURVEYING, L.C.","CIVIL-SURV LAND SURVEYING, L.C.",10590 WESTOFFICE DR STE 100,HOUSTON,TX,77042,541360,"Professional, Scientific, and Technical Services (Legal, Accounting, IT)",Limited Liability Company (LLC),2019-05-08T00:00:00.000,CMMC 2.0 / Proprietary CAD & IP Protection
CLEAN AIR ENGINEERING INC,"CLEAN AIR ENGINEERING, INC.",321 CENTURY PLAZA DR STE 110,HOUSTON,TX,77073,541330,Engineering Services,Foreign Corporation (Out-of-State),2004-01-22T00:00:00.000,CMMC 2.0 / Proprietary CAD & IP Protection
"CLERKLEY WATKINS GROUP, INC.","CLERKLEY WATKINS GROUP, INC.",1177 WEST LOOP S STE 1717,HOUSTON,TX,77027,541310,"Professional, Scientific, and Technical Services (Legal, Accounting, IT)",Texas Corporation,2013-03-14T00:00:00.000,CMMC 2.0 / Proprietary CAD & IP Protection
CLEVELAND'S FLOWERS & GARDENS LLC,CLEVELAND'S FLOWERS & GARDENS LLC,4822 MERWIN ST APT 14,HOUSTON,TX,77027,541320,"Professional, Scientific, and Technical Services (Legal, Accounting, IT)",Limited Liability Company (LLC),2026-08-24T00:00:00.000,CMMC 2.0 / Proprietary CAD & IP Protection
CMA ENGINEERINGS LLC,CMA ENGINEERINGS LLC,6701 DIXIE DR,HOUSTON,TX,77087,541330,Engineering Services,Limited Liability Company (LLC),2026-03-19T00:00:00.000,CMMC 2.0 / Proprietary CAD & IP Protection
"COBB, FENDLEY & ASSOCIATES, INC.","COBB, FENDLEY & ASSOCIATES, INC.",4424 W SAM HOUSTON PKWY N STE 600,HOUSTON,TX,77041,541330,Engineering Services,Texas Corporation,2024-04-16T00:00:00.000,CMMC 2.0 / Proprietary CAD & IP Protection
COLE-GRAY DESIGNS,FRANCEL C GRAY,11208 WILDING LN,HOUSTON,TX,77024,541340,"Professional, Scientific, and Technical Services (Legal, Accounting, IT)",Type IS,2026-07-13T00:00:00.000,CMMC 2.0 / Proprietary CAD & IP Protection
COLLABORATIVE DESIGN GROUP,COLLABORATIVE DESIGN GROUP - ARCHITECTURE & INTERI,2501 CENTRAL PKWY STE A1,HOUSTON,TX,77092,541310,"Professional, Scientific, and Technical Services (Legal, Accounting, IT)",Limited Liability Company (LLC),2023-12-18T00:00:00.000,CMMC 2.0 / Proprietary CAD & IP Protection
COLRICH ENGINEERING LLC,COLRICH ENGINEERING LLC,5206 IRVINGTON BLVD STE D1,HOUSTON,TX,77009,541330,Engineering Services,Limited Liability Company (LLC),2022-11-28T00:00:00.000,CMMC 2.0 / Proprietary CAD & IP Protection
COMMTEL NETWORKS (USA) LLC,COMMTEL NETWORKS (USA) LLC,9330 KIRBY DR STE 100,HOUSTON,TX,77054,541330,Engineering Services,Corporation / Corporate Entity,2026-06-09T00:00:00.000,CMMC 2.0 / Proprietary CAD & IP Protection
CONDESENG LLC,CONDESENG LLC,7114 CENTRE GROVE CT,HOUSTON,TX,77069,541330,Engineering Services,Limited Liability Company (LLC),2025-01-27T00:00:00.000,CMMC 2.0 / Proprietary CAD & IP Protection
CORE LABORATORIES LP,CORE LABORATORIES LP,6316 WINDFERN RD,HOUSTON,TX,77040,541380,"Professional, Scientific, and Technical Services (Legal, Accounting, IT)",Type PF,2001-06-02T00:00:00.000,CMMC 2.0 / Proprietary CAD & IP Protection
CORE LABORATORIES LP,CORE LABORATORIES LP,8210 MOSLEY RD,HOUSTON,TX,77075,541380,"Professional, Scientific, and Technical Services (Legal, Accounting, IT)",Type PF,1994-11-04T00:00:00.000,CMMC 2.0 / Proprietary CAD & IP Protection
"CORENVIRONS, LLC","CORENVIRONS, LLC",2519 FAIRWAY PARK DR STE 300,HOUSTON,TX,77092,541380,"Professional, Scientific, and Technical Services (Legal, Accounting, IT)",Limited Liability Company (LLC),2020-01-14T00:00:00.000,CMMC 2.0 / Proprietary CAD & IP Protection
COSTELLO INC,"COSTELLO, LLC",9990 RICHMOND AVE STE 450,HOUSTON,TX,77042,541330,Engineering Services,Limited Liability Company (LLC),1999-06-01T00:00:00.000,CMMC 2.0 / Proprietary CAD & IP Protection
CREOLE DESIGN LLC,CREOLE DESIGN LLC,505 MERRILL ST,HOUSTON,TX,77009,541310,"Professional, Scientific, and Technical Services (Legal, Accounting, IT)",Limited Liability Company (LLC),2005-09-19T00:00:00.000,CMMC 2.0 / Proprietary CAD & IP Protection
CREST ENERGY SERVICES CORP.,CREST ENERGY SERVICES CORP.,1021 BLACKHAW ST,HOUSTON,TX,77079,541360,"Professional, Scientific, and Technical Services (Legal, Accounting, IT)",Texas Corporation,2026-07-24T00:00:00.000,CMMC 2.0 / Proprietary CAD & IP Protection
"CRITICAL POWER SYSTEM SOLUTIONS, LLC","CRITICAL POWER SYSTEM SOLUTIONS, LLC",16820 BARKER SPRINGS RD STE 521,HOUSTON,TX,77084,541330,Engineering Services,Limited Liability Company (LLC),2025-05-29T00:00:00.000,CMMC 2.0 / Proprietary CAD & IP Protection
CUE DESIGN LLC,CUE DESIGN LLC,314 DORCHESTER ST,HOUSTON,TX,77022,541340,"Professional, Scientific, and Technical Services (Legal, Accounting, IT)",Limited Liability Company (LLC),2025-02-11T00:00:00.000,CMMC 2.0 / Proprietary CAD & IP Protection
CURTIS & WINDHAM ARCHITECTS INCORPORATED,"CURTIS & WINDHAM ARCHITECTS, INCORPORATED",3815 MONTROSE BLVD STE 100,HOUSTON,TX,77006,541310,"Professional, Scientific, and Technical Services (Legal, Accounting, IT)",Texas Corporation,2007-11-16T00:00:00.000,CMMC 2.0 / Proprietary CAD & IP Protection
CUSIMANO ARCHITECT PLLC,CUSIMANO ARCHITECT PLLC,4511 NETT ST,HOUSTON,TX,77007,541310,"Professional, Scientific, and Technical Services (Legal, Accounting, IT)",Limited Liability Company (LLC),2026-08-21T00:00:00.000,CMMC 2.0 / Proprietary CAD & IP Protection
CYGNUS METROLOGY LLC.,CYGNUS METROLOGY LLC.,22420 STATE HIGHWAY 249,HOUSTON,TX,77070,541330,Engineering Services,Limited Liability Company (LLC),2022-07-27T00:00:00.000,CMMC 2.0 / Proprietary CAD & IP Protection
"D.E.F.I. STRUCTURAL FIBERGLASS, LLC","D.E.F.I. STRUCTURAL FIBERGLASS, LLC",17111 ROLLING CREEK DR STE 107,HOUSTON,TX,77090,541330,Engineering Services,Limited Liability Company (LLC),2010-11-15T00:00:00.000,CMMC 2.0 / Proprietary CAD & IP Protection
DAGERTEK LLC,DAGERTEK LLC,2500 WILCREST DR STE 300,HOUSTON,TX,77042,541330,Engineering Services,Limited Liability Company (LLC),2026-03-11T00:00:00.000,CMMC 2.0 / Proprietary CAD & IP Protection
"DARAM ENGINEERS, INC.","DARAM ENGINEERS, INC.",5420 DASHWOOD DR STE 206,HOUSTON,TX,77081,541330,Engineering Services,Texas Corporation,2017-09-21T00:00:00.000,CMMC 2.0 / Proprietary CAD & IP Protection
"DART LAND SERVICES, LLC","DART LAND SERVICES, LLC",16350 PARK TEN PL STE 103,HOUSTON,TX,77084,541370,"Professional, Scientific, and Technical Services (Legal, Accounting, IT)",Limited Liability Company (LLC),2020-09-12T00:00:00.000,CMMC 2.0 / Proprietary CAD & IP Protection
DATASEISMIC CORPORATION,DATASEISMIC CORPORATION,17171 PARK ROW STE 247,HOUSTON,TX,77084,541360,"Professional, Scientific, and Technical Services (Legal, Accounting, IT)",Texas Corporation,2026-01-21T00:00:00.000,CMMC 2.0 / Proprietary CAD & IP Protection
DCW DESIGN & MAINTENANCE,DEBORAH C WAHEED,5444 WESTHEIMER RD STE 1640,HOUSTON,TX,77056,541320,"Professional, Scientific, and Technical Services (Legal, Accounting, IT)",Type IS,2013-01-17T00:00:00.000,CMMC 2.0 / Proprietary CAD & IP Protection
"DEBORAH W. FRANCIS INTERIORS & GARDENS, LLC","DEBORAH W. FRANCIS INTERIORS & GARDENS, LLC",3823 WICKERSHAM LN APT 8,HOUSTON,TX,77027,541320,"Professional, Scientific, and Technical Services (Legal, Accounting, IT)",Limited Liability Company (LLC),2011-02-02T00:00:00.000,CMMC 2.0 / Proprietary CAD & IP Protection
DEGEORGE DESIGN,"LANCE C. DEGEORGE INTERESTS, LLC",5700 WOODWAY DR STE 200,HOUSTON,TX,77057,541310,"Professional, Scientific, and Technical Services (Legal, Accounting, IT)",Limited Liability Company (LLC),2014-06-11T00:00:00.000,CMMC 2.0 / Proprietary CAD & IP Protection
DELTA CHEMICAL SERVICES,TAMINCO US LLC,10521 SHELDON RD,HOUSTON,TX,77044,541330,Engineering Services,Corporation / Corporate Entity,2007-07-28T00:00:00.000,CMMC 2.0 / Proprietary CAD & IP Protection
DESIGN WORKS,JANUARI M WORKS,2310 ROY CIR,HOUSTON,TX,77007,541340,"Professional, Scientific, and Technical Services (Legal, Accounting, IT)",Type IS,2005-03-21T00:00:00.000,CMMC 2.0 / Proprietary CAD & IP Protection
"DESIMONE CONSULTING ENGINEERING, D.P.C.","DESIMONE CONSULTING ENGINEERING, D.P.C.",5599 SAN FELIPE ST STE 1425,HOUSTON,TX,77056,541330,Engineering Services,Foreign Corporation (Out-of-State),2024-04-06T00:00:00.000,CMMC 2.0 / Proprietary CAD & IP Protection
DET NORSKE VERITAS INDUSTRY,DNV USA INC.,16340 PARK TEN PL STE 100,HOUSTON,TX,77084,541330,Engineering Services,Texas Corporation,1991-04-13T00:00:00.000,CMMC 2.0 / Proprietary CAD & IP Protection
"DETECHTION USA, INC","DETECHTION USA, INC",3200 SOUTHWEST FWY,HOUSTON,TX,77027,541330,Engineering Services,Foreign Corporation (Out-of-State),2016-07-21T00:00:00.000,CMMC 2.0 / Proprietary CAD & IP Protection
DIGITALGLOBE,VANTOR INC.,1700 POST OAK BLVD STE 611,HOUSTON,TX,77056,541370,"Professional, Scientific, and Technical Services (Legal, Accounting, IT)",Foreign Corporation (Out-of-State),2016-10-06T00:00:00.000,CMMC 2.0 / Proprietary CAD & IP Protection
"DILLON KYLE ARCHITECTURE, INC.","DILLON KYLE ARCHITECTURE, INC.",1500 W ALABAMA ST,HOUSTON,TX,77006,541310,"Professional, Scientific, and Technical Services (Legal, Accounting, IT)",Texas Corporation,2024-07-16T00:00:00.000,CMMC 2.0 / Proprietary CAD & IP Protection
"DIMENSIONAL ENGINEERING, INC.","DIMENSIONAL SERVICES, INC.",5750 N SAM HOUSTON PKWY E STE 601,HOUSTON,TX,77032,541330,Engineering Services,Foreign Corporation (Out-of-State),2013-11-14T00:00:00.000,CMMC 2.0 / Proprietary CAD & IP Protection
DIVISION 7 CAD,JULIO MARIO PUGA,8430 SUMMERTREE DR,HOUSTON,TX,77040,541340,"Professional, Scientific, and Technical Services (Legal, Accounting, IT)",Type IS,2025-02-05T00:00:00.000,CMMC 2.0 / Proprietary CAD & IP Protection
DIVISION M ENGINEERING LLC,DIVISION M LLC,9530 HIGHMEADOW DR,HOUSTON,TX,77063,541330,Engineering Services,Limited Liability Company (LLC),2013-04-25T00:00:00.000,CMMC 2.0 / Proprietary CAD & IP Protection
DOW ENGINEERING COMPANY,DOW ENGINEERING COMPANY,1254 ENCLAVE PKWY,HOUSTON,TX,77077,541330,Engineering Services,Foreign Corporation (Out-of-State),2023-03-24T00:00:00.000,CMMC 2.0 / Proprietary CAD & IP Protection
DOWNHOLE INNOVATIONS LLC,DOWNHOLE INNOVATIONS LLC,6807 WILLOW BROOK PARK,HOUSTON,TX,77066,541330,Engineering Services,Limited Liability Company (LLC),2023-12-04T00:00:00.000,CMMC 2.0 / Proprietary CAD & IP Protection
DRAGON DEEPWATER DEVELOPMENT INC.,DRAGON DEEPWATER DEVELOPMENT INC.,13711 TURN POINT CT,HOUSTON,TX,77044,541330,Engineering Services,Texas Corporation,2019-03-12T00:00:00.000,CMMC 2.0 / Proprietary CAD & IP Protection
"DRD DESIGNS, LLC","DRD DESIGN, LLC",3717 SUNSET BLVD,HOUSTON,TX,77005,541330,Engineering Services,Limited Liability Company (LLC),2020-03-27T00:00:00.000,CMMC 2.0 / Proprietary CAD & IP Protection
DREIYM ENGINEERING PLLC,DREIYM ENGINEERING PLLC,12514 COLONY HILL LN,HOUSTON,TX,77014,541330,Engineering Services,Limited Liability Company (LLC),2018-05-15T00:00:00.000,CMMC 2.0 / Proprietary CAD & IP Protection
"DRILLSCAN US, INC.","H&P TECHNOLOGIES INTERNATIONAL, INC.",2000 S DAIRY ASHFORD ST STE 420,HOUSTON,TX,77077,541330,Engineering Services,Texas Corporation,2011-09-01T00:00:00.000,CMMC 2.0 / Proprietary CAD & IP Protection
DRIVE2CREATE,DRIVE2CREATE LLC,12534 OLD OAKS DR,HOUSTON,TX,77024,541330,Engineering Services,Limited Liability Company (LLC),2022-04-29T00:00:00.000,CMMC 2.0 / Proprietary CAD & IP Protection
DVJ CIVIL ENGINEERING & LAND SURVEYING,DVJ CIVIL ENGINEERING & LAND SURVEYING LLC,5295 HOLLISTER ST STE 104,HOUSTON,TX,77040,541370,"Professional, Scientific, and Technical Services (Legal, Accounting, IT)",Limited Liability Company (LLC),2021-01-05T00:00:00.000,CMMC 2.0 / Proprietary CAD & IP Protection
DWG WORKS,JOSE MEMBRENO,927 MOODY ST,HOUSTON,TX,77009,541340,"Professional, Scientific, and Technical Services (Legal, Accounting, IT)",Type IS,2025-06-24T00:00:00.000,CMMC 2.0 / Proprietary CAD & IP Protection
DYNA-THERM CORPORATION,DYNA-THERM CORPORATION,13937 LUTHE RD,HOUSTON,TX,77039,541330,Engineering Services,Texas Corporation,2023-02-25T00:00:00.000,CMMC 2.0 / Proprietary CAD & IP Protection
"DYNAMIC MOTION CONTROL, INC.","DYNAMIC MOTION CONTROL, INC.",8 GREENWAY PLZ STE 250,HOUSTON,TX,77046,541330,Engineering Services,Foreign Corporation (Out-of-State),2019-07-24T00:00:00.000,CMMC 2.0 / Proprietary CAD & IP Protection
"E D S LANDSCAPING, L.L.C.","E D S LANDSCAPING, L.L.C.",1550 DIXIE FARM RD,HOUSTON,TX,77089,541320,"Professional, Scientific, and Technical Services (Legal, Accounting, IT)",Limited Liability Company (LLC),2021-08-04T00:00:00.000,CMMC 2.0 / Proprietary CAD & IP Protection
E I C SURVEYING COMPANY,"EVERYTHING IN CHRIST SERVICES, INC.",12345 JONES RD STE 270,HOUSTON,TX,77070,541330,Engineering Services,Texas Corporation,1992-09-03T00:00:00.000,CMMC 2.0 / Proprietary CAD & IP Protection
"E M C SERVICES, INC.","E M C SERVICES, INC.",5543 ARMOUR DR,HOUSTON,TX,77020,541330,Engineering Services,Texas Corporation,1988-09-06T00:00:00.000,CMMC 2.0 / Proprietary CAD & IP Protection
"E4A SOLUTIONS, LLC","E4A SOLUTIONS, LLC",4303 SOUTH DR,HOUSTON,TX,77053,541330,Engineering Services,Limited Liability Company (LLC),2024-11-06T00:00:00.000,CMMC 2.0 / Proprietary CAD & IP Protection
"EAGLE ANALYTICAL SERVICES, INC.","EAGLE ANALYTICAL SERVICES, INC.",11111 S WILCREST DR,HOUSTON,TX,77099,541380,"Professional, Scientific, and Technical Services (Legal, Accounting, IT)",Texas Corporation,2020-11-04T00:00:00.000,CMMC 2.0 / Proprietary CAD & IP Protection
ECS - TEXAS LLP,"ECS SOUTHWEST, LLP",1050 N POST OAK RD STE 120,HOUSTON,TX,77055,541330,Engineering Services,Type PB,2015-01-07T00:00:00.000,CMMC 2.0 / Proprietary CAD & IP Protection
"EDMINSTER, HINSHAW, RUSS & ASSOCIATES, INC.","EDMINSTER, HINSHAW, RUSS & ASSOCIATES, INC.",10555 WESTOFFICE DR,HOUSTON,TX,77042,541330,Engineering Services,Texas Corporation,1989-11-07T00:00:00.000,CMMC 2.0 / Proprietary CAD & IP Protection
"EGS SYSTEMS, INC.","EGS SYSTEMS, INC.",16350 PARK TEN PL STE 245,HOUSTON,TX,77084,541330,Engineering Services,Texas Corporation,2017-09-15T00:00:00.000,CMMC 2.0 / Proprietary CAD & IP Protection
"EI EARTH DESIGN, LLC","EI EARTH DESIGN, LLC",4430 TALINA WAY STE B,HOUSTON,TX,77041,541320,"Professional, Scientific, and Technical Services (Legal, Accounting, IT)",Limited Liability Company (LLC),2026-05-14T00:00:00.000,CMMC 2.0 / Proprietary CAD & IP Protection
"EL CARMEN LAND AND CONSERVATION COMPANY, LLC","EL CARMEN LAND AND CONSERVATION COMPANY, LLC",10100 KATY FWY STE 300,HOUSTON,TX,77043,541370,"Professional, Scientific, and Technical Services (Legal, Accounting, IT)",Limited Liability Company (LLC),2018-01-31T00:00:00.000,CMMC 2.0 / Proprietary CAD & IP Protection
ELEMENT ARCHITECTS LLC,ELEMENT ARCHITECTS LLC,1250 WOOD BRANCH PARK DR STE 480,HOUSTON,TX,77079,541310,"Professional, Scientific, and Technical Services (Legal, Accounting, IT)",Limited Liability Company (LLC),2021-01-28T00:00:00.000,CMMC 2.0 / Proprietary CAD & IP Protection
ELEMENT MATERIALS TECHNOLOGY HOUSTON INC.,ELEMENT MATERIALS TECHNOLOGY HOUSTON LLC,222 CAVALCADE ST,HOUSTON,TX,77009,541330,Engineering Services,Corporation / Corporate Entity,1999-05-05T00:00:00.000,CMMC 2.0 / Proprietary CAD & IP Protection
ELIZABETH SPILLAR PRODUCTIONS,ELIZABETH A JONES,1914 GARDEN FERN CT,HOUSTON,TX,77062,541330,Engineering Services,Type IS,2026-08-07T00:00:00.000,CMMC 2.0 / Proprietary CAD & IP Protection
EMBER STIC LLC,EMBER STIC LLC,15990 N BARKERS LANDING RD STE 130,HOUSTON,TX,77079,541330,Engineering Services,Limited Liability Company (LLC),2024-11-18T00:00:00.000,CMMC 2.0 / Proprietary CAD & IP Protection
EMPLOYEES ACTIVITY COMM.,"KBR WYLE SERVICES, LLC",1290 HERCULES AVE STE 120,HOUSTON,TX,77058,541380,"Professional, Scientific, and Technical Services (Legal, Accounting, IT)",Corporation / Corporate Entity,2000-06-08T00:00:00.000,CMMC 2.0 / Proprietary CAD & IP Protection
"EMSL ANALYTICAL, INC.","EMSL ANALYTICAL, INC.",5950 FAIRBANKS N HOUSTON RD,HOUSTON,TX,77040,541380,"Professional, Scientific, and Technical Services (Legal, Accounting, IT)",Foreign Corporation (Out-of-State),2016-06-07T00:00:00.000,CMMC 2.0 / Proprietary CAD & IP Protection
"EN ENGINEERING, LLC","EN ENGINEERING, LLC",11821 EAST FWY,HOUSTON,TX,77029,541330,Engineering Services,Corporation / Corporate Entity,2015-10-13T00:00:00.000,CMMC 2.0 / Proprietary CAD & IP Protection
"EN ENGINEERING, LLC","EN ENGINEERING, LLC",4501 S PINEMONT DR STE 106,HOUSTON,TX,77041,541330,Engineering Services,Corporation / Corporate Entity,2019-11-12T00:00:00.000,CMMC 2.0 / Proprietary CAD & IP Protection
"ENCOMPASS SERVICES, LLC","ENCOMPASS SERVICES, LLC",14800 SAINT MARYS LN,HOUSTON,TX,77079,541370,"Professional, Scientific, and Technical Services (Legal, Accounting, IT)",Limited Liability Company (LLC),2023-12-29T00:00:00.000,CMMC 2.0 / Proprietary CAD & IP Protection
ENERGY & TECHNOLOGY AND TECHNICAL INDUSTRIES GROUP,"TECHNICAL INDUSTRIES, INC.",15438 MILLER ROAD 1 LOT A,HOUSTON,TX,77049,541350,"Professional, Scientific, and Technical Services (Legal, Accounting, IT)",Foreign Corporation (Out-of-State),2022-11-08T00:00:00.000,CMMC 2.0 / Proprietary CAD & IP Protection
ENERMECH MECHANICAL SERVICES INC.,ENERMECH MECHANICAL SERVICES INC.,12101 CUTTEN RD,HOUSTON,TX,77066,541330,Engineering Services,Texas Corporation,2023-03-14T00:00:00.000,CMMC 2.0 / Proprietary CAD & IP Protection
ENERSYS CORPORATION,ENERSYS CORPORATION,2925 RICHMOND AVE STE 1200,HOUSTON,TX,77098,541370,"Professional, Scientific, and Technical Services (Legal, Accounting, IT)",Texas Corporation,2025-09-12T00:00:00.000,CMMC 2.0 / Proprietary CAD & IP Protection
ENGINE TECHNOLOGY SUPPORT,"ENGINE TECHNOLOGY SUPPORT, INC.",12777 JONES RD STE 240,HOUSTON,TX,77070,541330,Engineering Services,Texas Corporation,2023-07-17T00:00:00.000,CMMC 2.0 / Proprietary CAD & IP Protection
ENGINEERING DESIGN & TESTING CORPORATION,ENGINEERING DESIGN & TESTING CORPORATION,13805 WEST RD STE 300,HOUSTON,TX,77041,541330,Engineering Services,Foreign Corporation (Out-of-State),2024-08-08T00:00:00.000,CMMC 2.0 / Proprietary CAD & IP Protection
"ENGLOBAL U.S., INC.","ENGLOBAL U.S., INC.",11740 KATY FWY STE 1100,HOUSTON,TX,77079,541330,Engineering Services,Texas Corporation,2022-05-24T00:00:00.000,CMMC 2.0 / Proprietary CAD & IP Protection
"ENSITE USA, INC.","ENSITE USA, LLC",3100 S GESSNER RD,HOUSTON,TX,77063,541330,Engineering Services,Limited Liability Company (LLC),2025-01-06T00:00:00.000,CMMC 2.0 / Proprietary CAD & IP Protection
"ENTHALPY ANALYTICAL, LLC","ONTERRIS LABORATORIES, LLC",2525 W BELLFORT AVE,HOUSTON,TX,77054,541380,"Professional, Scientific, and Technical Services (Legal, Accounting, IT)",Corporation / Corporate Entity,2024-11-14T00:00:00.000,CMMC 2.0 / Proprietary CAD & IP Protection
"ENVIBE, INC.","ENVIBE, INC.",1120 W 20TH ST,HOUSTON,TX,77008,541330,Engineering Services,Texas Corporation,2010-12-10T00:00:00.000,CMMC 2.0 / Proprietary CAD & IP Protection
"ENVIRONEER, LLC","ENVIRONEER, LLC",1532 BEVIS ST,HOUSTON,TX,77008,541330,Engineering Services,Limited Liability Company (LLC),2020-06-19T00:00:00.000,CMMC 2.0 / Proprietary CAD & IP Protection
"ENVIRONMENTAL ALLIES, INC.","ENVIRONMENTAL ALLIES ROAD & BRIDGE, INC.",9730 WINDFERN RD,HOUSTON,TX,77064,541330,Engineering Services,Texas Corporation,2018-09-14T00:00:00.000,CMMC 2.0 / Proprietary CAD & IP Protection
"ENVIRONMENTAL RESOURCES MANAGEMENT SOUTHWEST, INC","ENVIRONMENTAL RESOURCES MANAGEMENT SOUTHWEST, INC.",840 W SAM HOUSTON PKWY N STE 600,HOUSTON,TX,77024,541330,Engineering Services,Texas Corporation,2013-09-11T00:00:00.000,CMMC 2.0 / Proprietary CAD & IP Protection
ENVIRONMENTAL SAMPLING SUPPLIES,"ENVIRONMENTAL SAMPLING SUPPLY, LLC",1718 FRY RD BLDG 1,HOUSTON,TX,77084,541380,"Professional, Scientific, and Technical Services (Legal, Accounting, IT)",Corporation / Corporate Entity,2001-08-16T00:00:00.000,CMMC 2.0 / Proprietary CAD & IP Protection
ENZIN LIMITED LIABILITY COMPANY,ENZIN LIMITED LIABILITY COMPANY,1850 OLD MAIN ST APT 2907,HOUSTON,TX,77030,541330,Engineering Services,Limited Liability Company (LLC),2025-01-04T00:00:00.000,CMMC 2.0 / Proprietary CAD & IP Protection
EO'S VENTURES LLC,EO'S VENTURES LLC,830 W 14TH ST,HOUSTON,TX,77008,541330,Engineering Services,Limited Liability Company (LLC),2017-06-26T00:00:00.000,CMMC 2.0 / Proprietary CAD & IP Protection
"ESA DATA, INC.","ESA DATA, INC.",5750 N SAM HOUSTON PKWY E # 1008,HOUSTON,TX,77032,541360,"Professional, Scientific, and Technical Services (Legal, Accounting, IT)",Texas Corporation,2019-08-08T00:00:00.000,CMMC 2.0 / Proprietary CAD & IP Protection
"ESDM, INC.","ESDM, INC.",12715 CUTTEN RD,HOUSTON,TX,77066,541330,Engineering Services,Texas Corporation,2013-08-28T00:00:00.000,CMMC 2.0 / Proprietary CAD & IP Protection
"ESG SOLUTIONS GROUP, INC.","ESG SOLUTIONS GROUP, INC.",10815 WOODEDGE DR,HOUSTON,TX,77070,541360,"Professional, Scientific, and Technical Services (Legal, Accounting, IT)",Foreign Corporation (Out-of-State),2024-05-18T00:00:00.000,CMMC 2.0 / Proprietary CAD & IP Protection
ESPACIO VERDE,MARY D MONTGOMERY,721 REDAN ST,HOUSTON,TX,77009,541320,"Professional, Scientific, and Technical Services (Legal, Accounting, IT)",Type IS,2025-12-11T00:00:00.000,CMMC 2.0 / Proprietary CAD & IP Protection
ESSS NORTH AMERICA INC.,ESSS NORTH AMERICA INC.,11200 WESTHEIMER RD STE 760,HOUSTON,TX,77042,541330,Engineering Services,Foreign Corporation (Out-of-State),2023-10-18T00:00:00.000,CMMC 2.0 / Proprietary CAD & IP Protection
"ESX ENGINEERING, INC.","ESX ENGINEERING, INC.",710 NORTH POST OAK,HOUSTON,TX,77024,541330,Engineering Services,Texas Corporation,1999-11-19T00:00:00.000,CMMC 2.0 / Proprietary CAD & IP Protection
"ESX ENGINEERING, INC.","ESX ENGINEERING, INC.",2400 AUGUSTA DR STE 372,HOUSTON,TX,77057,541330,Engineering Services,Texas Corporation,2010-08-19T00:00:00.000,CMMC 2.0 / Proprietary CAD & IP Protection
"ETECH SYSTEM SOLUTIONS, LLC","ETECH SYSTEM SOLUTIONS, LLC",5773 WOODWAY DR STE 95,HOUSTON,TX,77057,541330,Engineering Services,Limited Liability Company (LLC),2018-03-27T00:00:00.000,CMMC 2.0 / Proprietary CAD & IP Protection
ETS,"ETS ENVIRONMENTAL TESTING SERVICES, INC.",10908 METRONOME DR,HOUSTON,TX,77043,541380,"Professional, Scientific, and Technical Services (Legal, Accounting, IT)",Texas Corporation,2006-09-18T00:00:00.000,CMMC 2.0 / Proprietary CAD & IP Protection
EUBANKS GROUP ARCHITECTS,ARCOLA INC.,4116 CENTER ST,HOUSTON,TX,77007,541310,"Professional, Scientific, and Technical Services (Legal, Accounting, IT)",Texas Corporation,2011-02-14T00:00:00.000,CMMC 2.0 / Proprietary CAD & IP Protection
"EUROFINS J3 RESOURCES, INC.","EUROFINS BUILT ENVIRONMENT TESTING CENTRAL, LLC",5200 MITCHELLDALE ST STE E15,HOUSTON,TX,77092,541380,"Professional, Scientific, and Technical Services (Legal, Accounting, IT)",Corporation / Corporate Entity,2024-11-21T00:00:00.000,CMMC 2.0 / Proprietary CAD & IP Protection
EVERDEN OUTDOOR LIVING,EVERDEN OUTDOOR LIVING LLC,24 GREENWAY PLZ STE 1800P,HOUSTON,TX,77046,541320,"Professional, Scientific, and Technical Services (Legal, Accounting, IT)",Limited Liability Company (LLC),2025-12-18T00:00:00.000,CMMC 2.0 / Proprietary CAD & IP Protection
"EVOLVE ELECTRICAL SERVICES, LLC","EVOLVE ELECTRICAL SERVICES, LLC",10555 COSSEY RD,HOUSTON,TX,77070,541330,Engineering Services,Limited Liability Company (LLC),2024-10-25T00:00:00.000,CMMC 2.0 / Proprietary CAD & IP Protection
"EWELLBORE, LLC","EWELLBORE, LLC",6260 INWOOD DR,HOUSTON,TX,77057,541330,Engineering Services,Limited Liability Company (LLC),2019-12-31T00:00:00.000,CMMC 2.0 / Proprietary CAD & IP Protection
EXMAR OFFSHORE COMPANY,EXMAR OFFSHORE COMPANY,3700 W SAM HOUSTON PKWY S STE 300,HOUSTON,TX,77042,541330,Engineering Services,Texas Corporation,2025-04-04T00:00:00.000,CMMC 2.0 / Proprietary CAD & IP Protection
"EXPLORATION TECHNOLOGIES, INC.","EXPLORATION TECHNOLOGIES, INC.",7755 SYNOTT RD,HOUSTON,TX,77083,541380,"Professional, Scientific, and Technical Services (Legal, Accounting, IT)",Texas Corporation,2024-07-15T00:00:00.000,CMMC 2.0 / Proprietary CAD & IP Protection
FAJKUS & COMPANY LLC,FAJKUS & COMPANY LLC,2419 HULDY ST,HOUSTON,TX,77019,541320,"Professional, Scientific, and Technical Services (Legal, Accounting, IT)",Limited Liability Company (LLC),2005-06-30T00:00:00.000,CMMC 2.0 / Proprietary CAD & IP Protection
FEHR GROSSMAN COX ARCHITECTS,"FEHR GROSSMAN ARCHITECTS, INC.",3315 MARQUART ST STE 250,HOUSTON,TX,77027,541310,"Professional, Scientific, and Technical Services (Legal, Accounting, IT)",Texas Corporation,2017-03-10T00:00:00.000,CMMC 2.0 / Proprietary CAD & IP Protection
"FENIX SOLUTIONS, LLC","FENIX SOLUTIONS, LLC",15995 N BARKERS LANDING RD STE 330,HOUSTON,TX,77079,541330,Engineering Services,Limited Liability Company (LLC),2025-03-25T00:00:00.000,CMMC 2.0 / Proprietary CAD & IP Protection
"FERMATA TECHNOLOGIES, LLC","FERMATA TECHNOLOGIES, LLC",349 HEIGHTS BLVD,HOUSTON,TX,77007,541330,Engineering Services,Limited Liability Company (LLC),2020-06-24T00:00:00.000,CMMC 2.0 / Proprietary CAD & IP Protection
"FKP ARCHITECTS, INC.","FKP ARCHITECTS, INC.",8 E GREENWAY PLZ STE 300,HOUSTON,TX,77046,541310,"Professional, Scientific, and Technical Services (Legal, Accounting, IT)",Texas Corporation,2005-09-28T00:00:00.000,CMMC 2.0 / Proprietary CAD & IP Protection
"FORENSIC ANALYSTS, INC.","FORENSIC ANALYSTS, INC.",14903 WOODTHORPE LN,HOUSTON,TX,77079,541330,Engineering Services,Texas Corporation,2003-10-06T00:00:00.000,CMMC 2.0 / Proprietary CAD & IP Protection
FORMATION LLC,FORMATION LLC,4158 MEYERWOOD DR,HOUSTON,TX,77025,541310,"Professional, Scientific, and Technical Services (Legal, Accounting, IT)",Limited Liability Company (LLC),2020-10-12T00:00:00.000,CMMC 2.0 / Proprietary CAD & IP Protection
"FOSTER FINDLAY ASSOCIATES, INC.","FOSTER FINDLAY ASSOCIATES, INC.",800 W SAM HOUSTON PKWY N BLDG 123,HOUSTON,TX,77024,541360,"Professional, Scientific, and Technical Services (Legal, Accounting, IT)",Texas Corporation,2010-03-03T00:00:00.000,CMMC 2.0 / Proprietary CAD & IP Protection
"FOUR SEASONS OUTDOOR LIVING, LLC","FOUR SEASONS OUTDOOR LIVING, LLC",5438 GUHN RD,HOUSTON,TX,77040,541320,"Professional, Scientific, and Technical Services (Legal, Accounting, IT)",Limited Liability Company (LLC),2020-03-16T00:00:00.000,CMMC 2.0 / Proprietary CAD & IP Protection
"FRAYRE ENGINEERING & CONSULTING, PLLC","FRAYRE ENGINEERING & CONSULTING, PLLC",2914 CEDAR WOODS PL,HOUSTON,TX,77068,541330,Engineering Services,Limited Liability Company (LLC),2013-04-18T00:00:00.000,CMMC 2.0 / Proprietary CAD & IP Protection
"FREEMAN & CURIEL ENGINEERS, LLC","FREEMAN & CURIEL ENGINEERS, LLC",13101 NORTHWEST FWY STE 320,HOUSTON,TX,77040,541330,Engineering Services,Limited Liability Company (LLC),2020-07-06T00:00:00.000,CMMC 2.0 / Proprietary CAD & IP Protection
"FRIEDE & GOLDMAN, LLC","FRIEDE & GOLDMAN, LLC",3151 BRIARPARK DR STE 800,HOUSTON,TX,77042,541330,Engineering Services,Limited Liability Company (LLC),2017-02-02T00:00:00.000,CMMC 2.0 / Proprietary CAD & IP Protection
"FUGRO USA LAND, INC.","FUGRO USA LAND, INC.",13501 KATY FWY STE 1050,HOUSTON,TX,77079,541330,Engineering Services,Texas Corporation,2025-08-14T00:00:00.000,CMMC 2.0 / Proprietary CAD & IP Protection
FULL SQUARE INCORPORATED,FULL SQUARE INCORPORATED,558 RANCHO BAUER DR,HOUSTON,TX,77079,541310,"Professional, Scientific, and Technical Services (Legal, Accounting, IT)",Texas Corporation,2025-10-27T00:00:00.000,CMMC 2.0 / Proprietary CAD & IP Protection
"G-A-I CONSULTANTS, INC.","G-A-I CONSULTANTS, INC.",2100 WEST LOOP S STE 1400,HOUSTON,TX,77027,541330,Engineering Services,Foreign Corporation (Out-of-State),2019-05-16T00:00:00.000,CMMC 2.0 / Proprietary CAD & IP Protection
GARDEN GIRLS LLC,GARDEN GIRLS LLC,4015 ABERDEEN WAY,HOUSTON,TX,77025,541320,"Professional, Scientific, and Technical Services (Legal, Accounting, IT)",Limited Liability Company (LLC),2021-11-10T00:00:00.000,CMMC 2.0 / Proprietary CAD & IP Protection
GATHER,BRIAN LIU,3000 BISSONNET ST APT 2107,HOUSTON,TX,77005,541310,"Professional, Scientific, and Technical Services (Legal, Accounting, IT)",Type IS,2026-06-08T00:00:00.000,CMMC 2.0 / Proprietary CAD & IP Protection
GAZTRANSPORT & TECHNIGAZ NORTH,"GAZTRANSPORT & TECHNIGAZ NORTH AMERICA, INC.",3 RIVERWAY STE 1140,HOUSTON,TX,77056,541330,Engineering Services,Foreign Corporation (Out-of-State),2017-06-30T00:00:00.000,CMMC 2.0 / Proprietary CAD & IP Protection
"GDS DESIGN GROUP, INC.","GDS DESIGN GROUP, INC.",5005 MITCHELLDALE ST STE 116,HOUSTON,TX,77092,541340,"Professional, Scientific, and Technical Services (Legal, Accounting, IT)",Texas Corporation,2010-08-05T00:00:00.000,CMMC 2.0 / Proprietary CAD & IP Protection
GEMINI SOLUTIONS INC,"GEMINI SOLUTIONS, INC.",11301 RICHMOND AVE STE K110,HOUSTON,TX,77082,541330,Engineering Services,Texas Corporation,1998-08-10T00:00:00.000,CMMC 2.0 / Proprietary CAD & IP Protection
"GEO PRODUCTS, LLC","GEO PRODUCTS, LLC",12626 N HOUSTON ROSSLYN RD,HOUSTON,TX,77086,541330,Engineering Services,Limited Liability Company (LLC),2017-06-01T00:00:00.000,CMMC 2.0 / Proprietary CAD & IP Protection
"GEOSURV, INC.","GEOSURV, INC.",1710 S DAIRY ASHFORD RD STE 200,HOUSTON,TX,77077,541370,"Professional, Scientific, and Technical Services (Legal, Accounting, IT)",Texas Corporation,2016-01-08T00:00:00.000,CMMC 2.0 / Proprietary CAD & IP Protection
"GEOSYNTEC CONSULTANTS, INC.","GEOSYNTEC CONSULTANTS, INC.",11490 WESTHEIMER RD STE 150,HOUSTON,TX,77077,541330,Engineering Services,Foreign Corporation (Out-of-State),2014-03-01T00:00:00.000,CMMC 2.0 / Proprietary CAD & IP Protection
"GEOTEX DESIGN SOLUTIONS, PLLC","GEOTEX DESIGN SOLUTIONS, PLLC",15011 OAK BLUFF CT,HOUSTON,TX,77070,541330,Engineering Services,Limited Liability Company (LLC),2018-10-27T00:00:00.000,CMMC 2.0 / Proprietary CAD & IP Protection
GHD SERVICES INC.,GHD SERVICES INC.,11451 KATY FWY STE 400,HOUSTON,TX,77079,541330,Engineering Services,Foreign Corporation (Out-of-State),2023-03-17T00:00:00.000,CMMC 2.0 / Proprietary CAD & IP Protection
GIBSON APPLIED TECHNOLGY & ENGINEERING (TEXAS),"GIBSON APPLIED TECHNOLOGY & ENGINEERING (TEXAS), L",16360 PARK TEN PL STE 206,HOUSTON,TX,77084,541330,Engineering Services,Limited Liability Company (LLC),2016-12-16T00:00:00.000,CMMC 2.0 / Proprietary CAD & IP Protection
GIPFELTX LLC,GIPFELTX LLC,2906 GREENHOUSE RD STE F,HOUSTON,TX,77084,541330,Engineering Services,Limited Liability Company (LLC),2025-12-30T00:00:00.000,CMMC 2.0 / Proprietary CAD & IP Protection
GLASSMAN SHOEMAKE MALDONADO ARCHITECTS,"GSM ARCHITECTS, INC.",5305 JACKSON ST,HOUSTON,TX,77004,541310,"Professional, Scientific, and Technical Services (Legal, Accounting, IT)",Texas Corporation,2023-07-13T00:00:00.000,CMMC 2.0 / Proprietary CAD & IP Protection
GLOBAL INSTRUMENTATION SERVICES,"GLOBAL INSTRUMENTATION SERVICES, LLC",800 W SAM HOUSTON PKWY S STE 188,HOUSTON,TX,77042,541380,"Professional, Scientific, and Technical Services (Legal, Accounting, IT)",Limited Liability Company (LLC),2014-06-05T00:00:00.000,CMMC 2.0 / Proprietary CAD & IP Protection
"GLOBAL TUBULAR SERVICES, L.C.","GLOBAL TUBULAR SERVICES, L.C.",3612 PLUMB ST,HOUSTON,TX,77005,541330,Engineering Services,Limited Liability Company (LLC),2006-09-14T00:00:00.000,CMMC 2.0 / Proprietary CAD & IP Protection
GM SERVICES,JIMMY R GRAVES & GARY W MCMURREY,4026 COLGATE ST,HOUSTON,TX,77087,541330,Engineering Services,Type PI,2019-09-11T00:00:00.000,CMMC 2.0 / Proprietary CAD & IP Protection
GOSHEN MART,"YYCONNECT CONSULTING, INC.",15834 HIDDEN CV,HOUSTON,TX,77079,541330,Engineering Services,Texas Corporation,2018-05-25T00:00:00.000,CMMC 2.0 / Proprietary CAD & IP Protection
"GOVTECH STRATEGIC, LLC","GOVTECH STRATEGIC, LLC",16527 AMARGOS DR,HOUSTON,TX,77083,541330,Engineering Services,Limited Liability Company (LLC),2026-06-03T00:00:00.000,CMMC 2.0 / Proprietary CAD & IP Protection
GPC INFRASTRUCTURE LLC,GPC INFRASTRUCTURE LLC,757 N ELDRIDGE PKWY STE 800C,HOUSTON,TX,77079,541330,Engineering Services,Limited Liability Company (LLC),2026-08-06T00:00:00.000,CMMC 2.0 / Proprietary CAD & IP Protection
"GR2 ENGINEERING, INC.","GR2 ENGINEERING, INC.",2900 WILCREST DR STE 455,HOUSTON,TX,77042,541330,Engineering Services,Texas Corporation,2020-01-09T00:00:00.000,CMMC 2.0 / Proprietary CAD & IP Protection
GRACE INSTRUMENT TECHNOLOGIES,GRACE INSTRUMENT TECHNOLOGIES INC.,9434 KATY FWY STE 210,HOUSTON,TX,77055,541330,Engineering Services,Texas Corporation,2013-04-29T00:00:00.000,CMMC 2.0 / Proprietary CAD & IP Protection
"GRADIENT GROUP, LLC","GRADIENT GROUP, LLC",2500 CITYWEST BLVD STE 300,HOUSTON,TX,77042,541330,Engineering Services,Limited Liability Company (LLC),2018-03-27T00:00:00.000,CMMC 2.0 / Proprietary CAD & IP Protection
"GRADY & ASSOCIATES, LLC","GRADY & ASSOCIATES, LLC",10015 N ELDRIDGE PKWY STE E-119,HOUSTON,TX,77065,541310,"Professional, Scientific, and Technical Services (Legal, Accounting, IT)",Corporation / Corporate Entity,2012-06-12T00:00:00.000,CMMC 2.0 / Proprietary CAD & IP Protection
GREATER HOUSTON BUILDERS ASSN/TRADESHOW,"GREATER HOUSTON BUILDERS ASSOCIATION, AFFILIATED W",9511 W SAM HOUSTON PKWY N,HOUSTON,TX,77064,541310,"Professional, Scientific, and Technical Services (Legal, Accounting, IT)",Type CN,1997-06-20T00:00:00.000,CMMC 2.0 / Proprietary CAD & IP Protection
GREATER HOUSTON HIGH TECH INC.,GREATER HOUSTON HIGH TECH INC.,8142 JET PILOT ST,HOUSTON,TX,77075,541330,Engineering Services,Texas Corporation,2002-09-03T00:00:00.000,CMMC 2.0 / Proprietary CAD & IP Protection
GREENLIGHT INSPECTIONS,5103 INSPECTIONS LLC,5103 LAUREL CREEK WAY,HOUSTON,TX,77017,541350,"Professional, Scientific, and Technical Services (Legal, Accounting, IT)",Limited Liability Company (LLC),2021-01-13T00:00:00.000,CMMC 2.0 / Proprietary CAD & IP Protection
GREY WOLF ENGINEERS INC,GREY WOLF ENGINEERS INC.,1832 CHIMNEY ROCK RD,HOUSTON,TX,77056,541370,"Professional, Scientific, and Technical Services (Legal, Accounting, IT)",Type CP,2024-12-20T00:00:00.000,CMMC 2.0 / Proprietary CAD & IP Protection
"GREYCO SEISMIC EQUIPMENT RENATLS, LLC","GREYCO SEISMIC EQUIPMENT RENTALS, LLC",10550 BISSONNET ST STE 100,HOUSTON,TX,77099,541360,"Professional, Scientific, and Technical Services (Legal, Accounting, IT)",Limited Liability Company (LLC),2012-10-17T00:00:00.000,CMMC 2.0 / Proprietary CAD & IP Protection
"GRIDFORCE ENERGY MANAGEMENT, LLC","GRIDFORCE ENERGY MANAGEMENT, LLC",1301 FANNIN ST STE 1000,HOUSTON,TX,77002,541330,Engineering Services,Corporation / Corporate Entity,2026-01-09T00:00:00.000,CMMC 2.0 / Proprietary CAD & IP Protection
GROUNDS & GARDENS,CINDY OVERTON,10878 WESTHEIMER RD # 356,HOUSTON,TX,77042,541320,"Professional, Scientific, and Technical Services (Legal, Accounting, IT)",Type IS,2022-07-21T00:00:00.000,CMMC 2.0 / Proprietary CAD & IP Protection
"GRUENE LANDSCAPE, LLC","GRUENE LANDSCAPE, LLC",12222C FM 529 RD,HOUSTON,TX,77041,541320,"Professional, Scientific, and Technical Services (Legal, Accounting, IT)",Limited Liability Company (LLC),2026-04-07T00:00:00.000,CMMC 2.0 / Proprietary CAD & IP Protection
"GRULLER SURVEYING, LLC","GRULLER SURVEYING, LLC",5599 SAN FELIPE ST STE 1420,HOUSTON,TX,77056,541370,"Professional, Scientific, and Technical Services (Legal, Accounting, IT)",Limited Liability Company (LLC),2010-05-14T00:00:00.000,CMMC 2.0 / Proprietary CAD & IP Protection
GTO WATERPROOFING & RESTORATION LLC,GTO WATERPROOFING & RESTORATION LLC,5322 CANYON HOLLOW DR,HOUSTON,TX,77084,541330,Engineering Services,Limited Liability Company (LLC),2025-03-12T00:00:00.000,CMMC 2.0 / Proprietary CAD & IP Protection
GULF COAST CALIBRATION,"GULF COAST CALIBRATION, INC.",5202 S SHAVER ST,HOUSTON,TX,77034,541380,"Professional, Scientific, and Technical Services (Legal, Accounting, IT)",Texas Corporation,2004-06-28T00:00:00.000,CMMC 2.0 / Proprietary CAD & IP Protection
"GULF COAST ENGINEERING, INC.","GULF COAST ENGINEERING, INC.",5506 PINEWOOD SPRINGS DR,HOUSTON,TX,77066,541330,Engineering Services,Texas Corporation,1996-11-05T00:00:00.000,CMMC 2.0 / Proprietary CAD & IP Protection
GULF INTERSTATE ENGINEERING CO,GULF INTERSTATE ENGINEERING COMPANY,16010 BARKERS PT LN,HOUSTON,TX,77079,541330,Engineering Services,Foreign Corporation (Out-of-State),2003-07-09T00:00:00.000,CMMC 2.0 / Proprietary CAD & IP Protection
"HALFF ASSOCIATES, INC.","HALFF ASSOCIATES, INC.",14800 SAINT MARYS LN STE 160,HOUSTON,TX,77079,541330,Engineering Services,Texas Corporation,2011-09-28T00:00:00.000,CMMC 2.0 / Proprietary CAD & IP Protection
HALLIBURTON TECHNICAL SERVICES INC,"KBR TECHNICAL SERVICES, INC.",4100 CLINTON DR,HOUSTON,TX,77020,541330,Engineering Services,Foreign Corporation (Out-of-State),1999-02-13T00:00:00.000,CMMC 2.0 / Proprietary CAD & IP Protection
"HARGROVE AND ASSOCIATES, INC.","HARGROVE AND ASSOCIATES, INC.",16300 KATY FWY STE 300,HOUSTON,TX,77094,541330,Engineering Services,Foreign Corporation (Out-of-State),2016-09-16T00:00:00.000,CMMC 2.0 / Proprietary CAD & IP Protection
"HARGROVE CONTROLS + AUTOMATION, LLC","HARGROVE CONTROLS + AUTOMATION, LLC",16300 KATY FWY STE 300,HOUSTON,TX,77094,541330,Engineering Services,Corporation / Corporate Entity,2016-12-07T00:00:00.000,CMMC 2.0 / Proprietary CAD & IP Protection
HDR ENGINEERING INC,"HDR ENGINEERING, INC.",1801 MAIN ST,HOUSTON,TX,77002,541330,Engineering Services,Foreign Corporation (Out-of-State),2007-11-28T00:00:00.000,CMMC 2.0 / Proprietary CAD & IP Protection
HEAVENLY DESIGNS LLC,HEAVENLY DESIGNS LLC,10810 KATY FWY STE 205,HOUSTON,TX,77043,541310,"Professional, Scientific, and Technical Services (Legal, Accounting, IT)",Limited Liability Company (LLC),2019-01-08T00:00:00.000,CMMC 2.0 / Proprietary CAD & IP Protection
"HELLMUTH, OBATA & KASSABAUM, INC.","HELLMUTH, OBATA & KASSABAUM, INC.",3200 SOUTHWEST FWY STE 900,HOUSTON,TX,77027,541310,"Professional, Scientific, and Technical Services (Legal, Accounting, IT)",Foreign Corporation (Out-of-State),2020-04-27T00:00:00.000,CMMC 2.0 / Proprietary CAD & IP Protection
HEMMERSBACH US LLC,HEMMERSBACH US LLC,1512 CENTER ST STE 530,HOUSTON,TX,77007,541330,Engineering Services,Corporation / Corporate Entity,2025-12-19T00:00:00.000,CMMC 2.0 / Proprietary CAD & IP Protection
"HERCON INSTRUMENTS, INC.","KING SOUTHWEST AND CONSULTING OF CYPRESS, LLC",10825 BARELY LN STE V,HOUSTON,TX,77070,541330,Engineering Services,Limited Liability Company (LLC),2010-08-04T00:00:00.000,CMMC 2.0 / Proprietary CAD & IP Protection
HI-CAD AMERICA LLC,"INTERTEK SURVEYING SERVICES (USA), LLC",16441 SPACE CENTER BLVD STE D-100,HOUSTON,TX,77058,541370,"Professional, Scientific, and Technical Services (Legal, Accounting, IT)",Limited Liability Company (LLC),2008-10-02T00:00:00.000,CMMC 2.0 / Proprietary CAD & IP Protection
HNTB CORPORATION,HNTB CORPORATION,1301 FANNIN ST STE 2100,HOUSTON,TX,77002,541330,Engineering Services,Foreign Corporation (Out-of-State),2025-01-10T00:00:00.000,CMMC 2.0 / Proprietary CAD & IP Protection
HOGUE LANDSCAPE SERVICES LLC,HOGUE LANDSCAPE SERVICES LLC,2210 W 34TH ST,HOUSTON,TX,77018,541320,"Professional, Scientific, and Technical Services (Legal, Accounting, IT)",Limited Liability Company (LLC),2022-07-12T00:00:00.000,CMMC 2.0 / Proprietary CAD & IP Protection
"HOLES TECHNOLOGY, L.P.","HOLES TECHNOLOGY, L.P.",9911 FRANKLIN RD,HOUSTON,TX,77070,541360,"Professional, Scientific, and Technical Services (Legal, Accounting, IT)",Type PL,2005-07-11T00:00:00.000,CMMC 2.0 / Proprietary CAD & IP Protection
"HOLLAND-SPACE, LLC","HOLLAND-SPACE, LLC",4510 CEDAR RIDGE TRL,HOUSTON,TX,77059,541330,Engineering Services,Limited Liability Company (LLC),2024-12-21T00:00:00.000,CMMC 2.0 / Proprietary CAD & IP Protection
"HORIZON SURVEY, INC.","HORIZON SURVEY, INC.",7050 LAKEVIEW HAVEN DR STE 200,HOUSTON,TX,77095,541370,"Professional, Scientific, and Technical Services (Legal, Accounting, IT)",Texas Corporation,2020-02-19T00:00:00.000,CMMC 2.0 / Proprietary CAD & IP Protection
HORTICULTURAL SERVICES INC,"HORTICULTURAL SERVICES, INC.",11627 NOBLEWOOD CREST LN,HOUSTON,TX,77082,541320,"Professional, Scientific, and Technical Services (Legal, Accounting, IT)",Texas Corporation,1992-01-09T00:00:00.000,CMMC 2.0 / Proprietary CAD & IP Protection
"HOUSTON AREA LANDSCAPE,L.L.C.","HOUSTON AREA LANDSCAPE,L.L.C.",1839 MILL CREEK DR,HOUSTON,TX,77008,541320,"Professional, Scientific, and Technical Services (Legal, Accounting, IT)",Limited Liability Company (LLC),2011-09-08T00:00:00.000,CMMC 2.0 / Proprietary CAD & IP Protection
HOUSTON FORENSIC SCIENCE CENTER,"HOUSTON FORENSIC SCIENCE CENTER, INC.",1301 FANNIN ST STE 170,HOUSTON,TX,77002,541380,"Professional, Scientific, and Technical Services (Legal, Accounting, IT)",Type CN,2018-02-08T00:00:00.000,CMMC 2.0 / Proprietary CAD & IP Protection
"HOUSTON JACOB HOME INSPECTION, LLC","HOUSTON JACOB HOME INSPECTION, LLC",9422 BORDEN BLUFF LN,HOUSTON,TX,77095,541350,"Professional, Scientific, and Technical Services (Legal, Accounting, IT)",Limited Liability Company (LLC),2019-02-12T00:00:00.000,CMMC 2.0 / Proprietary CAD & IP Protection
"HOUSTON METALLURGICAL LABORATORY, INC.","HOUSTON METALLURGICAL LABORATORY, INC.",2400 CENTRAL PKWY STE R,HOUSTON,TX,77092,541380,"Professional, Scientific, and Technical Services (Legal, Accounting, IT)",Texas Corporation,2012-08-04T00:00:00.000,CMMC 2.0 / Proprietary CAD & IP Protection
HOUSTON TREE TEAM LLC,HOUSTON TREE TEAM LLC,5380 W 34TH ST PMB 394,HOUSTON,TX,77092,541320,"Professional, Scientific, and Technical Services (Legal, Accounting, IT)",Limited Liability Company (LLC),2026-03-11T00:00:00.000,CMMC 2.0 / Proprietary CAD & IP Protection
HPP ENGINEERING,"COMTEC COMPONENTS, INC.",7710 CHERRY PARK DR # 311T,HOUSTON,TX,77095,541330,Engineering Services,Texas Corporation,2016-01-13T00:00:00.000,CMMC 2.0 / Proprietary CAD & IP Protection
"HUGHES BUILDING & DESIGN, INC.","HUGHES BUILDING & DESIGN, INC.",7807 PIPING ROCK LN,HOUSTON,TX,77063,541310,"Professional, Scientific, and Technical Services (Legal, Accounting, IT)",Texas Corporation,2021-08-04T00:00:00.000,CMMC 2.0 / Proprietary CAD & IP Protection
HUITT-ZOLLARS INC,"HUITT - ZOLLARS, INC.",1500 S DAIRY ASHFORD ST STE 200,HOUSTON,TX,77077,541330,Engineering Services,Texas Corporation,2001-12-06T00:00:00.000,CMMC 2.0 / Proprietary CAD & IP Protection
"HUTLEY DESIGN GROUP, LLC","HUTLEY DESIGN GROUP, LLC",657 S RIPPLE CREEK DR,HOUSTON,TX,77057,541330,Engineering Services,Limited Liability Company (LLC),2017-11-18T00:00:00.000,CMMC 2.0 / Proprietary CAD & IP Protection
"HVJ ASSOCIATES, INC.","HVJ ASSOCIATES, INC.",6120 S DAIRY ASHFORD ST,HOUSTON,TX,77072,541380,"Professional, Scientific, and Technical Services (Legal, Accounting, IT)",Texas Corporation,2014-07-29T00:00:00.000,CMMC 2.0 / Proprietary CAD & IP Protection
"HYCO1, LLC","HYCO1, INC.",15403 VANTAGE PKWY E STE 320,HOUSTON,TX,77032,541330,Engineering Services,Foreign Corporation (Out-of-State),2021-06-18T00:00:00.000,CMMC 2.0 / Proprietary CAD & IP Protection
HYDRAMEK,"HYDRAMEK, LLC",1225 NORTH LOOP W STE 450,HOUSTON,TX,77008,541330,Engineering Services,Limited Liability Company (LLC),2021-03-27T00:00:00.000,CMMC 2.0 / Proprietary CAD & IP Protection
HYDROGRAPHIC SURVEY PRODUCTS,"HYDROGRAPHIC SURVEY PRODUCTS, INC.",2630 BAYCREST DR,HOUSTON,TX,77058,541330,Engineering Services,Texas Corporation,2021-06-04T00:00:00.000,CMMC 2.0 / Proprietary CAD & IP Protection
"HYDRUS WORKS, LLC","HYDRUS WORKS, LLC",2950 NORTH LOOP W STE 500,HOUSTON,TX,77092,541330,Engineering Services,Limited Liability Company (LLC),2025-02-22T00:00:00.000,CMMC 2.0 / Proprietary CAD & IP Protection
I & B SERVICES,BRENDA HERNANDEZ AND JUAN ISMAEL GARCIA,2011 WOODVINE DR,HOUSTON,TX,77055,541320,"Professional, Scientific, and Technical Services (Legal, Accounting, IT)",Type PI,2024-05-13T00:00:00.000,CMMC 2.0 / Proprietary CAD & IP Protection
I A NAMAN + ASSOCIATES INC,"I. A. NAMAN + ASSOCIATES, INC.",2 E GREENWAY PLZ STE 700,HOUSTON,TX,77046,541330,Engineering Services,Texas Corporation,1993-12-03T00:00:00.000,CMMC 2.0 / Proprietary CAD & IP Protection
IHI ENERGY SOLUTIONS INC.,IHI ENERGY SOLUTIONS INC.,16340 PARK TEN PL STE 200,HOUSTON,TX,77084,541330,Engineering Services,Foreign Corporation (Out-of-State),2024-09-26T00:00:00.000,CMMC 2.0 / Proprietary CAD & IP Protection
INDEPENDENCE TESTING SERVICES LLC,INDEPENDENCE TESTING SERVICES LLC,8150 SOUTH LOOP E STE 110,HOUSTON,TX,77017,541380,"Professional, Scientific, and Technical Services (Legal, Accounting, IT)",Limited Liability Company (LLC),2026-03-30T00:00:00.000,CMMC 2.0 / Proprietary CAD & IP Protection
"INDUSTRIAL WELDING ACADEMY, LLC","INDUSTRIAL WELDING ACADEMY, LLC",11001 WALLISVILLE RD,HOUSTON,TX,77013,541310,"Professional, Scientific, and Technical Services (Legal, Accounting, IT)",Limited Liability Company (LLC),2017-10-19T00:00:00.000,CMMC 2.0 / Proprietary CAD & IP Protection
INFLECTION ARCHITECTURE LLC,INFLECTION ARCHITECTURE LLC,2253 SOUTHGATE BLVD,HOUSTON,TX,77030,541310,"Professional, Scientific, and Technical Services (Legal, Accounting, IT)",Limited Liability Company (LLC),2018-05-23T00:00:00.000,CMMC 2.0 / Proprietary CAD & IP Protection
"INGO OLEJAK PATENT DRAFTING, INC.","INGO OLEJAK PATENT DRAFTING, INC.",3724 FM 1960 RD W STE 312,HOUSTON,TX,77068,541340,"Professional, Scientific, and Technical Services (Legal, Accounting, IT)",Texas Corporation,1991-11-19T00:00:00.000,CMMC 2.0 / Proprietary CAD & IP Protection
INNOVATIVE GEOTECHNOLOGY LLC,INNOVATIVE GEOTECHNOLOGY LLC,7070 W 43RD ST STE 100,HOUSTON,TX,77092,541330,Engineering Services,Limited Liability Company (LLC),2025-12-16T00:00:00.000,CMMC 2.0 / Proprietary CAD & IP Protection
"INSIGHT ENGINEERING, L.P.","INSIGHT ENGINEERING, L.P.",1331 GEMINI ST STE 102,HOUSTON,TX,77058,541330,Engineering Services,Type PL,2017-12-15T00:00:00.000,CMMC 2.0 / Proprietary CAD & IP Protection
INSPECTORATE AMERICA CORPORATION,"BUREAU VERITAS COMMODITIES AND TRADE, INC.",10770 VINECREST DR,HOUSTON,TX,77086,541380,"Professional, Scientific, and Technical Services (Legal, Accounting, IT)",Foreign Corporation (Out-of-State),2016-06-22T00:00:00.000,CMMC 2.0 / Proprietary CAD & IP Protection
INSPECTORATE AMERICA CORPORATION,"BUREAU VERITAS COMMODITIES AND TRADE, INC.",12000 AEROSPACE AVE STE 200,HOUSTON,TX,77034,541380,"Professional, Scientific, and Technical Services (Legal, Accounting, IT)",Foreign Corporation (Out-of-State),2006-10-24T00:00:00.000,CMMC 2.0 / Proprietary CAD & IP Protection
INSPECTORATE AMERICA CORPORATION,"BUREAU VERITAS COMMODITIES AND TRADE, INC.",16025 JACINTOPORT BLVD UNIT C,HOUSTON,TX,77015,541380,"Professional, Scientific, and Technical Services (Legal, Accounting, IT)",Foreign Corporation (Out-of-State),2016-06-22T00:00:00.000,CMMC 2.0 / Proprietary CAD & IP Protection
"INTECH PROCESS AUTOMATION, INC.","INTECH PROCESS AUTOMATION, INC.",4529 BRITTMOORE RD,HOUSTON,TX,77041,541330,Engineering Services,Texas Corporation,2026-08-18T00:00:00.000,CMMC 2.0 / Proprietary CAD & IP Protection
"INTECSEA, INC.","INTECSEA, INC.",575 N DAIRY ASHFORD RD STE 100,HOUSTON,TX,77079,541330,Engineering Services,Texas Corporation,2019-11-21T00:00:00.000,CMMC 2.0 / Proprietary CAD & IP Protection
"INTEGRITY SPECIALISTS INTERNATIONAL, INC.","INTEGRITY SPECIALISTS INTERNATIONAL, INC.",1010 ROSINE ST APT 38,HOUSTON,TX,77019,541330,Engineering Services,Foreign Corporation (Out-of-State),2024-09-06T00:00:00.000,CMMC 2.0 / Proprietary CAD & IP Protection
INTELLIGENT OPTIMIZATION GROUP,"PLANT CONTROL SOLUTIONS, INC.",1216 KIPLING ST,HOUSTON,TX,77006,541330,Engineering Services,Texas Corporation,2023-05-15T00:00:00.000,CMMC 2.0 / Proprietary CAD & IP Protection
INTERLINK SYSTEMS INC,"INTERLINK SYSTEMS, INC.",7518 PRESTWICK ST,HOUSTON,TX,77025,541330,Engineering Services,Texas Corporation,2004-07-17T00:00:00.000,CMMC 2.0 / Proprietary CAD & IP Protection
INTERNASH GLOBAL SERVICES,"INTERNASH GLOBAL SERVICES, LLC",8219 KEMPWOOD DR,HOUSTON,TX,77055,541380,"Professional, Scientific, and Technical Services (Legal, Accounting, IT)",Limited Liability Company (LLC),2019-06-20T00:00:00.000,CMMC 2.0 / Proprietary CAD & IP Protection
"INTERNASH GLOBAL SERVICES, LLC","INTERNASH GLOBAL SERVICES, LLC",10305 ROUND UP LN STE 400,HOUSTON,TX,77064,541380,"Professional, Scientific, and Technical Services (Legal, Accounting, IT)",Limited Liability Company (LLC),2019-06-20T00:00:00.000,CMMC 2.0 / Proprietary CAD & IP Protection
"INVENTIVE ENGINEERING, LLC","INVENTIVE ENGINEERING, LLC",4433 EIGEL ST,HOUSTON,TX,77007,541330,Engineering Services,Limited Liability Company (LLC),2025-04-22T00:00:00.000,CMMC 2.0 / Proprietary CAD & IP Protection
"INVICTA TECHNOLOGIES, INC.","INVICTA TECHNOLOGIES, INC.",5910 SCHUMACHER LN,HOUSTON,TX,77057,541310,"Professional, Scientific, and Technical Services (Legal, Accounting, IT)",Texas Corporation,2022-06-11T00:00:00.000,CMMC 2.0 / Proprietary CAD & IP Protection
IOMOSAIC,IOMOSAIC CORPORATION,1800 BERING DR,HOUSTON,TX,77057,541330,Engineering Services,Foreign Corporation (Out-of-State),2023-12-13T00:00:00.000,CMMC 2.0 / Proprietary CAD & IP Protection
IOT-MATION INC.,IOT-MATION INC.,1183 BRITTMOORE RD STE 150,HOUSTON,TX,77043,541330,Engineering Services,Texas Corporation,2018-02-17T00:00:00.000,CMMC 2.0 / Proprietary CAD & IP Protection
IRIS INSPECTION SERVICES INC,"IRIS INSPECTION SERVICES, INC.",3500 W T C JESTER,HOUSTON,TX,77018,541380,"Professional, Scientific, and Technical Services (Legal, Accounting, IT)",Texas Corporation,1998-08-24T00:00:00.000,CMMC 2.0 / Proprietary CAD & IP Protection
ISIMS LLC,ISIMS LLC,900 TOWN AND COUNTRY LN STE 303,HOUSTON,TX,77024,541330,Engineering Services,Limited Liability Company (LLC),2015-07-28T00:00:00.000,CMMC 2.0 / Proprietary CAD & IP Protection
"ITI INTERNATIONAL, LLC","ITI INTERNATIONAL, LLC",5100 WESTHEIMER RD STE 540,HOUSTON,TX,77056,541330,Engineering Services,Limited Liability Company (LLC),2014-04-11T00:00:00.000,CMMC 2.0 / Proprietary CAD & IP Protection
J H OPERATING COMPANY LLC,J H OPERATING COMPANY LLC,700 MILAM ST STE 1300,HOUSTON,TX,77002,541330,Engineering Services,Limited Liability Company (LLC),2021-08-06T00:00:00.000,CMMC 2.0 / Proprietary CAD & IP Protection
J YORK ASSOCIATES INC,"J. YORK ASSOCIATES, INC.",14780 MEMORIAL DR STE 240,HOUSTON,TX,77079,541330,Engineering Services,Texas Corporation,2001-05-07T00:00:00.000,CMMC 2.0 / Proprietary CAD & IP Protection
"J. BRANCH LANDSCAPING, INC.","J. BRANCH LANDSCAPING, INC.",134 VINTAGE PARK BLVD STE A147,HOUSTON,TX,77070,541320,"Professional, Scientific, and Technical Services (Legal, Accounting, IT)",Texas Corporation,2021-05-05T00:00:00.000,CMMC 2.0 / Proprietary CAD & IP Protection
"J.P.M. SURVEY GROUP, LLC","J.P.M. SURVEY GROUP, LLC",1760 W SAM HOUSTON PKWY N,HOUSTON,TX,77043,541370,"Professional, Scientific, and Technical Services (Legal, Accounting, IT)",Limited Liability Company (LLC),2002-02-18T00:00:00.000,CMMC 2.0 / Proprietary CAD & IP Protection
JACKSON & RYAN ARCHITECTS,"JACKSON & RYAN ARCHITECTS, INC.",2370 RICE BLVD STE 210,HOUSTON,TX,77005,541310,"Professional, Scientific, and Technical Services (Legal, Accounting, IT)",Texas Corporation,1993-09-17T00:00:00.000,CMMC 2.0 / Proprietary CAD & IP Protection
JACOBS ENGINEERING GROUP INC,JACOBS ENGINEERING GROUP INC.,5995 ROGERDALE RD,HOUSTON,TX,77072,541330,Engineering Services,Foreign Corporation (Out-of-State),2003-05-12T00:00:00.000,CMMC 2.0 / Proprietary CAD & IP Protection
JAMES R MCLIN,JAMES R MCLIN,3010 KISMET LN,HOUSTON,TX,77043,541330,Engineering Services,Type IS,2005-09-07T00:00:00.000,CMMC 2.0 / Proprietary CAD & IP Protection
JBA TOTAL SERVICES LLC,JBA TOTAL SERVICES LLC,6211 WISHING WELL LN,HOUSTON,TX,77088,541350,"Professional, Scientific, and Technical Services (Legal, Accounting, IT)",Limited Liability Company (LLC),2025-08-19T00:00:00.000,CMMC 2.0 / Proprietary CAD & IP Protection
JBL TECHNOLOGIES,"JBL TECHNOLOGIES (GULF COAST), LP",5402 EDITH ST,HOUSTON,TX,77096,541330,Engineering Services,Type PL,2011-12-28T00:00:00.000,CMMC 2.0 / Proprietary CAD & IP Protection
JEG ENGINEERING AND CONSTRICTION,JORGE ERNESTO GUTIERREZ,6851 EVANS ST,HOUSTON,TX,77061,541330,Engineering Services,Type IS,2018-08-18T00:00:00.000,CMMC 2.0 / Proprietary CAD & IP Protection
"JELEC USA, INC","JELEC USA, INC",16901 PARK ROW,HOUSTON,TX,77084,541330,Engineering Services,Foreign Corporation (Out-of-State),2025-05-21T00:00:00.000,CMMC 2.0 / Proprietary CAD & IP Protection
JENIKE & JOHANSON INC,JENIKE & JOHANSON INC,810 HIGHWAY 6 S STE 231,HOUSTON,TX,77079,541330,Engineering Services,Foreign Corporation (Out-of-State),2013-10-22T00:00:00.000,CMMC 2.0 / Proprietary CAD & IP Protection
JESSE ABEL ENTERPRISES,JESSE CLAYTON ABEL JR,16821 BUCCANEER LN STE 107,HOUSTON,TX,77058,541340,"Professional, Scientific, and Technical Services (Legal, Accounting, IT)",Type IS,2006-10-17T00:00:00.000,CMMC 2.0 / Proprietary CAD & IP Protection
JF REMODELING ENGINEERING,JF REMODELING ENGLINEERING  LLC,9230 LEADER ST,HOUSTON,TX,77036,541330,Engineering Services,Limited Liability Company (LLC),2026-05-22T00:00:00.000,CMMC 2.0 / Proprietary CAD & IP Protection
"JFE CONNECTIONS AMERICA, INC.","JFE CONNECTIONS AMERICA, INC.",6415 N SAM HOUSTON PKWY W,HOUSTON,TX,77086,541380,"Professional, Scientific, and Technical Services (Legal, Accounting, IT)",Foreign Corporation (Out-of-State),2018-07-27T00:00:00.000,CMMC 2.0 / Proprietary CAD & IP Protection
JLN ENGINEERS,JULLIAN L NORMAN,15234 HIGHSPRINGS DR,HOUSTON,TX,77068,541330,Engineering Services,Type IS,2020-01-20T00:00:00.000,CMMC 2.0 / Proprietary CAD & IP Protection
"JOB INDUSTRIAL SERVICES, INC.","JOB INDUSTRIAL SERVICES, INC.",15710 JOHN F KENNEDY BLVD STE 100,HOUSTON,TX,77032,541330,Engineering Services,Foreign Corporation (Out-of-State),2020-04-27T00:00:00.000,CMMC 2.0 / Proprietary CAD & IP Protection
"JOHN DAZEY ARCHITECT, PLLC","JOHN DAZEY ARCHITECT, PLLC",808 HAROLD ST,HOUSTON,TX,77006,541310,"Professional, Scientific, and Technical Services (Legal, Accounting, IT)",Limited Liability Company (LLC),2019-07-17T00:00:00.000,CMMC 2.0 / Proprietary CAD & IP Protection
JOHN E CHANCE & ASSOCIATES,"FUGRO USA MARINE, INC.",6100 HILLCROFT,HOUSTON,TX,77081,541330,Engineering Services,Foreign Corporation (Out-of-State),2005-07-19T00:00:00.000,CMMC 2.0 / Proprietary CAD & IP Protection
K&A DISTRIBUTORS INC,"K&A DISTRIBUTORS, INC.",9301 SOUTHWEST FWY STE 250,HOUSTON,TX,77074,541350,"Professional, Scientific, and Technical Services (Legal, Accounting, IT)",Texas Corporation,2006-07-24T00:00:00.000,CMMC 2.0 / Proprietary CAD & IP Protection
"K2 BIOLABS, LLC","K2 BIOLABS, INC.",2710 REED RD STE 160,HOUSTON,TX,77051,541380,"Professional, Scientific, and Technical Services (Legal, Accounting, IT)",Foreign Corporation (Out-of-State),2021-04-10T00:00:00.000,CMMC 2.0 / Proprietary CAD & IP Protection
KATHY HEARD DESIGN INC,"KATHY HEARD DESIGN, INC.",1955 RICHMOND AVE,HOUSTON,TX,77098,541310,"Professional, Scientific, and Technical Services (Legal, Accounting, IT)",Texas Corporation,1998-02-24T00:00:00.000,CMMC 2.0 / Proprietary CAD & IP Protection
"KATHY HEARD DESIGN, INC.","KATHY HEARD DESIGN, INC.",8410 MEADVILLE ST,HOUSTON,TX,77061,541310,"Professional, Scientific, and Technical Services (Legal, Accounting, IT)",Texas Corporation,2017-07-19T00:00:00.000,CMMC 2.0 / Proprietary CAD & IP Protection
KATIE GALLIANO INTERIORS,"KGI GROUP, INC.",403 HUNTERS PARK LN,HOUSTON,TX,77024,541350,"Professional, Scientific, and Technical Services (Legal, Accounting, IT)",Texas Corporation,2023-12-28T00:00:00.000,CMMC 2.0 / Proprietary CAD & IP Protection
"KCI TECHNOLOGIES, INC.","KCI TECHNOLOGIES, INC.",801 TRAVIS ST STE 2000,HOUSTON,TX,77002,541330,Engineering Services,Foreign Corporation (Out-of-State),2015-11-19T00:00:00.000,CMMC 2.0 / Proprietary CAD & IP Protection
"KCI TECHNOLOGIES, INC.","KCI TECHNOLOGIES, INC.",15021 KATY FWY STE 200,HOUSTON,TX,77094,541330,Engineering Services,Foreign Corporation (Out-of-State),2022-08-10T00:00:00.000,CMMC 2.0 / Proprietary CAD & IP Protection
KELM ENGINEERING LLC,KELM ENGINEERING LLC,13711 BANKS VIEW CT,HOUSTON,TX,77059,541330,Engineering Services,Limited Liability Company (LLC),2023-04-12T00:00:00.000,CMMC 2.0 / Proprietary CAD & IP Protection
KELVIN NEW ENERGY TECHNOLOGY INC.,KELVIN NEW ENERGY TECHNOLOGY INC.,7000 HOLLISTER ST,HOUSTON,TX,77040,541330,Engineering Services,Foreign Corporation (Out-of-State),2026-05-08T00:00:00.000,CMMC 2.0 / Proprietary CAD & IP Protection
KELVION INC.,"KELVION, LLC",10101 SOUTHWEST FWY STE 500,HOUSTON,TX,77074,541330,Engineering Services,Corporation / Corporate Entity,2023-03-09T00:00:00.000,CMMC 2.0 / Proprietary CAD & IP Protection
KENNAMETAL INC.,KENNAMETAL INC.,15421 VANTAGE PKWY W STE 102,HOUSTON,TX,77032,541330,Engineering Services,Foreign Corporation (Out-of-State),2014-10-30T00:00:00.000,CMMC 2.0 / Proprietary CAD & IP Protection
KENNETH WAYNE SMART JR,KENNETH WAYNE SMART JR,1025 EBERHARD ST,HOUSTON,TX,77019,541340,"Professional, Scientific, and Technical Services (Legal, Accounting, IT)",Type IS,2021-11-30T00:00:00.000,CMMC 2.0 / Proprietary CAD & IP Protection
"KEVIN J. KENNING, PLLC","KEVIN J. KENNING, PLLC",1124 TULANE ST,HOUSTON,TX,77008,541330,Engineering Services,Limited Liability Company (LLC),2014-07-11T00:00:00.000,CMMC 2.0 / Proprietary CAD & IP Protection
KIDE INTERNATIONAL (THE STATES) LLC,KIDE INTERNATIONAL (THE STATES) LLC,1001 S DAIRY ASHFORD RD STE 380,HOUSTON,TX,77077,541330,Engineering Services,Limited Liability Company (LLC),2025-11-18T00:00:00.000,CMMC 2.0 / Proprietary CAD & IP Protection
"KIMLEY-HORN AND ASSOCIATES, INC.","KIMLEY-HORN AND ASSOCIATES, INC.",11700 KATY FWY STE 800,HOUSTON,TX,77079,541330,Engineering Services,Foreign Corporation (Out-of-State),2017-08-10T00:00:00.000,CMMC 2.0 / Proprietary CAD & IP Protection
"KIRKSEY ARCHITECTS, INC.","KIRKSEY ARCHITECTS, INC.",6909 PORTWEST DR,HOUSTON,TX,77024,541310,"Professional, Scientific, and Technical Services (Legal, Accounting, IT)",Texas Corporation,2001-12-11T00:00:00.000,CMMC 2.0 / Proprietary CAD & IP Protection
KITO DESIGN STUDIO,"KITO DESIGN STUDIO, LLC",8118 PARK PLACE BLVD STE 220,HOUSTON,TX,77017,541310,"Professional, Scientific, and Technical Services (Legal, Accounting, IT)",Limited Liability Company (LLC),2014-08-12T00:00:00.000,CMMC 2.0 / Proprietary CAD & IP Protection
KLM LANDSCAPE DESIGNS,KATHRYN MORTON,11103 ATWELL DR,HOUSTON,TX,77096,541320,"Professional, Scientific, and Technical Services (Legal, Accounting, IT)",Type IS,2006-09-26T00:00:00.000,CMMC 2.0 / Proprietary CAD & IP Protection
"KLMLA, LLC","KLMLA, LLC",3114 CARNEGIE ST,HOUSTON,TX,77005,541320,"Professional, Scientific, and Technical Services (Legal, Accounting, IT)",Limited Liability Company (LLC),2021-06-09T00:00:00.000,CMMC 2.0 / Proprietary CAD & IP Protection
KLOTZ ASSOCIATES,"RPS INFRASTRUCTURE, INC.",1160 DAIRY ASHFORD ST STE 500,HOUSTON,TX,77079,541330,Engineering Services,Texas Corporation,1987-12-28T00:00:00.000,CMMC 2.0 / Proprietary CAD & IP Protection
"KNIGHTHAWK ENGINEERING, INC.","KNIGHTHAWK ENGINEERING, INC.",17625 EL CAMINO REAL STE 412,HOUSTON,TX,77058,541330,Engineering Services,Texas Corporation,2020-11-06T00:00:00.000,CMMC 2.0 / Proprietary CAD & IP Protection
KOEHN & ASSOCIATES ENGINEERS INC,"KOEHN & ASSOCIATES ENGINEERS, INC.",2500 CENTRAL PKWY STE Z,HOUSTON,TX,77092,541330,Engineering Services,Texas Corporation,1996-06-21T00:00:00.000,CMMC 2.0 / Proprietary CAD & IP Protection
KTJV LLC,KTJV LLC,601 JEFFERSON ST,HOUSTON,TX,77002,541330,Engineering Services,Limited Liability Company (LLC),2025-05-30T00:00:00.000,CMMC 2.0 / Proprietary CAD & IP Protection
KUBRICHT INTERESTS,THEODORE KUBRICHT,5925 STAR LN,HOUSTON,TX,77057,541330,Engineering Services,Type IS,2023-09-25T00:00:00.000,CMMC 2.0 / Proprietary CAD & IP Protection
KUO & ASSOCIATES INC,"KUO & ASSOCIATES, LLC",10700 RICHMOND AVE STE 113,HOUSTON,TX,77042,541330,Engineering Services,Limited Liability Company (LLC),1991-09-25T00:00:00.000,CMMC 2.0 / Proprietary CAD & IP Protection
L.E.A. DESIGN & DRAFTING,L.E.A. DESIGN & DRAFTING LLC,3231 S GREENPARK DR,HOUSTON,TX,77082,541340,"Professional, Scientific, and Technical Services (Legal, Accounting, IT)",Limited Liability Company (LLC),2023-09-15T00:00:00.000,CMMC 2.0 / Proprietary CAD & IP Protection
L3 DESIGNS,KATHERINE LAUREN OLENIUS,2121 BRITTMOORE RD STE 4100,HOUSTON,TX,77043,541320,"Professional, Scientific, and Technical Services (Legal, Accounting, IT)",Type IS,2018-03-13T00:00:00.000,CMMC 2.0 / Proprietary CAD & IP Protection
LA YUCCA DESIGN,LE YUCCA GALLERY LLC,3433 WESTHEIMER RD APT 207,HOUSTON,TX,77027,541320,"Professional, Scientific, and Technical Services (Legal, Accounting, IT)",Limited Liability Company (LLC),2019-03-25T00:00:00.000,CMMC 2.0 / Proprietary CAD & IP Protection
LANDCRAFT,KIMBER M WHEELER,18507 MEADOWS WAY DR,HOUSTON,TX,77084,541320,"Professional, Scientific, and Technical Services (Legal, Accounting, IT)",Type IS,2026-04-30T00:00:00.000,CMMC 2.0 / Proprietary CAD & IP Protection
"LANDTECH, INC","LANDTECH, INC.",1315 W SAM HOUSTON PKWY N STE 100,HOUSTON,TX,77043,541370,"Professional, Scientific, and Technical Services (Legal, Accounting, IT)",Texas Corporation,2024-08-27T00:00:00.000,CMMC 2.0 / Proprietary CAD & IP Protection
"LANGAN ENGINEERING AND ENVIRONMENTAL SERVICES, LLC","LANGAN ENGINEERING AND ENVIRONMENTAL SERVICES, LLC",840 GESSNER RD STE 740,HOUSTON,TX,77024,541330,Engineering Services,Corporation / Corporate Entity,2026-07-22T00:00:00.000,CMMC 2.0 / Proprietary CAD & IP Protection
"LANSON B. JONES & COMPANY, INCORPORATED","LANSON B. JONES & COMPANY, INCORPORATED",3701 KIRBY DR STE 978,HOUSTON,TX,77098,541320,"Professional, Scientific, and Technical Services (Legal, Accounting, IT)",Texas Corporation,2026-04-29T00:00:00.000,CMMC 2.0 / Proprietary CAD & IP Protection
"LAURA U, INC.","LAURA U, INC.",3933 ESSEX LN,HOUSTON,TX,77027,541310,"Professional, Scientific, and Technical Services (Legal, Accounting, IT)",Texas Corporation,2021-07-13T00:00:00.000,CMMC 2.0 / Proprietary CAD & IP Protection
"LENTZ ENGINEERING, LLC","LENTZ ENGINEERING, LLC",11511 N GARDEN ST,HOUSTON,TX,77071,541310,"Professional, Scientific, and Technical Services (Legal, Accounting, IT)",Limited Liability Company (LLC),2019-05-15T00:00:00.000,CMMC 2.0 / Proprietary CAD & IP Protection
LEONCE HOLDINGS INC,"LEONCE HOLDINGS, INC.",19806 TREVLIG TRL,HOUSTON,TX,77073,541330,Engineering Services,Texas Corporation,2016-11-18T00:00:00.000,CMMC 2.0 / Proprietary CAD & IP Protection
LIBERTY TECHNOLOGY SOLUTIONS LLC,LIBERTY TECHNOLOGY SOLUTIONS LLC,4201 MAIN ST STE 200-190,HOUSTON,TX,77002,541330,Engineering Services,Limited Liability Company (LLC),2022-12-30T00:00:00.000,CMMC 2.0 / Proprietary CAD & IP Protection
LION DRIVE LLC,LION DRIVE LLC,6716 PARKER OAKS LN,HOUSTON,TX,77076,541330,Engineering Services,Limited Liability Company (LLC),2023-09-06T00:00:00.000,CMMC 2.0 / Proprietary CAD & IP Protection
LION DRIVE LLC,LION DRIVE LLC,5408 DEEP FOREST DR,HOUSTON,TX,77092,541330,Engineering Services,Limited Liability Company (LLC),2024-03-19T00:00:00.000,CMMC 2.0 / Proprietary CAD & IP Protection
LJA ENGINEERING & SURVEYING INC,"LJA, INC.",2929 BRIARPARK DR STE 600,HOUSTON,TX,77042,541330,Engineering Services,Texas Corporation,2007-08-17T00:00:00.000,CMMC 2.0 / Proprietary CAD & IP Protection
"LJA INFRASTRUCTURE, INC.","LJA INFRASTRUCTURE, INC.",2929 BRIARPARK DR STE 600,HOUSTON,TX,77042,541330,Engineering Services,Texas Corporation,2015-12-19T00:00:00.000,CMMC 2.0 / Proprietary CAD & IP Protection
"LJA RAIL, LLC","LJA RAIL, LLC",2929 BRIARPARK DR STE 600,HOUSTON,TX,77042,541330,Engineering Services,Limited Liability Company (LLC),2016-11-17T00:00:00.000,CMMC 2.0 / Proprietary CAD & IP Protection
"LJA SURVEYING, INC.","LJA SURVEYING, INC.",2929 BRIARPARK DR STE 175,HOUSTON,TX,77042,541370,"Professional, Scientific, and Technical Services (Legal, Accounting, IT)",Texas Corporation,2017-12-21T00:00:00.000,CMMC 2.0 / Proprietary CAD & IP Protection
LJB INC.,LJB INC.,16225 PARK TEN PL,HOUSTON,TX,77084,541330,Engineering Services,Foreign Corporation (Out-of-State),2017-04-18T00:00:00.000,CMMC 2.0 / Proprietary CAD & IP Protection
"LLOYD'S REGISTER NORTH AMERICA, INC.","LLOYD'S REGISTER NORTH AMERICA, INC.",1330 ENCLAVE PKWY STE 200,HOUSTON,TX,77077,541330,Engineering Services,Type CM,2015-02-27T00:00:00.000,CMMC 2.0 / Proprietary CAD & IP Protection
"LOADMASTER ENGINEERING, INC.","LOADMASTER ENGINEERING, INC.",6935 BRITTMOORE RD,HOUSTON,TX,77041,541330,Engineering Services,Texas Corporation,2017-06-22T00:00:00.000,CMMC 2.0 / Proprietary CAD & IP Protection
"LOCKWOOD, ANDREWS & NEWNAM, INC.","LOCKWOOD, ANDREWS & NEWNAM, INC.",2925 BRIARPARK DR,HOUSTON,TX,77042,541330,Engineering Services,Texas Corporation,2002-06-11T00:00:00.000,CMMC 2.0 / Proprietary CAD & IP Protection
"LUPHER, LLC","LUPHER, LLC",5421 BRYSTONE DR,HOUSTON,TX,77041,541370,"Professional, Scientific, and Technical Services (Legal, Accounting, IT)",Limited Liability Company (LLC),2018-10-02T00:00:00.000,CMMC 2.0 / Proprietary CAD & IP Protection
LW SURVEY CO.,LW SURVEY CO.,8400 N SAM HOUSTON PKWY W STE 100,HOUSTON,TX,77064,541360,"Professional, Scientific, and Technical Services (Legal, Accounting, IT)",Foreign Corporation (Out-of-State),2017-11-07T00:00:00.000,CMMC 2.0 / Proprietary CAD & IP Protection
M A RODRIGUEZ LANDSCAPING,MIGUEL ANGEL RODRIGUEZ,7115 MCHENRY ST,HOUSTON,TX,77087,541320,"Professional, Scientific, and Technical Services (Legal, Accounting, IT)",Type IS,1988-12-01T00:00:00.000,CMMC 2.0 / Proprietary CAD & IP Protection
"M. ARTHUR GENSLER JR. & ASSOCIATES, INC.","M. ARTHUR GENSLER JR. & ASSOCIATES, INC.",711 LOUISIANA ST STE 300,HOUSTON,TX,77002,541310,"Professional, Scientific, and Technical Services (Legal, Accounting, IT)",Foreign Corporation (Out-of-State),2018-10-11T00:00:00.000,CMMC 2.0 / Proprietary CAD & IP Protection
M3N DESIGNS LLC,M3N DESIGNS LLC,9615 RIVERLAND LN,HOUSTON,TX,77040,541330,Engineering Services,Limited Liability Company (LLC),2019-06-01T00:00:00.000,CMMC 2.0 / Proprietary CAD & IP Protection
MACGREGOR USA INC. (MACGREGOR MARINE USA INC.),MACGREGOR USA INC.,8270 WILLOW PLACE DR N STE 150,HOUSTON,TX,77070,541330,Engineering Services,Foreign Corporation (Out-of-State),2020-02-04T00:00:00.000,CMMC 2.0 / Proprietary CAD & IP Protection
"MACH ENGINEERING, LLC","MACH ENGINEERING, LLC",15750 TUCKERTON RD,HOUSTON,TX,77095,541330,Engineering Services,Limited Liability Company (LLC),2021-07-29T00:00:00.000,CMMC 2.0 / Proprietary CAD & IP Protection
MANTIISTRIKE LLC,MANTIISTRIKE LLC,7810 HEMLOCK ST,HOUSTON,TX,77012,541340,"Professional, Scientific, and Technical Services (Legal, Accounting, IT)",Limited Liability Company (LLC),2026-05-30T00:00:00.000,CMMC 2.0 / Proprietary CAD & IP Protection
"MANUEL DESIGNS, INC","MANUEL DESIGNS, INC.",5215 PINE FOREST RD,HOUSTON,TX,77056,541330,Engineering Services,Texas Corporation,2009-02-12T00:00:00.000,CMMC 2.0 / Proprietary CAD & IP Protection
MARDEN AERIAL LLC,MARDEN AERIAL LLC,1318 VALLETA DR,HOUSTON,TX,77008,541370,"Professional, Scientific, and Technical Services (Legal, Accounting, IT)",Limited Liability Company (LLC),2026-09-10T00:00:00.000,CMMC 2.0 / Proprietary CAD & IP Protection
"MARIA C GOMEZ, AIA",MARIA C GOMEZ,3794 DRAKE ST,HOUSTON,TX,77005,541310,"Professional, Scientific, and Technical Services (Legal, Accounting, IT)",Type IS,2006-04-04T00:00:00.000,CMMC 2.0 / Proprietary CAD & IP Protection
MARIA SANTOS,MARIA SANTOS,10102 MAGNOLIA CREST PL,HOUSTON,TX,77070,541310,"Professional, Scientific, and Technical Services (Legal, Accounting, IT)",Type IS,2023-08-08T00:00:00.000,CMMC 2.0 / Proprietary CAD & IP Protection
"MARLAND PROCESS, LLC","MARLAND PROCESS, LLC",16310 STATE HIGHWAY 249 STE 204,HOUSTON,TX,77064,541330,Engineering Services,Limited Liability Company (LLC),2019-10-15T00:00:00.000,CMMC 2.0 / Proprietary CAD & IP Protection
"MARTINEZ GUY & MAYBIK, INC.","MARTINEZ GUY & MAYBIK, INC.",1500 S DAIRY ASHFORD RD STE 280,HOUSTON,TX,77077,541330,Engineering Services,Texas Corporation,2023-12-19T00:00:00.000,CMMC 2.0 / Proprietary CAD & IP Protection
"MARX OKUBO ASSOCIATES, LTD.","MARX OKUBO ASSOCIATES, LTD.",1160 DAIRY ASHFORD RD,HOUSTON,TX,77079,541330,Engineering Services,Foreign Corporation (Out-of-State),2013-02-12T00:00:00.000,CMMC 2.0 / Proprietary CAD & IP Protection
"MASA STUDIO, ARCHITECTS, PC","MASA STUDIO, ARCHITECTS, PC",5519 CHELTENHAM DR,HOUSTON,TX,77096,541310,"Professional, Scientific, and Technical Services (Legal, Accounting, IT)",Type CP,2008-01-11T00:00:00.000,CMMC 2.0 / Proprietary CAD & IP Protection
"MATERIAL INSPECTION TECHNOLOGY, INC.","MATERIAL INSPECTION TECHNOLOGY, INC.",11950 E HARDY RD,HOUSTON,TX,77039,541380,"Professional, Scientific, and Technical Services (Legal, Accounting, IT)",Texas Corporation,2003-08-23T00:00:00.000,CMMC 2.0 / Proprietary CAD & IP Protection
MATRIX DESIGN & SERVICE,MARK P KAUFMAN,1920 AUGUSTA DR UNIT 3,HOUSTON,TX,77057,541330,Engineering Services,Type IS,2012-10-22T00:00:00.000,CMMC 2.0 / Proprietary CAD & IP Protection
MCCLEARY GERMAN ASSOCIATES INC,"MCCLEARY GERMAN ASSOCIATES, INC.",2425 WEST LOOP S STE 665,HOUSTON,TX,77027,541310,"Professional, Scientific, and Technical Services (Legal, Accounting, IT)",Texas Corporation,1994-03-24T00:00:00.000,CMMC 2.0 / Proprietary CAD & IP Protection
MCCRORY ENGINEERING,"DTI A-GROUP, LLC",11381 MEADOWGLEN LN STE E,HOUSTON,TX,77082,541330,Engineering Services,Limited Liability Company (LLC),2026-04-02T00:00:00.000,CMMC 2.0 / Proprietary CAD & IP Protection
"MCKIM & CREED, INC.","MCKIM & CREED, INC.",9960 W SAM HOUSTON PKWY S STE 200,HOUSTON,TX,77099,541370,"Professional, Scientific, and Technical Services (Legal, Accounting, IT)",Foreign Corporation (Out-of-State),2013-10-04T00:00:00.000,CMMC 2.0 / Proprietary CAD & IP Protection
MECHADEMY INCORPORATED,MECHADEMY INCORPORATED,1321 UPLAND DR STE 4185,HOUSTON,TX,77043,541330,Engineering Services,Foreign Corporation (Out-of-State),2024-01-22T00:00:00.000,CMMC 2.0 / Proprietary CAD & IP Protection
MEDALLION CITY,JODIE ALINEA ADAIR,15407 CRESENT OAKS CT,HOUSTON,TX,77068,541330,Engineering Services,Type IS,2024-01-12T00:00:00.000,CMMC 2.0 / Proprietary CAD & IP Protection
MEPADVISOR LLC,GENTLE AIR LLC,4600 HIGHWAY 6 N STE 220,HOUSTON,TX,77084,541330,Engineering Services,Limited Liability Company (LLC),2023-03-14T00:00:00.000,CMMC 2.0 / Proprietary CAD & IP Protection
MERIDIAN CALIBRATION SYSTEMS,"CUZBEE, LLC",13718 HAMBLETON CIR,HOUSTON,TX,77069,541380,"Professional, Scientific, and Technical Services (Legal, Accounting, IT)",Limited Liability Company (LLC),2014-09-29T00:00:00.000,CMMC 2.0 / Proprietary CAD & IP Protection
MERIDIAN PIPELINE SERVICES,"ENERJE, LLC",650 N SAM HOUSTON PKWY E STE 555,HOUSTON,TX,77060,541330,Engineering Services,Corporation / Corporate Entity,2026-03-31T00:00:00.000,CMMC 2.0 / Proprietary CAD & IP Protection
MERIT SI TECHNOLOGIES,MERIT SI TECHNOLOGIES LLC,717 TEXAS ST,HOUSTON,TX,77002,541330,Engineering Services,Corporation / Corporate Entity,2020-11-13T00:00:00.000,CMMC 2.0 / Proprietary CAD & IP Protection
"MESA ENGINEERING, INC.","MESA ENGINEERING, INC.",5801 DIERKER DR,HOUSTON,TX,77041,541330,Engineering Services,Texas Corporation,2026-04-27T00:00:00.000,CMMC 2.0 / Proprietary CAD & IP Protection
MESAR AMERICA INC.,MESAR AMERICA INC.,1980 POST OAK BLVD STE 100,HOUSTON,TX,77056,541330,Engineering Services,Foreign Corporation (Out-of-State),2025-05-02T00:00:00.000,CMMC 2.0 / Proprietary CAD & IP Protection
"META-ROCK LABORATORIES, INC.","META-ROCK LABORATORIES, INC.",2703 HIGHWAY 6 S STE 280,HOUSTON,TX,77082,541380,"Professional, Scientific, and Technical Services (Legal, Accounting, IT)",Texas Corporation,2016-07-20T00:00:00.000,CMMC 2.0 / Proprietary CAD & IP Protection
"METALAB, LLC","METALAB, LLC",2003 KANE ST,HOUSTON,TX,77007,541310,"Professional, Scientific, and Technical Services (Legal, Accounting, IT)",Limited Liability Company (LLC),2008-03-21T00:00:00.000,CMMC 2.0 / Proprietary CAD & IP Protection
MG TECHNICAL LIMITED LIABILITY COMPANY,MG TECHNICAL LIMITED LIABILITY COMPANY,5718 WESTHEIMER RD STE 1000,HOUSTON,TX,77057,541340,"Professional, Scientific, and Technical Services (Legal, Accounting, IT)",Limited Liability Company (LLC),2021-10-21T00:00:00.000,CMMC 2.0 / Proprietary CAD & IP Protection
"MGROUP + ARCHITECTS, INC.","MGROUP + ARCHITECTS, INC.",1013 VAN BUREN ST,HOUSTON,TX,77019,541310,"Professional, Scientific, and Technical Services (Legal, Accounting, IT)",Texas Corporation,2014-11-18T00:00:00.000,CMMC 2.0 / Proprietary CAD & IP Protection
"MICROSEISMIC, INC.","MICROSEISMIC, INC.",1300 W SAM HOUSTON PKWY N STE 200,HOUSTON,TX,77043,541360,"Professional, Scientific, and Technical Services (Legal, Accounting, IT)",Foreign Corporation (Out-of-State),2011-05-31T00:00:00.000,CMMC 2.0 / Proprietary CAD & IP Protection
MINDMAX,MINDMAX LLC,14207 CHAMPIONSHIP LN,HOUSTON,TX,77069,541330,Engineering Services,Limited Liability Company (LLC),2022-05-25T00:00:00.000,CMMC 2.0 / Proprietary CAD & IP Protection
"MIRACAD TECHNOLOGIES US, INC.","MIRACAD TECHNOLOGIES US, INC.",11111 KATY FWY STE 910,HOUSTON,TX,77079,541370,"Professional, Scientific, and Technical Services (Legal, Accounting, IT)",Foreign Corporation (Out-of-State),2022-05-27T00:00:00.000,CMMC 2.0 / Proprietary CAD & IP Protection
"MIRADOR GROUP, LLC","MIRADOR GROUP, LLC",3334 RICHMOND AVE STE 120,HOUSTON,TX,77098,541310,"Professional, Scientific, and Technical Services (Legal, Accounting, IT)",Limited Liability Company (LLC),2026-06-23T00:00:00.000,CMMC 2.0 / Proprietary CAD & IP Protection
"MKJ OPERATIONS, LLC","MKJ OPERATIONS, LLC",5424 KATY FWY STE 300,HOUSTON,TX,77007,541330,Engineering Services,Limited Liability Company (LLC),2022-03-25T00:00:00.000,CMMC 2.0 / Proprietary CAD & IP Protection
MOHR ENGINEERING DIVISION,"STRESS ENGINEERING SERVICES, INC.",13602 WESTLAND EAST BLVD,HOUSTON,TX,77041,541330,Engineering Services,Texas Corporation,2003-08-06T00:00:00.000,CMMC 2.0 / Proprietary CAD & IP Protection
"MOMENTUM ENGINEERING COMPANY, L.L.C.","MOMENTUM ENGINEERING COMPANY, L.L.C.",12651 BRIAR FOREST DR STE 350,HOUSTON,TX,77077,541330,Engineering Services,Limited Liability Company (LLC),2024-07-20T00:00:00.000,CMMC 2.0 / Proprietary CAD & IP Protection
MOMENTUM SURVEY LLC,"MOMENTUM SURVEY, LLC",12651 BRIAR FOREST DR STE 350,HOUSTON,TX,77077,541370,"Professional, Scientific, and Technical Services (Legal, Accounting, IT)",Limited Liability Company (LLC),2024-07-23T00:00:00.000,CMMC 2.0 / Proprietary CAD & IP Protection
"MORRIS P. HEBERT, INC.","MORRIS P. HEBERT, INC.",10101 SOUTHWEST FWY STE 620,HOUSTON,TX,77074,541370,"Professional, Scientific, and Technical Services (Legal, Accounting, IT)",Foreign Corporation (Out-of-State),1998-10-12T00:00:00.000,CMMC 2.0 / Proprietary CAD & IP Protection
"MOTT MACDONALD, LLC","MOTT MACDONALD, LLC",10333 RICHMOND AVE STE 325,HOUSTON,TX,77042,541330,Engineering Services,Corporation / Corporate Entity,2013-12-19T00:00:00.000,CMMC 2.0 / Proprietary CAD & IP Protection
"MSI LAB SERVICES, INCORPORATED","MSI LAB SERVICES, INCORPORATED",9203 HIGHWAY 6 S STE 124,HOUSTON,TX,77083,541380,"Professional, Scientific, and Technical Services (Legal, Accounting, IT)",Texas Corporation,2018-12-22T00:00:00.000,CMMC 2.0 / Proprietary CAD & IP Protection
MSMM ENGINEERING LLC,MSMM ENGINEERING LLC,13850 GULF FWY STE 202A,HOUSTON,TX,77034,541330,Engineering Services,Limited Liability Company (LLC),2022-07-27T00:00:00.000,CMMC 2.0 / Proprietary CAD & IP Protection
MUDDIE WORKS,"MUDDIE WORKS, LLC",414 ARCHER ST,HOUSTON,TX,77009,541320,"Professional, Scientific, and Technical Services (Legal, Accounting, IT)",Limited Liability Company (LLC),2022-04-28T00:00:00.000,CMMC 2.0 / Proprietary CAD & IP Protection
"MULTIFORCE USA, INC.","MULTIFORCE USA, INC.",18109 AMMI TRL,HOUSTON,TX,77060,541330,Engineering Services,Texas Corporation,2007-06-15T00:00:00.000,CMMC 2.0 / Proprietary CAD & IP Protection
NABILA YOUSEF ATTIA,NABILA YOUSEF ATTIA,2151 ADDISON RD,HOUSTON,TX,77030,541320,"Professional, Scientific, and Technical Services (Legal, Accounting, IT)",Type IS,1979-09-24T00:00:00.000,CMMC 2.0 / Proprietary CAD & IP Protection
NADIA PALACIOS RESIDENTIAL DESIGN LLC,NADIA PALACIOS RESIDENTIAL DESIGN LLC,1130 E 14TH ST,HOUSTON,TX,77009,541310,"Professional, Scientific, and Technical Services (Legal, Accounting, IT)",Limited Liability Company (LLC),2022-01-20T00:00:00.000,CMMC 2.0 / Proprietary CAD & IP Protection
"NARASIMHAN CONSULTING SERVICES, INC.","NARASIMHAN CONSULTING SERVICES, INC.",6220 WESTPARK DR STE 151,HOUSTON,TX,77057,541330,Engineering Services,Foreign Corporation (Out-of-State),2025-06-27T00:00:00.000,CMMC 2.0 / Proprietary CAD & IP Protection
"NETHERLAND, SEWELL & ASSOCIATES, INC.","NETHERLAND, SEWELL & ASSOCIATES, INC.",1221 LAMAR ST STE 1200,HOUSTON,TX,77010,541330,Engineering Services,Texas Corporation,2011-07-12T00:00:00.000,CMMC 2.0 / Proprietary CAD & IP Protection
NEWBERRY ARCHITECTURE LLC,NEWBERRY ARCHITECTURE LLC,6990 PORTWEST DR STE 190,HOUSTON,TX,77024,541310,"Professional, Scientific, and Technical Services (Legal, Accounting, IT)",Limited Liability Company (LLC),2019-06-24T00:00:00.000,CMMC 2.0 / Proprietary CAD & IP Protection
"NORWOOD S & S, LLC","NORWOOD S & S, LLC",6415 CALLE LOZANO DR,HOUSTON,TX,77041,541330,Engineering Services,Limited Liability Company (LLC),2008-04-19T00:00:00.000,CMMC 2.0 / Proprietary CAD & IP Protection
"NOSLAR T.I., INC.","NOSLAR T.I., INC.",5200 MITCHELLDALE ST STE E17,HOUSTON,TX,77092,541330,Engineering Services,Texas Corporation,2025-01-17T00:00:00.000,CMMC 2.0 / Proprietary CAD & IP Protection
NOVETUS LLC,NOVETUS LLC,11200 WESTHEIMER RD STE 360,HOUSTON,TX,77042,541330,Engineering Services,Limited Liability Company (LLC),2023-12-08T00:00:00.000,CMMC 2.0 / Proprietary CAD & IP Protection
O RUSSELL WORLEY INC,"O. RUSSELL WORLEY, INC.",3100 RICHMOND AVE STE 312,HOUSTON,TX,77098,541310,"Professional, Scientific, and Technical Services (Legal, Accounting, IT)",Texas Corporation,1986-04-12T00:00:00.000,CMMC 2.0 / Proprietary CAD & IP Protection
OAO/ODIN ALLIANCE FIELD OFFICE,OAO CORPORATION,17000 EL CAMINO REAL,HOUSTON,TX,77058,541330,Engineering Services,Foreign Corporation (Out-of-State),1999-05-10T00:00:00.000,CMMC 2.0 / Proprietary CAD & IP Protection
OCEANIT,OCEANIT GLOBAL LLC,8402 SCRANTON ST,HOUSTON,TX,77061,541330,Engineering Services,Corporation / Corporate Entity,2019-10-31T00:00:00.000,CMMC 2.0 / Proprietary CAD & IP Protection
"OCLAD, INC.","OCLAD, INC.",5770 SOUTHMINSTER DR,HOUSTON,TX,77035,541330,Engineering Services,Texas Corporation,2018-05-16T00:00:00.000,CMMC 2.0 / Proprietary CAD & IP Protection
"OCP I, L.L.C.","OCP I, L.L.C.",12261 FM 529 RD,HOUSTON,TX,77041,541330,Engineering Services,Corporation / Corporate Entity,2018-04-26T00:00:00.000,CMMC 2.0 / Proprietary CAD & IP Protection
ODIN INTERNATIONAL SERVICES,ABIMELECH SALAS,7105 OLD KATY RD APT 3101,HOUSTON,TX,77024,541340,"Professional, Scientific, and Technical Services (Legal, Accounting, IT)",Type IS,2026-09-14T00:00:00.000,CMMC 2.0 / Proprietary CAD & IP Protection
"ODYSSEY ENGINEERING GROUP, LLC","ODYSSEY ENGINEERING GROUP, LLC",2500 TANGLEWILDE ST STE 300,HOUSTON,TX,77063,541330,Engineering Services,Limited Liability Company (LLC),2026-04-15T00:00:00.000,CMMC 2.0 / Proprietary CAD & IP Protection
OFFICE OF JONATHAN WILLIAMS LANDSCAPE ARCHITECT LL,OFFICE OF JONATHAN WILLIAMS LANDSCAPE ARCHITECT LL,5527 W 43RD ST,HOUSTON,TX,77092,541320,"Professional, Scientific, and Technical Services (Legal, Accounting, IT)",Limited Liability Company (LLC),2020-10-13T00:00:00.000,CMMC 2.0 / Proprietary CAD & IP Protection
"OFFSHORE COMMISSIONING SOLUTIONS, INC.","OFFSHORE COMMISSIONING SOLUTIONS, INC.",15330 PARK ROW,HOUSTON,TX,77084,541330,Engineering Services,Texas Corporation,2026-08-27T00:00:00.000,CMMC 2.0 / Proprietary CAD & IP Protection
OIC ENTERPRISES LLC,OIC ENTERPRISES LLC,10601 GRANT RD STE 217,HOUSTON,TX,77070,541340,"Professional, Scientific, and Technical Services (Legal, Accounting, IT)",Limited Liability Company (LLC),2021-01-22T00:00:00.000,CMMC 2.0 / Proprietary CAD & IP Protection
ONE LABORNOW LLC,ONE LABORNOW LLC,12219 SHADY DOWNS DR,HOUSTON,TX,77082,541370,"Professional, Scientific, and Technical Services (Legal, Accounting, IT)",Limited Liability Company (LLC),2024-07-26T00:00:00.000,CMMC 2.0 / Proprietary CAD & IP Protection
OPTICONTROLS INC,OPTICONTROLS INC,14534 OAK CHASE DR,HOUSTON,TX,77062,541330,Engineering Services,Texas Corporation,2020-02-26T00:00:00.000,CMMC 2.0 / Proprietary CAD & IP Protection
ORBIJET TECHNOLOGIES INC,"ORBIJET TECHNOLOGIES, INC.",15200 MIDDLEBROOK DR STE E,HOUSTON,TX,77058,541330,Engineering Services,Texas Corporation,2007-08-18T00:00:00.000,CMMC 2.0 / Proprietary CAD & IP Protection
"OTHON, INC.","OTHON, INC.",575 N DAIRY ASHFORD RD STE 650,HOUSTON,TX,77079,541330,Engineering Services,Texas Corporation,2020-09-14T00:00:00.000,CMMC 2.0 / Proprietary CAD & IP Protection
"OVERLAND (SURVEYORS) CONSORTIUM, INC","OVERLAND (SURVEYORS) CONSORTIUM, INC",9889 BELLAIRE BLVD STE 118,HOUSTON,TX,77036,541370,"Professional, Scientific, and Technical Services (Legal, Accounting, IT)",Texas Corporation,2017-10-13T00:00:00.000,CMMC 2.0 / Proprietary CAD & IP Protection
"OVS GROUP, LLC","OVS GROUP, LLC",580 WESTLAKE PARK BLVD STE 100,HOUSTON,TX,77079,541330,Engineering Services,Limited Liability Company (LLC),2010-04-22T00:00:00.000,CMMC 2.0 / Proprietary CAD & IP Protection
P & B TESTING INC,"P & B TESTING, INC.",4135 CREEKMONT DR,HOUSTON,TX,77091,541380,"Professional, Scientific, and Technical Services (Legal, Accounting, IT)",Texas Corporation,2001-06-26T00:00:00.000,CMMC 2.0 / Proprietary CAD & IP Protection
P B S & J,ATKINSREALIS USA INC.,888 W SAM HOUSTON PKWY S STE 110,HOUSTON,TX,77042,541330,Engineering Services,Foreign Corporation (Out-of-State),2002-05-06T00:00:00.000,CMMC 2.0 / Proprietary CAD & IP Protection
P B S & J,ATKINSREALIS USA INC.,1250 WOOD BRANCH PARK DR STE 300,HOUSTON,TX,77079,541330,Engineering Services,Foreign Corporation (Out-of-State),2006-03-20T00:00:00.000,CMMC 2.0 / Proprietary CAD & IP Protection
"PACE ANALYTICAL SERVICES, LLC","PACE ANALYTICAL SERVICES, LLC",900 GEMINI ST,HOUSTON,TX,77058,541380,"Professional, Scientific, and Technical Services (Legal, Accounting, IT)",Corporation / Corporate Entity,1996-05-07T00:00:00.000,CMMC 2.0 / Proprietary CAD & IP Protection
PARADIGM GEOPHYSICAL CORP.,PARADIGM GEOPHYSICAL CORP.,6005 ROGERDALE RD,HOUSTON,TX,77072,541360,"Professional, Scientific, and Technical Services (Legal, Accounting, IT)",Foreign Corporation (Out-of-State),2022-05-13T00:00:00.000,CMMC 2.0 / Proprietary CAD & IP Protection
PARAGON GEOSCIENCE INC.,PARAGON GEOSCIENCE INC.,6721 PORTWEST DR STE 100,HOUSTON,TX,77024,541380,"Professional, Scientific, and Technical Services (Legal, Accounting, IT)",Foreign Corporation (Out-of-State),2026-05-01T00:00:00.000,CMMC 2.0 / Proprietary CAD & IP Protection
PARSONS ENVIRONMENT & INFRASTRUCTURE GROUP INC.,PARSONS ENVIRONMENT & INFRASTRUCTURE GROUP INC.,16055 SPACE CENTER BLVD STE 725,HOUSTON,TX,77062,541330,Engineering Services,Foreign Corporation (Out-of-State),2025-10-13T00:00:00.000,CMMC 2.0 / Proprietary CAD & IP Protection
PARSONS GOVERNMENT SERVICES INC.,PARSONS GOVERNMENT SERVICES INC.,16055 SPACE CENTER BLVD STE 725,HOUSTON,TX,77062,541330,Engineering Services,Foreign Corporation (Out-of-State),2015-02-06T00:00:00.000,CMMC 2.0 / Proprietary CAD & IP Protection
PCE PARAGON SOLUTIONS (USA) INC,PCE PARAGON SOLUTIONS (USA) INC,8801 FALLBROOK DR,HOUSTON,TX,77064,541330,Engineering Services,Foreign Corporation (Out-of-State),2018-03-21T00:00:00.000,CMMC 2.0 / Proprietary CAD & IP Protection
PCE PARAGON SOLUTIONS (USA) INC,PCE PARAGON SOLUTIONS (USA) INC,14400 HOLLISTER ST,HOUSTON,TX,77066,541330,Engineering Services,Foreign Corporation (Out-of-State),2022-04-27T00:00:00.000,CMMC 2.0 / Proprietary CAD & IP Protection
PDG ARCHITECTS,"PDG, INC.",10000 RICHMOND AVE STE 100,HOUSTON,TX,77042,541310,"Professional, Scientific, and Technical Services (Legal, Accounting, IT)",Texas Corporation,2020-10-20T00:00:00.000,CMMC 2.0 / Proprietary CAD & IP Protection
PEPE ENGINEERING,"PEPE ENGINEERING, LTD.",10497 TOWN AND COUNTRY WAY STE 700,HOUSTON,TX,77024,541330,Engineering Services,Type PL,2017-01-30T00:00:00.000,CMMC 2.0 / Proprietary CAD & IP Protection
PERC ENGINEERING LLC,PERC ENGINEERING LLC,1880 S DAIRY ASHFORD RD STE 606,HOUSTON,TX,77077,541330,Engineering Services,Limited Liability Company (LLC),2018-07-25T00:00:00.000,CMMC 2.0 / Proprietary CAD & IP Protection
"PERKINS & WILL-CRA, LLC","PERKINS & WILL-CRA, LLC",1001 MCKINNEY ST STE 1300,HOUSTON,TX,77002,541310,"Professional, Scientific, and Technical Services (Legal, Accounting, IT)",Limited Liability Company (LLC),2008-06-09T00:00:00.000,CMMC 2.0 / Proprietary CAD & IP Protection
PERSONA AI INC,PERSONA AI INC,4201 MAIN ST STE 170,HOUSTON,TX,77002,541330,Engineering Services,Foreign Corporation (Out-of-State),2025-06-24T00:00:00.000,CMMC 2.0 / Proprietary CAD & IP Protection
"PETRO-CHEM DEVELOPMENT CO., INC.","PETRO-CHEM DEVELOPMENT CO., INC.",13501 KATY FWY STE 3800,HOUSTON,TX,77079,541330,Engineering Services,Foreign Corporation (Out-of-State),2026-01-26T00:00:00.000,CMMC 2.0 / Proprietary CAD & IP Protection
PETRONYX CO,"PETRONYX OF TEXAS, LLC",730 N POST OAK RD STE 201,HOUSTON,TX,77024,541330,Engineering Services,Limited Liability Company (LLC),2016-03-18T00:00:00.000,CMMC 2.0 / Proprietary CAD & IP Protection
PFLUGER ASSOCIATES,"PFLUGER ARCHITECTS, INC.",3411 RICHMOND AVE STE 725,HOUSTON,TX,77046,541310,"Professional, Scientific, and Technical Services (Legal, Accounting, IT)",Texas Corporation,2014-11-17T00:00:00.000,CMMC 2.0 / Proprietary CAD & IP Protection
PGAL,"PGAL, INC.",3131 BRIARPARK DR STE 200,HOUSTON,TX,77042,541310,"Professional, Scientific, and Technical Services (Legal, Accounting, IT)",Texas Corporation,2017-03-25T00:00:00.000,CMMC 2.0 / Proprietary CAD & IP Protection
"PGS AMERICAS, INC.","PGS AMERICAS, INC.",15150 MEMORIAL DR,HOUSTON,TX,77079,541370,"Professional, Scientific, and Technical Services (Legal, Accounting, IT)",Foreign Corporation (Out-of-State),2009-02-26T00:00:00.000,CMMC 2.0 / Proprietary CAD & IP Protection
PHILOWILKE PARTNERSHIP,P & W ARCHITECTS LLP,11275 S SAM HOUSTON PKWY W STE 200,HOUSTON,TX,77031,541310,"Professional, Scientific, and Technical Services (Legal, Accounting, IT)",Type PI,2010-06-17T00:00:00.000,CMMC 2.0 / Proprietary CAD & IP Protection
PHOENIX PROJECT SOLUTIONS LLC,PHOENIX PROJECT SOLUTIONS LLC,13105 NORTHWEST FWY STE 1250,HOUSTON,TX,77040,541370,"Professional, Scientific, and Technical Services (Legal, Accounting, IT)",Limited Liability Company (LLC),2026-01-29T00:00:00.000,CMMC 2.0 / Proprietary CAD & IP Protection
"PIC GROUP, INC.","PIC GROUP, INC.",3838 N SAM HOUSTON PKWY E STE 170,HOUSTON,TX,77032,541330,Engineering Services,Foreign Corporation (Out-of-State),2010-10-13T00:00:00.000,CMMC 2.0 / Proprietary CAD & IP Protection
PIPESENSE LLC,"PIPESENSE, LLC",15995 N BARKERS LANDING RD STE 264,HOUSTON,TX,77079,541330,Engineering Services,Corporation / Corporate Entity,2024-07-23T00:00:00.000,CMMC 2.0 / Proprietary CAD & IP Protection
"PMT GROUP, LLC","PMT GROUP, LLC",16548 AIR CENTER BLVD,HOUSTON,TX,77032,541330,Engineering Services,Limited Liability Company (LLC),2018-04-10T00:00:00.000,CMMC 2.0 / Proprietary CAD & IP Protection
PMT SOLUTIONS INC.,PMT SOLUTIONS INC.,16560 AIR CENTER BLVD,HOUSTON,TX,77032,541330,Engineering Services,Texas Corporation,2024-05-16T00:00:00.000,CMMC 2.0 / Proprietary CAD & IP Protection
"POLARIS LABORATORIES, LLC","POLARIS LABORATORIES, LLC",4100 N SAM HOUSTON PKWY W STE 250,HOUSTON,TX,77086,541330,Engineering Services,Corporation / Corporate Entity,2026-05-14T00:00:00.000,CMMC 2.0 / Proprietary CAD & IP Protection
"POLYHEDRON LABORATORIES, INC.","POLYHEDRON LABORATORIES, INC.",10626 KINGHURST ST,HOUSTON,TX,77099,541380,"Professional, Scientific, and Technical Services (Legal, Accounting, IT)",Texas Corporation,2012-01-09T00:00:00.000,CMMC 2.0 / Proprietary CAD & IP Protection
"POWER CRITICAL SERVICES, LLC","POWER CRITICAL SERVICES, LLC",11620 BAMMEL NORTH HOUSTON RD,HOUSTON,TX,77066,541380,"Professional, Scientific, and Technical Services (Legal, Accounting, IT)",Limited Liability Company (LLC),2025-03-19T00:00:00.000,CMMC 2.0 / Proprietary CAD & IP Protection
PRECISION SURVEYORS,"PRECISION SURVEYORS, INC.",950 THREADNEEDLE ST STE 150,HOUSTON,TX,77079,541370,"Professional, Scientific, and Technical Services (Legal, Accounting, IT)",Texas Corporation,2024-05-10T00:00:00.000,CMMC 2.0 / Proprietary CAD & IP Protection
PREJEAN & COMPANY INC,"PREJEAN & COMPANY, INC.",9324 WESTVIEW DR,HOUSTON,TX,77055,541330,Engineering Services,Texas Corporation,1991-05-11T00:00:00.000,CMMC 2.0 / Proprietary CAD & IP Protection
PRIME MATERIALS SUPPLY LLC,PRIME MATERIALS SUPPLY LLC,7002 PELLA DR,HOUSTON,TX,77036,541330,Engineering Services,Limited Liability Company (LLC),2026-09-18T00:00:00.000,CMMC 2.0 / Proprietary CAD & IP Protection
"PRIME TEXAS SURVEYS, LLC","PRIME TEXAS SURVEYS, LLC",2417 NORTH FWY,HOUSTON,TX,77009,541370,"Professional, Scientific, and Technical Services (Legal, Accounting, IT)",Limited Liability Company (LLC),2025-02-25T00:00:00.000,CMMC 2.0 / Proprietary CAD & IP Protection
PRISMA LANDSCAPING,JOSE B VELAZQUEZ,16610 ROYAL MILE LN,HOUSTON,TX,77084,541320,"Professional, Scientific, and Technical Services (Legal, Accounting, IT)",Type IS,2007-09-12T00:00:00.000,CMMC 2.0 / Proprietary CAD & IP Protection
"PROCEANIC, LTD.","PROCEANIC, LTD.",712 MAIN ST,HOUSTON,TX,77002,541330,Engineering Services,Type PL,2024-11-05T00:00:00.000,CMMC 2.0 / Proprietary CAD & IP Protection
"PROFESSIONAL ENGINEERING ASSOCIATES, INC.","PROFESSIONAL ENGINEERING ASSOCIATES, INC.",13430 NORTHWEST FWY STE 350,HOUSTON,TX,77040,541330,Engineering Services,Type CU,2021-06-22T00:00:00.000,CMMC 2.0 / Proprietary CAD & IP Protection
"PROFESSIONAL SERVICE INDUSTRIES, INC.","PROFESSIONAL SERVICE INDUSTRIES, INC.",3730 DACOMA ST,HOUSTON,TX,77092,541380,"Professional, Scientific, and Technical Services (Legal, Accounting, IT)",Foreign Corporation (Out-of-State),2014-07-30T00:00:00.000,CMMC 2.0 / Proprietary CAD & IP Protection
"PROFESSIONAL SERVICE INDUSTRIES, INC.","PROFESSIONAL SERVICE INDUSTRIES, INC.",6700 PORTWEST DR,HOUSTON,TX,77024,541380,"Professional, Scientific, and Technical Services (Legal, Accounting, IT)",Foreign Corporation (Out-of-State),2017-05-03T00:00:00.000,CMMC 2.0 / Proprietary CAD & IP Protection
PROFESSIONALIZED PRODUCTS AND SERVICES,"PROFESSIONALIZED PRODUCTS AND SERVICES, INC.",10905 BROOKLET DR,HOUSTON,TX,77099,541330,Engineering Services,Texas Corporation,1990-07-10T00:00:00.000,CMMC 2.0 / Proprietary CAD & IP Protection
PROTO COVE LLC,PROTO COVE LLC,5632 AZORES LN,HOUSTON,TX,77091,541330,Engineering Services,Limited Liability Company (LLC),2025-03-06T00:00:00.000,CMMC 2.0 / Proprietary CAD & IP Protection
PROXIMA INNOVATION LLC,PROXIMA INNOVATION LLC,808 TRAVIS ST STE 915,HOUSTON,TX,77002,541330,Engineering Services,Limited Liability Company (LLC),2021-08-04T00:00:00.000,CMMC 2.0 / Proprietary CAD & IP Protection
"PRTS GLOBAL, LLC","PRTS GLOBAL, LLC",5850 SAN FELIPE ST STE 500,HOUSTON,TX,77057,541330,Engineering Services,Limited Liability Company (LLC),2022-08-17T00:00:00.000,CMMC 2.0 / Proprietary CAD & IP Protection
PURA VIDA LANDSCAPE AND DESIGN GROUP LLC,"PURA VIDA LANDSCAPE AND DESIGN GROUP, LLC",1322 SPACE PARK DR STE C143,HOUSTON,TX,77058,541320,"Professional, Scientific, and Technical Services (Legal, Accounting, IT)",Limited Liability Company (LLC),2024-04-26T00:00:00.000,CMMC 2.0 / Proprietary CAD & IP Protection
"PURSUIT PROFESSIONAL SERVICES, LLC","PURSUIT PROFESSIONAL SERVICES, LLC",20465 STATE HIGHWAY 249 STE 200,HOUSTON,TX,77070,541330,Engineering Services,Corporation / Corporate Entity,2026-02-28T00:00:00.000,CMMC 2.0 / Proprietary CAD & IP Protection
PYRAMID STRUCTURAL ENGINEERS,TILTON FERDINAND SULLIVAN JR.,16315 HILLSIDE GARDEN LN,HOUSTON,TX,77084,541330,Engineering Services,Type IS,2020-06-17T00:00:00.000,CMMC 2.0 / Proprietary CAD & IP Protection
QUADRANT SOLUTIONS INC,"QUADRANT SOLUTIONS, INC.",5800 HOLLISTER ST APT 2607,HOUSTON,TX,77040,541370,"Professional, Scientific, and Technical Services (Legal, Accounting, IT)",Texas Corporation,2003-08-08T00:00:00.000,CMMC 2.0 / Proprietary CAD & IP Protection
QUALITY FIRST ASSOCIATES LLC,QUALITY FIRST ASSOCIATES LLC,17223 SANDESTINE DR,HOUSTON,TX,77095,541330,Engineering Services,Limited Liability Company (LLC),2020-10-10T00:00:00.000,CMMC 2.0 / Proprietary CAD & IP Protection
QUANTA ELECTRIC POWER CONSTRUCTION,"QUANTA INFRASTRUCTURE SOLUTIONS GROUP, LLC",1608 MARGARET ST,HOUSTON,TX,77093,541330,Engineering Services,Corporation / Corporate Entity,2022-06-17T00:00:00.000,CMMC 2.0 / Proprietary CAD & IP Protection
QUANTA ELECTRIC POWER CONSTRUCTION,"QUANTA INFRASTRUCTURE SOLUTIONS GROUP, LLC",2800 POST OAK BLVD STE 2600,HOUSTON,TX,77056,541330,Engineering Services,Corporation / Corporate Entity,2022-06-17T00:00:00.000,CMMC 2.0 / Proprietary CAD & IP Protection
QUANTA ELECTRIC POWER CONSTRUCTION,"QUANTA INFRASTRUCTURE SOLUTIONS GROUP, LLC",2707 NORTH LOOP W STE 500,HOUSTON,TX,77008,541330,Engineering Services,Corporation / Corporate Entity,2022-10-19T00:00:00.000,CMMC 2.0 / Proprietary CAD & IP Protection
QUANTUM INTEGRATED PRODUCTS,QUANTUM INTEGRATED PRODUCTS LLC,8010 MEADOWGLEN LN,HOUSTON,TX,77063,541370,"Professional, Scientific, and Technical Services (Legal, Accounting, IT)",Limited Liability Company (LLC),2022-09-13T00:00:00.000,CMMC 2.0 / Proprietary CAD & IP Protection
QUANTUM QONNECT NETWORK LLC,QUANTUM QONNECT NETWORK LLC,1521 E RICHEY RD,HOUSTON,TX,77073,541360,"Professional, Scientific, and Technical Services (Legal, Accounting, IT)",Limited Liability Company (LLC),2022-08-11T00:00:00.000,CMMC 2.0 / Proprietary CAD & IP Protection
QUESCO TURBOMACHINERY SERVICES,"POWER AND PROCESS DEVELOPMENTS, INC.",3301 SHERMAN ST,HOUSTON,TX,77003,541330,Engineering Services,Texas Corporation,2011-04-04T00:00:00.000,CMMC 2.0 / Proprietary CAD & IP Protection
"QUIDDITY ENGINEERING, LLC","QUIDDITY ENGINEERING, LLC",1235 NORTH LOOP W STE 300,HOUSTON,TX,77008,541330,Engineering Services,Limited Liability Company (LLC),2026-07-17T00:00:00.000,CMMC 2.0 / Proprietary CAD & IP Protection
"R & D STRUCTURAL AND MARINE ENGINEERING, PLLC","R & D STRUCTURAL AND MARINE ENGINEERING, PLLC",12103A W MORGAN DR,HOUSTON,TX,77065,541330,Engineering Services,Limited Liability Company (LLC),2018-12-08T00:00:00.000,CMMC 2.0 / Proprietary CAD & IP Protection
"R. G. MILLER ENGINEERS, INC.","R. G. MILLER ENGINEERS, INC.",1080 ELDRIDGE PKWY STE 600,HOUSTON,TX,77077,541330,Engineering Services,Texas Corporation,2025-08-08T00:00:00.000,CMMC 2.0 / Proprietary CAD & IP Protection
RAPID DX LABORATORY LLC,RAPID DX LABORATORY LLC,14239 GLASGOW PL,HOUSTON,TX,77077,541380,"Professional, Scientific, and Technical Services (Legal, Accounting, IT)",Limited Liability Company (LLC),2025-12-20T00:00:00.000,CMMC 2.0 / Proprietary CAD & IP Protection
"RAZORBACK DIRECT OILFIELD SOLUTIONS AND SERVICES,","RAZORBACK DIRECT OILFIELD SOLUTIONS AND SERVICES,",9920 W SAM HOUSTON PKWY S STE 400,HOUSTON,TX,77099,541330,Engineering Services,Limited Liability Company (LLC),2026-06-17T00:00:00.000,CMMC 2.0 / Proprietary CAD & IP Protection
RCI CONSULTANTS INC,"RCI CONSULTANTS, INC.",17314 STATE HIGHWAY 249 STE 350,HOUSTON,TX,77064,541330,Engineering Services,Texas Corporation,2008-07-24T00:00:00.000,CMMC 2.0 / Proprietary CAD & IP Protection
REID ARCHITECTS,"ML REID ARCHITECTS, INC.",3411 RICHMOND AVE STE 111,HOUSTON,TX,77046,541310,"Professional, Scientific, and Technical Services (Legal, Accounting, IT)",Texas Corporation,2021-10-30T00:00:00.000,CMMC 2.0 / Proprietary CAD & IP Protection
"REKHA ENGINEERING, INC.","REKHA ENGINEERING, INC.",7676 HILLMONT ST STE 350,HOUSTON,TX,77040,541330,Engineering Services,Texas Corporation,2019-09-17T00:00:00.000,CMMC 2.0 / Proprietary CAD & IP Protection
RELIANT EXIM & CONSULTING LLC,RELIANT EXIM & CONSULTING LLC,3300 SAGE RD APT 13104,HOUSTON,TX,77056,541330,Engineering Services,Corporation / Corporate Entity,2013-08-12T00:00:00.000,CMMC 2.0 / Proprietary CAD & IP Protection
REMONT ENGINEERING AND DESIGN GROUP LLC,REMONT ENGINEERING AND DESIGN GROUP LLC,825 TOWN AND COUNTRY LN STE 1200,HOUSTON,TX,77024,541330,Engineering Services,Corporation / Corporate Entity,2023-04-11T00:00:00.000,CMMC 2.0 / Proprietary CAD & IP Protection
RENEWABLE WATT LLC,RENEWABLE WATT LLC,17350 STATE HIGHWAY 249 STE 22015767,HOUSTON,TX,77064,541310,"Professional, Scientific, and Technical Services (Legal, Accounting, IT)",Limited Liability Company (LLC),2026-05-20T00:00:00.000,CMMC 2.0 / Proprietary CAD & IP Protection
"RENIX ELECTRONICS, INC.","RENIX ELECTRONICS, INC.",9319 SUTTER RANCH DR,HOUSTON,TX,77064,541330,Engineering Services,Texas Corporation,2018-08-07T00:00:00.000,CMMC 2.0 / Proprietary CAD & IP Protection
RESILITIX INTELLIGENCE LLC,RESILITIX INTELLIGENCE LLC,15730 WHITEWATER LN,HOUSTON,TX,77079,541330,Engineering Services,Limited Liability Company (LLC),2021-06-15T00:00:00.000,CMMC 2.0 / Proprietary CAD & IP Protection
RFMETS LLC,RFMETS LLC,9013 WELLSPRING DR,HOUSTON,TX,77080,541330,Engineering Services,Limited Liability Company (LLC),2024-11-23T00:00:00.000,CMMC 2.0 / Proprietary CAD & IP Protection
"RFS COMPLIANCE SOLUTIONS, LLC","RFS COMPLIANCE SOLUTIONS, LLC",2700 POST OAK BLVD FL 20,HOUSTON,TX,77056,541380,"Professional, Scientific, and Technical Services (Legal, Accounting, IT)",Limited Liability Company (LLC),2019-05-17T00:00:00.000,CMMC 2.0 / Proprietary CAD & IP Protection
RIGID STRUCTURES,"RIGID STRUCTURES, LLC",18933 ALDINE WESTFIELD RD,HOUSTON,TX,77073,541330,Engineering Services,Limited Liability Company (LLC),2011-09-23T00:00:00.000,CMMC 2.0 / Proprietary CAD & IP Protection
RIMKUS CONSULTING GROUP INC,"RIMKUS CONSULTING GROUP, INC.",8 E GREENWAY PLZ STE 500,HOUSTON,TX,77046,541330,Engineering Services,Texas Corporation,1999-12-05T00:00:00.000,CMMC 2.0 / Proprietary CAD & IP Protection
RK EQUIPMENT LLC,RK EQUIPMENT LLC,12302 HEDGEDOWN DR,HOUSTON,TX,77065,541340,"Professional, Scientific, and Technical Services (Legal, Accounting, IT)",Limited Liability Company (LLC),2017-03-29T00:00:00.000,CMMC 2.0 / Proprietary CAD & IP Protection
ROOT LANDSCAPES AND DESIGN LLC,ROOT LANDSCAPES AND DESIGN LLC,6666 HARWIN DR STE 500,HOUSTON,TX,77036,541320,"Professional, Scientific, and Technical Services (Legal, Accounting, IT)",Limited Liability Company (LLC),2017-01-06T00:00:00.000,CMMC 2.0 / Proprietary CAD & IP Protection
ROTH DRAFTING STUDIO LLC,ROTH DRAFTING STUDIO LLC,17350 STATE HIGHWAY 249 STE 220 PMB 2094,HOUSTON,TX,77064,541340,"Professional, Scientific, and Technical Services (Legal, Accounting, IT)",Limited Liability Company (LLC),2024-02-16T00:00:00.000,CMMC 2.0 / Proprietary CAD & IP Protection
"ROWE CONSULTANTS, INC","ROWE CONSULTANTS, INC",1500 AULINE LN UNIT A,HOUSTON,TX,77055,541330,Engineering Services,Texas Corporation,2025-11-25T00:00:00.000,CMMC 2.0 / Proprietary CAD & IP Protection
"RPS GROUP, INC.","RPS GROUP, INC.",20405 STATE HIGHWAY 249 STE 200,HOUSTON,TX,77070,541330,Engineering Services,Texas Corporation,2018-03-07T00:00:00.000,CMMC 2.0 / Proprietary CAD & IP Protection
RPT ALLIANCE,RPT ALLIANCE LLC,8400 N SAM HOUSTON PKWY W STE 100,HOUSTON,TX,77064,541330,Engineering Services,Limited Liability Company (LLC),2022-12-28T00:00:00.000,CMMC 2.0 / Proprietary CAD & IP Protection
"RS&H, INC.","RS&H, INC.",11011 RICHMOND AVE STE 900,HOUSTON,TX,77042,541330,Engineering Services,Foreign Corporation (Out-of-State),2004-07-05T00:00:00.000,CMMC 2.0 / Proprietary CAD & IP Protection
RTCONSULTS PLLC,RTCONSULTS PLLC,7028 BURKETT ST,HOUSTON,TX,77021,541330,Engineering Services,Limited Liability Company (LLC),2026-06-08T00:00:00.000,CMMC 2.0 / Proprietary CAD & IP Protection
"RUCKEL/DILLON, INC.","RUCKEL/DILLON, INC.",4501 YALE ST,HOUSTON,TX,77018,541320,"Professional, Scientific, and Technical Services (Legal, Accounting, IT)",Texas Corporation,2023-03-03T00:00:00.000,CMMC 2.0 / Proprietary CAD & IP Protection
RUDOLPH COLBY DESIGN,RUDOLPH COLBY,4901 MAIN ST,HOUSTON,TX,77002,541310,"Professional, Scientific, and Technical Services (Legal, Accounting, IT)",Type IS,2025-09-10T00:00:00.000,CMMC 2.0 / Proprietary CAD & IP Protection
RUGGED ROBOTICS INC.,RUGGED ROBOTICS INC.,6501 NAVIGATION BLVD STE B106B,HOUSTON,TX,77011,541330,Engineering Services,Foreign Corporation (Out-of-State),2023-05-23T00:00:00.000,CMMC 2.0 / Proprietary CAD & IP Protection
"RVE, INC.","RVE, INC.",19 BRIAR HOLLOW LN STE 145,HOUSTON,TX,77027,541320,"Professional, Scientific, and Technical Services (Legal, Accounting, IT)",Texas Corporation,2018-01-25T00:00:00.000,CMMC 2.0 / Proprietary CAD & IP Protection
"RXG ELECTRICAL, LLC.","RXG ELECTRICAL, LLC.",8626 DALLAS ACORN ST,HOUSTON,TX,77078,541330,Engineering Services,Limited Liability Company (LLC),2022-10-14T00:00:00.000,CMMC 2.0 / Proprietary CAD & IP Protection
"RYDER SCOTT COMPANY, L.P.","RYDER SCOTT COMPANY, L.P.",1100 LOUISIANA ST STE 4600,HOUSTON,TX,77002,541330,Engineering Services,Type PL,2010-10-20T00:00:00.000,CMMC 2.0 / Proprietary CAD & IP Protection
SABINE STORAGE & OPERATIONS INC,"SABINE STORAGE & OPERATIONS, INC.",5718 WESTHEIMER RD STE 1251,HOUSTON,TX,77057,541330,Engineering Services,Texas Corporation,2007-08-14T00:00:00.000,CMMC 2.0 / Proprietary CAD & IP Protection
SABINE SURVEYORS LTD,"SABINE SURVEYORS, LTD.",18333 EGRET BAY BLVD STE 160,HOUSTON,TX,77058,541330,Engineering Services,Type PL,2002-03-12T00:00:00.000,CMMC 2.0 / Proprietary CAD & IP Protection
"SABRE SYSTEMS, INC.","SABRE SYSTEMS, INC.",8810 EMMOTT RD STE 100,HOUSTON,TX,77040,541330,Engineering Services,Texas Corporation,2006-07-21T00:00:00.000,CMMC 2.0 / Proprietary CAD & IP Protection
"SABRE TECHNOLOGIES, L.P.","SABRE TECHNOLOGIES, L.P.",7885 NORTHCOURT RD,HOUSTON,TX,77040,541330,Engineering Services,Type PL,2011-01-07T00:00:00.000,CMMC 2.0 / Proprietary CAD & IP Protection
"SAEXPLORATION SEISMIC SERVICES (US), LLC","SAEXPLORATION SEISMIC SERVICES (US), LLC",10300 TOWN PARK DR STE S300,HOUSTON,TX,77072,541360,"Professional, Scientific, and Technical Services (Legal, Accounting, IT)",Corporation / Corporate Entity,2025-08-19T00:00:00.000,CMMC 2.0 / Proprietary CAD & IP Protection
SALIGER ENGINEERING CORPORATION,SALIGER ENGINEERING CORPORATION,8111 PRESTON SPRINGS CT,HOUSTON,TX,77095,541330,Engineering Services,Texas Corporation,2006-08-17T00:00:00.000,CMMC 2.0 / Proprietary CAD & IP Protection
SAMSUNG E&A LOUISIANA CONSTRUCTION LLC,SAMSUNG E&A LOUISIANA CONSTRUCTION LLC,2050 W SAM HOUSTON PKWY S STE 1900,HOUSTON,TX,77042,541330,Engineering Services,Corporation / Corporate Entity,2015-10-29T00:00:00.000,CMMC 2.0 / Proprietary CAD & IP Protection
SANDER ENGINEERING CORPORATION,SANDER ENGINEERING CORPORATION,10555 RICHMOND AVE STE 100,HOUSTON,TX,77042,541330,Engineering Services,Texas Corporation,2003-04-23T00:00:00.000,CMMC 2.0 / Proprietary CAD & IP Protection
SARENS PROJECTS USA LLC,"SARENS PROJECTS USA, LLC",10855 JOHN RALSTON RD,HOUSTON,TX,77044,541330,Engineering Services,Limited Liability Company (LLC),2024-07-19T00:00:00.000,CMMC 2.0 / Proprietary CAD & IP Protection
SCHLUMBERGER TECHNOLOGY,SCHLUMBERGER TECHNOLOGY CORPORATION,1325 S DAIRY ASHFORD ST STE 300,HOUSTON,TX,77077,541330,Engineering Services,Texas Corporation,1997-01-14T00:00:00.000,CMMC 2.0 / Proprietary CAD & IP Protection
SCHLUMBERGER TECHNOLOGY,SCHLUMBERGER TECHNOLOGY CORPORATION,7030 ARDMORE ST,HOUSTON,TX,77054,541330,Engineering Services,Texas Corporation,2002-03-28T00:00:00.000,CMMC 2.0 / Proprietary CAD & IP Protection
SCOPE TECHNOLOGIES AND MANUFACTURING LLC,SCOPE TECHNOLOGIES AND MANUFACTURING LLC,14531 FM 529 RD STE 160,HOUSTON,TX,77095,541330,Engineering Services,Limited Liability Company (LLC),2024-03-05T00:00:00.000,CMMC 2.0 / Proprietary CAD & IP Protection
SDRG CONTROLS INC 1998,"SDRG CONTROLS, INC. 1998",8234 BRANIFF ST,HOUSTON,TX,77061,541330,Engineering Services,Texas Corporation,1999-01-26T00:00:00.000,CMMC 2.0 / Proprietary CAD & IP Protection
"SEA CONSTRUCTION, LLC",SAMSUNG E&A AMERICA CONSTRUCTION LLC,2050 W SAM HOUSTON PKWY S STE 1900,HOUSTON,TX,77042,541330,Engineering Services,Limited Liability Company (LLC),2022-07-26T00:00:00.000,CMMC 2.0 / Proprietary CAD & IP Protection
"SEA, LTD.","SEA, LTD.",3403 N SAM HOUSTON PKWY W STE 350,HOUSTON,TX,77086,541380,"Professional, Scientific, and Technical Services (Legal, Accounting, IT)",Corporation / Corporate Entity,2011-06-16T00:00:00.000,CMMC 2.0 / Proprietary CAD & IP Protection
SEABED GEOSOLUTIONS (US) INC,SEABED GEOSOLUTIONS (US) INC,10350 RICHMOND AVE STE 800,HOUSTON,TX,77042,541360,"Professional, Scientific, and Technical Services (Legal, Accounting, IT)",Foreign Corporation (Out-of-State),2013-04-23T00:00:00.000,CMMC 2.0 / Proprietary CAD & IP Protection
"SEABED SERVICES, LLC","SEABED SERVICES, LLC",7521 WESTVIEW DR STE 200,HOUSTON,TX,77055,541330,Engineering Services,Limited Liability Company (LLC),2012-11-08T00:00:00.000,CMMC 2.0 / Proprietary CAD & IP Protection
"SEI MARKETING, LLC","SEI MARKETING, LLC",4805 WESTWAY PARK BLVD,HOUSTON,TX,77041,541360,"Professional, Scientific, and Technical Services (Legal, Accounting, IT)",Limited Liability Company (LLC),2026-05-20T00:00:00.000,CMMC 2.0 / Proprietary CAD & IP Protection
SEIMAX,SEIMAX TECHNOLOGIES LP,11050 CAPITAL PARK DR,HOUSTON,TX,77041,541360,"Professional, Scientific, and Technical Services (Legal, Accounting, IT)",Type PL,2016-07-14T00:00:00.000,CMMC 2.0 / Proprietary CAD & IP Protection
"SEIN QUALITY SYSTEMS, LLC","SEIN QUALITY SYSTEMS, LLC",14610 CAROLINA HOLLOW LN,HOUSTON,TX,77044,541330,Engineering Services,Limited Liability Company (LLC),2024-01-23T00:00:00.000,CMMC 2.0 / Proprietary CAD & IP Protection
"SEL ENGINEERING SERVICES, INC","SEL ENGINEERING SERVICES, INC.",3100 WILCREST DR STE 350,HOUSTON,TX,77042,541330,Engineering Services,Foreign Corporation (Out-of-State),2016-12-14T00:00:00.000,CMMC 2.0 / Proprietary CAD & IP Protection
SELLECK CHEMICALS LLC,SELLECK CHEMICALS LLC,7676 PHOENIX DR APT 1411,HOUSTON,TX,77030,541380,"Professional, Scientific, and Technical Services (Legal, Accounting, IT)",Limited Liability Company (LLC),2009-11-03T00:00:00.000,CMMC 2.0 / Proprietary CAD & IP Protection
"SENSORFIELD, LLC","SENSORFIELD, LLC",2503 ROBINHOOD ST STE 165,HOUSTON,TX,77005,541330,Engineering Services,Limited Liability Company (LLC),2013-02-28T00:00:00.000,CMMC 2.0 / Proprietary CAD & IP Protection
SENSYTEC INC.,SENSYTEC INC.,5000 GULF FWY BLDG 4,HOUSTON,TX,77023,541380,"Professional, Scientific, and Technical Services (Legal, Accounting, IT)",Texas Corporation,2022-03-22T00:00:00.000,CMMC 2.0 / Proprietary CAD & IP Protection
SERVICE CONTRACT INTEGRATORS LLC,SERVICE CONTRACT INTEGRATORS LLC,3050 POST OAK BLVD STE 510,HOUSTON,TX,77056,541330,Engineering Services,Limited Liability Company (LLC),2025-02-20T00:00:00.000,CMMC 2.0 / Proprietary CAD & IP Protection
SES RESEARCH,CHRIS V BURRES & ROBERT WONG,5999 W 34TH ST STE 106,HOUSTON,TX,77092,541330,Engineering Services,Type PI,2008-08-01T00:00:00.000,CMMC 2.0 / Proprietary CAD & IP Protection
SET ROOTS LLC,SET ROOTS LLC,332 MARTIN ST,HOUSTON,TX,77018,541320,"Professional, Scientific, and Technical Services (Legal, Accounting, IT)",Limited Liability Company (LLC),2020-02-10T00:00:00.000,CMMC 2.0 / Proprietary CAD & IP Protection
SGS NORTH AMERICA INC.,SGS NORTH AMERICA INC.,12621 FEATHERWOOD DR,HOUSTON,TX,77034,541380,"Professional, Scientific, and Technical Services (Legal, Accounting, IT)",Foreign Corporation (Out-of-State),2015-11-18T00:00:00.000,CMMC 2.0 / Proprietary CAD & IP Protection
"SGV INTERNATIONAL, LLC","SGV INTERNATIONAL, LLC",8945 LONG POINT RD STE 123,HOUSTON,TX,77055,541330,Engineering Services,Limited Liability Company (LLC),2016-08-11T00:00:00.000,CMMC 2.0 / Proprietary CAD & IP Protection
"SHAH, SMITH & ASSOCIATES, INC.","SHAH, SMITH & ASSOCIATES, INC.",11720 KATY FWY STE 500,HOUSTON,TX,77079,541330,Engineering Services,Texas Corporation,2026-07-23T00:00:00.000,CMMC 2.0 / Proprietary CAD & IP Protection
SHANKS ENGINEERING AND SURVEYING INC.,SHANKS ENGINEERING AND SURVEYING INC.,1446 PIRATES CV,HOUSTON,TX,77058,541330,Engineering Services,Texas Corporation,2025-04-10T00:00:00.000,CMMC 2.0 / Proprietary CAD & IP Protection
SHERWOOD ARCHITECTURAL SERVICES,KEVIN LEONARD BOEHM,11023 ELM BRIDGE CT,HOUSTON,TX,77065,541320,"Professional, Scientific, and Technical Services (Legal, Accounting, IT)",Type IS,1991-02-16T00:00:00.000,CMMC 2.0 / Proprietary CAD & IP Protection
"SIGMA THERMAL, INC.","SIGMA THERMAL, INC.",9752 WHITHORN DR,HOUSTON,TX,77095,541330,Engineering Services,Foreign Corporation (Out-of-State),2016-03-16T00:00:00.000,CMMC 2.0 / Proprietary CAD & IP Protection
SIMPSON GUMPERTZ & HEGER INC.,SIMPSON GUMPERTZ & HEGER INC.,2500 CITYWEST BLVD STE 300,HOUSTON,TX,77042,541330,Engineering Services,Foreign Corporation (Out-of-State),2015-11-21T00:00:00.000,CMMC 2.0 / Proprietary CAD & IP Protection
SISO ENGINEERING LLC,SISO ENGINEERING LLC,802 LOVETT BLVD,HOUSTON,TX,77006,541330,Engineering Services,Limited Liability Company (LLC),2018-05-16T00:00:00.000,CMMC 2.0 / Proprietary CAD & IP Protection
"SKYLARK WIRELESS, LLC","SKYLARK WIRELESS, LLC",1953 RICHMOND AVE,HOUSTON,TX,77098,541330,Engineering Services,Limited Liability Company (LLC),2019-10-03T00:00:00.000,CMMC 2.0 / Proprietary CAD & IP Protection
SLB CAPTURI USA LLC,SLB CAPTURI USA LLC,5599 SAN FELIPE ST,HOUSTON,TX,77056,541330,Engineering Services,Corporation / Corporate Entity,2025-03-24T00:00:00.000,CMMC 2.0 / Proprietary CAD & IP Protection
SMITH & BURGESS LLC,SMITH & BURGESS LLC,2180 NORTH LOOP W STE 308,HOUSTON,TX,77018,541330,Engineering Services,Limited Liability Company (LLC),2007-05-08T00:00:00.000,CMMC 2.0 / Proprietary CAD & IP Protection
"SMITH SECKMAN REID, INC.","SMITH SECKMAN REID, INC.",3700 W SAM HOUSTON PKWY S,HOUSTON,TX,77042,541330,Engineering Services,Foreign Corporation (Out-of-State),2012-07-16T00:00:00.000,CMMC 2.0 / Proprietary CAD & IP Protection
"SMITHGROUP, INC.","SMITHGROUP, INC., A MICHIGAN CORPORATION",1801 MAIN ST STE 1340,HOUSTON,TX,77002,541310,"Professional, Scientific, and Technical Services (Legal, Accounting, IT)",Foreign Corporation (Out-of-State),2024-01-24T00:00:00.000,CMMC 2.0 / Proprietary CAD & IP Protection
"SMLA, LLC","SMLA, LLC",622 RUTLAND ST APT D,HOUSTON,TX,77007,541310,"Professional, Scientific, and Technical Services (Legal, Accounting, IT)",Limited Liability Company (LLC),2017-03-15T00:00:00.000,CMMC 2.0 / Proprietary CAD & IP Protection
SOAP ENGINEERING,SOAP SCADA LLC,1409 BRITTMOORE RD,HOUSTON,TX,77043,541330,Engineering Services,Limited Liability Company (LLC),2026-02-27T00:00:00.000,CMMC 2.0 / Proprietary CAD & IP Protection
"SOLAR SURVEYING, LLC","SOLAR SURVEYING, LLC",11111 KATY FWY STE 910,HOUSTON,TX,77079,541370,"Professional, Scientific, and Technical Services (Legal, Accounting, IT)",Limited Liability Company (LLC),2020-01-13T00:00:00.000,CMMC 2.0 / Proprietary CAD & IP Protection
SOLARITY EPC LLC,SOLARITY EPC LLC,1333 WEST LOOP S STE 910,HOUSTON,TX,77027,541330,Engineering Services,Foreign Corporation (Out-of-State),2025-01-27T00:00:00.000,CMMC 2.0 / Proprietary CAD & IP Protection
SOLOMON TECHNOLOGY (USA) CORP,SOLOMON TECHNOLOGY (USA) CORP,1217 WEST LOOP N STE 130,HOUSTON,TX,77055,541330,Engineering Services,Foreign Corporation (Out-of-State),2026-06-23T00:00:00.000,CMMC 2.0 / Proprietary CAD & IP Protection
SONSUB INC,SAIPEM AMERICA INC.,15950 PARK ROW,HOUSTON,TX,77084,541330,Engineering Services,Foreign Corporation (Out-of-State),2006-08-21T00:00:00.000,CMMC 2.0 / Proprietary CAD & IP Protection
"SOOTHSAYER CAPITAL, LLC","SOOTHSAYER CAPITAL, LLC",10685 HAZELHURST DR STE B,HOUSTON,TX,77043,541330,Engineering Services,Limited Liability Company (LLC),2025-10-23T00:00:00.000,CMMC 2.0 / Proprietary CAD & IP Protection
"SOUTH TEXAS SURVEYING ASSOCIATES, INC.","SOUTH TEXAS SURVEYING ASSOCIATES, INC.",11281 RICHMOND AVE STE J-101,HOUSTON,TX,77082,541370,"Professional, Scientific, and Technical Services (Legal, Accounting, IT)",Texas Corporation,1987-09-29T00:00:00.000,CMMC 2.0 / Proprietary CAD & IP Protection
"SOUTHERN ANALYTICAL, INC.","SOUTHERN ANALYTICAL, INC.",19407 OIL CENTER BLVD,HOUSTON,TX,77073,541330,Engineering Services,Texas Corporation,2002-06-06T00:00:00.000,CMMC 2.0 / Proprietary CAD & IP Protection
"SOUTHERN PERTOLEUM LABORATORIES, INC.","SOUTHERN PETROLEUM LABORATORIES, INC.",8888 INTERCHANGE DR,HOUSTON,TX,77054,541380,"Professional, Scientific, and Technical Services (Legal, Accounting, IT)",Texas Corporation,2002-05-08T00:00:00.000,CMMC 2.0 / Proprietary CAD & IP Protection
SPEC ENGINEERING INC,SPEC ENGINEERING INC,9494 SOUTHWEST FWY STE 800,HOUSTON,TX,77074,541330,Engineering Services,Texas Corporation,2026-08-11T00:00:00.000,CMMC 2.0 / Proprietary CAD & IP Protection
"SPECIFIED COMPONENTS, INC.","SPECIFIED COMPONENTS, INC.",6102 MILWEE ST STE P,HOUSTON,TX,77092,541310,"Professional, Scientific, and Technical Services (Legal, Accounting, IT)",Texas Corporation,2012-04-04T00:00:00.000,CMMC 2.0 / Proprietary CAD & IP Protection
"SPICA GLOBAL, L.L.C.","SPICA GLOBAL, L.L.C.",4923 KEEGAN RUN DR,HOUSTON,TX,77084,541330,Engineering Services,Limited Liability Company (LLC),2021-11-09T00:00:00.000,CMMC 2.0 / Proprietary CAD & IP Protection
SPR SERVICES,SERIAL ADVANCEMENTS LLC,1725 MAIN ST UNIT 1306,HOUSTON,TX,77002,541340,"Professional, Scientific, and Technical Services (Legal, Accounting, IT)",Limited Liability Company (LLC),2023-11-09T00:00:00.000,CMMC 2.0 / Proprietary CAD & IP Protection
SRC DESIGNS,MAX REED HUMPHREYS JR,10325 CYPRESSWOOD DR APT 527,HOUSTON,TX,77070,541340,"Professional, Scientific, and Technical Services (Legal, Accounting, IT)",Type IS,2023-12-28T00:00:00.000,CMMC 2.0 / Proprietary CAD & IP Protection
"SRRP GROUP, LLC","SRRP GROUP, LLC",2520 ROBINHOOD ST APT 504,HOUSTON,TX,77005,541330,Engineering Services,Limited Liability Company (LLC),2024-03-23T00:00:00.000,CMMC 2.0 / Proprietary CAD & IP Protection
STALEY SCAPES,STALEY TOMFORDE,6242 LOCKE LN,HOUSTON,TX,77057,541320,"Professional, Scientific, and Technical Services (Legal, Accounting, IT)",Type IS,2023-04-11T00:00:00.000,CMMC 2.0 / Proprietary CAD & IP Protection
STATE SPACE ENGINEERING,"STATE SPACE ENGINEERING, PLLC",13100 WORTHAM CENTER DR,HOUSTON,TX,77065,541330,Engineering Services,Limited Liability Company (LLC),2019-08-06T00:00:00.000,CMMC 2.0 / Proprietary CAD & IP Protection
"STELAR CONSULTING SERVICES, LLC","STELAR CONSULTING SERVICES, LLC",1322 SPACE PARK DR,HOUSTON,TX,77058,541330,Engineering Services,Limited Liability Company (LLC),2015-07-28T00:00:00.000,CMMC 2.0 / Proprietary CAD & IP Protection
"STEP LADDER SERVICES, LLC","STEP LADDER SERVICES, LLC",10619 OVERBROOK LN,HOUSTON,TX,77042,541350,"Professional, Scientific, and Technical Services (Legal, Accounting, IT)",Limited Liability Company (LLC),2018-06-19T00:00:00.000,CMMC 2.0 / Proprietary CAD & IP Protection
"STRATAGEN, INC.","STRATAGEN, INC.",575 N DAIRY ASHFORD ST STE 300,HOUSTON,TX,77079,541330,Engineering Services,Foreign Corporation (Out-of-State),2010-02-23T00:00:00.000,CMMC 2.0 / Proprietary CAD & IP Protection
"STRATEGY ENGINEERING & CONSULTING, L.L.C.","STRATEGY ENGINEERING & CONSULTING, L.L.C.",15995 N BARKERS LANDING RD STE 200,HOUSTON,TX,77079,541330,Engineering Services,Limited Liability Company (LLC),2017-07-12T00:00:00.000,CMMC 2.0 / Proprietary CAD & IP Protection
"STRATUM RESERVOIR, LLC #74505","STRATUM RESERVOIR, LLC",5200 N SAM HOUSTON PKWY W,HOUSTON,TX,77086,541380,"Professional, Scientific, and Technical Services (Legal, Accounting, IT)",Corporation / Corporate Entity,2017-02-07T00:00:00.000,CMMC 2.0 / Proprietary CAD & IP Protection
"STRATUM RESERVOIR, LLC #74506","STRATUM RESERVOIR, LLC",5200 N SAM HOUSTON PKWY W,HOUSTON,TX,77086,541380,"Professional, Scientific, and Technical Services (Legal, Accounting, IT)",Corporation / Corporate Entity,2019-08-07T00:00:00.000,CMMC 2.0 / Proprietary CAD & IP Protection
"STRATUM RESERVOIR, LLC #74507","STRATUM RESERVOIR, LLC",5200 N SAM HOUSTON PKWY W STE 500,HOUSTON,TX,77086,541380,"Professional, Scientific, and Technical Services (Legal, Accounting, IT)",Corporation / Corporate Entity,2013-12-12T00:00:00.000,CMMC 2.0 / Proprietary CAD & IP Protection
STRATUS ENGINEERING INC,"STRATUS ENGINEERING, INC.",1322 SPACE PARK DR STE A217,HOUSTON,TX,77058,541330,Engineering Services,Texas Corporation,2007-03-09T00:00:00.000,CMMC 2.0 / Proprietary CAD & IP Protection
STREN COMPANY,STREN COMPANY,10115 SWEETWATER LN,HOUSTON,TX,77037,541330,Engineering Services,Foreign Corporation (Out-of-State),2002-03-04T00:00:00.000,CMMC 2.0 / Proprietary CAD & IP Protection
"STREN TECHNOLOGY SOLUTIONS, LLC","STREN TECHNOLOGY SOLUTIONS, LLC",15045 WOODHAM DR,HOUSTON,TX,77073,541330,Engineering Services,Limited Liability Company (LLC),2011-06-10T00:00:00.000,CMMC 2.0 / Proprietary CAD & IP Protection
"STRESS ENGINEERING SERVICES, INC.","STRESS ENGINEERING SERVICES, INC.",13800 WESTFAIR EAST DR,HOUSTON,TX,77041,541330,Engineering Services,Texas Corporation,1986-07-18T00:00:00.000,CMMC 2.0 / Proprietary CAD & IP Protection
"STRUKTUR DESIGN GROUP, L.L.C.","STRUKTUR DESIGN GROUP, L.L.C.",8001 W TIDWELL RD APT 906,HOUSTON,TX,77040,541340,"Professional, Scientific, and Technical Services (Legal, Accounting, IT)",Limited Liability Company (LLC),2013-09-04T00:00:00.000,CMMC 2.0 / Proprietary CAD & IP Protection
SUBSEA 7 (US) LLC,SUBSEA 7 (US) LLC,17220 KATY FWY STE 100,HOUSTON,TX,77094,541360,"Professional, Scientific, and Technical Services (Legal, Accounting, IT)",Corporation / Corporate Entity,2013-12-16T00:00:00.000,CMMC 2.0 / Proprietary CAD & IP Protection
SUBTERRA USA - PIERCE JUNCTION,SUBTERRA USA CORPORATION,11646 ALMEDA RD,HOUSTON,TX,77045,541330,Engineering Services,Texas Corporation,2026-07-28T00:00:00.000,CMMC 2.0 / Proprietary CAD & IP Protection
SUBTERRA USA CORPORATION,SUBTERRA USA CORPORATION,2515 TEXAS ST,HOUSTON,TX,77003,541330,Engineering Services,Texas Corporation,2025-04-24T00:00:00.000,CMMC 2.0 / Proprietary CAD & IP Protection
"SUPERIOR QC, LLC","SUPERIOR QC, LLC",10713 W SAM HOUSTON PKWY N STE 800,HOUSTON,TX,77064,541330,Engineering Services,Corporation / Corporate Entity,2018-09-19T00:00:00.000,CMMC 2.0 / Proprietary CAD & IP Protection
SYNCHRO-TECH,LAWRENCE WRIGHT,1807 WELCH ST,HOUSTON,TX,77006,541310,"Professional, Scientific, and Technical Services (Legal, Accounting, IT)",Type IS,2008-03-05T00:00:00.000,CMMC 2.0 / Proprietary CAD & IP Protection
SYNERGY ELECTRONIC SYSTEMS,ELIASSI REZA,1042 HERCULES AVE,HOUSTON,TX,77058,541330,Engineering Services,Type IS,2015-01-30T00:00:00.000,CMMC 2.0 / Proprietary CAD & IP Protection
T M C ENGINEERING SERVICES INC,"T M C ENGINEERING SERVICES, INC.",2335 WADSWORTH ST,HOUSTON,TX,77015,541330,Engineering Services,Texas Corporation,2004-07-26T00:00:00.000,CMMC 2.0 / Proprietary CAD & IP Protection
T&H METALLOGRAPHY,"T & H METALLOGRAPHY, LLC",4627 STEFFANI LN,HOUSTON,TX,77041,541380,"Professional, Scientific, and Technical Services (Legal, Accounting, IT)",Limited Liability Company (LLC),2022-06-22T00:00:00.000,CMMC 2.0 / Proprietary CAD & IP Protection
"T. L, THOMPSON, LLC","T. L. THOMPSON, LLC",16027 JUNIPER GROVE DR,HOUSTON,TX,77084,541330,Engineering Services,Limited Liability Company (LLC),2025-10-09T00:00:00.000,CMMC 2.0 / Proprietary CAD & IP Protection
TAB STUDIO LLC,TAB STUDIO LLC,8411 WATEKA DR,HOUSTON,TX,77074,541310,"Professional, Scientific, and Technical Services (Legal, Accounting, IT)",Limited Liability Company (LLC),2024-01-17T00:00:00.000,CMMC 2.0 / Proprietary CAD & IP Protection
TANDEM DESIGN LC,TANDEM DESIGN LC,1809 PROSPECT ST,HOUSTON,TX,77004,541310,"Professional, Scientific, and Technical Services (Legal, Accounting, IT)",Limited Liability Company (LLC),2022-04-21T00:00:00.000,CMMC 2.0 / Proprietary CAD & IP Protection
TAYLOR TRAFFIC SYSTEMS,TAYLOR TRAFFIC SYSTEMS LLC,17402 RIDGE TOP DR,HOUSTON,TX,77090,541330,Engineering Services,Limited Liability Company (LLC),2015-01-23T00:00:00.000,CMMC 2.0 / Proprietary CAD & IP Protection
"TEAGUE NALL AND PERKINS, INC.","TEAGUE NALL AND PERKINS, INC.",5421 BRYSTONE DR,HOUSTON,TX,77041,541330,Engineering Services,Texas Corporation,2026-02-26T00:00:00.000,CMMC 2.0 / Proprietary CAD & IP Protection
"TECHNIP E&C, INC.","T.EN WORKFORCE SOLUTIONS, INC.",1430 ENCLAVE PKWY,HOUSTON,TX,77077,541330,Engineering Services,Foreign Corporation (Out-of-State),2014-01-29T00:00:00.000,CMMC 2.0 / Proprietary CAD & IP Protection
TECHNIP STONE & WEBSTER PROCESS TECHNOLOGY,"T.EN STONE & WEBSTER PROCESS TECHNOLOGY, INC.",1430 ENCLAVE PKWY,HOUSTON,TX,77077,541330,Engineering Services,Foreign Corporation (Out-of-State),2013-05-06T00:00:00.000,CMMC 2.0 / Proprietary CAD & IP Protection
"TECHNIP USA, INC.","TECHNIP USA, INC.",11740 KATY FWY # 100,HOUSTON,TX,77079,541330,Engineering Services,Foreign Corporation (Out-of-State),2014-09-02T00:00:00.000,CMMC 2.0 / Proprietary CAD & IP Protection
TECHNOLOGY & CALIBRATION INC,"TECHNOLOGY & CALIBRATION, INC.",3538 PINEMONT DR,HOUSTON,TX,77018,541380,"Professional, Scientific, and Technical Services (Legal, Accounting, IT)",Texas Corporation,2008-08-06T00:00:00.000,CMMC 2.0 / Proprietary CAD & IP Protection
TECHNOLOGY SERVING PEOPLE INC,"TECHNOLOGY SERVING PEOPLE, INC.",2511 WILLOWICK RD APT 229,HOUSTON,TX,77027,541330,Engineering Services,Texas Corporation,2004-06-18T00:00:00.000,CMMC 2.0 / Proprietary CAD & IP Protection
"TECORP INTERNATIONAL, P.L.L.C.","TECORP INTERNATIONAL, P.L.L.C.",2550 GRAY FALLS DR STE 215,HOUSTON,TX,77077,541330,Engineering Services,Limited Liability Company (LLC),2015-01-27T00:00:00.000,CMMC 2.0 / Proprietary CAD & IP Protection
TEDSI INFRASTRUCTURE GROUP INC,"TEDSI INFRASTRUCTURE GROUP, INC.",10260 WESTHEIMER RD # 460,HOUSTON,TX,77042,541330,Engineering Services,Texas Corporation,2002-01-10T00:00:00.000,CMMC 2.0 / Proprietary CAD & IP Protection
TEKNACORP USA INC,TEKNACORP USA INC,14300 NORTHWEST FWY STE B14,HOUSTON,TX,77040,541330,Engineering Services,Texas Corporation,2013-09-23T00:00:00.000,CMMC 2.0 / Proprietary CAD & IP Protection
TEMAEL LLC,TEMAEL LLC,12258 QUEENSTON BLVD STE C,HOUSTON,TX,77095,541330,Engineering Services,Limited Liability Company (LLC),2025-07-09T00:00:00.000,CMMC 2.0 / Proprietary CAD & IP Protection
TENSORPAD,WILL JOHN HERR III,7450 FOUNTAINCREST DR,HOUSTON,TX,77041,541330,Engineering Services,Type IS,2025-12-17T00:00:00.000,CMMC 2.0 / Proprietary CAD & IP Protection
TENTWELVE INVENTORS INCORPORATED,TENTWELVE INVENTORS INCORPORATED,2001 GEMINI ST APT 1617,HOUSTON,TX,77058,541330,Engineering Services,Foreign Corporation (Out-of-State),2026-03-26T00:00:00.000,CMMC 2.0 / Proprietary CAD & IP Protection
TERAN GROUP LLC,TERAN GROUP LLC,888 W SAM HOUSTON PKWY S STE 250,HOUSTON,TX,77042,541370,"Professional, Scientific, and Technical Services (Legal, Accounting, IT)",Limited Liability Company (LLC),2024-05-29T00:00:00.000,CMMC 2.0 / Proprietary CAD & IP Protection
TERRA SURVEYING COMPANY INC,"TERRA SURVEYING COMPANY, LLC",3000 WILCREST DR STE 210,HOUSTON,TX,77042,541330,Engineering Services,Limited Liability Company (LLC),2002-04-04T00:00:00.000,CMMC 2.0 / Proprietary CAD & IP Protection
"TERRACON CONSULTANTS, INC.","TERRACON CONSULTANTS, INC.",11555 CLAY RD STE 100,HOUSTON,TX,77043,541330,Engineering Services,Foreign Corporation (Out-of-State),2015-06-17T00:00:00.000,CMMC 2.0 / Proprietary CAD & IP Protection
TETRA SURVEYS,"TETRA LAND GROUP, LLC",1601 WELCH ST,HOUSTON,TX,77006,541370,"Professional, Scientific, and Technical Services (Legal, Accounting, IT)",Limited Liability Company (LLC),2026-01-13T00:00:00.000,CMMC 2.0 / Proprietary CAD & IP Protection
"TEXAS FIRE PROS GROUP, LLC","TEXAS FIRE PROS GROUP, LLC",2218 ENCHANTED ISLE DR,HOUSTON,TX,77062,541350,"Professional, Scientific, and Technical Services (Legal, Accounting, IT)",Limited Liability Company (LLC),2023-03-11T00:00:00.000,CMMC 2.0 / Proprietary CAD & IP Protection
"TEXAS GEOTECHNICAL CONSULTANTS, LLC","TEXAS GEOTECHNICAL CONSULTANTS, LLC",8511 CAMBRIDGE ST,HOUSTON,TX,77054,541330,Engineering Services,Limited Liability Company (LLC),2014-02-08T00:00:00.000,CMMC 2.0 / Proprietary CAD & IP Protection
"TEXAS LANDSCAPE GROUP, LLC","TEXAS LANDSCAPE GROUP, LLC",13030 PLAYER ST UNIT B,HOUSTON,TX,77045,541320,"Professional, Scientific, and Technical Services (Legal, Accounting, IT)",Limited Liability Company (LLC),2015-01-28T00:00:00.000,CMMC 2.0 / Proprietary CAD & IP Protection
TEXAS PLACE MAKERS LLC,TEXAS PLACE MAKERS LLC,11714 WICKHOLLOW LN,HOUSTON,TX,77043,541330,Engineering Services,Limited Liability Company (LLC),2023-05-18T00:00:00.000,CMMC 2.0 / Proprietary CAD & IP Protection
TEXVERT LLC,TEXVERT LLC,1513 BENTLY GREEN LN,HOUSTON,TX,77008,541380,"Professional, Scientific, and Technical Services (Legal, Accounting, IT)",Limited Liability Company (LLC),2023-06-17T00:00:00.000,CMMC 2.0 / Proprietary CAD & IP Protection
"TGS DESIGN STUDIO, LLC","TGS DESIGN STUDIO, LLC",2001 HOLCOMBE BLVD UNIT 3804,HOUSTON,TX,77030,541310,"Professional, Scientific, and Technical Services (Legal, Accounting, IT)",Limited Liability Company (LLC),2001-08-15T00:00:00.000,CMMC 2.0 / Proprietary CAD & IP Protection
TGS-NOPEC GEOPHYSICAL COMPANY,TGS-NOPEC GEOPHYSICAL COMPANY,10451 CLAY RD,HOUSTON,TX,77041,541360,"Professional, Scientific, and Technical Services (Legal, Accounting, IT)",Foreign Corporation (Out-of-State),2013-10-16T00:00:00.000,CMMC 2.0 / Proprietary CAD & IP Protection
THE BENHAM COMPANIES INC,"LEIDOS ENGINEERING, LLC",11200 RICHMOND AVE,HOUSTON,TX,77082,541330,Engineering Services,Corporation / Corporate Entity,2002-02-06T00:00:00.000,CMMC 2.0 / Proprietary CAD & IP Protection
THE INSULATION GURU LLC,THE INSULATION GURU LLC,205 ODDO ST,HOUSTON,TX,77022,541350,"Professional, Scientific, and Technical Services (Legal, Accounting, IT)",Limited Liability Company (LLC),2020-10-15T00:00:00.000,CMMC 2.0 / Proprietary CAD & IP Protection
THE SOCIETY OF PETROLEUM EVALUATION ENGINEERS,THE SOCIETY OF PETROLEUM EVALUATION ENGINEERS,357 N POST OAK LN,HOUSTON,TX,77024,541330,Engineering Services,Type CN,2010-11-12T00:00:00.000,CMMC 2.0 / Proprietary CAD & IP Protection
"TIM HANSEN, LANDSCAPE ARCHITECT",TIM HANSEN,3131 ROBINHOOD ST,HOUSTON,TX,77005,541320,"Professional, Scientific, and Technical Services (Legal, Accounting, IT)",Type IS,2020-07-08T00:00:00.000,CMMC 2.0 / Proprietary CAD & IP Protection
TITAN DELTA LLC,TITAN DELTA LLC,16225 PARK TEN PL STE 475,HOUSTON,TX,77084,541330,Engineering Services,Corporation / Corporate Entity,2022-06-22T00:00:00.000,CMMC 2.0 / Proprietary CAD & IP Protection
"TOYO U.S.A., INC.","TOYO U.S.A., INC.",15415 KATY FWY STE 600,HOUSTON,TX,77094,541330,Engineering Services,Foreign Corporation (Out-of-State),2013-01-12T00:00:00.000,CMMC 2.0 / Proprietary CAD & IP Protection
"TQ AUTOMATION, LLC","TQ AUTOMATION, LLC",11665 FUQUA ST STE F610,HOUSTON,TX,77034,541330,Engineering Services,Limited Liability Company (LLC),2010-10-13T00:00:00.000,CMMC 2.0 / Proprietary CAD & IP Protection
"TRANSCAT, INC.","TRANSCAT, INC.",16115 PARK ROW STE 150,HOUSTON,TX,77084,541380,"Professional, Scientific, and Technical Services (Legal, Accounting, IT)",Foreign Corporation (Out-of-State),2025-07-28T00:00:00.000,CMMC 2.0 / Proprietary CAD & IP Protection
TRANSCORE ITS LLC,"TRANSCORE ITS, LLC",10333 HARWIN DR STE 180,HOUSTON,TX,77036,541330,Engineering Services,Corporation / Corporate Entity,2006-01-17T00:00:00.000,CMMC 2.0 / Proprietary CAD & IP Protection
"TRC ENGINEERS, INC.","TRC ENGINEERS, INC.",10011 MEADOWGLEN LN,HOUSTON,TX,77042,541330,Engineering Services,Foreign Corporation (Out-of-State),2012-01-13T00:00:00.000,CMMC 2.0 / Proprietary CAD & IP Protection
"TRC PIPELINE SERVICES, LLC","TRC PIPELINE SERVICES, LLC",16350 PARK TEN PL STE 100,HOUSTON,TX,77084,541330,Engineering Services,Corporation / Corporate Entity,2016-08-16T00:00:00.000,CMMC 2.0 / Proprietary CAD & IP Protection
"TRC PIPELINE SERVICES, LLC","TRC PIPELINE SERVICES, LLC",16558 AIR CENTER BLVD,HOUSTON,TX,77032,541330,Engineering Services,Corporation / Corporate Entity,2016-08-16T00:00:00.000,CMMC 2.0 / Proprietary CAD & IP Protection
"TRC PIPELINE SERVICES, LLC","TRC PIPELINE SERVICES, LLC",16558 AIR CENTER BLVD,HOUSTON,TX,77032,541330,Engineering Services,Corporation / Corporate Entity,2016-08-16T00:00:00.000,CMMC 2.0 / Proprietary CAD & IP Protection
"TRI-TECH ENGINEERING, LP","TRI-TECH ENGINEERING, LP",10401 WESTOFFICE DR,HOUSTON,TX,77042,541330,Engineering Services,Type PL,2017-04-13T00:00:00.000,CMMC 2.0 / Proprietary CAD & IP Protection
"TRI-TECH SURVEYING COMPANY, L.P.","TRI-TECH SURVEYING COMPANY, L.P.",10401 WESTOFFICE DR,HOUSTON,TX,77042,541370,"Professional, Scientific, and Technical Services (Legal, Accounting, IT)",Type PL,2006-04-03T00:00:00.000,CMMC 2.0 / Proprietary CAD & IP Protection
"TRIM IT LAWN CARE, INC.","TRIM IT LAWN CARE, INC.",12811 PANTANO DR,HOUSTON,TX,77065,541320,"Professional, Scientific, and Technical Services (Legal, Accounting, IT)",Texas Corporation,2020-06-10T00:00:00.000,CMMC 2.0 / Proprietary CAD & IP Protection
TRIVOLT POWER SOLUTIONS LLC,TRIVOLT POWER SOLUTIONS LLC,8716 LONG POINT RD STE 213,HOUSTON,TX,77055,541330,Engineering Services,Limited Liability Company (LLC),2026-08-12T00:00:00.000,CMMC 2.0 / Proprietary CAD & IP Protection
TSP CALIBRATION,"TSP CALIBRATION, INC.",15603 W HARDY RD STE 300,HOUSTON,TX,77060,541380,"Professional, Scientific, and Technical Services (Legal, Accounting, IT)",Foreign Corporation (Out-of-State),2024-01-29T00:00:00.000,CMMC 2.0 / Proprietary CAD & IP Protection
TURBINE TECHNOLOGY SERVICES CORPORATION,TURBINE TECHNOLOGY SERVICES CORPORATION,9837 SCHOONER LN,HOUSTON,TX,77064,541330,Engineering Services,Foreign Corporation (Out-of-State),2016-05-18T00:00:00.000,CMMC 2.0 / Proprietary CAD & IP Protection
TURNAROUND TECHNICAL LLC,TURNAROUND TECHNICAL LLC,1334 BRITTMOORE RD,HOUSTON,TX,77043,541340,"Professional, Scientific, and Technical Services (Legal, Accounting, IT)",Limited Liability Company (LLC),2023-05-15T00:00:00.000,CMMC 2.0 / Proprietary CAD & IP Protection
TURNKEY DESIGN SOLUTIONS LLC,TURNKEY DESIGN SOLUTIONS LLC,10618 INDIAN PAINTBRUSH LN,HOUSTON,TX,77095,541330,Engineering Services,Limited Liability Company (LLC),2026-08-05T00:00:00.000,CMMC 2.0 / Proprietary CAD & IP Protection
TWO SKETCH L L C,"TWO SKETCH, L.L.C.",12345 JONES RD STE 230,HOUSTON,TX,77070,541310,"Professional, Scientific, and Technical Services (Legal, Accounting, IT)",Limited Liability Company (LLC),2009-04-02T00:00:00.000,CMMC 2.0 / Proprietary CAD & IP Protection
"ULTRA DEEP, LLC","ULTRA DEEP, LLC",11757 KATY FWY STE 1300,HOUSTON,TX,77079,541330,Engineering Services,Limited Liability Company (LLC),2008-12-18T00:00:00.000,CMMC 2.0 / Proprietary CAD & IP Protection
ULTRAFLOTE INC,"ULTRAFLOTE, INC.",333 N SAM HOUSTON PKWY E STE 230,HOUSTON,TX,77060,541330,Engineering Services,Texas Corporation,2025-04-23T00:00:00.000,CMMC 2.0 / Proprietary CAD & IP Protection
"UNIFIED BUILDING SCIENCES, INC.","UNIFIED BUILDING SCIENCES, INC.",10235 W LITTLE YORK RD STE 420,HOUSTON,TX,77040,541350,"Professional, Scientific, and Technical Services (Legal, Accounting, IT)",Texas Corporation,2018-09-13T00:00:00.000,CMMC 2.0 / Proprietary CAD & IP Protection
"UNIVATION TECHNOLOGIES, LLC","UNIVATION TECHNOLOGIES, LLC",5555 SAN FELIPE ST STE 1950,HOUSTON,TX,77056,541330,Engineering Services,Corporation / Corporate Entity,1998-01-15T00:00:00.000,CMMC 2.0 / Proprietary CAD & IP Protection
UNIVERSAL ENSCO INC,"UNIVERSAL ENSCO, INC.",4848 LOOP CENTRAL DR,HOUSTON,TX,77081,541330,Engineering Services,Foreign Corporation (Out-of-State),2025-04-21T00:00:00.000,CMMC 2.0 / Proprietary CAD & IP Protection
UST SERVICES INC,"UST SERVICES, INC.",1141 BRITTMOORE RD,HOUSTON,TX,77043,541330,Engineering Services,Texas Corporation,1993-04-22T00:00:00.000,CMMC 2.0 / Proprietary CAD & IP Protection
V-TIC SERVICES INC,V-TIC SERVICES INC,12112 ALMEDA RD,HOUSTON,TX,77045,541380,"Professional, Scientific, and Technical Services (Legal, Accounting, IT)",Texas Corporation,2018-10-18T00:00:00.000,CMMC 2.0 / Proprietary CAD & IP Protection
VALKOR LLC,VALKOR LLC,16225 PARK TEN PL STE 500,HOUSTON,TX,77084,541330,Engineering Services,Limited Liability Company (LLC),2018-09-13T00:00:00.000,CMMC 2.0 / Proprietary CAD & IP Protection
"VECOR PIPELINE INTEGRITY, INC.","VECOR PIPELINE INTEGRITY, INC.",8930 TALLYHO RD,HOUSTON,TX,77061,541330,Engineering Services,Texas Corporation,2026-04-10T00:00:00.000,CMMC 2.0 / Proprietary CAD & IP Protection
"VENTURI DPN, LLC","VENTURI DPN, LLC",11000 STANCLIFF RD STE 180,HOUSTON,TX,77099,541330,Engineering Services,Limited Liability Company (LLC),2022-11-18T00:00:00.000,CMMC 2.0 / Proprietary CAD & IP Protection
"VEOLIA WATER TECHNOLOGIES, INC.","VEOLIA WATER TECHNOLOGIES, INC.",4760 WORLD HOUSTON PKWY STE 140,HOUSTON,TX,77032,541330,Engineering Services,Foreign Corporation (Out-of-State),2013-03-26T00:00:00.000,CMMC 2.0 / Proprietary CAD & IP Protection
VERISTIC MANUFACTURING,VERISTIC MANUFACTURING INC.,1964 PORTSMOUTH ST,HOUSTON,TX,77098,541330,Engineering Services,Texas Corporation,2026-03-10T00:00:00.000,CMMC 2.0 / Proprietary CAD & IP Protection
VERITAS DGC LAND INC,CGG LAND (U.S.) INC.,10300 TOWN PARK DR,HOUSTON,TX,77072,541360,"Professional, Scientific, and Technical Services (Legal, Accounting, IT)",Foreign Corporation (Out-of-State),2001-05-05T00:00:00.000,CMMC 2.0 / Proprietary CAD & IP Protection
VERITAS GEOPHYSICAL CORPORATION,CGG SERVICES (U.S.) INC.,10300 TOWN PARK DR,HOUSTON,TX,77072,541360,"Professional, Scientific, and Technical Services (Legal, Accounting, IT)",Foreign Corporation (Out-of-State),2000-11-16T00:00:00.000,CMMC 2.0 / Proprietary CAD & IP Protection
VIBE-TEKNIQUES CORP.,VIBE-TEKNIQUES CORP.,16610 SACO RIVER WAY,HOUSTON,TX,77044,541330,Engineering Services,Texas Corporation,2023-06-17T00:00:00.000,CMMC 2.0 / Proprietary CAD & IP Protection
"VIKING ENGINEERING, L.C.","VIKING ENGINEERING, L.C.",13501 KATY FWY STE 3300,HOUSTON,TX,77079,541330,Engineering Services,Limited Liability Company (LLC),2023-08-18T00:00:00.000,CMMC 2.0 / Proprietary CAD & IP Protection
"VIRTUE OILFIELD RENTALS, LLC","VIRTUE OILFIELD RENTALS, LLC",800 WILCREST DR STE 350,HOUSTON,TX,77042,541330,Engineering Services,Limited Liability Company (LLC),2023-04-27T00:00:00.000,CMMC 2.0 / Proprietary CAD & IP Protection
VITRONIC MACHINE VISION LP,VITRONIC MACHINE VISION LP,11770 N GESSNER RD,HOUSTON,TX,77064,541330,Engineering Services,Type PF,2022-04-21T00:00:00.000,CMMC 2.0 / Proprietary CAD & IP Protection
VMAX SIMULATION SOLUTIONS LLC,VMAX SIMULATION SOLUTIONS LLC,9546 SUMMER RUN DR,HOUSTON,TX,77064,541330,Engineering Services,Limited Liability Company (LLC),2025-06-14T00:00:00.000,CMMC 2.0 / Proprietary CAD & IP Protection
"VOLKERT, INC.","VOLKERT, INC.",10777 WESTHEIMER RD STE 1100,HOUSTON,TX,77042,541330,Engineering Services,Foreign Corporation (Out-of-State),2015-12-15T00:00:00.000,CMMC 2.0 / Proprietary CAD & IP Protection
"VON YOUNGER LANDSCAPING, INC.","VON YOUNGER LANDSCAPING, INC.",313 W DONOVAN ST,HOUSTON,TX,77091,541320,"Professional, Scientific, and Technical Services (Legal, Accounting, IT)",Texas Corporation,2024-07-24T00:00:00.000,CMMC 2.0 / Proprietary CAD & IP Protection
"VORTEX TECHNOLOGIES, INC.","VORTEX TECHNOLOGIES, INC.",13042 PEBBLEBROOK DR,HOUSTON,TX,77079,541380,"Professional, Scientific, and Technical Services (Legal, Accounting, IT)",Texas Corporation,2026-01-07T00:00:00.000,CMMC 2.0 / Proprietary CAD & IP Protection
"W PARTNERSHIP, INC.","W PARTNERSHIP, INC.",5120 WOODWAY DR STE 8000,HOUSTON,TX,77056,541310,"Professional, Scientific, and Technical Services (Legal, Accounting, IT)",Texas Corporation,2021-06-17T00:00:00.000,CMMC 2.0 / Proprietary CAD & IP Protection
W.D. VON GONTEN ENGINEERING LLC,W.D. VON GONTEN ENGINEERING LLC,10496 KATY FWY STE 200,HOUSTON,TX,77043,541330,Engineering Services,Limited Liability Company (LLC),2023-01-05T00:00:00.000,CMMC 2.0 / Proprietary CAD & IP Protection
"W.M.S. APPRAISAL SERVICE, INC.","W.M.S. APPRAISAL SERVICE, INC.",15410 FLEMINGTON AVE,HOUSTON,TX,77084,541350,"Professional, Scientific, and Technical Services (Legal, Accounting, IT)",Texas Corporation,1996-10-16T00:00:00.000,CMMC 2.0 / Proprietary CAD & IP Protection
WALLACE TEST LABS,"WALLACE ENVIRONMENTAL TESTING LABORATORIES, INC.",2140 WIRTCREST LN,HOUSTON,TX,77055,541380,"Professional, Scientific, and Technical Services (Legal, Accounting, IT)",Texas Corporation,1994-03-22T00:00:00.000,CMMC 2.0 / Proprietary CAD & IP Protection
WALTER P MOORE AND ASSOCIATES INC,"WALTER P. MOORE AND ASSOCIATES, INC.",1201 MCKINNEY ST STE 100,HOUSTON,TX,77010,541330,Engineering Services,Texas Corporation,2008-01-09T00:00:00.000,CMMC 2.0 / Proprietary CAD & IP Protection
"WARD, GETZ & ASSOCIATES, LLP","WARD, GETZ & ASSOCIATES LLC",2500 TANGLEWILDE ST STE 301,HOUSTON,TX,77063,541330,Engineering Services,Limited Liability Company (LLC),2010-06-11T00:00:00.000,CMMC 2.0 / Proprietary CAD & IP Protection
"WARD, GETZ & ASSOCIATES, LLP","WARD, GETZ & ASSOCIATES LLC",2500 TANGLEWILDE ST STE 120,HOUSTON,TX,77063,541330,Engineering Services,Limited Liability Company (LLC),2014-01-09T00:00:00.000,CMMC 2.0 / Proprietary CAD & IP Protection
"WATERLOO SURVEYORS, LLC","WATERLOO SURVEYORS, LLC",1336 BRITTMOORE RD,HOUSTON,TX,77043,541370,"Professional, Scientific, and Technical Services (Legal, Accounting, IT)",Limited Liability Company (LLC),2022-02-16T00:00:00.000,CMMC 2.0 / Proprietary CAD & IP Protection
WEIDMAN ENGINEERING AND CONSULTING,STEVEN GEORGE WEIDMAN,18094 GLENLEDI DR,HOUSTON,TX,77084,541330,Engineering Services,Type IS,2020-07-29T00:00:00.000,CMMC 2.0 / Proprietary CAD & IP Protection
WEISSER ENGINEERING COMPANY,WEISSER ENGINEERING COMPANY,19500 PARK ROW STE 100,HOUSTON,TX,77084,541330,Engineering Services,Texas Corporation,2002-01-17T00:00:00.000,CMMC 2.0 / Proprietary CAD & IP Protection
WELBOR TECHNOLOGY INC,WELBOR TECHNOLOGY INC.,15045 WOODHAM DR,HOUSTON,TX,77073,541330,Engineering Services,Texas Corporation,2007-08-11T00:00:00.000,CMMC 2.0 / Proprietary CAD & IP Protection
WESTHOLLOW TECHNOLOGY CENTER,SHELL GLOBAL SOLUTIONS (US) INC.,3333 HIGHWAY 6 S,HOUSTON,TX,77082,541380,"Professional, Scientific, and Technical Services (Legal, Accounting, IT)",Foreign Corporation (Out-of-State),2002-04-16T00:00:00.000,CMMC 2.0 / Proprietary CAD & IP Protection
"WESTWOOD PROFESSIONAL SERVICES, INC.","WESTWOOD PROFESSIONAL SERVICES, INC.",16770 IMPERIAL VALLEY DR STE 115,HOUSTON,TX,77060,541330,Engineering Services,Texas Corporation,2013-03-22T00:00:00.000,CMMC 2.0 / Proprietary CAD & IP Protection
WILLIAM E MERTEN,WILLIAM E MERTEN,1631 SEAGATE LN,HOUSTON,TX,77062,541370,"Professional, Scientific, and Technical Services (Legal, Accounting, IT)",Type IS,2022-11-29T00:00:00.000,CMMC 2.0 / Proprietary CAD & IP Protection
"WILSON & COMPANY, INC., ENGINEERS & ARCHITECTS","WILSON & COMPANY, INC., ENGINEERS & ARCHITECTS",13105 NORTHWEST FWY STE 825,HOUSTON,TX,77040,541330,Engineering Services,Foreign Corporation (Out-of-State),2022-01-21T00:00:00.000,CMMC 2.0 / Proprietary CAD & IP Protection
WILSON RADIOGRAPHIC CENTERS OF HOUSTON,"WILSON RADIOGRAPHIC CENTERS OF HOUSTON, INC.",8313 SOUTHWEST FWY STE 230,HOUSTON,TX,77074,541380,"Professional, Scientific, and Technical Services (Legal, Accounting, IT)",Type CP,2025-04-24T00:00:00.000,CMMC 2.0 / Proprietary CAD & IP Protection
"WINDROSE SURVEYING & LAND SERVICES, LLC","WINDROSE SURVEYING & LAND SERVICES, LLC",11111 RICHMOND AVE STE 150,HOUSTON,TX,77082,541370,"Professional, Scientific, and Technical Services (Legal, Accounting, IT)",Limited Liability Company (LLC),2020-07-09T00:00:00.000,CMMC 2.0 / Proprietary CAD & IP Protection
"WINDYROC STUDIOS, LLC","WINDYROC STUDIOS, LLC",419 ISOLDE DR,HOUSTON,TX,77024,541310,"Professional, Scientific, and Technical Services (Legal, Accounting, IT)",Limited Liability Company (LLC),2016-07-08T00:00:00.000,CMMC 2.0 / Proprietary CAD & IP Protection
"WISS, JANNEY, ELSTNER ASSOCIATES, INC.","WISS, JANNEY, ELSTNER ASSOCIATES, INC.",10235 W LITTLE YORK RD STE 245,HOUSTON,TX,77040,541330,Engineering Services,Foreign Corporation (Out-of-State),2002-10-22T00:00:00.000,CMMC 2.0 / Proprietary CAD & IP Protection
"WOOD GROUP USA, INC.","WOOD GROUP USA, INC.",17325 PARK ROW,HOUSTON,TX,77084,541330,Engineering Services,Texas Corporation,2017-10-18T00:00:00.000,CMMC 2.0 / Proprietary CAD & IP Protection
WORLEY GROUP INC.,WORLEY GROUP INC.,5995 ROGERDALE RD,HOUSTON,TX,77072,541330,Engineering Services,Foreign Corporation (Out-of-State),2025-03-03T00:00:00.000,CMMC 2.0 / Proprietary CAD & IP Protection
WSP USA INC.,WSP USA INC.,16200 PARK ROW,HOUSTON,TX,77084,541330,Engineering Services,Foreign Corporation (Out-of-State),2017-06-06T00:00:00.000,CMMC 2.0 / Proprietary CAD & IP Protection
WYLE INTEGRATED SCIENCES & ENGINEERING GRP,"KBR WYLE SERVICES, LLC",1290 HERCULES AVE STE 120,HOUSTON,TX,77058,541380,"Professional, Scientific, and Technical Services (Legal, Accounting, IT)",Corporation / Corporate Entity,1998-04-27T00:00:00.000,CMMC 2.0 / Proprietary CAD & IP Protection
YELLOW ROSE LANDSCAPE,CHARLIE TORRES,15023 MAIN ST STE 102,HOUSTON,TX,77035,541320,"Professional, Scientific, and Technical Services (Legal, Accounting, IT)",Type IS,2021-03-04T00:00:00.000,CMMC 2.0 / Proprietary CAD & IP Protection
YLS INCORPORATED,YLS INCORPORATED,1111 NORTH LOOP W STE 805,HOUSTON,TX,77008,541310,"Professional, Scientific, and Technical Services (Legal, Accounting, IT)",Texas Corporation,2010-01-12T00:00:00.000,CMMC 2.0 / Proprietary CAD & IP Protection
ZACHRY ENGINEERING CORPORATION,ZACHRY ENGINEERING CORPORATION,3100 WILCREST DR STE 240,HOUSTON,TX,77042,541330,Engineering Services,Foreign Corporation (Out-of-State),2010-11-30T00:00:00.000,CMMC 2.0 / Proprietary CAD & IP Protection
ZACHRY ENGINEERING CORPORATION,ZACHRY ENGINEERING CORPORATION,10255 RICHMOND AVE STE 200,HOUSTON,TX,77042,541330,Engineering Services,Foreign Corporation (Out-of-State),2014-06-13T00:00:00.000,CMMC 2.0 / Proprietary CAD & IP Protection
ZACHRY ENGINEERING CORPORATION,ZACHRY ENGINEERING CORPORATION,3600 W SAM HOUSTON PKWY S STE 200,HOUSTON,TX,77042,541330,Engineering Services,Foreign Corporation (Out-of-State),2016-05-16T00:00:00.000,CMMC 2.0 / Proprietary CAD & IP Protection
