Business / DBA Name,Legal Entity Name,Street Address,City,State,ZIP Code,NAICS Code,Industry Category,Entity Type,Permit Issue Date,MSSP Regulatory Sales Hook
'EXNAX RADIOLOGY OF TEXAS,"RADIOLOGY PARTNERS OF TEXAS, INC.",1111 NORTH LOOP W,HOUSTON,TX,77008,621111,Offices of Physicians (except Mental Health Specialists),Type CN,2022-10-06T00:00:00.000,HIPAA / HITECH Patient Data Protection & Ransomware Defense
01/27/2023,LIVE HYDRATION HOUSTON LLC,2800 KIRBY DR,HOUSTON,TX,77098,621498,"Health Care and Social Assistance (Hospitals, Clinics, Doctors)",Limited Liability Company (LLC),2024-04-23T00:00:00.000,HIPAA / HITECH Patient Data Protection & Ransomware Defense
290 CROSSING DENTAL AND ORTHODONTICS,290 CROSSING DENTAL AND ORTHODONTICS PLLC,7844 W TIDWELL RD STE 130,HOUSTON,TX,77040,621210,Offices of Dentists,Limited Liability Company (LLC),2024-07-04T00:00:00.000,HIPAA / HITECH Patient Data Protection & Ransomware Defense
4EVER YOUNG,"BALLENTINE MEDICAL CONSULTANTS, PLLC",1695 S VOSS RD,HOUSTON,TX,77057,621111,Offices of Physicians (except Mental Health Specialists),Limited Liability Company (LLC),2023-01-12T00:00:00.000,HIPAA / HITECH Patient Data Protection & Ransomware Defense
4EVER YOUNG. VINTAGE,NAFA PAIN & ANESTHESIA ASSOCIATES INC.,10850 LOUETTA RD STE 1000,HOUSTON,TX,77070,621999,"Health Care and Social Assistance (Hospitals, Clinics, Doctors)",Texas Corporation,2025-04-23T00:00:00.000,HIPAA / HITECH Patient Data Protection & Ransomware Defense
7TH ELEMENT MANAGEMENT LLC,7TH ELEMENT MANAGEMENT LLC,4203 MONTROSE BLVD STE 400,HOUSTON,TX,77006,621999,"Health Care and Social Assistance (Hospitals, Clinics, Doctors)",Limited Liability Company (LLC),2026-06-23T00:00:00.000,HIPAA / HITECH Patient Data Protection & Ransomware Defense
987 MEDICAL L.L.C.,987 MEDICAL L.L.C.,3622 UNIVERSITY BLVD,HOUSTON,TX,77005,621111,Offices of Physicians (except Mental Health Specialists),Limited Liability Company (LLC),2026-04-27T00:00:00.000,HIPAA / HITECH Patient Data Protection & Ransomware Defense
"A & S REFINED CO., LLC","A & S REFINED CO., LLC",1976 W DALLAS ST,HOUSTON,TX,77019,621111,Offices of Physicians (except Mental Health Specialists),Limited Liability Company (LLC),2026-07-22T00:00:00.000,HIPAA / HITECH Patient Data Protection & Ransomware Defense
A BIG ACT ABA THERAPY LLC,A BIG ACT ABA THERAPY LLC,11739 BERKWAY TRL,HOUSTON,TX,77065,621330,"Health Care and Social Assistance (Hospitals, Clinics, Doctors)",Limited Liability Company (LLC),2024-10-23T00:00:00.000,HIPAA / HITECH Patient Data Protection & Ransomware Defense
"A. NANJI (U.S.A.), INC.","A. NANJI (U.S.A.), INC.",137 SHARPSTOWN CTR,HOUSTON,TX,77036,621320,"Health Care and Social Assistance (Hospitals, Clinics, Doctors)",Texas Corporation,2001-10-12T00:00:00.000,HIPAA / HITECH Patient Data Protection & Ransomware Defense
AA1-HOME & COMMUNITY BASE SERVICES LLC,AA1-HOME & COMMUNITY BASE SERVICES LLC,16526 PARK ROW,HOUSTON,TX,77084,621610,"Health Care and Social Assistance (Hospitals, Clinics, Doctors)",Limited Liability Company (LLC),2026-04-29T00:00:00.000,HIPAA / HITECH Patient Data Protection & Ransomware Defense
ABOVE AND BEYOND THERAPY,HYOJIN KIM,10318 LAKE RD STE 102B,HOUSTON,TX,77070,621330,"Health Care and Social Assistance (Hospitals, Clinics, Doctors)",Type IS,2025-01-21T00:00:00.000,HIPAA / HITECH Patient Data Protection & Ransomware Defense
ABSOLUTE GLAMOUR AND MASSAGE,DIANA HARRIS,16811 DOVERWOOD WAY,HOUSTON,TX,77058,621399,"Health Care and Social Assistance (Hospitals, Clinics, Doctors)",Type IS,2012-11-02T00:00:00.000,HIPAA / HITECH Patient Data Protection & Ransomware Defense
ACPS THE SURGICENTRE,ACPS THE SURGICENTRE LLC,4400 POST OAK PKWY STE 300,HOUSTON,TX,77027,621498,"Health Care and Social Assistance (Hospitals, Clinics, Doctors)",Corporation / Corporate Entity,2026-02-19T00:00:00.000,HIPAA / HITECH Patient Data Protection & Ransomware Defense
ACPS THE SURGICENTRE,ACPS THE SURGICENTRE LLC,12727 KIMBERLEY LN STE 100A,HOUSTON,TX,77024,621498,"Health Care and Social Assistance (Hospitals, Clinics, Doctors)",Corporation / Corporate Entity,2026-02-19T00:00:00.000,HIPAA / HITECH Patient Data Protection & Ransomware Defense
ACUSHEN CLINIC,ANZOLA WELLNESS PLLC,3007 WHITE OAK DR,HOUSTON,TX,77007,621310,"Health Care and Social Assistance (Hospitals, Clinics, Doctors)",Limited Liability Company (LLC),2021-11-16T00:00:00.000,HIPAA / HITECH Patient Data Protection & Ransomware Defense
"ADARA MEDICAL SPA, PLLC","ADARA MEDICAL SPA, PLLC",1401 BINZ ST STE 250,HOUSTON,TX,77004,621399,"Health Care and Social Assistance (Hospitals, Clinics, Doctors)",Limited Liability Company (LLC),2014-06-26T00:00:00.000,HIPAA / HITECH Patient Data Protection & Ransomware Defense
ADVANCED RESEARCH AND DIAGNOSTICS PLLC,ADVANCED RESEARCH AND DIAGNOSTICS PLLC,1415 BRIAR BAYOU DR,HOUSTON,TX,77077,621111,Offices of Physicians (except Mental Health Specialists),Limited Liability Company (LLC),2022-02-19T00:00:00.000,HIPAA / HITECH Patient Data Protection & Ransomware Defense
"ADVANCING HEALTH MEDICAL PARTNERS, LLC","ADVANCING HEALTH MEDICAL PARTNERS, LLC",3359 CHARLESTON ST,HOUSTON,TX,77021,621111,Offices of Physicians (except Mental Health Specialists),Limited Liability Company (LLC),2022-08-17T00:00:00.000,HIPAA / HITECH Patient Data Protection & Ransomware Defense
"AEG TEXAS PROFESSIONAL, PLLC","AEG TEXAS PROFESSIONAL, PLLC",17395 STATE HIGHWAY 249 STE 3I,HOUSTON,TX,77064,621320,"Health Care and Social Assistance (Hospitals, Clinics, Doctors)",Limited Liability Company (LLC),2023-01-03T00:00:00.000,HIPAA / HITECH Patient Data Protection & Ransomware Defense
AEG TEXAS PROFESSIONAL-TODAY'S VISION -FLANDERS,"AEG TEXAS PROFESSIONAL, PLLC",2366 RICE BLVD STE A,HOUSTON,TX,77005,621320,"Health Care and Social Assistance (Hospitals, Clinics, Doctors)",Limited Liability Company (LLC),2019-10-29T00:00:00.000,HIPAA / HITECH Patient Data Protection & Ransomware Defense
AENOR AESTHETICS MEDICAL SPA,"AENOR AESTHETICS MEDICAL SPA, LLC",14405 WALTERS RD STE 830,HOUSTON,TX,77014,621111,Offices of Physicians (except Mental Health Specialists),Limited Liability Company (LLC),2024-10-01T00:00:00.000,HIPAA / HITECH Patient Data Protection & Ransomware Defense
AESTHETIC ATELIER MEDICAL AESTHETICS,"SULIBURK, PLLC",1717 W 34TH ST STE 1600,HOUSTON,TX,77018,621999,"Health Care and Social Assistance (Hospitals, Clinics, Doctors)",Limited Liability Company (LLC),2024-06-07T00:00:00.000,HIPAA / HITECH Patient Data Protection & Ransomware Defense
AESTHETIC ATELLIER,"SULIBURK, PLLC",2015 W 34TH ST,HOUSTON,TX,77018,621999,"Health Care and Social Assistance (Hospitals, Clinics, Doctors)",Limited Liability Company (LLC),2023-09-27T00:00:00.000,HIPAA / HITECH Patient Data Protection & Ransomware Defense
"AESTHETIC REJUVENATION CENTER, PLLC","AESTHETIC REJUVENATION CENTER, PLLC",4801 WOODWAY DR STE 150W,HOUSTON,TX,77056,621399,"Health Care and Social Assistance (Hospitals, Clinics, Doctors)",Limited Liability Company (LLC),2026-06-18T00:00:00.000,HIPAA / HITECH Patient Data Protection & Ransomware Defense
"AESTHETICS ANYTIME, PLLC","AESTHETICS ANYTIME, PLLC",3901 BELLAIRE BLVD # C,HOUSTON,TX,77025,621399,"Health Care and Social Assistance (Hospitals, Clinics, Doctors)",Limited Liability Company (LLC),2024-12-02T00:00:00.000,HIPAA / HITECH Patient Data Protection & Ransomware Defense
"AFFORDABLE DENTURES & IMPLANTS - TEXAS XI, PLLC","AFFORDABLE DENTURES & IMPLANTS - TEXAS XI, PLLC",5805 E SAM HOUSTON PKWY N STE F,HOUSTON,TX,77049,621210,Offices of Dentists,Limited Liability Company (LLC),2025-03-04T00:00:00.000,HIPAA / HITECH Patient Data Protection & Ransomware Defense
"AFFORDABLE DENTURES & IMPLANTS - TEXAS, PLLC","AFFORDABLE DENTURES & IMPLANTS - TEXAS, PLLC",947 GESSNER RD STE A230,HOUSTON,TX,77024,621210,Offices of Dentists,Limited Liability Company (LLC),2024-02-29T00:00:00.000,HIPAA / HITECH Patient Data Protection & Ransomware Defense
"AFFORDABLE DENTURES & IMPLANTS - TEXAS, PLLC","AFFORDABLE DENTURES & IMPLANTS - TEXAS, PLLC",902 FROSTWOOD DR,HOUSTON,TX,77024,621210,Offices of Dentists,Limited Liability Company (LLC),2024-03-01T00:00:00.000,HIPAA / HITECH Patient Data Protection & Ransomware Defense
AGELESS MEN'S HEALTH,"AGELESS MEN'S HEALTH HOLDINGS, INC.",9652 KATY FWY,HOUSTON,TX,77055,621111,Offices of Physicians (except Mental Health Specialists),Foreign Corporation (Out-of-State),2019-08-02T00:00:00.000,HIPAA / HITECH Patient Data Protection & Ransomware Defense
AGILITY PHYSICAL THERAPY AND SPORTS REHABILITATION,AGILITY PHYSICAL THERAPY AND SPORTS REHABILITATION,11450 SPACE CENTER BLVD,HOUSTON,TX,77059,621340,"Health Care and Social Assistance (Hospitals, Clinics, Doctors)",Limited Liability Company (LLC),2016-07-09T00:00:00.000,HIPAA / HITECH Patient Data Protection & Ransomware Defense
AH PHARMACY HOUSTON BINZ,AIDS HEALTHCARE FOUNDATION,1200 BINZ ST STE 1040,HOUSTON,TX,77004,621111,Offices of Physicians (except Mental Health Specialists),Type CM,2019-11-19T00:00:00.000,HIPAA / HITECH Patient Data Protection & Ransomware Defense
AHM HOUSTON PLLC,AHM HOUSTON PLLC,1400 POST OAK BLVD STE 550,HOUSTON,TX,77056,621111,Offices of Physicians (except Mental Health Specialists),Limited Liability Company (LLC),2023-12-19T00:00:00.000,HIPAA / HITECH Patient Data Protection & Ransomware Defense
AIR CARE 3,"REACH AIR MEDICAL SERVICES, LLC",7550 FANNIN ST STE 121,HOUSTON,TX,77054,621910,"Health Care and Social Assistance (Hospitals, Clinics, Doctors)",Corporation / Corporate Entity,2012-01-20T00:00:00.000,HIPAA / HITECH Patient Data Protection & Ransomware Defense
ALABAMA AESTHETIC,ALABAMA COSMETICS LLC,3701 W ALABAMA ST STE 388,HOUSTON,TX,77027,621111,Offices of Physicians (except Mental Health Specialists),Limited Liability Company (LLC),2026-07-09T00:00:00.000,HIPAA / HITECH Patient Data Protection & Ransomware Defense
ALDINE CHILD NUTRITION SERVICES ASSOCIATION,ALDINE SCHOOL FOOD SERVICE ASSOCIATION,2112 ALDINE MEADOWS RD,HOUSTON,TX,77032,621399,"Health Care and Social Assistance (Hospitals, Clinics, Doctors)",Type AR,1988-02-09T00:00:00.000,HIPAA / HITECH Patient Data Protection & Ransomware Defense
ALL AESTHETICS LLC,ALL AESTHETICS LLC,717 WOODLAND ST,HOUSTON,TX,77009,621999,"Health Care and Social Assistance (Hospitals, Clinics, Doctors)",Limited Liability Company (LLC),2022-09-22T00:00:00.000,HIPAA / HITECH Patient Data Protection & Ransomware Defense
ALLIANCE HOSPITAL GROUP LLC,ALLIANCE HOSPITAL GROUP LLC,17506 RED OAK DR STE 200,HOUSTON,TX,77090,621112,"Health Care and Social Assistance (Hospitals, Clinics, Doctors)",Limited Liability Company (LLC),2024-09-30T00:00:00.000,HIPAA / HITECH Patient Data Protection & Ransomware Defense
"ALLISON AUDIOLOGY & HEARING AID CENTER, P.C.","ALLISON AUDIOLOGY & HEARING AID CENTER, P.C.",12900 QUEENSBURY LN STE 100,HOUSTON,TX,77079,621340,"Health Care and Social Assistance (Hospitals, Clinics, Doctors)",Type CP,2026-03-05T00:00:00.000,HIPAA / HITECH Patient Data Protection & Ransomware Defense
ALLUSTRA DERMATOLOGY,"ALLUSTRA DERMATOLOGY, PLLC",1740 W 27TH ST STE 315,HOUSTON,TX,77008,621111,Offices of Physicians (except Mental Health Specialists),Limited Liability Company (LLC),2026-02-07T00:00:00.000,HIPAA / HITECH Patient Data Protection & Ransomware Defense
ALLUSTRA DERMATOLOGY,"ALLUSTRA DERMATOLOGY, PLLC",902 FROSTWOOD DR STE 153,HOUSTON,TX,77024,621111,Offices of Physicians (except Mental Health Specialists),Limited Liability Company (LLC),2026-02-07T00:00:00.000,HIPAA / HITECH Patient Data Protection & Ransomware Defense
ALMEDA VISION,ANH TRAN,10100 KLECKLEY DR # 15-B,HOUSTON,TX,77075,621320,"Health Care and Social Assistance (Hospitals, Clinics, Doctors)",Type IS,2008-11-13T00:00:00.000,HIPAA / HITECH Patient Data Protection & Ransomware Defense
"AMANDA HASSLER, PLLC","AMANDA HASSLER, PLLC",204 W 19TH ST STE 200,HOUSTON,TX,77008,621111,Offices of Physicians (except Mental Health Specialists),Limited Liability Company (LLC),2019-04-30T00:00:00.000,HIPAA / HITECH Patient Data Protection & Ransomware Defense
AMBER JAR PHARMACY,"AMBER JAR PHARMACY, LLC",6160 RICHMOND AVE,HOUSTON,TX,77057,621999,"Health Care and Social Assistance (Hospitals, Clinics, Doctors)",Limited Liability Company (LLC),2025-09-17T00:00:00.000,HIPAA / HITECH Patient Data Protection & Ransomware Defense
"AMERICAN ANESTHESIOLOGY OF TEXAS, INC.","AMERICAN ANESTHESIOLOGY OF TEXAS, INC.",7700 FANNIN ST,HOUSTON,TX,77054,621111,Offices of Physicians (except Mental Health Specialists),Type CN,2013-07-23T00:00:00.000,HIPAA / HITECH Patient Data Protection & Ransomware Defense
"AMERICAN ANESTHESIOLOGY OF TEXAS, INC.","AMERICAN ANESTHESIOLOGY OF TEXAS, INC.",7600 FANNIN ST,HOUSTON,TX,77054,621111,Offices of Physicians (except Mental Health Specialists),Type CN,2013-09-11T00:00:00.000,HIPAA / HITECH Patient Data Protection & Ransomware Defense
"AMERICAN HOMEPATIENT, INC.","AMERICAN HOMEPATIENT, INC.",10616 ROCKLEY RD,HOUSTON,TX,77099,621610,"Health Care and Social Assistance (Hospitals, Clinics, Doctors)",Foreign Corporation (Out-of-State),2024-12-11T00:00:00.000,HIPAA / HITECH Patient Data Protection & Ransomware Defense
ANDERSON DENTAL,"LALJI DENTAL, P.C.",6911 HIGHWAY 6 S,HOUSTON,TX,77083,621210,Offices of Dentists,Type CP,2018-01-24T00:00:00.000,HIPAA / HITECH Patient Data Protection & Ransomware Defense
"ANDREW M. QUINN III, M.D., PLLC","ANDREW M. QUINN III, M.D., PLLC",4110 BELLAIRE BLVD STE 202,HOUSTON,TX,77025,621111,Offices of Physicians (except Mental Health Specialists),Limited Liability Company (LLC),2023-03-03T00:00:00.000,HIPAA / HITECH Patient Data Protection & Ransomware Defense
"ANDREW T. LYOS, M.D., P.A.","ANDREW T. LYOS, M.D., P.A.",6560 FANNIN ST STE 1530,HOUSTON,TX,77030,621111,Offices of Physicians (except Mental Health Specialists),Type AP,2018-01-23T00:00:00.000,HIPAA / HITECH Patient Data Protection & Ransomware Defense
"ANDY BONNIN, DDS, PLLC","ANDY BONNIN, DDS, PLLC",902 FROSTWOOD DR STE 105,HOUSTON,TX,77024,621210,Offices of Dentists,Limited Liability Company (LLC),2026-06-25T00:00:00.000,HIPAA / HITECH Patient Data Protection & Ransomware Defense
ANGEL CHIROPRACTIC,JLADC PLLC,8215 LONG POINT RD STE 6,HOUSTON,TX,77055,621310,"Health Care and Social Assistance (Hospitals, Clinics, Doctors)",Limited Liability Company (LLC),2026-05-05T00:00:00.000,HIPAA / HITECH Patient Data Protection & Ransomware Defense
APNIX,"SLEEP ENTERPRISES, L.L.C.",4003 BELLAIRE BLVD STE F,HOUSTON,TX,77025,621498,"Health Care and Social Assistance (Hospitals, Clinics, Doctors)",Limited Liability Company (LLC),2026-07-09T00:00:00.000,HIPAA / HITECH Patient Data Protection & Ransomware Defense
"APPLE DENTISTS, PLLC","APPLE DENTISTS, PLLC",11900 BELLAIRE BLVD,HOUSTON,TX,77072,621210,Offices of Dentists,Limited Liability Company (LLC),2016-03-18T00:00:00.000,HIPAA / HITECH Patient Data Protection & Ransomware Defense
"APPLIED HEALTH CARE NURSING DIVISION, INC.","APPLIED HEALTH CARE NURSING DIVISION, INC.",13100 NORTHWEST FWY STE 400,HOUSTON,TX,77040,621610,"Health Care and Social Assistance (Hospitals, Clinics, Doctors)",Texas Corporation,2024-02-22T00:00:00.000,HIPAA / HITECH Patient Data Protection & Ransomware Defense
APRIA HEALTHCARE LLC,APRIA HEALTHCARE LLC,255 PENNBRIGHT DR STE 240,HOUSTON,TX,77090,621610,"Health Care and Social Assistance (Hospitals, Clinics, Doctors)",Corporation / Corporate Entity,2021-03-01T00:00:00.000,HIPAA / HITECH Patient Data Protection & Ransomware Defense
APRIA HEALTHCARE LLC,APRIA HEALTHCARE LLC,9400 KIRBY DR,HOUSTON,TX,77054,621610,"Health Care and Social Assistance (Hospitals, Clinics, Doctors)",Corporation / Corporate Entity,2009-01-12T00:00:00.000,HIPAA / HITECH Patient Data Protection & Ransomware Defense
ARIYA ENTERPRISES INC.,ARIYA ENTERPRISES INC.,12015 PERRY RD STE A,HOUSTON,TX,77070,621399,"Health Care and Social Assistance (Hospitals, Clinics, Doctors)",Texas Corporation,2012-04-17T00:00:00.000,HIPAA / HITECH Patient Data Protection & Ransomware Defense
ARROYO PLASTIC SURGERY,ARROYO PLASTIC SURGERY PLLC,204 W 19TH ST STE 200,HOUSTON,TX,77008,621111,Offices of Physicians (except Mental Health Specialists),Limited Liability Company (LLC),2021-03-04T00:00:00.000,HIPAA / HITECH Patient Data Protection & Ransomware Defense
ARTAVI MED SPA,"ARTAVI MED SPA, LLC",714 YALE ST STE 2K,HOUSTON,TX,77007,621111,Offices of Physicians (except Mental Health Specialists),Limited Liability Company (LLC),2026-07-07T00:00:00.000,HIPAA / HITECH Patient Data Protection & Ransomware Defense
ASHLEY STEINBERG PLASTIC SURGERY PLLC,ASHLEY STEINBERG PLASTIC SURGERY PLLC,3555 TIMMONS LN,HOUSTON,TX,77027,621111,Offices of Physicians (except Mental Health Specialists),Limited Liability Company (LLC),2026-07-27T00:00:00.000,HIPAA / HITECH Patient Data Protection & Ransomware Defense
"ASPEN DENTAL MANAGEMENT, INC.","ASPEN DENTAL MANAGEMENT, INC.",4530 DACOMA ST STE 500,HOUSTON,TX,77092,621210,Offices of Dentists,Foreign Corporation (Out-of-State),2022-05-24T00:00:00.000,HIPAA / HITECH Patient Data Protection & Ransomware Defense
ASPIRE DERMATOLOGY,"DERMATOLOGY MANAGEMENT SERVICES, PLLC",9225 KATY FWY STE 404,HOUSTON,TX,77024,621111,Offices of Physicians (except Mental Health Specialists),Limited Liability Company (LLC),2020-07-03T00:00:00.000,HIPAA / HITECH Patient Data Protection & Ransomware Defense
ASSURE CLINICAL TESTING INC,ASSURE CLINICAL TESTING INC,800 WILCREST DR STE 202,HOUSTON,TX,77042,621511,"Health Care and Social Assistance (Hospitals, Clinics, Doctors)",Texas Corporation,2026-02-06T00:00:00.000,HIPAA / HITECH Patient Data Protection & Ransomware Defense
AUDS AND ENDS CLINICAL SERVICES AND CONSULTATION,AUDS AND ENDS CLINICAL SERVICES AND CONSULTATION L,2322 DUNLAVY ST APT 4,HOUSTON,TX,77006,621330,"Health Care and Social Assistance (Hospitals, Clinics, Doctors)",Limited Liability Company (LLC),2026-03-28T00:00:00.000,HIPAA / HITECH Patient Data Protection & Ransomware Defense
AVANTE LASER & MEDISPA LLC,AVANTE LASER & MEDISPA LLC,3651 WESLAYAN ST STE 200,HOUSTON,TX,77027,621493,"Health Care and Social Assistance (Hospitals, Clinics, Doctors)",Limited Liability Company (LLC),2012-05-21T00:00:00.000,HIPAA / HITECH Patient Data Protection & Ransomware Defense
"AZITA MADJIDI, M.D., M.S., P.A.","AZITA MADJIDI, M.D., M.S., P.A.",6624 FANNIN ST STE 2280,HOUSTON,TX,77030,621111,Offices of Physicians (except Mental Health Specialists),Type AP,2019-08-31T00:00:00.000,HIPAA / HITECH Patient Data Protection & Ransomware Defense
AZZUR COUNSELING INC,AZZUR COUNSELING INC,440 LOUISIANA ST STE 900,HOUSTON,TX,77002,621330,"Health Care and Social Assistance (Hospitals, Clinics, Doctors)",Texas Corporation,2023-12-20T00:00:00.000,HIPAA / HITECH Patient Data Protection & Ransomware Defense
BABY BLISS ULTRASOUND,CHRISABEL ROCHA,3402 MCGOWEN ST,HOUSTON,TX,77004,621999,"Health Care and Social Assistance (Hospitals, Clinics, Doctors)",Type IS,2025-08-21T00:00:00.000,HIPAA / HITECH Patient Data Protection & Ransomware Defense
BABY BLISS ULTRASOUND LLC,BABY BLISS ULTRASOUND LLC,3402 MCGOWEN ST,HOUSTON,TX,77004,621512,"Health Care and Social Assistance (Hospitals, Clinics, Doctors)",Limited Liability Company (LLC),2026-09-03T00:00:00.000,HIPAA / HITECH Patient Data Protection & Ransomware Defense
BABY'S FIRST SMILE STUDIO LLC,BABY'S FIRST SMILE STUDIO LLC,16350 PARK TEN PL,HOUSTON,TX,77084,621512,"Health Care and Social Assistance (Hospitals, Clinics, Doctors)",Limited Liability Company (LLC),2025-12-12T00:00:00.000,HIPAA / HITECH Patient Data Protection & Ransomware Defense
BAIJES BISONNET PHARMACY,BAIJES BISONNET PHARMACY INC.,9801 BISSONNET ST STE F,HOUSTON,TX,77036,621498,"Health Care and Social Assistance (Hospitals, Clinics, Doctors)",Texas Corporation,2014-03-26T00:00:00.000,HIPAA / HITECH Patient Data Protection & Ransomware Defense
"BAKER O & P ENTERPRISES, INC.","BAKER O & P ENTERPRISES, INC.",3100 TIMMONS LN STE 101,HOUSTON,TX,77027,621399,"Health Care and Social Assistance (Hospitals, Clinics, Doctors)",Texas Corporation,2021-01-07T00:00:00.000,HIPAA / HITECH Patient Data Protection & Ransomware Defense
"BAKER O & P ENTERPRISES, INC.","BAKER O & P ENTERPRISES, INC.",1015 SWANSON ST,HOUSTON,TX,77030,621399,"Health Care and Social Assistance (Hospitals, Clinics, Doctors)",Texas Corporation,2021-10-08T00:00:00.000,HIPAA / HITECH Patient Data Protection & Ransomware Defense
"BAYLOR MIRACA GENETICS LABORATORIES, LLC","BAYLOR MIRACA GENETICS LABORATORIES, LLC",2450 HOLCOMBE BLVD STE 100,HOUSTON,TX,77021,621511,"Health Care and Social Assistance (Hospitals, Clinics, Doctors)",Limited Liability Company (LLC),2015-09-16T00:00:00.000,HIPAA / HITECH Patient Data Protection & Ransomware Defense
BAYOU CITY DIALYSIS,TOTAL RENAL CARE TEXAS LIMITED PARTNERSHIP,10655 EASTEX FWY,HOUSTON,TX,77093,621492,"Health Care and Social Assistance (Hospitals, Clinics, Doctors)",Type PF,2026-01-29T00:00:00.000,HIPAA / HITECH Patient Data Protection & Ransomware Defense
"BDX SOLUTIONS, INC.","BDX SOLUTIONS, INC.",20465 STATE HIGHWAY 249 STE 400,HOUSTON,TX,77070,621511,"Health Care and Social Assistance (Hospitals, Clinics, Doctors)",Foreign Corporation (Out-of-State),2026-09-14T00:00:00.000,HIPAA / HITECH Patient Data Protection & Ransomware Defense
BE HEALTHY NATURAL LLC,BE HEALTHY NATURAL LLC,11211 KATY FWY STE 290,HOUSTON,TX,77079,621399,"Health Care and Social Assistance (Hospitals, Clinics, Doctors)",Limited Liability Company (LLC),2021-08-13T00:00:00.000,HIPAA / HITECH Patient Data Protection & Ransomware Defense
BEAR CREEK DIALYSIS - TX,"RENAL TREATMENT CENTERS - SOUTHEAST, LP",4978 HIGHWAY 6 N STE 1,HOUSTON,TX,77084,621492,"Health Care and Social Assistance (Hospitals, Clinics, Doctors)",Type PF,2026-04-14T00:00:00.000,HIPAA / HITECH Patient Data Protection & Ransomware Defense
BELLEVUE HOSPICE CARE INC,BELLEVUE HOSPICE CARE INC,7322 SOUTHWEST FWY STE 1-063J,HOUSTON,TX,77074,621610,"Health Care and Social Assistance (Hospitals, Clinics, Doctors)",Type CP,2023-06-02T00:00:00.000,HIPAA / HITECH Patient Data Protection & Ransomware Defense
BERKELEY EYE CENTER,"BERKELEY EYE INSTITUTE, PLLC",3100 WESLAYAN ST STE 400,HOUSTON,TX,77027,621320,"Health Care and Social Assistance (Hospitals, Clinics, Doctors)",Limited Liability Company (LLC),2003-12-13T00:00:00.000,HIPAA / HITECH Patient Data Protection & Ransomware Defense
BERKELEY EYE CENTER - CHAMPIONS,"BERKELEY EYE INSTITUTE, PLLC",5419 FM 1960 RD W # SETC,HOUSTON,TX,77069,621320,"Health Care and Social Assistance (Hospitals, Clinics, Doctors)",Limited Liability Company (LLC),2012-07-20T00:00:00.000,HIPAA / HITECH Patient Data Protection & Ransomware Defense
BERKELEY EYE CENTER - HARRISBURG,"BERKELEY EYE INSTITUTE, PLLC",7438 HARRISBURG BLVD,HOUSTON,TX,77011,621320,"Health Care and Social Assistance (Hospitals, Clinics, Doctors)",Limited Liability Company (LLC),2021-03-12T00:00:00.000,HIPAA / HITECH Patient Data Protection & Ransomware Defense
BERKELEY EYE CENTER - I10 EAST,"BERKELEY EYE INSTITUTE, PLLC",11110 EAST FWY STE 100C,HOUSTON,TX,77029,621320,"Health Care and Social Assistance (Hospitals, Clinics, Doctors)",Limited Liability Company (LLC),2017-12-21T00:00:00.000,HIPAA / HITECH Patient Data Protection & Ransomware Defense
BERKELEY EYE CENTER - MEMORIAL,"BERKELEY EYE INSTITUTE, PLLC",8731 KATY FWY STE 300,HOUSTON,TX,77024,621320,"Health Care and Social Assistance (Hospitals, Clinics, Doctors)",Limited Liability Company (LLC),2023-10-06T00:00:00.000,HIPAA / HITECH Patient Data Protection & Ransomware Defense
BERKELEY EYE CENTER - THE SHOPS,"BERKELEY EYE INSTITUTE, PLLC",1200 MCKINNEY ST STE 411,HOUSTON,TX,77010,621320,"Health Care and Social Assistance (Hospitals, Clinics, Doctors)",Limited Liability Company (LLC),2012-07-20T00:00:00.000,HIPAA / HITECH Patient Data Protection & Ransomware Defense
BERKELEY EYE CENTER - YANKELOVE,"BERKELEY EYE INSTITUTE, PLLC",8800 KATY FWY,HOUSTON,TX,77024,621320,"Health Care and Social Assistance (Hospitals, Clinics, Doctors)",Limited Liability Company (LLC),2013-01-14T00:00:00.000,HIPAA / HITECH Patient Data Protection & Ransomware Defense
BERKELEY EYE CENTER I-10 EAST,"BERKELEY EYE INSTITUTE, PLLC",12140 EAST FWY,HOUSTON,TX,77029,621320,"Health Care and Social Assistance (Hospitals, Clinics, Doctors)",Limited Liability Company (LLC),2022-05-27T00:00:00.000,HIPAA / HITECH Patient Data Protection & Ransomware Defense
BERKELEY EYE CENTER MEMORIAL,"BERKELEY EYE INSTITUTE, PLLC",902 FROSTWOOD DR STE 256,HOUSTON,TX,77024,621320,"Health Care and Social Assistance (Hospitals, Clinics, Doctors)",Limited Liability Company (LLC),2009-05-26T00:00:00.000,HIPAA / HITECH Patient Data Protection & Ransomware Defense
BERKELEY EYE LASIK CENTER,"BERKELEY EYE INSTITUTE, PLLC",3100 WESLAYAN ST,HOUSTON,TX,77027,621320,"Health Care and Social Assistance (Hospitals, Clinics, Doctors)",Limited Liability Company (LLC),2009-05-26T00:00:00.000,HIPAA / HITECH Patient Data Protection & Ransomware Defense
"BERNARDINO AROCHA, M.D., P.A.","BERNARDINO AROCHA, M.D., P.A.",3005 HULDY ST,HOUSTON,TX,77098,621111,Offices of Physicians (except Mental Health Specialists),Type AP,2013-10-04T00:00:00.000,HIPAA / HITECH Patient Data Protection & Ransomware Defense
BICH NGOC MEDISPA INSTITUTE,"MEDISPA INSTITUTE, L.L.C.",11209 BELLAIRE BLVD STE C-01,HOUSTON,TX,77072,621111,Offices of Physicians (except Mental Health Specialists),Limited Liability Company (LLC),2006-08-22T00:00:00.000,HIPAA / HITECH Patient Data Protection & Ransomware Defense
"BIEL FOOT & ANKLE SPECIALISTS, PLLC","BIEL FOOT & ANKLE SPECIALISTS, PLLC",19002 PARK ROW STE 100,HOUSTON,TX,77084,621391,"Health Care and Social Assistance (Hospitals, Clinics, Doctors)",Limited Liability Company (LLC),2023-12-22T00:00:00.000,HIPAA / HITECH Patient Data Protection & Ransomware Defense
BIG ON WELLNESS,BIG ON WELLNESS LLC,1147 HAMPTON VILLA LN,HOUSTON,TX,77047,621999,"Health Care and Social Assistance (Hospitals, Clinics, Doctors)",Limited Liability Company (LLC),2021-03-06T00:00:00.000,HIPAA / HITECH Patient Data Protection & Ransomware Defense
BIG SPEECH THERAPY LLC,BIG SPEECH THERAPY LLC,2129 ENGELMOHR ST,HOUSTON,TX,77054,621340,"Health Care and Social Assistance (Hospitals, Clinics, Doctors)",Limited Liability Company (LLC),2026-04-02T00:00:00.000,HIPAA / HITECH Patient Data Protection & Ransomware Defense
BINZ DIALYSIS #4453,"RENAL TREATMENT CENTERS - SOUTHEAST, LP",1213 HERMANN DR,HOUSTON,TX,77004,621492,"Health Care and Social Assistance (Hospitals, Clinics, Doctors)",Type PF,2026-04-14T00:00:00.000,HIPAA / HITECH Patient Data Protection & Ransomware Defense
BIOLIFE PLASMA SERVICES - HOUSTON,BIOLIFE PLASMA SERVICES L.P.,13320 RICHMOND AVE,HOUSTON,TX,77082,621991,"Health Care and Social Assistance (Hospitals, Clinics, Doctors)",Type PF,2023-05-23T00:00:00.000,HIPAA / HITECH Patient Data Protection & Ransomware Defense
BIRD'S EYE VIEW OPTOMETRY - TANGLEWOOD,"AEG TEXAS PROFESSIONAL, PLLC",5706 SAN FELIPE ST STE B400,HOUSTON,TX,77057,621320,"Health Care and Social Assistance (Hospitals, Clinics, Doctors)",Limited Liability Company (LLC),2022-08-06T00:00:00.000,HIPAA / HITECH Patient Data Protection & Ransomware Defense
BLOOM CHIROPRACTIC CLINIC LLC,BLOOM CHIROPRACTIC CLINIC LLC,7520 CARVER RD,HOUSTON,TX,77088,621310,"Health Care and Social Assistance (Hospitals, Clinics, Doctors)",Limited Liability Company (LLC),2026-07-15T00:00:00.000,HIPAA / HITECH Patient Data Protection & Ransomware Defense
BLOSSOM HEALTH SERVICES LLC,BLOSSOM HEALTH SERVICES LLC,7324 SOUTHWEST FWY STE 800,HOUSTON,TX,77074,621420,"Health Care and Social Assistance (Hospitals, Clinics, Doctors)",Limited Liability Company (LLC),2023-11-16T00:00:00.000,HIPAA / HITECH Patient Data Protection & Ransomware Defense
"BLUE CHERRY PROJECT, LLC","BLUE CHERRY PROJECT, LLC",14425 TORREY CHASE BLVD STE 120,HOUSTON,TX,77014,621399,"Health Care and Social Assistance (Hospitals, Clinics, Doctors)",Limited Liability Company (LLC),2023-06-20T00:00:00.000,HIPAA / HITECH Patient Data Protection & Ransomware Defense
BLUE FISH PEDIATRICS,"WILLIAM C. PIELOP M.D., P.A.",915 GESSNER RD STE 760,HOUSTON,TX,77024,621112,"Health Care and Social Assistance (Hospitals, Clinics, Doctors)",Type AP,2017-12-22T00:00:00.000,HIPAA / HITECH Patient Data Protection & Ransomware Defense
"BODY ERGONOMICS & LIFESTYLE SYSTEMS, INCORPORATED","BODY ERGONOMICS & LIFESTYLE SYSTEMS, INCORPORATED",1210 W CLAY ST STE 4,HOUSTON,TX,77019,621610,"Health Care and Social Assistance (Hospitals, Clinics, Doctors)",Texas Corporation,2022-05-02T00:00:00.000,HIPAA / HITECH Patient Data Protection & Ransomware Defense
BODY INTEGRATIONS CHIROPRACTIC,WILLIAM FARROW NICOL,7500 SAN FELIPE ST STE 202,HOUSTON,TX,77063,621310,"Health Care and Social Assistance (Hospitals, Clinics, Doctors)",Type IS,2010-11-30T00:00:00.000,HIPAA / HITECH Patient Data Protection & Ransomware Defense
BODYSPEC,"ABSOLUTE HEALTH & PERFORMANCE, INC",2524 RICE BLVD,HOUSTON,TX,77005,621512,"Health Care and Social Assistance (Hospitals, Clinics, Doctors)",Foreign Corporation (Out-of-State),2026-07-18T00:00:00.000,HIPAA / HITECH Patient Data Protection & Ransomware Defense
BOOST IN LIFE GROUP LLC,BOOST IN LIFE GROUP LLC,10540 NORTHWEST FWY STE 10540,HOUSTON,TX,77092,621399,"Health Care and Social Assistance (Hospitals, Clinics, Doctors)",Limited Liability Company (LLC),2023-01-12T00:00:00.000,HIPAA / HITECH Patient Data Protection & Ransomware Defense
"BOWDEN ENT, PLLC","BOWDEN ENT, PLLC",1416 CAMPBELL RD STE 101,HOUSTON,TX,77055,621111,Offices of Physicians (except Mental Health Specialists),Limited Liability Company (LLC),2025-12-06T00:00:00.000,HIPAA / HITECH Patient Data Protection & Ransomware Defense
BRAS THERMOGRAPHY & WELLNESS,DEIKA I KING,14526 OLD KATY RD STE 108,HOUSTON,TX,77079,621399,"Health Care and Social Assistance (Hospitals, Clinics, Doctors)",Type IS,2026-07-15T00:00:00.000,HIPAA / HITECH Patient Data Protection & Ransomware Defense
BREAKAWAY SPEED - SPORT SPECIFIC TRAINING LP,"BREAKAWAY SPEED - SPORT SPECIFIC TRAINING, LP",8715 WEST LOOP S STE E,HOUSTON,TX,77096,621340,"Health Care and Social Assistance (Hospitals, Clinics, Doctors)",Type PL,2007-03-30T00:00:00.000,HIPAA / HITECH Patient Data Protection & Ransomware Defense
BREATHING CENTER OF HOUSTON,"BREATHING CENTERS, LLC",1127 ELDRIDGE PKWY,HOUSTON,TX,77077,621340,"Health Care and Social Assistance (Hospitals, Clinics, Doctors)",Limited Liability Company (LLC),2023-09-26T00:00:00.000,HIPAA / HITECH Patient Data Protection & Ransomware Defense
BREATHING CENTER OF HOUSTON,"BREATHING CENTERS, LLC",4854 BEECHNUT ST,HOUSTON,TX,77096,621340,"Health Care and Social Assistance (Hospitals, Clinics, Doctors)",Limited Liability Company (LLC),2023-09-26T00:00:00.000,HIPAA / HITECH Patient Data Protection & Ransomware Defense
BRIDENT DENTAL,"SOUMAVA SEN, DDS, P.C.",7750 W BELLFORT ST,HOUSTON,TX,77071,621210,Offices of Dentists,Type CP,2015-12-17T00:00:00.000,HIPAA / HITECH Patient Data Protection & Ransomware Defense
BRIDENT DENTAL,"SOUMAVA SEN, DDS, P.C.",1114 SILBER RD STE F,HOUSTON,TX,77055,621210,Offices of Dentists,Type CP,2015-12-17T00:00:00.000,HIPAA / HITECH Patient Data Protection & Ransomware Defense
BRIDENT DENTAL,"SOUMAVA SEN, DDS, P.C.",13327 STATE HIGHWAY 249,HOUSTON,TX,77086,621210,Offices of Dentists,Type CP,2015-12-17T00:00:00.000,HIPAA / HITECH Patient Data Protection & Ransomware Defense
BRIDENT DENTAL,"SOUMAVA SEN, DDS, P.C.",8201 W SAM HOUSTON PKWY S STE B,HOUSTON,TX,77072,621210,Offices of Dentists,Type CP,2015-12-17T00:00:00.000,HIPAA / HITECH Patient Data Protection & Ransomware Defense
BRIDENT DENTAL,"SOUMAVA SEN, DDS, P.C.",6516 WESTHEIMER RD STE J,HOUSTON,TX,77057,621210,Offices of Dentists,Type CP,2015-12-17T00:00:00.000,HIPAA / HITECH Patient Data Protection & Ransomware Defense
BRIDENT DENTAL,"SOUMAVA SEN, DDS, P.C.",12626 WOODFOREST BLVD STE Z,HOUSTON,TX,77015,621210,Offices of Dentists,Type CP,2021-10-29T00:00:00.000,HIPAA / HITECH Patient Data Protection & Ransomware Defense
BRIDENT DENTAL,"SOUMAVA SEN, DDS, P.C.",6081 SCOTT ST,HOUSTON,TX,77021,621210,Offices of Dentists,Type CP,2021-10-29T00:00:00.000,HIPAA / HITECH Patient Data Protection & Ransomware Defense
BRIDENT DENTAL,"SOUMAVA SEN, DDS, P.C.",4765 FM 1960 RD W STE H,HOUSTON,TX,77069,621210,Offices of Dentists,Type CP,2021-10-29T00:00:00.000,HIPAA / HITECH Patient Data Protection & Ransomware Defense
BRIDENT DENTAL,"SOUMAVA SEN, DDS, P.C.",7270 ANTOINE DR STE 100,HOUSTON,TX,77088,621210,Offices of Dentists,Type CP,2021-10-29T00:00:00.000,HIPAA / HITECH Patient Data Protection & Ransomware Defense
BRIDENT DENTAL,"SOUMAVA SEN, DDS, P.C.",8550 S BRAESWOOD BLVD STE B,HOUSTON,TX,77071,621210,Offices of Dentists,Type CP,2021-10-29T00:00:00.000,HIPAA / HITECH Patient Data Protection & Ransomware Defense
BRIDENT DENTAL AND ORTHODONTICS,"BRIDENT DDS, P.C.",7071 LAWNDALE ST STE D,HOUSTON,TX,77023,621210,Offices of Dentists,Type CP,2022-03-29T00:00:00.000,HIPAA / HITECH Patient Data Protection & Ransomware Defense
BRIDENT DENTAL AND ORTHODONTICS,"BRIDENT DDS, P.C.",12960 EAST FWY,HOUSTON,TX,77015,621210,Offices of Dentists,Type CP,2022-10-26T00:00:00.000,HIPAA / HITECH Patient Data Protection & Ransomware Defense
BRIDENT DENTAL AND ORTHODONTICS,"BRIDENT DDS, P.C.",8145 HIGHWAY 6 S STE 130,HOUSTON,TX,77083,621210,Offices of Dentists,Type CP,2022-10-26T00:00:00.000,HIPAA / HITECH Patient Data Protection & Ransomware Defense
BRIDENT DENTAL AND ORTHODONTICS,"BRIDENT DDS, P.C.",5700 HIGHWAY 6 N STE 200,HOUSTON,TX,77084,621210,Offices of Dentists,Type CP,2022-10-26T00:00:00.000,HIPAA / HITECH Patient Data Protection & Ransomware Defense
BRIDENT DENTAL AND ORTHODONTICS,"BRIDENT DDS, P.C.",12805 CULLEN BLVD STE E,HOUSTON,TX,77047,621210,Offices of Dentists,Type CP,2022-03-29T00:00:00.000,HIPAA / HITECH Patient Data Protection & Ransomware Defense
BRIDENT DENTAL AND ORTHODONTICS,"BRIDENT DDS, P.C.",9908 BEECHNUT ST STE B,HOUSTON,TX,77036,621210,Offices of Dentists,Type CP,2022-03-29T00:00:00.000,HIPAA / HITECH Patient Data Protection & Ransomware Defense
BRIDENT DENTAL AND ORTHODONTICS,"BRIDENT DDS, P.C.",4407 W FUQUA ST STE R,HOUSTON,TX,77045,621210,Offices of Dentists,Type CP,2022-03-29T00:00:00.000,HIPAA / HITECH Patient Data Protection & Ransomware Defense
BRIDENT DENTAL AND ORTHODONTICS,"BRIDENT DDS, P.C.",1503 LITTLE YORK RD,HOUSTON,TX,77093,621210,Offices of Dentists,Type CP,2022-03-29T00:00:00.000,HIPAA / HITECH Patient Data Protection & Ransomware Defense
BRIDENT DENTAL AND ORTHODONTICS,"BRIDENT DDS, P.C.",5372 W 34TH ST,HOUSTON,TX,77092,621210,Offices of Dentists,Type CP,2022-03-29T00:00:00.000,HIPAA / HITECH Patient Data Protection & Ransomware Defense
BRIDENT DENTAL AND ORTHODONTICS,"BRIDENT DDS, P.C.",9426 CULLEN BLVD STE B,HOUSTON,TX,77051,621210,Offices of Dentists,Type CP,2022-03-29T00:00:00.000,HIPAA / HITECH Patient Data Protection & Ransomware Defense
BRIDENT DENTAL ASSOCIATES PC,"BRIDENT DENTAL ASSOCIATES, P.C.",383 GREENS RD STE A,HOUSTON,TX,77060,621210,Offices of Dentists,Type CP,2019-06-05T00:00:00.000,HIPAA / HITECH Patient Data Protection & Ransomware Defense
BRIDENT DENTAL ASSOCIATES PC,"BRIDENT DENTAL ASSOCIATES, P.C.",6729 AIRLINE DR,HOUSTON,TX,77076,621210,Offices of Dentists,Type CP,2019-06-05T00:00:00.000,HIPAA / HITECH Patient Data Protection & Ransomware Defense
BRIDENT DENTAL ASSOCIATES PC,"BRIDENT DENTAL ASSOCIATES, P.C.",8788 TIDWELL RD,HOUSTON,TX,77028,621210,Offices of Dentists,Type CP,2019-06-05T00:00:00.000,HIPAA / HITECH Patient Data Protection & Ransomware Defense
BRIDENT DENTAL ASSOCIATES PC,"BRIDENT DENTAL ASSOCIATES, P.C.",8300 BROADWAY ST,HOUSTON,TX,77061,621210,Offices of Dentists,Type CP,2019-06-05T00:00:00.000,HIPAA / HITECH Patient Data Protection & Ransomware Defense
BRIDENT DENTAL ASSOCIATES PC,"BRIDENT DENTAL ASSOCIATES, P.C.",12052 EAST FWY,HOUSTON,TX,77029,621210,Offices of Dentists,Type CP,2019-06-05T00:00:00.000,HIPAA / HITECH Patient Data Protection & Ransomware Defense
BRIDENT DENTAL ASSOCIATES PC,"BRIDENT DENTAL ASSOCIATES, P.C.",8330 LONG POINT RD,HOUSTON,TX,77055,621210,Offices of Dentists,Type CP,2019-06-05T00:00:00.000,HIPAA / HITECH Patient Data Protection & Ransomware Defense
BRIDENT DENTAL ASSOCIATES PC,"BRIDENT DENTAL ASSOCIATES, P.C.",1173 EDGEBROOK DR STE B,HOUSTON,TX,77034,621210,Offices of Dentists,Type CP,2019-06-05T00:00:00.000,HIPAA / HITECH Patient Data Protection & Ransomware Defense
BRIDENT DENTAL ASSOCIATES PC,"BRIDENT DENTAL ASSOCIATES, P.C.",12589 WESTHEIMER RD,HOUSTON,TX,77077,621210,Offices of Dentists,Type CP,2019-06-05T00:00:00.000,HIPAA / HITECH Patient Data Protection & Ransomware Defense
BRIDENT DENTAL ASSOCIATES PC,"BRIDENT DENTAL ASSOCIATES, P.C.",20 E CROSSTIMBERS ST STE B,HOUSTON,TX,77022,621210,Offices of Dentists,Type CP,2019-06-05T00:00:00.000,HIPAA / HITECH Patient Data Protection & Ransomware Defense
BRIDENT DENTAL ASSOCIATES PC,"BRIDENT DENTAL ASSOCIATES, P.C.",5800 BELLAIRE BLVD STE 110,HOUSTON,TX,77081,621210,Offices of Dentists,Type CP,2019-06-05T00:00:00.000,HIPAA / HITECH Patient Data Protection & Ransomware Defense
BRIDENT DENTAL ASSOCIATES PC,"BRIDENT DENTAL ASSOCIATES, P.C.",5357 W BELLFORT ST,HOUSTON,TX,77035,621210,Offices of Dentists,Type CP,2019-06-05T00:00:00.000,HIPAA / HITECH Patient Data Protection & Ransomware Defense
BRIDENT DENTAL ORTHODONTICS,"BRIDENT DDS, P.C.",8449 GULF FWY STE C,HOUSTON,TX,77017,621210,Offices of Dentists,Type CP,2022-10-26T00:00:00.000,HIPAA / HITECH Patient Data Protection & Ransomware Defense
BRIDETN DENTAL ASSOCIATES PC,"BRIDENT DENTAL ASSOCIATES, P.C.",5819 GULF FWY STE 600,HOUSTON,TX,77023,621210,Offices of Dentists,Type CP,2019-06-05T00:00:00.000,HIPAA / HITECH Patient Data Protection & Ransomware Defense
BRIDNET DENTAL,"SOUMAVA SEN, DDS, P.C.",1914 GESSNER RD,HOUSTON,TX,77080,621210,Offices of Dentists,Type CP,2021-10-29T00:00:00.000,HIPAA / HITECH Patient Data Protection & Ransomware Defense
BRIGHT SIDE EYE CARE,"SARA IRANPOUR, O.D. P.L.L.C.",12713 FM 1960 RD W,HOUSTON,TX,77065,621320,"Health Care and Social Assistance (Hospitals, Clinics, Doctors)",Limited Liability Company (LLC),2019-05-03T00:00:00.000,HIPAA / HITECH Patient Data Protection & Ransomware Defense
BROOKHOLLOW DIALYSIS,TOTAL RENAL CARE TEXAS LIMITED PARTNERSHIP,4918 W 34TH ST,HOUSTON,TX,77092,621492,"Health Care and Social Assistance (Hospitals, Clinics, Doctors)",Type PF,2026-01-29T00:00:00.000,HIPAA / HITECH Patient Data Protection & Ransomware Defense
BROWN & ASSOCIATES MEDICAL LABORATORIES LLP,BROWN & ASSOCIATES MEDICAL LABORATORIES LLP,2525 W BELLFORT ST STE 120,HOUSTON,TX,77054,621111,Offices of Physicians (except Mental Health Specialists),Type PI,2013-01-23T00:00:00.000,HIPAA / HITECH Patient Data Protection & Ransomware Defense
"C. BOB BASU, M.D,, P.A.","C. BOB BASU, M.D., P.A.",1700 POST OAK BLVE STE 1-280,HOUSTON,TX,77056,621111,Offices of Physicians (except Mental Health Specialists),Type AP,2021-09-17T00:00:00.000,HIPAA / HITECH Patient Data Protection & Ransomware Defense
CAMBRIDGE DENTAL ASSOCIATES,TX SOUTHERN DENTAL P.C.,8526 CAMBRIDGE ST,HOUSTON,TX,77054,621210,Offices of Dentists,Type CP,2025-07-23T00:00:00.000,HIPAA / HITECH Patient Data Protection & Ransomware Defense
CAMBRIDGE DENTAL ASSOCIATES,TX SOUTHERN DENTAL PPO P.C.,8526 CAMBRIDGE ST,HOUSTON,TX,77054,621210,Offices of Dentists,Type CP,2025-07-16T00:00:00.000,HIPAA / HITECH Patient Data Protection & Ransomware Defense
CAMBRIDGE DENTAL ASSOCIATES,TX SOUTHERN DENTAL PPO P.C.,8526 CAMBRIDGE ST,HOUSTON,TX,77054,621210,Offices of Dentists,Type CP,2025-07-16T00:00:00.000,HIPAA / HITECH Patient Data Protection & Ransomware Defense
"CAMILLE G. CASH, M.D., P.A.","CAMILLE G. CASH, M.D., P.A.",2150 RICHMOND AVE STE 103,HOUSTON,TX,77098,621111,Offices of Physicians (except Mental Health Specialists),Type AP,2012-09-17T00:00:00.000,HIPAA / HITECH Patient Data Protection & Ransomware Defense
CAPLAN SURGERY CENTER,CAPLAN-BERKELEY LLP,3100 WESLAYAN ST STE 400,HOUSTON,TX,77027,621320,"Health Care and Social Assistance (Hospitals, Clinics, Doctors)",Type PI,2025-07-04T00:00:00.000,HIPAA / HITECH Patient Data Protection & Ransomware Defense
CAREPLUS MANAGEMENT LLC,CAREPLUS MANAGEMENT LLC,5427 BISSONNET ST,HOUSTON,TX,77081,621399,"Health Care and Social Assistance (Hospitals, Clinics, Doctors)",Limited Liability Company (LLC),2024-09-18T00:00:00.000,HIPAA / HITECH Patient Data Protection & Ransomware Defense
CAREPROMISES HOME CARE SERVICES,"CAREPROMISES HOME CARE SERVICES, LLC",396 W GREENS RD STE 906,HOUSTON,TX,77067,621610,"Health Care and Social Assistance (Hospitals, Clinics, Doctors)",Limited Liability Company (LLC),2026-04-29T00:00:00.000,HIPAA / HITECH Patient Data Protection & Ransomware Defense
"CASA BLANCA THERAPY, BODY AND SKIN CENTER LLC","CASA BLANCA THERAPY, BODY AND SKIN CENTER LLC",1011 AUGUSTA DR STE 102,HOUSTON,TX,77057,621399,"Health Care and Social Assistance (Hospitals, Clinics, Doctors)",Limited Liability Company (LLC),2022-06-15T00:00:00.000,HIPAA / HITECH Patient Data Protection & Ransomware Defense
CASTLE DENTAL,TRU-BUILDING LLC,2321 BAY AREA BLVD,HOUSTON,TX,77058,621210,Offices of Dentists,Corporation / Corporate Entity,2026-06-24T00:00:00.000,HIPAA / HITECH Patient Data Protection & Ransomware Defense
"CBL PHARMACY, LLC","CBL PHARMACY, LLC",11242 FM 1960 RD W STE 106,HOUSTON,TX,77065,621999,"Health Care and Social Assistance (Hospitals, Clinics, Doctors)",Limited Liability Company (LLC),2025-09-13T00:00:00.000,HIPAA / HITECH Patient Data Protection & Ransomware Defense
"CDO 1, LLC","CDO 1, LLC",11978 WESTHEIMER RD STE 26310 C/O STE 26,HOUSTON,TX,77077,621610,"Health Care and Social Assistance (Hospitals, Clinics, Doctors)",Corporation / Corporate Entity,2024-05-28T00:00:00.000,HIPAA / HITECH Patient Data Protection & Ransomware Defense
CELESTIAL GLOW MEDICAL SPA,"CELESTIAL GLOW AESTHETICS & WELLNESS, PLLC",1880 S DAIRY ASHFORD RD STE 130,HOUSTON,TX,77077,621999,"Health Care and Social Assistance (Hospitals, Clinics, Doctors)",Limited Liability Company (LLC),2025-07-28T00:00:00.000,HIPAA / HITECH Patient Data Protection & Ransomware Defense
CENTRA DENTAL,"CENTRA ONE DENTAL, P.A.",4318 W FUQUA ST,HOUSTON,TX,77045,621210,Offices of Dentists,Type AP,2019-11-20T00:00:00.000,HIPAA / HITECH Patient Data Protection & Ransomware Defense
CENTRAL HOUSTON DIALYSIS #03011,"DVA HEALTHCARE RENAL CARE, INC.",610 S WAYSIDE DR UNIT B,HOUSTON,TX,77011,621492,"Health Care and Social Assistance (Hospitals, Clinics, Doctors)",Foreign Corporation (Out-of-State),2021-07-30T00:00:00.000,HIPAA / HITECH Patient Data Protection & Ransomware Defense
CENTRAL TEXAS PROSTHETICS LLC,CENTRAL TEXAS PROSTHETICS LLC,16325 WESTHEIMER RD STE 104,HOUSTON,TX,77082,621999,"Health Care and Social Assistance (Hospitals, Clinics, Doctors)",Limited Liability Company (LLC),2021-05-11T00:00:00.000,HIPAA / HITECH Patient Data Protection & Ransomware Defense
CHAMPIONS MODERN DENTISTRY,"CHAMPIONS MODERN DENTISTRY, PC",5620 FM 1960 RD W,HOUSTON,TX,77069,621210,Offices of Dentists,Type CP,2018-05-18T00:00:00.000,HIPAA / HITECH Patient Data Protection & Ransomware Defense
CHANDLER WELLNESS & AESTHETICS,CHANDLER WELLNESS & AESTHETICS LLC,11003 RESOURCE PKWY STE 106,HOUSTON,TX,77089,621399,"Health Care and Social Assistance (Hospitals, Clinics, Doctors)",Limited Liability Company (LLC),2026-06-26T00:00:00.000,HIPAA / HITECH Patient Data Protection & Ransomware Defense
CHARMING SMILES PLLC,CHARMING SMILES PLLC,13333 WEST RD APT 1212,HOUSTON,TX,77041,621210,Offices of Dentists,Limited Liability Company (LLC),2018-03-23T00:00:00.000,HIPAA / HITECH Patient Data Protection & Ransomware Defense
"CHILDREN 1ST HOUSTON SOUTH, LLC","CHILDREN 1ST HOUSTON SOUTH, LLC",8545 GULF FWY,HOUSTON,TX,77017,621210,Offices of Dentists,Limited Liability Company (LLC),2021-06-25T00:00:00.000,HIPAA / HITECH Patient Data Protection & Ransomware Defense
"CHILDREN'S PLASTIC SURGERY, PLLC","CHILDREN'S PLASTIC SURGERY, PLLC",929 GESSNER RD STE 2250,HOUSTON,TX,77024,621111,Offices of Physicians (except Mental Health Specialists),Limited Liability Company (LLC),2021-02-12T00:00:00.000,HIPAA / HITECH Patient Data Protection & Ransomware Defense
CHIROPRACTIC HEALTH AND WELLNESS CENTER,JOE CLINTON AND LARA CLINTON,4654 HIGHWAY 6 N,HOUSTON,TX,77084,621310,"Health Care and Social Assistance (Hospitals, Clinics, Doctors)",Type PI,2026-08-27T00:00:00.000,HIPAA / HITECH Patient Data Protection & Ransomware Defense
CHRISTOPHER P DOWNING M.D. P.A.,CHRISTOPHER P DOWNING M.D. DERMATOLOGY P.A.,13114 FM 1960 RD W,HOUSTON,TX,77065,621111,Offices of Physicians (except Mental Health Specialists),Type AP,2022-08-18T00:00:00.000,HIPAA / HITECH Patient Data Protection & Ransomware Defense
CITY CENTER HOUSTON DIALYSIS #11335,"RENAL TREATMENT CENTERS - SOUTHEAST, LP",10405 KATY FWY C/O ATTINGHAM,HOUSTON,TX,77024,621492,"Health Care and Social Assistance (Hospitals, Clinics, Doctors)",Type PF,2026-04-14T00:00:00.000,HIPAA / HITECH Patient Data Protection & Ransomware Defense
"CLEAR DERMATOLOGY, PLLC","CLEAR DERMATOLOGY, PLLC",17756 KATY FWY STE G1,HOUSTON,TX,77094,621111,Offices of Physicians (except Mental Health Specialists),Limited Liability Company (LLC),2015-03-19T00:00:00.000,HIPAA / HITECH Patient Data Protection & Ransomware Defense
"CLEAR LAKE MODERN DENTISTRY, PC","CLEAR LAKE MODERN DENTISTRY, PC",1000 BAY AREA BLVD STE 106,HOUSTON,TX,77058,621210,Offices of Dentists,Type CP,2013-04-30T00:00:00.000,HIPAA / HITECH Patient Data Protection & Ransomware Defense
CLOVERLEAF DIALYSIS #11096,"RENAL TREATMENT CENTERS - SOUTHEAST, LP",13525 EAST FWY STE A,HOUSTON,TX,77015,621492,"Health Care and Social Assistance (Hospitals, Clinics, Doctors)",Type PF,2026-04-14T00:00:00.000,HIPAA / HITECH Patient Data Protection & Ransomware Defense
"CLS HEALTH, PLLC","CLS HEALTH, PLLC",4615 SOUTHWWEST FWY FL 10,HOUSTON,TX,77027,621111,Offices of Physicians (except Mental Health Specialists),Limited Liability Company (LLC),2025-04-29T00:00:00.000,HIPAA / HITECH Patient Data Protection & Ransomware Defense
COLUMBIA E HOUSTON MED CTR,"CLINICAL PATHOLOGY LABORATORIES, INC.",13111 EAST FREEWAY,HOUSTON,TX,77015,621511,"Health Care and Social Assistance (Hospitals, Clinics, Doctors)",Texas Corporation,2001-03-13T00:00:00.000,HIPAA / HITECH Patient Data Protection & Ransomware Defense
"COMPASSIONATE CARE HOSPICE OF HOUSTON, LLC","COMPASSIONATE CARE HOSPICE OF HOUSTON, LLC",2040 NORTH LOOP W STE 320,HOUSTON,TX,77018,621610,"Health Care and Social Assistance (Hospitals, Clinics, Doctors)",Limited Liability Company (LLC),2019-03-12T00:00:00.000,HIPAA / HITECH Patient Data Protection & Ransomware Defense
COMWELL ACUPUNTURE CLINIC,WINGSUN EDWARD CHAN,14511 FALLING CREEK DR STE 204,HOUSTON,TX,77014,621498,"Health Care and Social Assistance (Hospitals, Clinics, Doctors)",Type IS,2007-09-11T00:00:00.000,HIPAA / HITECH Patient Data Protection & Ransomware Defense
"CONCENTRA HEALTH SERVICES, INC.","CONCENTRA HEALTH SERVICES, INC.",3895 GULF FWY STE A,HOUSTON,TX,77003,621111,Offices of Physicians (except Mental Health Specialists),Foreign Corporation (Out-of-State),2024-12-04T00:00:00.000,HIPAA / HITECH Patient Data Protection & Ransomware Defense
"CONCENTRA HEALTH SERVICES, INC.","CONCENTRA HEALTH SERVICES, INC.",2425 FOUNTAIN VIEW DR STE 160,HOUSTON,TX,77057,621111,Offices of Physicians (except Mental Health Specialists),Foreign Corporation (Out-of-State),2025-08-06T00:00:00.000,HIPAA / HITECH Patient Data Protection & Ransomware Defense
CONNECT CARE HOSPICE INC,CONNECT CARE HOSPICE INC,13700 VETERANS MEMORIAL DR STE 406,HOUSTON,TX,77014,621610,"Health Care and Social Assistance (Hospitals, Clinics, Doctors)",Type CP,2024-11-20T00:00:00.000,HIPAA / HITECH Patient Data Protection & Ransomware Defense
CONSULTANTS IN PLASTIC SURGERY PA,"CONSULTANTS IN PLASTIC SURGERY, P.A.",7737 SOUTHWEST FWY STE 201,HOUSTON,TX,77074,621111,Offices of Physicians (except Mental Health Specialists),Type AP,2002-12-23T00:00:00.000,HIPAA / HITECH Patient Data Protection & Ransomware Defense
"CONTEMPORARY MEDICAL SERVICES, P.A.","CONTEMPORARY MEDICAL SERVICES, P.A.",6910 BELLAIRE BLVD,HOUSTON,TX,77074,621111,Offices of Physicians (except Mental Health Specialists),Type AP,2019-05-28T00:00:00.000,HIPAA / HITECH Patient Data Protection & Ransomware Defense
CONTINENTAL AIRLINES EMPLOYEE MEDICAL CENTER,"PREMISE HEALTH EMPLOYER SOLUTIONS, LLC",3500 N TERMINAL RD,HOUSTON,TX,77032,621498,"Health Care and Social Assistance (Hospitals, Clinics, Doctors)",Corporation / Corporate Entity,2013-01-08T00:00:00.000,HIPAA / HITECH Patient Data Protection & Ransomware Defense
COPPERFIELD VISION,"ASSURED VISION, PLLC",8100 HIGHWAY 6 N,HOUSTON,TX,77095,621320,"Health Care and Social Assistance (Hospitals, Clinics, Doctors)",Limited Liability Company (LLC),2021-02-17T00:00:00.000,HIPAA / HITECH Patient Data Protection & Ransomware Defense
CORAM ALTERNATE SITE SERVICES INC,"CORAM ALTERNATE SITE SERVICES, INC.",10611 S SAM HOUSTON PKWY W # 200,HOUSTON,TX,77071,621610,"Health Care and Social Assistance (Hospitals, Clinics, Doctors)",Foreign Corporation (Out-of-State),2006-09-07T00:00:00.000,HIPAA / HITECH Patient Data Protection & Ransomware Defense
CORINTHIAN POINTE,"AEG TEXAS PROFESSIONAL, PLLC",5505 W OREM DR STE 400,HOUSTON,TX,77085,621320,"Health Care and Social Assistance (Hospitals, Clinics, Doctors)",Limited Liability Company (LLC),2021-05-28T00:00:00.000,HIPAA / HITECH Patient Data Protection & Ransomware Defense
COSMETIC DENTISTS OF HOUSTON PLLC,COSMETIC DENTISTS OF HOUSTON PLLC,1900 WEST LOOP S STE 1150,HOUSTON,TX,77027,621210,Offices of Dentists,Limited Liability Company (LLC),2025-04-09T00:00:00.000,HIPAA / HITECH Patient Data Protection & Ransomware Defense
COSMIC HEALTH L.L.C.,COSMIC HEALTH L.L.C.,5610 PERKINS ST,HOUSTON,TX,77020,621399,"Health Care and Social Assistance (Hospitals, Clinics, Doctors)",Limited Liability Company (LLC),2021-03-06T00:00:00.000,HIPAA / HITECH Patient Data Protection & Ransomware Defense
CPL PARK PLAZA,"CLINICAL PATHOLOGY LABORATORIES, INC.",1200 BINZ ST STE 700,HOUSTON,TX,77004,621511,"Health Care and Social Assistance (Hospitals, Clinics, Doctors)",Texas Corporation,2001-03-13T00:00:00.000,HIPAA / HITECH Patient Data Protection & Ransomware Defense
"CRAIG S. ROCK, M.D., P.A.","CRAIG S. ROCK, M.D., P.A.",6624 FANNIN ST STE 2590,HOUSTON,TX,77030,621111,Offices of Physicians (except Mental Health Specialists),Type AP,2015-05-27T00:00:00.000,HIPAA / HITECH Patient Data Protection & Ransomware Defense
CROSSTIES COUNSELING MINISTRIES INC,"CROSSTIES LUTHERAN MINISTRY RESOURCES, INC.",1000 CYPRESS CREEK PKWY STE 109,HOUSTON,TX,77090,621112,"Health Care and Social Assistance (Hospitals, Clinics, Doctors)",Type CN,1995-04-03T00:00:00.000,HIPAA / HITECH Patient Data Protection & Ransomware Defense
CROSSTIMBERS DIALYSIS #5183,"RENAL TREATMENT CENTERS - SOUTHEAST, LP",4400 NORTH FWY STE 100,HOUSTON,TX,77022,621492,"Health Care and Social Assistance (Hospitals, Clinics, Doctors)",Type PF,2026-04-14T00:00:00.000,HIPAA / HITECH Patient Data Protection & Ransomware Defense
CYFAIR DIALYSIS CENTER,TOTAL RENAL CARE TEXAS LIMITED PARTNERSHIP,9110 JONES RD STE 110,HOUSTON,TX,77065,621492,"Health Care and Social Assistance (Hospitals, Clinics, Doctors)",Type PF,2026-01-29T00:00:00.000,HIPAA / HITECH Patient Data Protection & Ransomware Defense
CYFAIR HAND,SELECT PHYSICAL THERAPY TEXAS LIMITED PARTNERSHIP,11307 FM 1960 RD W STE 270,HOUSTON,TX,77065,621111,Offices of Physicians (except Mental Health Specialists),Type PF,2013-05-28T00:00:00.000,HIPAA / HITECH Patient Data Protection & Ransomware Defense
CYPRESS WOODS NORTHWEST #2472,"RENAL TREATMENT CENTERS - SOUTHEAST, LP",20320 NORTHWEST FWY,HOUSTON,TX,77065,621492,"Health Care and Social Assistance (Hospitals, Clinics, Doctors)",Type PF,2026-04-14T00:00:00.000,HIPAA / HITECH Patient Data Protection & Ransomware Defense
DAILY DOSE WELLNESS CLUB,DKRKC LLC,1939 W GRAY ST STE 100,HOUSTON,TX,77019,621498,"Health Care and Social Assistance (Hospitals, Clinics, Doctors)",Limited Liability Company (LLC),2025-04-09T00:00:00.000,HIPAA / HITECH Patient Data Protection & Ransomware Defense
"DARLENE'S DRUG TESTING CENTER & MORE, LLC","DARLENE'S DRUG TESTING CENTER & MORE, LLC",2626 S LOOP W STE 174,HOUSTON,TX,77054,621999,"Health Care and Social Assistance (Hospitals, Clinics, Doctors)",Limited Liability Company (LLC),2025-01-22T00:00:00.000,HIPAA / HITECH Patient Data Protection & Ransomware Defense
"DASCO HME, LLC","DASCO HME, LLC",3615 WILLOWBEND BLVD STE 424,HOUSTON,TX,77054,621610,"Health Care and Social Assistance (Hospitals, Clinics, Doctors)",Corporation / Corporate Entity,2024-02-01T00:00:00.000,HIPAA / HITECH Patient Data Protection & Ransomware Defense
"DAVID D. DAVILA, D.O., P.A.","DAVID D. DAVILA, D.O., P.A.",110 VINTAGE PARK BLVD STE 280,HOUSTON,TX,77070,621111,Offices of Physicians (except Mental Health Specialists),Type AP,2018-11-08T00:00:00.000,HIPAA / HITECH Patient Data Protection & Ransomware Defense
DDS DENTURES + IMPLANT SOLUTIONS,"AFFORDABLE DENTURES & IMPLANTS - TEXAS, PLLC",8514 HIGHWAY 6 N,HOUSTON,TX,77095,621210,Offices of Dentists,Limited Liability Company (LLC),2022-04-16T00:00:00.000,HIPAA / HITECH Patient Data Protection & Ransomware Defense
DE PREMIER SPA,CENTER FOR AESTHETICS AND WELLNESS SPA LLC,950 THREADNEEDLE ST STE 145,HOUSTON,TX,77079,621340,"Health Care and Social Assistance (Hospitals, Clinics, Doctors)",Limited Liability Company (LLC),2018-10-30T00:00:00.000,HIPAA / HITECH Patient Data Protection & Ransomware Defense
DEAR MIXED GIRL,KAYLA NECHELLE ALLEN YOUNG,2950 NORTH LOOP W STE 500,HOUSTON,TX,77092,621330,"Health Care and Social Assistance (Hospitals, Clinics, Doctors)",Type IS,2023-12-13T00:00:00.000,HIPAA / HITECH Patient Data Protection & Ransomware Defense
DENVER HARBOR #05274,"RENAL TREATMENT CENTERS - SOUTHEAST, LP",7065 EAST FWY,HOUSTON,TX,77020,621492,"Health Care and Social Assistance (Hospitals, Clinics, Doctors)",Type PF,2026-04-14T00:00:00.000,HIPAA / HITECH Patient Data Protection & Ransomware Defense
DERMADI LLC,DERMADI LLC,2610 PERSA ST STE 3,HOUSTON,TX,77098,621399,"Health Care and Social Assistance (Hospitals, Clinics, Doctors)",Limited Liability Company (LLC),2026-08-31T00:00:00.000,HIPAA / HITECH Patient Data Protection & Ransomware Defense
DERMATOLOGY & LASER SURGERY CENTER,"PAUL M. FRIEDMAN, M.D., P.A.",1802 BINZ ST STE 500,HOUSTON,TX,77004,621111,Offices of Physicians (except Mental Health Specialists),Type AP,2025-07-22T00:00:00.000,HIPAA / HITECH Patient Data Protection & Ransomware Defense
DEXAFIT LEAGUE CITY,SCHWEM COMPANIES LLC,1150 CLEAR LAKE CITY BLVD STE 203,HOUSTON,TX,77062,621999,"Health Care and Social Assistance (Hospitals, Clinics, Doctors)",Limited Liability Company (LLC),2025-07-24T00:00:00.000,HIPAA / HITECH Patient Data Protection & Ransomware Defense
DIAGNOSTIC EYE CENTER,"MARC R. SANDERS, M.D., P.A.",3405 EDLOE ST STE 300,HOUSTON,TX,77027,621111,Offices of Physicians (except Mental Health Specialists),Type AP,2012-03-14T00:00:00.000,HIPAA / HITECH Patient Data Protection & Ransomware Defense
"DISPATCHHEALTH-TEXAS, P.A.","DISPATCHHEALTH-TEXAS, P.A.",2550 GRAY FALLS DR STE 150,HOUSTON,TX,77077,621999,"Health Care and Social Assistance (Hospitals, Clinics, Doctors)",Type AP,2018-10-31T00:00:00.000,HIPAA / HITECH Patient Data Protection & Ransomware Defense
DISTRICT DENTAL,"ANDRES D. VILLASENOR, DDS, PLLC",2802 WHITE OAK DR,HOUSTON,TX,77007,621210,Offices of Dentists,Limited Liability Company (LLC),2019-03-29T00:00:00.000,HIPAA / HITECH Patient Data Protection & Ransomware Defense
"DMDMBA - HOUSTON, PLLC","DMDMBA - HOUSTON, PLLC",1428 NANTUCKET DR APT A,HOUSTON,TX,77057,621210,Offices of Dentists,Limited Liability Company (LLC),2025-11-21T00:00:00.000,HIPAA / HITECH Patient Data Protection & Ransomware Defense
DOMINION NATUROPATHY & AROMATHERAPY WHOLISTIC INST,MICHELLE A BOUDREAUX,3319 HOMBLY RD,HOUSTON,TX,77066,621399,"Health Care and Social Assistance (Hospitals, Clinics, Doctors)",Type IS,2023-10-19T00:00:00.000,HIPAA / HITECH Patient Data Protection & Ransomware Defense
DOMINION NATUROPATHY & AROMATHERAPY WHOLISTIC MIN.,MICHELLE A BOUDREAUX,3319 HOMBLY RD,HOUSTON,TX,77066,621399,"Health Care and Social Assistance (Hospitals, Clinics, Doctors)",Type IS,2023-10-19T00:00:00.000,HIPAA / HITECH Patient Data Protection & Ransomware Defense
DOWNTOWN HOUSTON DIALYSIS CENTER,"RENAL TREATMENT CENTERS - SOUTHEAST, LP",2207 CRAWFORD ST,HOUSTON,TX,77002,621492,"Health Care and Social Assistance (Hospitals, Clinics, Doctors)",Type PF,2026-04-14T00:00:00.000,HIPAA / HITECH Patient Data Protection & Ransomware Defense
DOWNTOWN VISION SOURCE,"LESLIE A VARKEY, O.D, P.C.",815 WALKER ST STE T44,HOUSTON,TX,77002,621320,"Health Care and Social Assistance (Hospitals, Clinics, Doctors)",Type CP,2022-09-23T00:00:00.000,HIPAA / HITECH Patient Data Protection & Ransomware Defense
DR KROUPA'S NUTRITION HEALTH CENTER,DAVID JOHN KROUPA,17611 LAGUNA TRAIL DR,HOUSTON,TX,77095,621310,"Health Care and Social Assistance (Hospitals, Clinics, Doctors)",Type IS,2017-05-02T00:00:00.000,HIPAA / HITECH Patient Data Protection & Ransomware Defense
DR MARCOS COSMETICS SURGERY PLLC,"DR. MARCOS COSMETICS SURGERY, PLLC",10500 NORTHWEST FWY STE 140,HOUSTON,TX,77092,621111,Offices of Physicians (except Mental Health Specialists),Limited Liability Company (LLC),2025-10-28T00:00:00.000,HIPAA / HITECH Patient Data Protection & Ransomware Defense
DR VAN THUY TRUONG & ASSOCIATES,"VAN THUY TRUONG, O.D., P.A.",333 MEMORIAL CITY WAY STE 333,HOUSTON,TX,77024,621320,"Health Care and Social Assistance (Hospitals, Clinics, Doctors)",Type AP,2023-01-05T00:00:00.000,HIPAA / HITECH Patient Data Protection & Ransomware Defense
"DR. BRIAN LEE, OPTOMETRY, PLLC","DR. BRIAN LEE, OPTOMETRY, PLLC",3450 CYPRESS CREEK PKWY,HOUSTON,TX,77068,621320,"Health Care and Social Assistance (Hospitals, Clinics, Doctors)",Limited Liability Company (LLC),2023-10-27T00:00:00.000,HIPAA / HITECH Patient Data Protection & Ransomware Defense
DR. COURTNEY PLASTIC SURGERY,EL-ZOKM MEDICAL PLLC,929 GESSNER RD STE 2200,HOUSTON,TX,77024,621111,Offices of Physicians (except Mental Health Specialists),Limited Liability Company (LLC),2023-01-14T00:00:00.000,HIPAA / HITECH Patient Data Protection & Ransomware Defense
DRAGOS AESTHETICS LLC,DRAGOS AESTHETICS LLC,550 HEIGHTS BLVD UNIT A,HOUSTON,TX,77007,621111,Offices of Physicians (except Mental Health Specialists),Limited Liability Company (LLC),2025-12-12T00:00:00.000,HIPAA / HITECH Patient Data Protection & Ransomware Defense
"DREAM KID ABA, LLC","DREAM KID ABA, LLC",6220 WESTPARK DR STE 149,HOUSTON,TX,77057,621420,"Health Care and Social Assistance (Hospitals, Clinics, Doctors)",Limited Liability Company (LLC),2026-05-18T00:00:00.000,HIPAA / HITECH Patient Data Protection & Ransomware Defense
"DREAM KIDS THERAPIES, LLC","DREAM KIDS THERAPIES, LLC",6220 WESTPARK DR STE 149,HOUSTON,TX,77057,621340,"Health Care and Social Assistance (Hospitals, Clinics, Doctors)",Limited Liability Company (LLC),2026-05-11T00:00:00.000,HIPAA / HITECH Patient Data Protection & Ransomware Defense
DSI CHINATOWN HEMODIALYSIS LLC,DSI CHINATOWN HEMODIALYSIS LLC,7329 W SAM HOUSTON PKWY S,HOUSTON,TX,77072,621492,"Health Care and Social Assistance (Hospitals, Clinics, Doctors)",Corporation / Corporate Entity,2018-07-05T00:00:00.000,HIPAA / HITECH Patient Data Protection & Ransomware Defense
DSI CHINATOWN HOME LLC,DSI CHINATOWN HOME LLC,7329 W SAM HOUSTON PKWY S,HOUSTON,TX,77072,621492,"Health Care and Social Assistance (Hospitals, Clinics, Doctors)",Corporation / Corporate Entity,2018-08-15T00:00:00.000,HIPAA / HITECH Patient Data Protection & Ransomware Defense
DSI WEBSTER DIALYSIS,"CORVA CLINICS, LLC - WEBSTER",1700 WEBSTER ST,HOUSTON,TX,77003,621492,"Health Care and Social Assistance (Hospitals, Clinics, Doctors)",Corporation / Corporate Entity,2015-04-28T00:00:00.000,HIPAA / HITECH Patient Data Protection & Ransomware Defense
DVA RENAL HEALTHCARE #02846,"DVA RENAL HEALTHCARE, INC.",6120 W NORTHWEST BLVD,HOUSTON,TX,77040,621492,"Health Care and Social Assistance (Hospitals, Clinics, Doctors)",Foreign Corporation (Out-of-State),2026-03-03T00:00:00.000,HIPAA / HITECH Patient Data Protection & Ransomware Defense
DVA RENAL HEALTHCARE #04078,"DVA RENAL HEALTHCARE, INC.",2800 NORTH LOOP W STE 800,HOUSTON,TX,77092,621492,"Health Care and Social Assistance (Hospitals, Clinics, Doctors)",Foreign Corporation (Out-of-State),2026-03-03T00:00:00.000,HIPAA / HITECH Patient Data Protection & Ransomware Defense
DVH VILLAGEHEALTH TEXAS DM #04993,"RENAL TREATMENT CENTERS - SOUTHEAST, LP",2800 NORTH LOOP W STE 800,HOUSTON,TX,77092,621492,"Health Care and Social Assistance (Hospitals, Clinics, Doctors)",Type PF,2026-04-14T00:00:00.000,HIPAA / HITECH Patient Data Protection & Ransomware Defense
"DYNAMIC BY DESIGN PROSTHETICS, PLLC","DYNAMIC BY DESIGN PROSTHETICS, PLLC",5373 W ALABAMA ST STE 576,HOUSTON,TX,77056,621399,"Health Care and Social Assistance (Hospitals, Clinics, Doctors)",Limited Liability Company (LLC),2022-04-22T00:00:00.000,HIPAA / HITECH Patient Data Protection & Ransomware Defense
"DYNAMIC REPAIR SOLUTIONS, INC.","DYNAMIC REPAIR SOLUTIONS, INC.",5750 N SAM HOUSTON PKWY E STE 513,HOUSTON,TX,77032,621999,"Health Care and Social Assistance (Hospitals, Clinics, Doctors)",Foreign Corporation (Out-of-State),2014-02-28T00:00:00.000,HIPAA / HITECH Patient Data Protection & Ransomware Defense
E-Z OPTICAL,"POONAWALA TRADING, INC.",11690 SOUTHWEST FWY,HOUSTON,TX,77031,621320,"Health Care and Social Assistance (Hospitals, Clinics, Doctors)",Texas Corporation,2009-05-06T00:00:00.000,HIPAA / HITECH Patient Data Protection & Ransomware Defense
EAST HOUSTON,"AFFORDABLE DENTURES & IMPLANTS - TEXAS, PLLC",5805 E SAM HOUSTON PKWY N STE F,HOUSTON,TX,77049,621210,Offices of Dentists,Limited Liability Company (LLC),2025-07-28T00:00:00.000,HIPAA / HITECH Patient Data Protection & Ransomware Defense
"EAST SIDE SURGERY CENTER, INC.","EAST SIDE SURGERY CENTER, INC.",10918 EAST FWY,HOUSTON,TX,77029,621493,"Health Care and Social Assistance (Hospitals, Clinics, Doctors)",Texas Corporation,2014-03-08T00:00:00.000,HIPAA / HITECH Patient Data Protection & Ransomware Defense
EDA'S ALTERNATIVE RESOURCES,EDA TONG,15007 STONEWICK DR,HOUSTON,TX,77068,621399,"Health Care and Social Assistance (Hospitals, Clinics, Doctors)",Type IS,2020-07-07T00:00:00.000,HIPAA / HITECH Patient Data Protection & Ransomware Defense
EL HANUN CARE,EL HANUN CARE LLC,3000 WILCREST DR STE 112,HOUSTON,TX,77042,621610,"Health Care and Social Assistance (Hospitals, Clinics, Doctors)",Limited Liability Company (LLC),2026-06-13T00:00:00.000,HIPAA / HITECH Patient Data Protection & Ransomware Defense
ELA PLASTIC SURGERY PLLC,ELA PLASTIC SURGERY PLLC,2150 RICHMOND AVE STE 103,HOUSTON,TX,77098,621111,Offices of Physicians (except Mental Health Specialists),Limited Liability Company (LLC),2026-08-07T00:00:00.000,HIPAA / HITECH Patient Data Protection & Ransomware Defense
ELEVATE SKIN CLINIC AND MEDPSA,"ELEVATE WELLNESS MD, PLLC",2446 SOUTH BLVD,HOUSTON,TX,77098,621111,Offices of Physicians (except Mental Health Specialists),Limited Liability Company (LLC),2024-11-21T00:00:00.000,HIPAA / HITECH Patient Data Protection & Ransomware Defense
ELEVATED | ZEN,CHRISTOPHER TOGNETTI,1014 WIRT RD STE 106 # 290,HOUSTON,TX,77055,621399,"Health Care and Social Assistance (Hospitals, Clinics, Doctors)",Type IS,2024-08-12T00:00:00.000,HIPAA / HITECH Patient Data Protection & Ransomware Defense
ELEVATION MASSAGE AND SPA,ANDERSON WELLNESS LLC,546 WAUGH DR,HOUSTON,TX,77019,621399,"Health Care and Social Assistance (Hospitals, Clinics, Doctors)",Limited Liability Company (LLC),2023-03-20T00:00:00.000,HIPAA / HITECH Patient Data Protection & Ransomware Defense
ELITE DENTAL WELLNESS,"FRANCOIS BUTLER, PROFESSIONAL LIMITED LIABILITY CO",8821 WESTHEIMER RD,HOUSTON,TX,77063,621210,Offices of Dentists,Limited Liability Company (LLC),2022-06-30T00:00:00.000,HIPAA / HITECH Patient Data Protection & Ransomware Defense
ELITE DERMATOLOGY,"ELITE DERMATOLOGY, PLLC",2222 N SHEPHERD DR STE 102,HOUSTON,TX,77008,621111,Offices of Physicians (except Mental Health Specialists),Limited Liability Company (LLC),2021-11-03T00:00:00.000,HIPAA / HITECH Patient Data Protection & Ransomware Defense
"ELITE DERMATOLOGY, PLLC","ELITE DERMATOLOGY, PLLC",1808 N SHEPHERD DR,HOUSTON,TX,77008,621111,Offices of Physicians (except Mental Health Specialists),Limited Liability Company (LLC),2026-06-15T00:00:00.000,HIPAA / HITECH Patient Data Protection & Ransomware Defense
"ELITE DERMATOLOGY, PLLC","ELITE DERMATOLOGY, PLLC",20326 STATE HIGHWAY 249 STE 400,HOUSTON,TX,77070,621111,Offices of Physicians (except Mental Health Specialists),Limited Liability Company (LLC),2021-11-17T00:00:00.000,HIPAA / HITECH Patient Data Protection & Ransomware Defense
"ELITE DERMATOLOGY, PLLC","ELITE DERMATOLOGY, PLLC",2571 KIRBY DR,HOUSTON,TX,77019,621111,Offices of Physicians (except Mental Health Specialists),Limited Liability Company (LLC),2022-01-26T00:00:00.000,HIPAA / HITECH Patient Data Protection & Ransomware Defense
"ELITE DERMATOLOGY, PLLC","ELITE DERMATOLOGY, PLLC",791 TOWN AND COUNTRY BLVD STE 148,HOUSTON,TX,77024,621399,"Health Care and Social Assistance (Hospitals, Clinics, Doctors)",Limited Liability Company (LLC),2026-03-21T00:00:00.000,HIPAA / HITECH Patient Data Protection & Ransomware Defense
ELIZABETH A MULLANS M D,UPTOWN DERMATOLOGY P.A.,2211 NORFOLK ST STE 200,HOUSTON,TX,77098,621111,Offices of Physicians (except Mental Health Specialists),Type AP,2013-08-02T00:00:00.000,HIPAA / HITECH Patient Data Protection & Ransomware Defense
ELOHIM PHARMACEUTICALS LLC,ELOHIM PHARMACEUTICALS LLC,11329 BISSONNET ST,HOUSTON,TX,77099,621399,"Health Care and Social Assistance (Hospitals, Clinics, Doctors)",Limited Liability Company (LLC),2019-07-17T00:00:00.000,HIPAA / HITECH Patient Data Protection & Ransomware Defense
"EMERALD AESTHETICS & WELLNESS MANAGEMENT, LLC","EMERALD AESTHETICS & WELLNESS MANAGEMENT, LLC",11211 KATY FWY STE 140,HOUSTON,TX,77079,621111,Offices of Physicians (except Mental Health Specialists),Limited Liability Company (LLC),2026-06-17T00:00:00.000,HIPAA / HITECH Patient Data Protection & Ransomware Defense
EMPOWER AESTHETIC TX,"EMPOWER AESTHETICS TX, PA",13725 FALBA RD,HOUSTON,TX,77070,621111,Offices of Physicians (except Mental Health Specialists),Type AP,2025-09-24T00:00:00.000,HIPAA / HITECH Patient Data Protection & Ransomware Defense
EMPOWER AESTHETIC TX,"EMPOWER AESTHETICS TX, PA",6001 WASHINGTON AVE STE 500,HOUSTON,TX,77007,621111,Offices of Physicians (except Mental Health Specialists),Type AP,2025-09-24T00:00:00.000,HIPAA / HITECH Patient Data Protection & Ransomware Defense
ENCLAVE VISION ASSOCIATES,"ENCLAVE VISION ASSOCIATES, PLLC",1140 ELDRIDGE PKWY STE 120,HOUSTON,TX,77077,621320,"Health Care and Social Assistance (Hospitals, Clinics, Doctors)",Limited Liability Company (LLC),2020-12-31T00:00:00.000,HIPAA / HITECH Patient Data Protection & Ransomware Defense
ENCORA HEALTH,ENCORA HEALTH,20333 STATE HIGHWAY 249 STE 430,HOUSTON,TX,77070,621112,"Health Care and Social Assistance (Hospitals, Clinics, Doctors)",Foreign Corporation (Out-of-State),2026-07-31T00:00:00.000,HIPAA / HITECH Patient Data Protection & Ransomware Defense
ENOVA DME LLC,ENOVA DME LLC,16300 KATY FWY STE 349,HOUSTON,TX,77094,621610,"Health Care and Social Assistance (Hospitals, Clinics, Doctors)",Limited Liability Company (LLC),2025-07-09T00:00:00.000,HIPAA / HITECH Patient Data Protection & Ransomware Defense
ENVY ME/WILCREST CARE,"ENVY ME WEIGHT LOSS, LASERS, AESTHETICS AND MORE M",11300 KATY FWY STE B-650,HOUSTON,TX,77043,621999,"Health Care and Social Assistance (Hospitals, Clinics, Doctors)",Limited Liability Company (LLC),2023-09-20T00:00:00.000,HIPAA / HITECH Patient Data Protection & Ransomware Defense
EVERGREEN PHARMACY,"PRECISION DRUGS, LLC",9180 BELLAIRE BLVD STE A,HOUSTON,TX,77036,621999,"Health Care and Social Assistance (Hospitals, Clinics, Doctors)",Limited Liability Company (LLC),2009-04-02T00:00:00.000,HIPAA / HITECH Patient Data Protection & Ransomware Defense
EVOLVE MD WELLNESS AND AESTHETICS MED SPA LLC,EVOLVE MD WELLNESS AND AESTHETICS MED SPA LLC,10669 HUFFMEISTER RD STE 200,HOUSTON,TX,77065,621999,"Health Care and Social Assistance (Hospitals, Clinics, Doctors)",Limited Liability Company (LLC),2023-06-21T00:00:00.000,HIPAA / HITECH Patient Data Protection & Ransomware Defense
"EXAMINE WELL, LLC","EXAMINE WELL, LLC",12401 S POST OAK RD STE 217,HOUSTON,TX,77045,621310,"Health Care and Social Assistance (Hospitals, Clinics, Doctors)",Limited Liability Company (LLC),2022-11-07T00:00:00.000,HIPAA / HITECH Patient Data Protection & Ransomware Defense
EXECUTIVE EYE CARE PLLC,EXECUTIVE EYE CARE PLLC,910 LOUISIANA ST STE 175,HOUSTON,TX,77002,621320,"Health Care and Social Assistance (Hospitals, Clinics, Doctors)",Limited Liability Company (LLC),2011-01-05T00:00:00.000,HIPAA / HITECH Patient Data Protection & Ransomware Defense
EXPRESS ANESTHESIA & PAIN MANAGEMENT CONSULTANTS,"EXPRESS ANESTHESIA & PAIN MANAGEMENT CONSULTANTS,",6609 W SAM HOUSTON PKWY S STE 101,HOUSTON,TX,77072,621111,Offices of Physicians (except Mental Health Specialists),Limited Liability Company (LLC),2020-06-04T00:00:00.000,HIPAA / HITECH Patient Data Protection & Ransomware Defense
"EYE ATELIER, PLLC","EYE ATELIER, PLLC",5333 KIRBY DR STE 150,HOUSTON,TX,77005,621320,"Health Care and Social Assistance (Hospitals, Clinics, Doctors)",Limited Liability Company (LLC),2025-08-26T00:00:00.000,HIPAA / HITECH Patient Data Protection & Ransomware Defense
EYE CENTER OF HOUSTON,"AEG TEXAS PROFESSIONAL, PLLC",10101 BISSONNET ST,HOUSTON,TX,77036,621320,"Health Care and Social Assistance (Hospitals, Clinics, Doctors)",Limited Liability Company (LLC),2023-09-07T00:00:00.000,HIPAA / HITECH Patient Data Protection & Ransomware Defense
EYE CENTER OF TEXAS,"EYE CENTER OF TEXAS, LLP",2051 GREENHOUSE RD,HOUSTON,TX,77084,621320,"Health Care and Social Assistance (Hospitals, Clinics, Doctors)",Type PB,2026-02-25T00:00:00.000,HIPAA / HITECH Patient Data Protection & Ransomware Defense
EYE HUB L.L.C.,EYE HUB L.L.C.,2799 KATY FWY STE 240,HOUSTON,TX,77007,621320,"Health Care and Social Assistance (Hospitals, Clinics, Doctors)",Corporation / Corporate Entity,2021-10-20T00:00:00.000,HIPAA / HITECH Patient Data Protection & Ransomware Defense
EYE OPTICAL #2,Y HOANG DO MD,6706 HILLCROFT ST,HOUSTON,TX,77081,621320,"Health Care and Social Assistance (Hospitals, Clinics, Doctors)",Type IS,1998-07-02T00:00:00.000,HIPAA / HITECH Patient Data Protection & Ransomware Defense
EYE THEORY,"AMIR KARBASCHI, PLLC",4191 BELLAIRE BLVD STE 100,HOUSTON,TX,77025,621320,"Health Care and Social Assistance (Hospitals, Clinics, Doctors)",Limited Liability Company (LLC),2020-09-29T00:00:00.000,HIPAA / HITECH Patient Data Protection & Ransomware Defense
"EYE THEORY, PLLC","EYE THEORY, PLLC",3510 MAIN ST STE F,HOUSTON,TX,77002,621320,"Health Care and Social Assistance (Hospitals, Clinics, Doctors)",Limited Liability Company (LLC),2026-01-16T00:00:00.000,HIPAA / HITECH Patient Data Protection & Ransomware Defense
EYE TRENDS,"CHRISTINE C CASTILLO & ASSOCIATES, PLLC",12710 W LAKE HOUSTON PKWY STE F,HOUSTON,TX,77044,621320,"Health Care and Social Assistance (Hospitals, Clinics, Doctors)",Limited Liability Company (LLC),2015-07-10T00:00:00.000,HIPAA / HITECH Patient Data Protection & Ransomware Defense
EYE TRENDS,"AEG TEXAS PROFESSIONAL, PLLC",11805 WESTHEIMER RD STE 300,HOUSTON,TX,77077,621320,"Health Care and Social Assistance (Hospitals, Clinics, Doctors)",Limited Liability Company (LLC),2019-12-04T00:00:00.000,HIPAA / HITECH Patient Data Protection & Ransomware Defense
EYECARE FOR YOU,"EYECARE FOR YOU, P.C.",13433 STATE HIGHWAY 249 STE 9,HOUSTON,TX,77086,621320,"Health Care and Social Assistance (Hospitals, Clinics, Doctors)",Type CP,2006-01-17T00:00:00.000,HIPAA / HITECH Patient Data Protection & Ransomware Defense
EYELUMINATE FAMILY EYECARE,JAMILA CHINWALA PLLC,13709 TX 249,HOUSTON,TX,77086,621320,"Health Care and Social Assistance (Hospitals, Clinics, Doctors)",Limited Liability Company (LLC),2025-06-10T00:00:00.000,HIPAA / HITECH Patient Data Protection & Ransomware Defense
EYES ON THE HEIGHTS,EYE LAW VU PLLC,2401 N SHEPHERD DR STE A110,HOUSTON,TX,77008,621320,"Health Care and Social Assistance (Hospitals, Clinics, Doctors)",Limited Liability Company (LLC),2020-11-13T00:00:00.000,HIPAA / HITECH Patient Data Protection & Ransomware Defense
EYETRENDS MEMORIAL PLLC,EYETRENDS MEMORIAL PLLC,14441 MEMORIAL DR STE 13,HOUSTON,TX,77079,621320,"Health Care and Social Assistance (Hospitals, Clinics, Doctors)",Limited Liability Company (LLC),2021-10-14T00:00:00.000,HIPAA / HITECH Patient Data Protection & Ransomware Defense
"F.K. MANUEL, O.D., PLLC","F.K. MANUEL, O.D., PLLC",2323 CLEAR LAKE CITY BLVD STE 150,HOUSTON,TX,77062,621320,"Health Care and Social Assistance (Hospitals, Clinics, Doctors)",Limited Liability Company (LLC),2026-07-21T00:00:00.000,HIPAA / HITECH Patient Data Protection & Ransomware Defense
"FACE FIT AESTHETICS, LLC",FACE FIT AESTHETICS LLC,1400 W SAM HOUSTON PKWY N STE 100,HOUSTON,TX,77043,621111,Offices of Physicians (except Mental Health Specialists),Limited Liability Company (LLC),2025-04-16T00:00:00.000,HIPAA / HITECH Patient Data Protection & Ransomware Defense
FACE.LIFE AESTHETICS,GIBARRA MANAGEMENT SERVICES LLC,701 N POST OAK RD STE 115,HOUSTON,TX,77024,621399,"Health Care and Social Assistance (Hospitals, Clinics, Doctors)",Limited Liability Company (LLC),2023-01-18T00:00:00.000,HIPAA / HITECH Patient Data Protection & Ransomware Defense
FAMILY TREE CHIROPRACTIC,JULIE GONZALEZ,9405 HUFFMEISTER RD STE 140,HOUSTON,TX,77095,621310,"Health Care and Social Assistance (Hospitals, Clinics, Doctors)",Type IS,2020-04-21T00:00:00.000,HIPAA / HITECH Patient Data Protection & Ransomware Defense
FAWCETT CENTER FOR DENTISTRY,TX SOUTHERN DENTAL P.C.,13956 CUTTEN RD,HOUSTON,TX,77069,621210,Offices of Dentists,Type CP,2025-04-21T00:00:00.000,HIPAA / HITECH Patient Data Protection & Ransomware Defense
"FIRST CHOICE CHILDREN'S HOMECARE, LP","FIRST CHOICE CHILDREN'S HOMECARE, LP",2424 WILCREST DR STE 110,HOUSTON,TX,77042,621610,"Health Care and Social Assistance (Hospitals, Clinics, Doctors)",Type PL,2018-11-19T00:00:00.000,HIPAA / HITECH Patient Data Protection & Ransomware Defense
FIRST CHOICE FAMILY DENTAL PLLC,FIRST CHOICE FAMILY DENTAL PLLC,12880 BEAMER RD STE C,HOUSTON,TX,77089,621210,Offices of Dentists,Limited Liability Company (LLC),2023-03-03T00:00:00.000,HIPAA / HITECH Patient Data Protection & Ransomware Defense
"FLIXI LABS, LLC","FLIXI LABS, LLC",801 TRAVIS ST STE 21011799,HOUSTON,TX,77002,621511,"Health Care and Social Assistance (Hospitals, Clinics, Doctors)",Limited Liability Company (LLC),2026-05-14T00:00:00.000,HIPAA / HITECH Patient Data Protection & Ransomware Defense
"FOREFRONT DERMATOLOGY, PA","FOREFRONT DERMATOLOGY, S.C.",2051 GREENHOUSE RD STE 270,HOUSTON,TX,77084,621111,Offices of Physicians (except Mental Health Specialists),Type AF,2024-08-13T00:00:00.000,HIPAA / HITECH Patient Data Protection & Ransomware Defense
FULL CIRCLE DERMATOLOGY,"DERMPRENEUR, PLLC",819 PEAKWOOD DR,HOUSTON,TX,77090,621111,Offices of Physicians (except Mental Health Specialists),Limited Liability Company (LLC),2024-07-16T00:00:00.000,HIPAA / HITECH Patient Data Protection & Ransomware Defense
FYZICAL THERAPY & BALANCE,GT PHYSICAL CORP.,18006 PARK ROW STE 800,HOUSTON,TX,77084,621340,"Health Care and Social Assistance (Hospitals, Clinics, Doctors)",Texas Corporation,2023-10-11T00:00:00.000,HIPAA / HITECH Patient Data Protection & Ransomware Defense
G. CROCKETT MEDICAL,G. CROCKETT MEDICAL ENTERPRISES LLC,314 E 13TH ST,HOUSTON,TX,77008,621399,"Health Care and Social Assistance (Hospitals, Clinics, Doctors)",Limited Liability Company (LLC),2024-01-31T00:00:00.000,HIPAA / HITECH Patient Data Protection & Ransomware Defense
GARDEN OAKS #11890,"RENAL TREATMENT CENTERS - SOUTHEAST, LP",1901 W 34TH ST,HOUSTON,TX,77018,621492,"Health Care and Social Assistance (Hospitals, Clinics, Doctors)",Type PF,2026-04-14T00:00:00.000,HIPAA / HITECH Patient Data Protection & Ransomware Defense
"GINA T. HUYNH, O.D., PLLC","GINA T. DO, OD, PLLC",6839 HIGHWAY 6 N,HOUSTON,TX,77084,621320,"Health Care and Social Assistance (Hospitals, Clinics, Doctors)",Limited Liability Company (LLC),2014-03-11T00:00:00.000,HIPAA / HITECH Patient Data Protection & Ransomware Defense
GLO LAZER AND MED SPA,"EXPRESS ANESTHESIA & PAIN MANAGEMENT CONSULTANTS,",6609 W SAM HOUSTON PKWY S STE 101,HOUSTON,TX,77072,621111,Offices of Physicians (except Mental Health Specialists),Limited Liability Company (LLC),2020-06-04T00:00:00.000,HIPAA / HITECH Patient Data Protection & Ransomware Defense
"GLOBAL HEALING CENTER, LLC","GLOBAL HEALING CENTER, LLC",1242 N POST OAK RD STE 100,HOUSTON,TX,77055,621111,Offices of Physicians (except Mental Health Specialists),Limited Liability Company (LLC),2003-07-07T00:00:00.000,HIPAA / HITECH Patient Data Protection & Ransomware Defense
"GLOBAL HEALING CENTER, LLC","GLOBAL HEALING CENTER, LLC",5621 CAMPBELL RD,HOUSTON,TX,77041,621111,Offices of Physicians (except Mental Health Specialists),Limited Liability Company (LLC),2022-06-28T00:00:00.000,HIPAA / HITECH Patient Data Protection & Ransomware Defense
"GLOBAL HEALTHCARE ALLIANCE, INC","GLOBAL HEALTHCARE ALLIANCE, INC.",20 GREENWAY PLZ STE 1000,HOUSTON,TX,77046,621610,"Health Care and Social Assistance (Hospitals, Clinics, Doctors)",Texas Corporation,2002-12-20T00:00:00.000,HIPAA / HITECH Patient Data Protection & Ransomware Defense
GLOW MEDICAL AESTHETICS,"EMPOWER AESTHETICS TX, PA",3429 W HOLCOMBE BLVD,HOUSTON,TX,77025,621399,"Health Care and Social Assistance (Hospitals, Clinics, Doctors)",Type AP,2026-01-05T00:00:00.000,HIPAA / HITECH Patient Data Protection & Ransomware Defense
GRACIAS DIALYSIS #05795,"RENAL TREATMENT CENTERS - SOUTHEAST, LP",12430 STATE HIGHWAY 249,HOUSTON,TX,77086,621492,"Health Care and Social Assistance (Hospitals, Clinics, Doctors)",Type PF,2026-04-14T00:00:00.000,HIPAA / HITECH Patient Data Protection & Ransomware Defense
"GRAINGER DIAGNOSTIC CLINIC, P.A.","GRAINGER DIAGNOSTIC CLINIC, P.A.",511A W TIDWELL RD,HOUSTON,TX,77091,621111,Offices of Physicians (except Mental Health Specialists),Type AP,2012-08-08T00:00:00.000,HIPAA / HITECH Patient Data Protection & Ransomware Defense
GRANBERRY DENTAL,"KASIM NAQVI, DMD, PLLC",3883 SOUTHWEST FWY,HOUSTON,TX,77027,621210,Offices of Dentists,Limited Liability Company (LLC),2025-09-25T00:00:00.000,HIPAA / HITECH Patient Data Protection & Ransomware Defense
GREEN LABEL WELLNESS,GREEN LABEL WELLNESS LLC,3139 W HOLCOMBE BLVD # 2372,HOUSTON,TX,77025,621111,Offices of Physicians (except Mental Health Specialists),Limited Liability Company (LLC),2026-09-18T00:00:00.000,HIPAA / HITECH Patient Data Protection & Ransomware Defense
"GREGORY PALMER D.M.D. , PC","GREGORY PALMER  D.M.D. , PC",9113 STELLA LINK RD STE C,HOUSTON,TX,77025,621210,Offices of Dentists,Type CP,2013-09-09T00:00:00.000,HIPAA / HITECH Patient Data Protection & Ransomware Defense
GROVEWAY EYE CLINIC,RITA MEDRANO,4501 GROVEWAY DR,HOUSTON,TX,77087,621320,"Health Care and Social Assistance (Hospitals, Clinics, Doctors)",Type IS,2009-03-24T00:00:00.000,HIPAA / HITECH Patient Data Protection & Ransomware Defense
GULF COAST MOBILE ACUTES,"GULF REGION MOBILE DIALYSIS, INC.",8864 INTERCHANGE DR,HOUSTON,TX,77054,621111,Offices of Physicians (except Mental Health Specialists),Foreign Corporation (Out-of-State),2006-09-20T00:00:00.000,HIPAA / HITECH Patient Data Protection & Ransomware Defense
GULF COAST REGIONAL BLOOD CENTER,GULF COAST REGIONAL BLOOD CENTER,1400 LA CONCHA LN,HOUSTON,TX,77054,621991,"Health Care and Social Assistance (Hospitals, Clinics, Doctors)",Type CN,1995-12-11T00:00:00.000,HIPAA / HITECH Patient Data Protection & Ransomware Defense
H-E-B WELLNESS SERVICES 804441,"H-E-B WELLNESS SERVICES, INC.",9746 KATY FWY STE 100,HOUSTON,TX,77055,621111,Offices of Physicians (except Mental Health Specialists),Texas Corporation,2022-12-28T00:00:00.000,HIPAA / HITECH Patient Data Protection & Ransomware Defense
H-E-B WELLNESS SERVICES 804445,"H-E-B WELLNESS SERVICES, INC.",10919 LOUETTA RD,HOUSTON,TX,77070,621111,Offices of Physicians (except Mental Health Specialists),Texas Corporation,2022-12-28T00:00:00.000,HIPAA / HITECH Patient Data Protection & Ransomware Defense
H-E-B WELLNESS SERVICES 804447,"H-E-B WELLNESS SERVICES, INC.",1701 W ALABAMA ST,HOUSTON,TX,77098,621111,Offices of Physicians (except Mental Health Specialists),Texas Corporation,2022-12-28T00:00:00.000,HIPAA / HITECH Patient Data Protection & Ransomware Defense
"HAMILTON AESTHETICS, PLLC","HAMILTON AESTHETICS, PLLC",2311 BISSONNET ST,HOUSTON,TX,77005,621111,Offices of Physicians (except Mental Health Specialists),Limited Liability Company (LLC),2026-01-26T00:00:00.000,HIPAA / HITECH Patient Data Protection & Ransomware Defense
HANGER PROSTHETICS & ORTHOTICS WEST INC,"HANGER PROSTHETICS & ORTHOTICS WEST, INC.",2525 W BELLFORT ST STE 155,HOUSTON,TX,77054,621399,"Health Care and Social Assistance (Hospitals, Clinics, Doctors)",Foreign Corporation (Out-of-State),2003-12-13T00:00:00.000,HIPAA / HITECH Patient Data Protection & Ransomware Defense
"HANGER PROSTHETICS & ORTHOTICS WEST, INC.","HANGER PROSTHETICS & ORTHOTICS WEST, INC.",11301 FALLBROOK DR STE 101,HOUSTON,TX,77065,621498,"Health Care and Social Assistance (Hospitals, Clinics, Doctors)",Foreign Corporation (Out-of-State),2022-08-10T00:00:00.000,HIPAA / HITECH Patient Data Protection & Ransomware Defense
"HAUX INTEGRATIVE MEDICINE, LLC","HAUX INTEGRATIVE MEDICINE, LLC",4203 YOAKUM BLVD STE 330,HOUSTON,TX,77006,621399,"Health Care and Social Assistance (Hospitals, Clinics, Doctors)",Limited Liability Company (LLC),2025-09-25T00:00:00.000,HIPAA / HITECH Patient Data Protection & Ransomware Defense
"HCVA ASC, LLC","HCVA ASC, LLC",5115 FANNIN ST,HOUSTON,TX,77004,621498,"Health Care and Social Assistance (Hospitals, Clinics, Doctors)",Limited Liability Company (LLC),2023-11-29T00:00:00.000,HIPAA / HITECH Patient Data Protection & Ransomware Defense
"HEA CLINIC, P.A.","HEA CLINIC, P.A.",1415 NORTH LOOP W STE 400,HOUSTON,TX,77008,621111,Offices of Physicians (except Mental Health Specialists),Type AP,2023-05-05T00:00:00.000,HIPAA / HITECH Patient Data Protection & Ransomware Defense
"HEA CLINIC, P.A.","HEA CLINIC, P.A.",590 CHIMNEY ROCK RD,HOUSTON,TX,77056,621111,Offices of Physicians (except Mental Health Specialists),Type AP,2024-06-01T00:00:00.000,HIPAA / HITECH Patient Data Protection & Ransomware Defense
HEA OPTICAL NORTH LOOP,"HOUSTON OPTIC, PLLC",1415 NORTH LOOP W STE 400,HOUSTON,TX,77008,621320,"Health Care and Social Assistance (Hospitals, Clinics, Doctors)",Limited Liability Company (LLC),2014-05-30T00:00:00.000,HIPAA / HITECH Patient Data Protection & Ransomware Defense
HEALING BODYWORKS REHABILITATION,HEALING BODYWORKS REHABILITATION LLC,21315 BRANCHPORT DR,HOUSTON,TX,77095,621340,"Health Care and Social Assistance (Hospitals, Clinics, Doctors)",Limited Liability Company (LLC),2026-04-22T00:00:00.000,HIPAA / HITECH Patient Data Protection & Ransomware Defense
HEALTH FITNESS CORPORATION,HEALTH FITNESS CORPORATION,2900 NORTH LOOP W STE 1300,HOUSTON,TX,77092,621399,"Health Care and Social Assistance (Hospitals, Clinics, Doctors)",Foreign Corporation (Out-of-State),2016-07-08T00:00:00.000,HIPAA / HITECH Patient Data Protection & Ransomware Defense
HEALTH FITNESS CORPORATION,HEALTH FITNESS CORPORATION,5 GREENWAY PLZ,HOUSTON,TX,77046,621399,"Health Care and Social Assistance (Hospitals, Clinics, Doctors)",Foreign Corporation (Out-of-State),2019-07-26T00:00:00.000,HIPAA / HITECH Patient Data Protection & Ransomware Defense
HEALTH MANAGEMENT SERVICES,"HEALTH MANAGEMENT SERVICES, INCORPORATED",9100 SOUTHWEST FWY STE 114,HOUSTON,TX,77074,621498,"Health Care and Social Assistance (Hospitals, Clinics, Doctors)",Texas Corporation,1995-10-17T00:00:00.000,HIPAA / HITECH Patient Data Protection & Ransomware Defense
"HEALTHLINE MEDICAL EQUIPMENT, LLC","HEALTHLINE MEDICAL EQUIPMENT, LLC",4500 N SAM HOUSTON PKWY W STE 140,HOUSTON,TX,77086,621610,"Health Care and Social Assistance (Hospitals, Clinics, Doctors)",Limited Liability Company (LLC),2021-02-09T00:00:00.000,HIPAA / HITECH Patient Data Protection & Ransomware Defense
HEALTHSOURCE,PRIME SPINE CHIROPRACTIC PLLC,12315 WESTHEIMER RD STE A,HOUSTON,TX,77077,621310,"Health Care and Social Assistance (Hospitals, Clinics, Doctors)",Limited Liability Company (LLC),2019-06-15T00:00:00.000,HIPAA / HITECH Patient Data Protection & Ransomware Defense
"HEC CLINIC, P.A.","HEA CLINIC, P.A.",2855 GRAMERCY ST STE 100,HOUSTON,TX,77025,621111,Offices of Physicians (except Mental Health Specialists),Type AP,2023-08-10T00:00:00.000,HIPAA / HITECH Patient Data Protection & Ransomware Defense
HEIGHTS DIALYSIS #11192,"RENAL TREATMENT CENTERS - SOUTHEAST, LP",739 E 20TH ST,HOUSTON,TX,77008,621492,"Health Care and Social Assistance (Hospitals, Clinics, Doctors)",Type PF,2026-04-14T00:00:00.000,HIPAA / HITECH Patient Data Protection & Ransomware Defense
"HELLO HOUSTON CHIROPRACTIC, LLC","HELLO HOUSTON CHIROPRACTIC, LLC",1035 DAIRY ASHFORD RD STE 152,HOUSTON,TX,77079,621310,"Health Care and Social Assistance (Hospitals, Clinics, Doctors)",Limited Liability Company (LLC),2024-02-24T00:00:00.000,HIPAA / HITECH Patient Data Protection & Ransomware Defense
"HENDERSON VISION GROUP, PA","HENDERSON VISION GROUP, PA",2518 RICHMOND AVE,HOUSTON,TX,77098,621320,"Health Care and Social Assistance (Hospitals, Clinics, Doctors)",Type AP,2019-08-08T00:00:00.000,HIPAA / HITECH Patient Data Protection & Ransomware Defense
HERISTAR HEALTH LLC,HERISTAR HEALTH LLC,6550 MAPLERIDGE ST STE 218,HOUSTON,TX,77081,621511,"Health Care and Social Assistance (Hospitals, Clinics, Doctors)",Limited Liability Company (LLC),2023-09-13T00:00:00.000,HIPAA / HITECH Patient Data Protection & Ransomware Defense
HERITAGE BEHAVIORAL HEALTH CONSULTANTS INC,"HERITAGE BEHAVIORAL HEALTH CONSULTANTS, INC.",1325 CAMPBELL RD,HOUSTON,TX,77055,621112,"Health Care and Social Assistance (Hospitals, Clinics, Doctors)",Texas Corporation,2005-06-03T00:00:00.000,HIPAA / HITECH Patient Data Protection & Ransomware Defense
HIGHWAY 6 DENTAL AND ORTHODONTICS,"HIGHWAY 6 DENTAL AND ORTHODONTICS, PLLC",6150 HIGHWAY 6 N,HOUSTON,TX,77084,621210,Offices of Dentists,Limited Liability Company (LLC),2020-10-21T00:00:00.000,HIPAA / HITECH Patient Data Protection & Ransomware Defense
HOLD MY HOPE LLC,HOLD MY HOPE PLLC,11311 ATWELL DR,HOUSTON,TX,77035,621330,"Health Care and Social Assistance (Hospitals, Clinics, Doctors)",Limited Liability Company (LLC),2023-07-19T00:00:00.000,HIPAA / HITECH Patient Data Protection & Ransomware Defense
HOLISTIC SOLUTIONS TEXAS LLC,HOLISTIC SOLUTIONS TEXAS LLC,3817 S SHEPHERD DR APT 1,HOUSTON,TX,77098,621399,"Health Care and Social Assistance (Hospitals, Clinics, Doctors)",Limited Liability Company (LLC),2026-07-09T00:00:00.000,HIPAA / HITECH Patient Data Protection & Ransomware Defense
HOLOS MEDSPA,"MEDSPHERE MANAGEMENT COMPANY, LLC",3312 MARQUART ST STE 204,HOUSTON,TX,77027,621399,"Health Care and Social Assistance (Hospitals, Clinics, Doctors)",Limited Liability Company (LLC),2026-04-07T00:00:00.000,HIPAA / HITECH Patient Data Protection & Ransomware Defense
HOPE CLINIC,ASIAN AMERICAN HEALTH COALITION (AAHC) OF THE GREA,13930 BELLAIRE BLVD,HOUSTON,TX,77083,621498,"Health Care and Social Assistance (Hospitals, Clinics, Doctors)",Type CN,2025-04-24T00:00:00.000,HIPAA / HITECH Patient Data Protection & Ransomware Defense
"HOPE O & P HOUSTON, LLC","HOPE O & P HOUSTON, LLC",2525 W BELLFORT ST STE 155,HOUSTON,TX,77054,621399,"Health Care and Social Assistance (Hospitals, Clinics, Doctors)",Limited Liability Company (LLC),2013-06-07T00:00:00.000,HIPAA / HITECH Patient Data Protection & Ransomware Defense
HORIZON DIALYSIS,"RENAL TREATMENT CENTERS - SOUTHEAST, LP",2222 GREENHOUSE RD,HOUSTON,TX,77084,621492,"Health Care and Social Assistance (Hospitals, Clinics, Doctors)",Type PF,2026-04-14T00:00:00.000,HIPAA / HITECH Patient Data Protection & Ransomware Defense
HORIZON HEALTHCARE CLINIC,"THANH K. HOANG, M.D., P.A.",11210 BELLAIRE BLVD STE 126A,HOUSTON,TX,77072,621111,Offices of Physicians (except Mental Health Specialists),Type AP,2025-09-08T00:00:00.000,HIPAA / HITECH Patient Data Protection & Ransomware Defense
HOSPICE COMPASSUS - THE WOODLANDS,"CLP HEALTHCARE SERVICES, LLC",11550 FUQUA ST STE 125,HOUSTON,TX,77034,621610,"Health Care and Social Assistance (Hospitals, Clinics, Doctors)",Corporation / Corporate Entity,2025-04-08T00:00:00.000,HIPAA / HITECH Patient Data Protection & Ransomware Defense
HOSPICE COMPASSUS - THE WOODLANDS,"CLP HEALTHCARE SERVICES, LLC",1770 SAINT JAMES PL STE 330,HOUSTON,TX,77056,621610,"Health Care and Social Assistance (Hospitals, Clinics, Doctors)",Corporation / Corporate Entity,2010-02-18T00:00:00.000,HIPAA / HITECH Patient Data Protection & Ransomware Defense
HOSPICE PREFERRED CHOICE,"HOSPICE PREFERRED CHOICE, INC.",1235 NORTH LOOP W STE 215,HOUSTON,TX,77008,621610,"Health Care and Social Assistance (Hospitals, Clinics, Doctors)",Foreign Corporation (Out-of-State),2005-03-03T00:00:00.000,HIPAA / HITECH Patient Data Protection & Ransomware Defense
"HOUSTON CHILDREN'S DENTAL CENTER, LLC","HOUSTON CHILDREN'S DENTAL CENTER, LLC",3800 N SHEPHERD DR STE B,HOUSTON,TX,77018,621493,"Health Care and Social Assistance (Hospitals, Clinics, Doctors)",Limited Liability Company (LLC),2021-11-10T00:00:00.000,HIPAA / HITECH Patient Data Protection & Ransomware Defense
"HOUSTON DERMATOLOGY ASSOCIATES, P.A.","HOUSTON DERMATOLOGY ASSOCIATES, P.A.",6560 FANNIN ST STE 1720,HOUSTON,TX,77030,621111,Offices of Physicians (except Mental Health Specialists),Type AP,2006-03-14T00:00:00.000,HIPAA / HITECH Patient Data Protection & Ransomware Defense
HOUSTON DIALYSIS #03049,"DVA HEALTHCARE RENAL CARE, INC.",900 S LOOP W STE 100,HOUSTON,TX,77054,621492,"Health Care and Social Assistance (Hospitals, Clinics, Doctors)",Foreign Corporation (Out-of-State),2021-07-30T00:00:00.000,HIPAA / HITECH Patient Data Protection & Ransomware Defense
"HOUSTON EAR, NOSE & THROAT CLINIC LLP","HOUSTON EAR, NOSE & THROAT CLINIC LLP",9494 SOUTHWEST FWY STE 850,HOUSTON,TX,77074,621111,Offices of Physicians (except Mental Health Specialists),Type PB,2010-01-12T00:00:00.000,HIPAA / HITECH Patient Data Protection & Ransomware Defense
HOUSTON GALLERIA DIALYSIS #5174,"RENAL TREATMENT CENTERS - SOUTHEAST, LP",5923 WESTHEIMER RD,HOUSTON,TX,77057,621492,"Health Care and Social Assistance (Hospitals, Clinics, Doctors)",Type PF,2026-04-14T00:00:00.000,HIPAA / HITECH Patient Data Protection & Ransomware Defense
HOUSTON HEALTH CENTER,"PREMISE HEALTH EMPLOYER SOLUTIONS, LLC",11445 COMPAQ CENTER WEST DR,HOUSTON,TX,77070,621498,"Health Care and Social Assistance (Hospitals, Clinics, Doctors)",Corporation / Corporate Entity,2013-01-08T00:00:00.000,HIPAA / HITECH Patient Data Protection & Ransomware Defense
HOUSTON HOME DIALYSIS #04232,"RENAL TREATMENT CENTERS - SOUTHEAST, LP",2626 S LOOP W,HOUSTON,TX,77054,621492,"Health Care and Social Assistance (Hospitals, Clinics, Doctors)",Type PF,2026-04-14T00:00:00.000,HIPAA / HITECH Patient Data Protection & Ransomware Defense
HOUSTON HOSPICE,HOUSTON HOSPICE,1905 HOLCOMBE BLVD,HOUSTON,TX,77030,621610,"Health Care and Social Assistance (Hospitals, Clinics, Doctors)",Type CN,2003-04-04T00:00:00.000,HIPAA / HITECH Patient Data Protection & Ransomware Defense
"HOUSTON INSTITUTE OF DERMATOLOGY, PLLC","HOUSTON INSTITUTE OF DERMATOLOGY, PLLC",2565 BAY AREA BLVD,HOUSTON,TX,77058,621111,Offices of Physicians (except Mental Health Specialists),Limited Liability Company (LLC),2013-03-28T00:00:00.000,HIPAA / HITECH Patient Data Protection & Ransomware Defense
HOUSTON KIDNEY CENTER SW #00374,"RENAL TREATMENT CENTERS - SOUTHEAST, LP",9980 W SAM HOUSTON PKWY S STE 100,HOUSTON,TX,77099,621492,"Health Care and Social Assistance (Hospitals, Clinics, Doctors)",Type PF,2026-04-14T00:00:00.000,HIPAA / HITECH Patient Data Protection & Ransomware Defense
HOUSTON KIDNEY CTR CYPRESS STATION #380,"RENAL TREATMENT CENTERS - SOUTHEAST, LP",72 CYPRESS CREEK PKWY,HOUSTON,TX,77090,621492,"Health Care and Social Assistance (Hospitals, Clinics, Doctors)",Type PF,2026-04-14T00:00:00.000,HIPAA / HITECH Patient Data Protection & Ransomware Defense
HOUSTON LABORATORY NEW HEALTH,"NEW HOUSTON HEALTH, LLC",2500 FONDREN RD STE 350,HOUSTON,TX,77063,621511,"Health Care and Social Assistance (Hospitals, Clinics, Doctors)",Corporation / Corporate Entity,2024-12-03T00:00:00.000,HIPAA / HITECH Patient Data Protection & Ransomware Defense
HOUSTON MEDICAL IMAGING,"HOUSTON MEDICAL IMAGING, L.L.C.",3310 RICHMOND AVE,HOUSTON,TX,77098,621512,"Health Care and Social Assistance (Hospitals, Clinics, Doctors)",Limited Liability Company (LLC),2010-06-04T00:00:00.000,HIPAA / HITECH Patient Data Protection & Ransomware Defense
HOUSTON MEDICAL WELLNESS CLINIC,"HOUSTON MEDICAL WEIGHT LOSS CLINIC, L L C",5910 FAIRDALE LN,HOUSTON,TX,77057,621111,Offices of Physicians (except Mental Health Specialists),Limited Liability Company (LLC),2017-08-03T00:00:00.000,HIPAA / HITECH Patient Data Protection & Ransomware Defense
HOUSTON METRO UROLOGY SURGICAL CENTER,"HOUSTON UROLOGIC SURGICENTER, LLC",4219 RICHMOND AVE STE 100,HOUSTON,TX,77027,621493,"Health Care and Social Assistance (Hospitals, Clinics, Doctors)",Corporation / Corporate Entity,2017-03-18T00:00:00.000,HIPAA / HITECH Patient Data Protection & Ransomware Defense
HOUSTON MIND-BODY COUNSELING LLC,HOUSTON MIND-BODY COUNSELING LLC,2990 RICHMOND AVE STE 428,HOUSTON,TX,77098,621330,"Health Care and Social Assistance (Hospitals, Clinics, Doctors)",Limited Liability Company (LLC),2010-09-13T00:00:00.000,HIPAA / HITECH Patient Data Protection & Ransomware Defense
HOUSTON NORTH SHORE,SELECT PHYSICAL THERAPY TEXAS LIMITED PARTNERSHIP,5810 E SAM HOUSTON PKWY N STE K,HOUSTON,TX,77049,621111,Offices of Physicians (except Mental Health Specialists),Type PF,2012-05-18T00:00:00.000,HIPAA / HITECH Patient Data Protection & Ransomware Defense
HOUSTON OPTICAL,"HOUSTON OPTIC, PLLC",915 GESSNER RD STE 250,HOUSTON,TX,77024,621320,"Health Care and Social Assistance (Hospitals, Clinics, Doctors)",Limited Liability Company (LLC),2006-09-15T00:00:00.000,HIPAA / HITECH Patient Data Protection & Ransomware Defense
HOUSTON OPTICAL,"HOUSTON OPTIC, PLLC",5614 E SAM HOUSTON PKWY N,HOUSTON,TX,77015,621320,"Health Care and Social Assistance (Hospitals, Clinics, Doctors)",Limited Liability Company (LLC),2008-01-28T00:00:00.000,HIPAA / HITECH Patient Data Protection & Ransomware Defense
HOUSTON OPTICAL,"HOUSTON OPTIC, PLLC",5420 DASHWOOD DR STE 101,HOUSTON,TX,77081,621320,"Health Care and Social Assistance (Hospitals, Clinics, Doctors)",Limited Liability Company (LLC),2008-01-28T00:00:00.000,HIPAA / HITECH Patient Data Protection & Ransomware Defense
HOUSTON OPTICAL,"HOUSTON OPTIC, PLLC",800 PEAKWOOD DR STE 6C,HOUSTON,TX,77090,621320,"Health Care and Social Assistance (Hospitals, Clinics, Doctors)",Limited Liability Company (LLC),2008-01-28T00:00:00.000,HIPAA / HITECH Patient Data Protection & Ransomware Defense
HOUSTON OPTICAL,"HOUSTON OPTIC, PLLC",2855 GRAMERCY ST,HOUSTON,TX,77025,621320,"Health Care and Social Assistance (Hospitals, Clinics, Doctors)",Limited Liability Company (LLC),2008-12-03T00:00:00.000,HIPAA / HITECH Patient Data Protection & Ransomware Defense
HOUSTON OPTICAL - NEW SPRING BRANCH,"HOUSTON OPTIC, PLLC",9230 KATY FWY STE 550,HOUSTON,TX,77055,621320,"Health Care and Social Assistance (Hospitals, Clinics, Doctors)",Limited Liability Company (LLC),2018-12-18T00:00:00.000,HIPAA / HITECH Patient Data Protection & Ransomware Defense
HOUSTON OPTICAL - SPRING BRANCH,"HOUSTON OPTIC, PLLC",1229 CAMPBELL RD,HOUSTON,TX,77055,621320,"Health Care and Social Assistance (Hospitals, Clinics, Doctors)",Limited Liability Company (LLC),2011-07-19T00:00:00.000,HIPAA / HITECH Patient Data Protection & Ransomware Defense
HOUSTON OPTICAL-TANGLEWOOD,"HOUSTON OPTIC, PLLC",590 CHIMNEY ROCK RD,HOUSTON,TX,77056,621320,"Health Care and Social Assistance (Hospitals, Clinics, Doctors)",Limited Liability Company (LLC),2011-07-19T00:00:00.000,HIPAA / HITECH Patient Data Protection & Ransomware Defense
HOUSTON PLASTIC SURGERY ASSOCIATES,HOUSTON PLASTIC SURGERY ASSOCIATES PLLC,204 W 19TH ST STE 200,HOUSTON,TX,77008,621111,Offices of Physicians (except Mental Health Specialists),Limited Liability Company (LLC),2026-07-31T00:00:00.000,HIPAA / HITECH Patient Data Protection & Ransomware Defense
HOUSTON PREMIER DERMATOLOGY,"HOUSTON PREMIER DERMATOLOGY, PLLC",915 GESSNER RD STE 370,HOUSTON,TX,77024,621111,Offices of Physicians (except Mental Health Specialists),Limited Liability Company (LLC),2019-12-18T00:00:00.000,HIPAA / HITECH Patient Data Protection & Ransomware Defense
"HOUSTON PREMIER DERMATOLOGY, PLLC","HOUSTON PREMIER DERMATOLOGY, PLLC",1800 BERING DR STE 840,HOUSTON,TX,77057,621111,Offices of Physicians (except Mental Health Specialists),Limited Liability Company (LLC),2024-01-16T00:00:00.000,HIPAA / HITECH Patient Data Protection & Ransomware Defense
"HOUSTON RETINA ASSOCIATES, P.A.","HOUSTON RETINA ASSOCIATES, P.A.",20207 CHASEWOOD PARK DR,HOUSTON,TX,77070,621111,Offices of Physicians (except Mental Health Specialists),Type AP,2026-06-24T00:00:00.000,HIPAA / HITECH Patient Data Protection & Ransomware Defense
"HOUSTON RETINA ASSOCIATES, P.A.","HOUSTON RETINA ASSOCIATES, P.A.",7789 SOUTHWEST FWY,HOUSTON,TX,77074,621111,Offices of Physicians (except Mental Health Specialists),Type AP,2026-06-24T00:00:00.000,HIPAA / HITECH Patient Data Protection & Ransomware Defense
HOUSTON SPINAL CARE P C,"HOUSTON SPINAL CARE, P.C,",5715 NW CENTRAL DR STE F-111,HOUSTON,TX,77092,621310,"Health Care and Social Assistance (Hospitals, Clinics, Doctors)",Type CP,2005-05-14T00:00:00.000,HIPAA / HITECH Patient Data Protection & Ransomware Defense
HOUSTON TEXAS DENTAL SPA,DAVID DE JONGH,13141 FM 1960 RD W STE 300,HOUSTON,TX,77065,621210,Offices of Dentists,Type IS,2011-09-22T00:00:00.000,HIPAA / HITECH Patient Data Protection & Ransomware Defense
HOUSTON UPTOWN DENTIST,"AMANDA JUAREZ, D.D.S., P.C.",1900 SAINT JAMES PL STE 875,HOUSTON,TX,77056,621210,Offices of Dentists,Type CP,2026-02-10T00:00:00.000,HIPAA / HITECH Patient Data Protection & Ransomware Defense
HOUSTON VASCULAR AND INTERVENTIONAL RADIOLOGY,VASCULAR AND INTERVENTIONAL RADIOLOGY OF AMERICA P,1213 HERMANN DR STE 255,HOUSTON,TX,77004,621111,Offices of Physicians (except Mental Health Specialists),Limited Liability Company (LLC),2015-12-18T00:00:00.000,HIPAA / HITECH Patient Data Protection & Ransomware Defense
"HUMANA AT HOME (SAN ANTONIO), INC.","HUMANA AT HOME (SAN ANTONIO), INC.",8303 SOUTHWEST FWY,HOUSTON,TX,77074,621610,"Health Care and Social Assistance (Hospitals, Clinics, Doctors)",Texas Corporation,2015-06-03T00:00:00.000,HIPAA / HITECH Patient Data Protection & Ransomware Defense
"HUMANA AT HOME (SAN ANTONIO), INC.","HUMANA AT HOME (SAN ANTONIO), INC.",720 N POST OAK RD STE 220,HOUSTON,TX,77024,621610,"Health Care and Social Assistance (Hospitals, Clinics, Doctors)",Texas Corporation,2019-10-22T00:00:00.000,HIPAA / HITECH Patient Data Protection & Ransomware Defense
"HUMANA AT HOME, INC.","HUMANA AT HOME, INC.",8303 SOUTHWEST FWY,HOUSTON,TX,77074,621610,"Health Care and Social Assistance (Hospitals, Clinics, Doctors)",Foreign Corporation (Out-of-State),2017-11-18T00:00:00.000,HIPAA / HITECH Patient Data Protection & Ransomware Defense
"HUMANA AT HOME, INC.","HUMANA AT HOME, INC.",720 N POST OAK RD STE 220,HOUSTON,TX,77024,621610,"Health Care and Social Assistance (Hospitals, Clinics, Doctors)",Foreign Corporation (Out-of-State),2019-10-22T00:00:00.000,HIPAA / HITECH Patient Data Protection & Ransomware Defense
HWY6 FAMILY DENTISTRY,AVO DENTAL PLLC,9470 HIGHWAY 6 S,HOUSTON,TX,77083,621210,Offices of Dentists,Limited Liability Company (LLC),2025-04-28T00:00:00.000,HIPAA / HITECH Patient Data Protection & Ransomware Defense
IAN MARK VENTURES,IAN MARK VENTURES INC,3427 ELLA BLVD STE B,HOUSTON,TX,77018,621399,"Health Care and Social Assistance (Hospitals, Clinics, Doctors)",Texas Corporation,2025-10-15T00:00:00.000,HIPAA / HITECH Patient Data Protection & Ransomware Defense
IDT COMPANY,ALBERTO GONZALEZ,3802 ETON ST,HOUSTON,TX,77087,621999,"Health Care and Social Assistance (Hospitals, Clinics, Doctors)",Type IS,2026-07-16T00:00:00.000,HIPAA / HITECH Patient Data Protection & Ransomware Defense
"ILLUMINATE DESIGNS, LLC","ILLUMINATE DESIGNS, LLC",19 BRIAR HOLLOW LN STE 115,HOUSTON,TX,77027,621111,Offices of Physicians (except Mental Health Specialists),Limited Liability Company (LLC),2015-09-02T00:00:00.000,HIPAA / HITECH Patient Data Protection & Ransomware Defense
IM THERAPY,"BILINGUAL SPEECH THERAPY OF HOUSTON, LLC",9894 BISSONNET ST STE 388,HOUSTON,TX,77036,621340,"Health Care and Social Assistance (Hospitals, Clinics, Doctors)",Limited Liability Company (LLC),2025-01-22T00:00:00.000,HIPAA / HITECH Patient Data Protection & Ransomware Defense
"IMANI COUNSELING SERVICES, PLLC","IMANI COUNSELING SERVICES, PLLC",10333 HARWIN DR STE 490,HOUSTON,TX,77036,621330,"Health Care and Social Assistance (Hospitals, Clinics, Doctors)",Limited Liability Company (LLC),2026-04-23T00:00:00.000,HIPAA / HITECH Patient Data Protection & Ransomware Defense
INFINITYONE INFUSION LLC,INFINITYONE INFUSION LLC,9100 SOUTHWEST FWY STE 251,HOUSTON,TX,77074,621498,"Health Care and Social Assistance (Hospitals, Clinics, Doctors)",Limited Liability Company (LLC),2023-10-20T00:00:00.000,HIPAA / HITECH Patient Data Protection & Ransomware Defense
INFOCUS VISION CENTER,"VISUAL COMPASSION, INC.",14505 TORREY CHASE BLVD STE 108,HOUSTON,TX,77014,621320,"Health Care and Social Assistance (Hospitals, Clinics, Doctors)",Type CN,2024-01-31T00:00:00.000,HIPAA / HITECH Patient Data Protection & Ransomware Defense
"INNATE CHIROPRACTIC HEALING ARTS CENTER, INC.","INNATE CHIROPRACTIC HEALING ARTS CENTER, INC.",8100 WASHINGTON AVE STE 210,HOUSTON,TX,77007,621310,"Health Care and Social Assistance (Hospitals, Clinics, Doctors)",Texas Corporation,2021-02-18T00:00:00.000,HIPAA / HITECH Patient Data Protection & Ransomware Defense
INOV8 SURGICAL AT MEMORIAL CITY LLC,INOV8 SURGICAL AT MEMORIAL CITY LLC,10496 KATY FWY,HOUSTON,TX,77043,621493,"Health Care and Social Assistance (Hospitals, Clinics, Doctors)",Limited Liability Company (LLC),2018-11-13T00:00:00.000,HIPAA / HITECH Patient Data Protection & Ransomware Defense
INOVI FERTILITY & GENETICS INSTITUTE,INOVI FERTILITY & GENETICS INSTITUTE PLLC,3773 RICHMOND AVE STE 400,HOUSTON,TX,77046,621111,Offices of Physicians (except Mental Health Specialists),Limited Liability Company (LLC),2023-09-22T00:00:00.000,HIPAA / HITECH Patient Data Protection & Ransomware Defense
INSIGHT EYECARE,VICTORIA GLICKMAN-PHAM,13147 NORTHWEST FWY STE 100,HOUSTON,TX,77040,621320,"Health Care and Social Assistance (Hospitals, Clinics, Doctors)",Type IS,2016-09-16T00:00:00.000,HIPAA / HITECH Patient Data Protection & Ransomware Defense
INSITE INTEGRATIVE WELLNESS,INSITE INTEGRATIVE WELLNESS LLC,363 N SAM HOUSTON PKWY E STE 1440B,HOUSTON,TX,77060,621399,"Health Care and Social Assistance (Hospitals, Clinics, Doctors)",Limited Liability Company (LLC),2026-09-04T00:00:00.000,HIPAA / HITECH Patient Data Protection & Ransomware Defense
INTEGRATIVE CHIROPRACTIC PLLC,INTEGRATIVE CHIROPRACTIC PLLC,1911 W ALABAMA ST STE A,HOUSTON,TX,77098,621310,"Health Care and Social Assistance (Hospitals, Clinics, Doctors)",Limited Liability Company (LLC),2016-06-28T00:00:00.000,HIPAA / HITECH Patient Data Protection & Ransomware Defense
"INTEGRATIVE MD, L.L.C.","INTEGRATIVE MD, L.L.C.",3831 GOLF DR,HOUSTON,TX,77018,621111,Offices of Physicians (except Mental Health Specialists),Limited Liability Company (LLC),2019-07-09T00:00:00.000,HIPAA / HITECH Patient Data Protection & Ransomware Defense
INWOOD DIALYSIS #11430,"RENAL TREATMENT CENTERS - SOUTHEAST, LP",6626 ANTOINE DR,HOUSTON,TX,77091,621492,"Health Care and Social Assistance (Hospitals, Clinics, Doctors)",Type PF,2026-04-14T00:00:00.000,HIPAA / HITECH Patient Data Protection & Ransomware Defense
IRIDIUM SPECIALTY PHARMACY,"IRIDIUM SPECIALTY PHARMACY, PLLC",2240 NAVIGATION BLVD STE 200-B,HOUSTON,TX,77003,621610,"Health Care and Social Assistance (Hospitals, Clinics, Doctors)",Limited Liability Company (LLC),2025-04-01T00:00:00.000,HIPAA / HITECH Patient Data Protection & Ransomware Defense
"IRIS WELLNESS CENTER, PLLC","IRIS WELLNESS CENTER, PLLC",6415 SAN FELIPE ST STE C,HOUSTON,TX,77057,621399,"Health Care and Social Assistance (Hospitals, Clinics, Doctors)",Limited Liability Company (LLC),2023-01-04T00:00:00.000,HIPAA / HITECH Patient Data Protection & Ransomware Defense
"IT'S TIME NATURAL HEALTH, LLC","IT'S TIME NATURAL HEALTH, LLC",6340 N ELDRIDGE PKWY STE N121,HOUSTON,TX,77041,621399,"Health Care and Social Assistance (Hospitals, Clinics, Doctors)",Limited Liability Company (LLC),2023-04-12T00:00:00.000,HIPAA / HITECH Patient Data Protection & Ransomware Defense
IV 4 HEALTH HOUSTON,"IV 4 HEALTH SHADOWBRIAR, LLC",12303 WESTHEIMER RD,HOUSTON,TX,77077,621498,"Health Care and Social Assistance (Hospitals, Clinics, Doctors)",Limited Liability Company (LLC),2026-03-24T00:00:00.000,HIPAA / HITECH Patient Data Protection & Ransomware Defense
IV SOLUTIONS RX,"PSG OF SARASOTA, LLC",10161 HARWIN DR STE 145,HOUSTON,TX,77036,621610,"Health Care and Social Assistance (Hospitals, Clinics, Doctors)",Corporation / Corporate Entity,2026-06-26T00:00:00.000,HIPAA / HITECH Patient Data Protection & Ransomware Defense
"J. TODD ANDREWS, M.D., P.A.","J. TODD ANDREWS, M.D., P.A.",3220 ALBANS RD,HOUSTON,TX,77005,621111,Offices of Physicians (except Mental Health Specialists),Type AP,2020-05-12T00:00:00.000,HIPAA / HITECH Patient Data Protection & Ransomware Defense
"JAMES P HINSON DDS, PLLC","JAMES P HINSON DDS, PLLC",5851 SAN FELIPE ST STE 750,HOUSTON,TX,77057,621210,Offices of Dentists,Limited Liability Company (LLC),2018-08-21T00:00:00.000,HIPAA / HITECH Patient Data Protection & Ransomware Defense
JENSEN DIALYSIS #04266,"RENAL TREATMENT CENTERS - SOUTHEAST, LP",9716 JENSEN DR,HOUSTON,TX,77093,621492,"Health Care and Social Assistance (Hospitals, Clinics, Doctors)",Type PF,2026-04-14T00:00:00.000,HIPAA / HITECH Patient Data Protection & Ransomware Defense
JERSEY VILLAGE DIALYSIS #11008,"RENAL TREATMENT CENTERS - SOUTHEAST, LP",8787 FALLBROOK DR,HOUSTON,TX,77064,621492,"Health Care and Social Assistance (Hospitals, Clinics, Doctors)",Type PF,2026-04-14T00:00:00.000,HIPAA / HITECH Patient Data Protection & Ransomware Defense
"JOSEPH SLEIMAN, MD PA","JOSEPH E SLEIMAN, MD PA",8221 GULF FWY STE 400,HOUSTON,TX,77017,621112,"Health Care and Social Assistance (Hospitals, Clinics, Doctors)",Type AP,2017-02-17T00:00:00.000,HIPAA / HITECH Patient Data Protection & Ransomware Defense
JUSTIN G. CROCKETT DENTISTRY PLLC,JUSTIN G. CROCKETT DENTISTRY PLLC,1801 POST OAK BLVD STE 1D,HOUSTON,TX,77056,621210,Offices of Dentists,Limited Liability Company (LLC),2025-11-19T00:00:00.000,HIPAA / HITECH Patient Data Protection & Ransomware Defense
JUVAN MD,JUVAN MD PLLC,2795 KATY FWY STE 210,HOUSTON,TX,77007,621111,Offices of Physicians (except Mental Health Specialists),Limited Liability Company (LLC),2025-05-22T00:00:00.000,HIPAA / HITECH Patient Data Protection & Ransomware Defense
"KAREN CALDERON, L.AC",KAREN CALDERON,2990 RICHMOND AVE STE 428,HOUSTON,TX,77098,621399,"Health Care and Social Assistance (Hospitals, Clinics, Doctors)",Type IS,2015-07-18T00:00:00.000,HIPAA / HITECH Patient Data Protection & Ransomware Defense
"KATY ASC, LP","KATY ASC, LP",18400 KATY FWY STE 330,HOUSTON,TX,77094,621493,"Health Care and Social Assistance (Hospitals, Clinics, Doctors)",Type PL,2024-08-15T00:00:00.000,HIPAA / HITECH Patient Data Protection & Ransomware Defense
"KATY CARDIOVASCULAR SERVICES, LP","KATY CARDIOVASCULAR SERVICES, LP",18400 KATY FWY STE 330,HOUSTON,TX,77094,621493,"Health Care and Social Assistance (Hospitals, Clinics, Doctors)",Type PL,2024-08-14T00:00:00.000,HIPAA / HITECH Patient Data Protection & Ransomware Defense
KAVANA HEALING ARTS SPA,KAVANA HEALING ARTS SPA LLC,4003 BELLAIRE BLVD STE EE,HOUSTON,TX,77025,621399,"Health Care and Social Assistance (Hospitals, Clinics, Doctors)",Limited Liability Company (LLC),2016-04-28T00:00:00.000,HIPAA / HITECH Patient Data Protection & Ransomware Defense
"KBK GROUP, PLLC","KBK GROUP, PLLC",13080 VETERANS MEMORIAL DR,HOUSTON,TX,77014,621210,Offices of Dentists,Limited Liability Company (LLC),2026-05-29T00:00:00.000,HIPAA / HITECH Patient Data Protection & Ransomware Defense
KEDPLASMA LLC,KEDPLASMA LLC,5206 ALDINE MAIL ROUTE RD,HOUSTON,TX,77039,621991,"Health Care and Social Assistance (Hospitals, Clinics, Doctors)",Corporation / Corporate Entity,2024-06-06T00:00:00.000,HIPAA / HITECH Patient Data Protection & Ransomware Defense
"KELLEY EUBANK DERMATOLOGY, PLLC","KELLEY EUBANK DERMATOLOGY, PLLC",5252 WESTCHESTER ST STE 242,HOUSTON,TX,77005,621111,Offices of Physicians (except Mental Health Specialists),Limited Liability Company (LLC),2019-07-20T00:00:00.000,HIPAA / HITECH Patient Data Protection & Ransomware Defense
"KENNETH ROSARIO DENTAL SERVICES, PC","KENNETH ROSARIO DENTAL SERVICES, PC",2110 WOODLAND PARK DR,HOUSTON,TX,77077,621210,Offices of Dentists,Type CP,2021-04-14T00:00:00.000,HIPAA / HITECH Patient Data Protection & Ransomware Defense
KINETIC CHIROPRACTIC,KINETIC CHIROPRACTIC LLC,345 CAGE ST,HOUSTON,TX,77020,621310,"Health Care and Social Assistance (Hospitals, Clinics, Doctors)",Limited Liability Company (LLC),2023-03-13T00:00:00.000,HIPAA / HITECH Patient Data Protection & Ransomware Defense
KLINE INTERNATIONAL,ROBYN DEARBORN,1210 EL CAMINO VILLAGE DR APT 2702,HOUSTON,TX,77058,621610,"Health Care and Social Assistance (Hospitals, Clinics, Doctors)",Type IS,2026-03-21T00:00:00.000,HIPAA / HITECH Patient Data Protection & Ransomware Defense
"KNEAD FOR HEALTH - WEST UNIVERSITY, LLC","KNEAD FOR HEALTH - WEST UNIVERSITY, LLC",5162 BUFFALO SPEEDWAY,HOUSTON,TX,77005,621399,"Health Care and Social Assistance (Hospitals, Clinics, Doctors)",Limited Liability Company (LLC),2019-02-01T00:00:00.000,HIPAA / HITECH Patient Data Protection & Ransomware Defense
"KNEAD FOR HEALTH BUNKER HILL, LLC","KNEAD FOR HEALTH BUNKER HILL, LLC",9758 KATY FWY STE 700,HOUSTON,TX,77055,621399,"Health Care and Social Assistance (Hospitals, Clinics, Doctors)",Limited Liability Company (LLC),2019-12-03T00:00:00.000,HIPAA / HITECH Patient Data Protection & Ransomware Defense
KNEITZ MANAGEMENT SERVICES LLC,"KNEITZ MANAGEMENT SERVICES, LLC",6815 N MAIN ST STE A,HOUSTON,TX,77009,621111,Offices of Physicians (except Mental Health Specialists),Limited Liability Company (LLC),2026-01-28T00:00:00.000,HIPAA / HITECH Patient Data Protection & Ransomware Defense
"KRISTI SUMPTER, D.O., P.A.","KRISTI SUMPTER, D.O., P.A.",12827 JONES RD,HOUSTON,TX,77070,621111,Offices of Physicians (except Mental Health Specialists),Type AP,2019-10-23T00:00:00.000,HIPAA / HITECH Patient Data Protection & Ransomware Defense
"KRISTIN N. SCHMIDT, M.D., PLLC","KRISTIN N. SCHMIDT, M.D., PLLC",2222 GREENHOUSE RD STE 1800,HOUSTON,TX,77084,621111,Offices of Physicians (except Mental Health Specialists),Limited Liability Company (LLC),2021-11-04T00:00:00.000,HIPAA / HITECH Patient Data Protection & Ransomware Defense
KRONOWITZ PLASTIC SURGERY PLLC,"KRONOWITZ PLASTIC SURGERY, PLLC",1200 BINZ ST STE 380,HOUSTON,TX,77004,621111,Offices of Physicians (except Mental Health Specialists),Limited Liability Company (LLC),2015-07-09T00:00:00.000,HIPAA / HITECH Patient Data Protection & Ransomware Defense
"KS MANAGEMENT SERVICES, L.L.C.","KS MANAGEMENT SERVICES, L.L.C.",2727 W HOLCOMBE BLVD,HOUSTON,TX,77025,621491,"Health Care and Social Assistance (Hospitals, Clinics, Doctors)",Limited Liability Company (LLC),1999-05-21T00:00:00.000,HIPAA / HITECH Patient Data Protection & Ransomware Defense
"KS MANAGEMENT SERVICES, L.L.C.","KS MANAGEMENT SERVICES, L.L.C.",15655 CYPRESSWOOD MEDICAL DR,HOUSTON,TX,77014,621491,"Health Care and Social Assistance (Hospitals, Clinics, Doctors)",Limited Liability Company (LLC),2005-09-14T00:00:00.000,HIPAA / HITECH Patient Data Protection & Ransomware Defense
KW-4EVER YOUNG,"KW-4EVER YOUNG, P.C.",13210 MEMORIAL DR STE 400,HOUSTON,TX,77079,621399,"Health Care and Social Assistance (Hospitals, Clinics, Doctors)",Type CP,2023-02-16T00:00:00.000,HIPAA / HITECH Patient Data Protection & Ransomware Defense
LAKEWOOD SMILES,"LAKEWOOD SMILES, PLLC",11550 LOUETTA RD STE 400,HOUSTON,TX,77070,621210,Offices of Dentists,Limited Liability Company (LLC),2024-01-02T00:00:00.000,HIPAA / HITECH Patient Data Protection & Ransomware Defense
LASER AND COSMETIC SURGERY CENTER OF HOUSTON,"LASER AND COSMETIC SURGERY CENTER OF HOUSTON, P.A.",3700 BUFFALO SPEEDWAY STE 700,HOUSTON,TX,77098,621111,Offices of Physicians (except Mental Health Specialists),Type AP,2006-03-11T00:00:00.000,HIPAA / HITECH Patient Data Protection & Ransomware Defense
LASERAWAY - HOUSTON,"LONESTAR AESTHETICS, PLLC",5385 WESTHEIMER RD,HOUSTON,TX,77056,621111,Offices of Physicians (except Mental Health Specialists),Limited Liability Company (LLC),2019-08-17T00:00:00.000,HIPAA / HITECH Patient Data Protection & Ransomware Defense
LATIMER DENTAL ARTS,"LATIMER DENTAL ARTS, P.C.",2226 BISSONNET ST,HOUSTON,TX,77005,621210,Offices of Dentists,Type CP,2015-07-06T00:00:00.000,HIPAA / HITECH Patient Data Protection & Ransomware Defense
"LAUREN BROWNFIELD, DDS, MS, P.A.","LAUREN BROWNFIELD, DDS, MS, P.A.",1513 W DALLAS ST STE 100,HOUSTON,TX,77019,621210,Offices of Dentists,Type AP,2022-01-24T00:00:00.000,HIPAA / HITECH Patient Data Protection & Ransomware Defense
"LC CHIROPRACTIC, LLC","LS CHIROPRACTIC, LLC",3000 WESLAYAN ST STE 260,HOUSTON,TX,77027,621310,"Health Care and Social Assistance (Hospitals, Clinics, Doctors)",Limited Liability Company (LLC),2023-03-29T00:00:00.000,HIPAA / HITECH Patient Data Protection & Ransomware Defense
LCA-VISION INC.,LCA-VISION INC.,3700 BUFFALO SPEEDWAY,HOUSTON,TX,77098,621320,"Health Care and Social Assistance (Hospitals, Clinics, Doctors)",Foreign Corporation (Out-of-State),2004-01-13T00:00:00.000,HIPAA / HITECH Patient Data Protection & Ransomware Defense
LEGACY COMMUNITY HEALTH SERVICES,"LEGACY COMMUNITY HEALTH SERVICES, INC.",1415 CALIFORNIA ST,HOUSTON,TX,77006,621112,"Health Care and Social Assistance (Hospitals, Clinics, Doctors)",Type CN,2025-07-22T00:00:00.000,HIPAA / HITECH Patient Data Protection & Ransomware Defense
LEGACY COMMUNITY HEALTH SERVICES,"LEGACY COMMUNITY HEALTH SERVICES, INC.",3811 LYONS AVE,HOUSTON,TX,77020,621112,"Health Care and Social Assistance (Hospitals, Clinics, Doctors)",Type CN,2025-07-22T00:00:00.000,HIPAA / HITECH Patient Data Protection & Ransomware Defense
LEOPOLDO LAPUERTA JR MD PA,"LEO LAPUERTA, JR., M.D., P.A.",1315 ST JOSEPH PKWY STE 950,HOUSTON,TX,77002,621491,"Health Care and Social Assistance (Hospitals, Clinics, Doctors)",Type AP,2006-03-23T00:00:00.000,HIPAA / HITECH Patient Data Protection & Ransomware Defense
"LESLIE A VARKEY, O D, P.C.","LESLIE A VARKEY, O.D, P.C.",700 RUSK ST STE M120,HOUSTON,TX,77002,621320,"Health Care and Social Assistance (Hospitals, Clinics, Doctors)",Type CP,2022-09-23T00:00:00.000,HIPAA / HITECH Patient Data Protection & Ransomware Defense
"LHCG CXCIII, LLC","LHCG CXCIII, LLC",1100 NASA PKWY STE 200,HOUSTON,TX,77058,621610,"Health Care and Social Assistance (Hospitals, Clinics, Doctors)",Limited Liability Company (LLC),2026-05-08T00:00:00.000,HIPAA / HITECH Patient Data Protection & Ransomware Defense
LIFELINE HOUSTON 1 NORTH TX,RMS LIFELINE INC.,7272 N SHEPHERD DR,HOUSTON,TX,77091,621492,"Health Care and Social Assistance (Hospitals, Clinics, Doctors)",Foreign Corporation (Out-of-State),2022-10-21T00:00:00.000,HIPAA / HITECH Patient Data Protection & Ransomware Defense
"LIFELONG WEIGHT LOSS, PLLC","LIFELONG WEIGHT LOSS, PLLC",3100 WESLAYAN ST STE 300,HOUSTON,TX,77027,621111,Offices of Physicians (except Mental Health Specialists),Limited Liability Company (LLC),2023-10-27T00:00:00.000,HIPAA / HITECH Patient Data Protection & Ransomware Defense
LIFETIME EYECARE & CONTACT LENS CENTER #1505,"AEG TEXAS PROFESSIONAL, PLLC",6910 BELLAIRE BLVD STE 3,HOUSTON,TX,77074,621320,"Health Care and Social Assistance (Hospitals, Clinics, Doctors)",Limited Liability Company (LLC),2023-10-17T00:00:00.000,HIPAA / HITECH Patient Data Protection & Ransomware Defense
LIGHTHOUSE SURGICAL HOLDINGS PLLC,LIGHTHOUSE SURGICAL HOLDINGS PLLC,5633 LOCKE LN,HOUSTON,TX,77056,621210,Offices of Dentists,Limited Liability Company (LLC),2024-11-04T00:00:00.000,HIPAA / HITECH Patient Data Protection & Ransomware Defense
LIGHTHOUSE SURGICAL HOLDINGS PLLC,LIGHTHOUSE SURGICAL HOLDINGS PLLC,11451 KATY FWY STE 200,HOUSTON,TX,77079,621210,Offices of Dentists,Limited Liability Company (LLC),2024-11-04T00:00:00.000,HIPAA / HITECH Patient Data Protection & Ransomware Defense
LILAC BLOOMING LLC,LILAC BLOOMING LLC,9801 WESTHEIMER RD STE 1002,HOUSTON,TX,77042,621399,"Health Care and Social Assistance (Hospitals, Clinics, Doctors)",Limited Liability Company (LLC),2026-07-28T00:00:00.000,HIPAA / HITECH Patient Data Protection & Ransomware Defense
LINVILLE AESTHETIC & RECONSTRUCTIVE SURGERY,"LINVILLE AESTHETIC & RECONSTRUCTIVE SURGERY, PLLC",7400 FANNIN ST STE 850,HOUSTON,TX,77054,621111,Offices of Physicians (except Mental Health Specialists),Limited Liability Company (LLC),2019-01-31T00:00:00.000,HIPAA / HITECH Patient Data Protection & Ransomware Defense
"LISSE WELLNESS AND WEIGHT MANAGEMENT, PLLC","LISSE WELLNESS AND WEIGHT MANAGEMENT, PLLC",701 N POST OAK RD STE 205,HOUSTON,TX,77024,621111,Offices of Physicians (except Mental Health Specialists),Limited Liability Company (LLC),2024-09-12T00:00:00.000,HIPAA / HITECH Patient Data Protection & Ransomware Defense
LOGOS DENTAL,MAGED SHOKRALLA,4145 GESSNER RD STE E,HOUSTON,TX,77080,621210,Offices of Dentists,Type IS,2025-10-10T00:00:00.000,HIPAA / HITECH Patient Data Protection & Ransomware Defense
LONESTAR RHEUMATOLOGY PLLC,LONESTAR RHEUMATOLOGY PLLC,11914 ASTORIA BLVD STE 355,HOUSTON,TX,77089,621111,Offices of Physicians (except Mental Health Specialists),Limited Liability Company (LLC),2023-02-22T00:00:00.000,HIPAA / HITECH Patient Data Protection & Ransomware Defense
LONG POINT PHARMACY,"CHIMATEMS, LLC",9501 LONG POINT RD STE J,HOUSTON,TX,77055,621999,"Health Care and Social Assistance (Hospitals, Clinics, Doctors)",Limited Liability Company (LLC),2018-11-28T00:00:00.000,HIPAA / HITECH Patient Data Protection & Ransomware Defense
LOOK EYE CARE,LOOK EYE CARE PLLC,1717 W 34TH ST STE 300,HOUSTON,TX,77018,621320,"Health Care and Social Assistance (Hospitals, Clinics, Doctors)",Limited Liability Company (LLC),2020-01-10T00:00:00.000,HIPAA / HITECH Patient Data Protection & Ransomware Defense
"LOUSEY SOLUTIONS, INC.","LOUSEY SOLUTIONS, INC.",1400 W SAM HOUSTON PKWY N STE 120,HOUSTON,TX,77043,621399,"Health Care and Social Assistance (Hospitals, Clinics, Doctors)",Texas Corporation,2021-08-11T00:00:00.000,HIPAA / HITECH Patient Data Protection & Ransomware Defense
LUNERA DME LLC,LUNERA DME LLC,16300 KATY FWY STE 307,HOUSTON,TX,77094,621610,"Health Care and Social Assistance (Hospitals, Clinics, Doctors)",Limited Liability Company (LLC),2026-05-15T00:00:00.000,HIPAA / HITECH Patient Data Protection & Ransomware Defense
LUXE HEALTH RETREAT LLC,LUXE HEALTH RETREAT LLC,2706 ISABELLA ST,HOUSTON,TX,77004,621399,"Health Care and Social Assistance (Hospitals, Clinics, Doctors)",Limited Liability Company (LLC),2024-12-21T00:00:00.000,HIPAA / HITECH Patient Data Protection & Ransomware Defense
LYONDELL BASELL - HOUSTON REFINERY HEALTH CENTER,"PREMISE HEALTH EMPLOYER SOLUTIONS, LLC",1200 LAWNDALE ST,HOUSTON,TX,77017,621498,"Health Care and Social Assistance (Hospitals, Clinics, Doctors)",Corporation / Corporate Entity,2013-01-08T00:00:00.000,HIPAA / HITECH Patient Data Protection & Ransomware Defense
MAGENTA CLINICS #5,"MAGENTA CLINICS, INC.",9746 KATY FWY STE 100,HOUSTON,TX,77055,621111,Offices of Physicians (except Mental Health Specialists),Type CN,2021-02-18T00:00:00.000,HIPAA / HITECH Patient Data Protection & Ransomware Defense
"MANAGED DIGITAL DOCUMENTS PARTNERSHIP, LP","MANAGED DIGITAL DOCUMENTS PARTNERSHIP, L.P.",9307 KEMPWOOD DR,HOUSTON,TX,77080,621111,Offices of Physicians (except Mental Health Specialists),Type PL,2025-11-10T00:00:00.000,HIPAA / HITECH Patient Data Protection & Ransomware Defense
"MANN EYE CENTER, P.A.","MANN EYE CENTER, P.A.",5115 FANNIN ST,HOUSTON,TX,77004,621111,Offices of Physicians (except Mental Health Specialists),Type AP,2026-02-26T00:00:00.000,HIPAA / HITECH Patient Data Protection & Ransomware Defense
"MARINE DRUG TESTING, LLC","MARINE DRUG TESTING, LLC",1120 NASA PKWY STE 304,HOUSTON,TX,77058,621999,"Health Care and Social Assistance (Hospitals, Clinics, Doctors)",Limited Liability Company (LLC),2014-02-22T00:00:00.000,HIPAA / HITECH Patient Data Protection & Ransomware Defense
"MARK GRAY, DDS COSMETIC & FAMILY DENTISTRY",TX SOUTHERN DENTAL PPO P.C.,1127 ELDRIDGE PKWY STE 1040,HOUSTON,TX,77077,621210,Offices of Dentists,Type CP,2023-07-13T00:00:00.000,HIPAA / HITECH Patient Data Protection & Ransomware Defense
MARQUARDT AUDIOLOGY & HEARING AIDS PLLC,MARQUARDT AUDIOLOGY & HEARING AIDS PLLC,9533 HUFFMEISTER RD STE B,HOUSTON,TX,77095,621340,"Health Care and Social Assistance (Hospitals, Clinics, Doctors)",Limited Liability Company (LLC),2026-04-23T00:00:00.000,HIPAA / HITECH Patient Data Protection & Ransomware Defense
MARY F RILEY DDS PC,MARY RILEY,3355 W ALABAMA ST STE 200,HOUSTON,TX,77098,621210,Offices of Dentists,Type IS,2011-03-01T00:00:00.000,HIPAA / HITECH Patient Data Protection & Ransomware Defense
"MARY M. ALAVI, M.D., P.A.","MARY M. ALAVI, M.D., P.A.",7111 GLEN CHASE CT,HOUSTON,TX,77095,621111,Offices of Physicians (except Mental Health Specialists),Type AP,2023-07-18T00:00:00.000,HIPAA / HITECH Patient Data Protection & Ransomware Defense
MASSAGE BY AMADA,"AMADA THERAPY AND WELLNESS SERVICES, LLC",2514 IDEAL ST,HOUSTON,TX,77009,621399,"Health Care and Social Assistance (Hospitals, Clinics, Doctors)",Limited Liability Company (LLC),2024-03-05T00:00:00.000,HIPAA / HITECH Patient Data Protection & Ransomware Defense
MASSAGE HEIGHTS - VOSS,"LDSJ HOLDINGS, LLC",1415 S VOSS RD STE 150,HOUSTON,TX,77057,621399,"Health Care and Social Assistance (Hospitals, Clinics, Doctors)",Limited Liability Company (LLC),2025-07-15T00:00:00.000,HIPAA / HITECH Patient Data Protection & Ransomware Defense
MASSAGE HEIGHTS - WESLAYEN PLAZA,"LDSJ HOLDINGS, LLC",5460 WESLAYAN ST,HOUSTON,TX,77005,621399,"Health Care and Social Assistance (Hospitals, Clinics, Doctors)",Limited Liability Company (LLC),2025-07-15T00:00:00.000,HIPAA / HITECH Patient Data Protection & Ransomware Defense
MASSAGE THERAPY BY FRANCIS,FRANCISCA G CABALLERO DE CERON,6633 HILLCROFT AVE STE 117,HOUSTON,TX,77081,621999,"Health Care and Social Assistance (Hospitals, Clinics, Doctors)",Type IS,2025-08-29T00:00:00.000,HIPAA / HITECH Patient Data Protection & Ransomware Defense
MAXIM HEALTHCARE SERVICES INC,"MAXIM HEALTHCARE SERVICES, INC.",2301 COMMERCE ST STE 240,HOUSTON,TX,77002,621610,"Health Care and Social Assistance (Hospitals, Clinics, Doctors)",Foreign Corporation (Out-of-State),2024-10-16T00:00:00.000,HIPAA / HITECH Patient Data Protection & Ransomware Defense
"MAXIM HEALTHCARE SERVICES, INC.","MAXIM HEALTHCARE SERVICES, INC.",10777 WESTHEIMER RD STE 955,HOUSTON,TX,77042,621610,"Health Care and Social Assistance (Hospitals, Clinics, Doctors)",Foreign Corporation (Out-of-State),2023-02-10T00:00:00.000,HIPAA / HITECH Patient Data Protection & Ransomware Defense
"MAXIMEYES VISION, PLLC","MAXIMEYES VISION, PLLC",14754 MEMORIAL DR STE 300,HOUSTON,TX,77079,621320,"Health Care and Social Assistance (Hospitals, Clinics, Doctors)",Limited Liability Company (LLC),2014-11-17T00:00:00.000,HIPAA / HITECH Patient Data Protection & Ransomware Defense
MAYS MD PA,MAYS MD PA,4619 BANNING DR,HOUSTON,TX,77027,621399,"Health Care and Social Assistance (Hospitals, Clinics, Doctors)",Type AP,2025-11-11T00:00:00.000,HIPAA / HITECH Patient Data Protection & Ransomware Defense
MD WELLNESS & HEALTH PLLC,"MD WELLNESS & HEALTH, PLLC",5225 KATY FWY STE 245,HOUSTON,TX,77007,621111,Offices of Physicians (except Mental Health Specialists),Limited Liability Company (LLC),2024-08-29T00:00:00.000,HIPAA / HITECH Patient Data Protection & Ransomware Defense
"MED SOUTHWEST, PLLC","MED SOUTHWEST, PLLC",6970 FM 1960 RD W STE A,HOUSTON,TX,77069,621320,"Health Care and Social Assistance (Hospitals, Clinics, Doctors)",Limited Liability Company (LLC),2019-02-07T00:00:00.000,HIPAA / HITECH Patient Data Protection & Ransomware Defense
"MED SOUTHWEST, PLLC","MED SOUTHWEST, PLLC",6328 TELEPHONE RD,HOUSTON,TX,77087,621320,"Health Care and Social Assistance (Hospitals, Clinics, Doctors)",Limited Liability Company (LLC),2026-05-13T00:00:00.000,HIPAA / HITECH Patient Data Protection & Ransomware Defense
"MED SOUTHWEST, PLLC","MED SOUTHWEST, PLLC",711 SHOTWELL ST,HOUSTON,TX,77020,621320,"Health Care and Social Assistance (Hospitals, Clinics, Doctors)",Limited Liability Company (LLC),2026-05-14T00:00:00.000,HIPAA / HITECH Patient Data Protection & Ransomware Defense
"MED SOUTHWEST, PLLC","MED SOUTHWEST, PLLC",11159 WESTHEIMER RD,HOUSTON,TX,77042,621320,"Health Care and Social Assistance (Hospitals, Clinics, Doctors)",Limited Liability Company (LLC),2021-01-13T00:00:00.000,HIPAA / HITECH Patient Data Protection & Ransomware Defense
"MED SOUTHWEST, PLLC","MED SOUTHWEST, PLLC",9105 W SAM HOUSTON PKWY N STE 800,HOUSTON,TX,77064,621320,"Health Care and Social Assistance (Hospitals, Clinics, Doctors)",Limited Liability Company (LLC),2021-07-19T00:00:00.000,HIPAA / HITECH Patient Data Protection & Ransomware Defense
"MED SOUTHWEST, PLLC","MED SOUTHWEST, PLLC",1616 CLEAR LAKE CITY BLVD STE 103,HOUSTON,TX,77062,621320,"Health Care and Social Assistance (Hospitals, Clinics, Doctors)",Limited Liability Company (LLC),2021-10-21T00:00:00.000,HIPAA / HITECH Patient Data Protection & Ransomware Defense
"MED SOUTHWEST, PLLC","MED SOUTHWEST, PLLC",9950 KATY FWY STE A,HOUSTON,TX,77055,621320,"Health Care and Social Assistance (Hospitals, Clinics, Doctors)",Limited Liability Company (LLC),2021-12-08T00:00:00.000,HIPAA / HITECH Patient Data Protection & Ransomware Defense
"MED SOUTHWEST, PLLC","MED SOUTHWEST, PLLC",805 WALKER ST,HOUSTON,TX,77002,621320,"Health Care and Social Assistance (Hospitals, Clinics, Doctors)",Limited Liability Company (LLC),2021-12-08T00:00:00.000,HIPAA / HITECH Patient Data Protection & Ransomware Defense
"MED SOUTHWEST, PLLC","MED SOUTHWEST, PLLC",4850 MAIN ST,HOUSTON,TX,77002,621320,"Health Care and Social Assistance (Hospitals, Clinics, Doctors)",Limited Liability Company (LLC),2021-12-08T00:00:00.000,HIPAA / HITECH Patient Data Protection & Ransomware Defense
"MED SOUTHWEST, PLLC","MED SOUTHWEST, PLLC",365 GREENS RD,HOUSTON,TX,77060,621320,"Health Care and Social Assistance (Hospitals, Clinics, Doctors)",Limited Liability Company (LLC),2021-12-09T00:00:00.000,HIPAA / HITECH Patient Data Protection & Ransomware Defense
"MED SOUTHWEST, PLLC","MED SOUTHWEST, PLLC",4400 NORTH FWY STE B300,HOUSTON,TX,77022,621320,"Health Care and Social Assistance (Hospitals, Clinics, Doctors)",Limited Liability Company (LLC),2021-12-08T00:00:00.000,HIPAA / HITECH Patient Data Protection & Ransomware Defense
"MED SOUTHWEST, PLLC","MED SOUTHWEST, PLLC",1051 HALSEY ST,HOUSTON,TX,77015,621320,"Health Care and Social Assistance (Hospitals, Clinics, Doctors)",Limited Liability Company (LLC),2021-12-08T00:00:00.000,HIPAA / HITECH Patient Data Protection & Ransomware Defense
"MED SOUTHWEST, PLLC","MED SOUTHWEST, PLLC",14637 MEMORIAL DR STE D,HOUSTON,TX,77079,621320,"Health Care and Social Assistance (Hospitals, Clinics, Doctors)",Limited Liability Company (LLC),2022-01-04T00:00:00.000,HIPAA / HITECH Patient Data Protection & Ransomware Defense
"MED SOUTHWEST, PLLC","MED SOUTHWEST, PLLC",8506 HIGHWAY 6 N,HOUSTON,TX,77095,621320,"Health Care and Social Assistance (Hospitals, Clinics, Doctors)",Limited Liability Company (LLC),2022-05-17T00:00:00.000,HIPAA / HITECH Patient Data Protection & Ransomware Defense
"MED SOUTHWEST, PLLC","MED SOUTHWEST, PLLC",724 MEYERLAND PLAZA MALL,HOUSTON,TX,77096,621320,"Health Care and Social Assistance (Hospitals, Clinics, Doctors)",Limited Liability Company (LLC),2022-07-05T00:00:00.000,HIPAA / HITECH Patient Data Protection & Ransomware Defense
MED-CENTER DIALYSIS CENTER,"RENAL TREATMENT CENTERS - SOUTHEAST, LP",5610 ALMEDA RD,HOUSTON,TX,77004,621492,"Health Care and Social Assistance (Hospitals, Clinics, Doctors)",Type PF,2026-04-14T00:00:00.000,HIPAA / HITECH Patient Data Protection & Ransomware Defense
"MEDICAL CENTER ENDOSCOPY, LLC","MEDICAL CENTER ENDOSCOPY, LLC",6560 FANNIN ST STE 600,HOUSTON,TX,77030,621111,Offices of Physicians (except Mental Health Specialists),Limited Liability Company (LLC),2018-04-19T00:00:00.000,HIPAA / HITECH Patient Data Protection & Ransomware Defense
MEDICAL CLINIC OF HOUSTON LLP,MEDICAL CLINIC OF HOUSTON LLP,1701 SUNSET BLVD,HOUSTON,TX,77005,621111,Offices of Physicians (except Mental Health Specialists),Type PB,2003-10-06T00:00:00.000,HIPAA / HITECH Patient Data Protection & Ransomware Defense
"MEDICAL INSIGHTS & CARE UNLIMITED, LP","MEDICAL INSIGHTS & CARE UNLIMITED, LP",4610 BELLE PARK DR,HOUSTON,TX,77072,621610,"Health Care and Social Assistance (Hospitals, Clinics, Doctors)",Type PL,2013-05-30T00:00:00.000,HIPAA / HITECH Patient Data Protection & Ransomware Defense
MEDICAL SPA CLINIC 45,MEDICAL SPA CLINIC 45 PLLC,8221 GULF FWY STE 400,HOUSTON,TX,77017,621111,Offices of Physicians (except Mental Health Specialists),Limited Liability Company (LLC),2023-06-27T00:00:00.000,HIPAA / HITECH Patient Data Protection & Ransomware Defense
MEDSPA AT CHRISTIMD,"MEDSPA AT CHRISTIMD, PLLC",18300 KATY FWY STE 545,HOUSTON,TX,77094,621111,Offices of Physicians (except Mental Health Specialists),Limited Liability Company (LLC),2023-05-20T00:00:00.000,HIPAA / HITECH Patient Data Protection & Ransomware Defense
"MEGHNA H. DASSANI DMD, PA","MEGHNA H. DASSANI DMD, PA",1616 CLEAR LAKE CITY BLVD STE 110,HOUSTON,TX,77062,621210,Offices of Dentists,Type AP,2012-02-28T00:00:00.000,HIPAA / HITECH Patient Data Protection & Ransomware Defense
MELISSA WATTS MASSAGE,MELISSA WATTS,12010 JONES RD,HOUSTON,TX,77070,621399,"Health Care and Social Assistance (Hospitals, Clinics, Doctors)",Type IS,2026-07-29T00:00:00.000,HIPAA / HITECH Patient Data Protection & Ransomware Defense
MEMORIAL - WILCREST,"AEG TEXAS PROFESSIONAL, PLLC",2677 WILCREST DR,HOUSTON,TX,77042,621320,"Health Care and Social Assistance (Hospitals, Clinics, Doctors)",Limited Liability Company (LLC),2019-10-29T00:00:00.000,HIPAA / HITECH Patient Data Protection & Ransomware Defense
MEMORIAL -ELDRIDGE,"AEG TEXAS PROFESSIONAL, PLLC",15080 MEMORIAL DR,HOUSTON,TX,77079,621320,"Health Care and Social Assistance (Hospitals, Clinics, Doctors)",Limited Liability Company (LLC),2019-10-29T00:00:00.000,HIPAA / HITECH Patient Data Protection & Ransomware Defense
MEMORIAL ADVANCED RHEUMATOLOGY INC,MEMORIAL ADVANCED RHEUMATOLOGY INC,902 FROSTWOOD DR STE 208,HOUSTON,TX,77024,621111,Offices of Physicians (except Mental Health Specialists),Texas Corporation,2020-10-30T00:00:00.000,HIPAA / HITECH Patient Data Protection & Ransomware Defense
MEMORIAL CITY DENTISTRY,"PRESTON WEST, D.D.S., P.C.",831 FROSTWOOD DR,HOUSTON,TX,77024,621210,Offices of Dentists,Type CP,2001-10-16T00:00:00.000,HIPAA / HITECH Patient Data Protection & Ransomware Defense
MEMORIAL CITY HOSPITAL,"CLINICAL PATHOLOGY LABORATORIES, INC.",902 FROSTWOOD DR STE 259,HOUSTON,TX,77024,621511,"Health Care and Social Assistance (Hospitals, Clinics, Doctors)",Texas Corporation,2001-03-13T00:00:00.000,HIPAA / HITECH Patient Data Protection & Ransomware Defense
MEMORIAL CITY HOSPITAL,"CLINICAL PATHOLOGY LABORATORIES, INC.",903 FROSTWOOD DR # 675,HOUSTON,TX,77024,621511,"Health Care and Social Assistance (Hospitals, Clinics, Doctors)",Texas Corporation,2001-03-13T00:00:00.000,HIPAA / HITECH Patient Data Protection & Ransomware Defense
"MEMORIAL DENTISTS, PC","MEMORIAL DENTISTS, PC",14565 MEMORIAL DR,HOUSTON,TX,77079,621210,Offices of Dentists,Type CP,2022-08-16T00:00:00.000,HIPAA / HITECH Patient Data Protection & Ransomware Defense
MEMORIAL DERMATOLOGY,GREG W PEARSON,915 GESSNER RD STE 950,HOUSTON,TX,77024,621111,Offices of Physicians (except Mental Health Specialists),Type IS,2006-02-02T00:00:00.000,HIPAA / HITECH Patient Data Protection & Ransomware Defense
MEMORIAL DIALYSIS CENTER #247,"RENAL TREATMENT CENTERS - SOUTHEAST, LP",11621 KATY FWY,HOUSTON,TX,77079,621492,"Health Care and Social Assistance (Hospitals, Clinics, Doctors)",Type PF,2026-04-14T00:00:00.000,HIPAA / HITECH Patient Data Protection & Ransomware Defense
MEMORIAL EYE CENTER,"AEG TEXAS PROFESSIONAL, PLLC",1229 W 43RD ST,HOUSTON,TX,77018,621320,"Health Care and Social Assistance (Hospitals, Clinics, Doctors)",Limited Liability Company (LLC),2020-11-12T00:00:00.000,HIPAA / HITECH Patient Data Protection & Ransomware Defense
MEMORIAL EYE CENTER-HEIGHTS,"AEG TEXAS PROFESSIONAL, PLLC",550 HEIGHTS BLVD UNIT B,HOUSTON,TX,77007,621320,"Health Care and Social Assistance (Hospitals, Clinics, Doctors)",Limited Liability Company (LLC),2022-03-09T00:00:00.000,HIPAA / HITECH Patient Data Protection & Ransomware Defense
MEMORIAL HERMAN SURGERY CENTER NORTHWEST LLP,MEMORIAL HERMANN SURGERY CENTER NORTHWEST LLP,1631 NORTH LOOP W STE 300,HOUSTON,TX,77008,621493,"Health Care and Social Assistance (Hospitals, Clinics, Doctors)",Type PB,2005-11-04T00:00:00.000,HIPAA / HITECH Patient Data Protection & Ransomware Defense
"MEMORIAL HERMANN BAY AREA ENDOSCOPY CENTER, LLC","MEMORIAL HERMANN BAY AREA ENDOSCOPY CENTER, LLC",444 FM 1959 RD STE B,HOUSTON,TX,77034,621493,"Health Care and Social Assistance (Hospitals, Clinics, Doctors)",Limited Liability Company (LLC),2017-08-11T00:00:00.000,HIPAA / HITECH Patient Data Protection & Ransomware Defense
MEMORIAL HERMANN ENDOSCOPY & SURGERY CENTER N HOUS,MEMORIAL HERMANN ENDOSCOPY & SURGERY CENTER NORTH,275 LANTERN BEND DR STE 400,HOUSTON,TX,77090,621493,"Health Care and Social Assistance (Hospitals, Clinics, Doctors)",Limited Liability Company (LLC),2011-07-05T00:00:00.000,HIPAA / HITECH Patient Data Protection & Ransomware Defense
"MEMORIAL HERMANN ENDOSCOPY CENTER NORTH FREEWAY, L","MEMORIAL HERMANN ENDOSCOPY CENTER NORTH FREEWAY, L",7333 NORTH FWY STE 400,HOUSTON,TX,77076,621493,"Health Care and Social Assistance (Hospitals, Clinics, Doctors)",Limited Liability Company (LLC),2011-12-08T00:00:00.000,HIPAA / HITECH Patient Data Protection & Ransomware Defense
"MEMORIAL HERMANN SURGERY CENTER KIRBY, LLC","MEMORIAL HERMANN SURGERY CENTER KIRBY, LLC",2459 S BRAESWOOD BLVD,HOUSTON,TX,77030,621493,"Health Care and Social Assistance (Hospitals, Clinics, Doctors)",Limited Liability Company (LLC),2017-08-11T00:00:00.000,HIPAA / HITECH Patient Data Protection & Ransomware Defense
MEMORIAL HERMANN SURGERY CENTER MAIN STREET,"MEMORIAL HERMANN SURGERY CENTER MAIN STREET, LLC",7515 MAIN ST STE 800,HOUSTON,TX,77030,621493,"Health Care and Social Assistance (Hospitals, Clinics, Doctors)",Limited Liability Company (LLC),2019-08-15T00:00:00.000,HIPAA / HITECH Patient Data Protection & Ransomware Defense
"MEMORIAL HERMANN SURGERY CENTER MEMORIAL CITY, L.L","MEMORIAL HERMANN SURGERY CENTER MEMORIAL CITY, L.L",12727 KIMBERLEY LN STE 100,HOUSTON,TX,77024,621493,"Health Care and Social Assistance (Hospitals, Clinics, Doctors)",Limited Liability Company (LLC),2011-07-15T00:00:00.000,HIPAA / HITECH Patient Data Protection & Ransomware Defense
MEMORIAL HERMANN SURGERY CENTER SOUTHWEST LLP,MEMORIAL HERMANN SURGERY CENTER SOUTHWEST LLP,7789 SOUTHWEST FWY,HOUSTON,TX,77074,621493,"Health Care and Social Assistance (Hospitals, Clinics, Doctors)",Type PB,2006-11-08T00:00:00.000,HIPAA / HITECH Patient Data Protection & Ransomware Defense
MEMORIAL HERMANN TEXAS INTERNATIONAL ENDOSCOPY CEN,MEMORIAL HERMANN TEXAS INTERNATIONAL ENDOSCOPY CEN,6620 MAIN ST STE 1500,HOUSTON,TX,77030,621493,"Health Care and Social Assistance (Hospitals, Clinics, Doctors)",Limited Liability Company (LLC),2014-07-28T00:00:00.000,HIPAA / HITECH Patient Data Protection & Ransomware Defense
"MEMORIAL HOUSTON SURGERY CENTER, LLC","MEMORIAL HOUSTON SURGERY CENTER, LLC",9230 KATY FWY,HOUSTON,TX,77055,621493,"Health Care and Social Assistance (Hospitals, Clinics, Doctors)",Limited Liability Company (LLC),2023-07-22T00:00:00.000,HIPAA / HITECH Patient Data Protection & Ransomware Defense
MEMORIAL PARK VISION,"MEMORIAL PARK VISION, PROFESSIONAL ASSOCIATION",5535 MEMORIAL DR STE I,HOUSTON,TX,77007,621320,"Health Care and Social Assistance (Hospitals, Clinics, Doctors)",Type AP,2019-08-03T00:00:00.000,HIPAA / HITECH Patient Data Protection & Ransomware Defense
METAMORPHOSIS SPINE AND SPORT WELLNESS LLC,METAMORPHOSIS SPINE AND SPORT WELLNESS LLC,6201 BONHOMME RD,HOUSTON,TX,77036,621310,"Health Care and Social Assistance (Hospitals, Clinics, Doctors)",Limited Liability Company (LLC),2026-08-03T00:00:00.000,HIPAA / HITECH Patient Data Protection & Ransomware Defense
"METROPOLITAN DERMATOLOGY INSTITUTE, PLLC","METROPOLITAN DERMATOLOGY INSTITUTE, PLLC",720 N POST OAK RD STE 500,HOUSTON,TX,77024,621111,Offices of Physicians (except Mental Health Specialists),Limited Liability Company (LLC),2012-10-10T00:00:00.000,HIPAA / HITECH Patient Data Protection & Ransomware Defense
MEYERLAND 1281,"AEG TEXAS PROFESSIONAL, PLLC",238 MEYERLAND PLAZA MALL,HOUSTON,TX,77096,621320,"Health Care and Social Assistance (Hospitals, Clinics, Doctors)",Limited Liability Company (LLC),2021-08-18T00:00:00.000,HIPAA / HITECH Patient Data Protection & Ransomware Defense
MEYERLAND MODERN DENTISTRY,"MEYERLAND MODERN DENTISTRY, PC",4950 BEECHNUT ST,HOUSTON,TX,77096,621210,Offices of Dentists,Type CP,2020-01-14T00:00:00.000,HIPAA / HITECH Patient Data Protection & Ransomware Defense
MIA AESTHETICS CLINIC HOU PLLC,MIA AESTHETICS CLINIC HOU PLLC,4120 SOUTHWEST FWY STE 230,HOUSTON,TX,77027,621111,Offices of Physicians (except Mental Health Specialists),Limited Liability Company (LLC),2021-10-15T00:00:00.000,HIPAA / HITECH Patient Data Protection & Ransomware Defense
MICHAEL E CIARAVINO MD PA,MICHAEL E CIARAVINO,3700 BUFFALO SPEEDWAY STE 850,HOUSTON,TX,77098,621498,"Health Care and Social Assistance (Hospitals, Clinics, Doctors)",Type IS,2000-06-23T00:00:00.000,HIPAA / HITECH Patient Data Protection & Ransomware Defense
"MICHAEL J LANDRY, DDS, PLLC","MICHAEL J LANDRY, DDS, PLLC",9720 CYPRESSWOOD DR STE 200,HOUSTON,TX,77070,621210,Offices of Dentists,Limited Liability Company (LLC),2017-10-25T00:00:00.000,HIPAA / HITECH Patient Data Protection & Ransomware Defense
MICROBIOLOGY SPECIALISTS INCORPORATED,MICROBIOLOGY SPECIALISTS INCORPORATED,8911 INTERCHANGE DR,HOUSTON,TX,77054,621511,"Health Care and Social Assistance (Hospitals, Clinics, Doctors)",Texas Corporation,1999-06-07T00:00:00.000,HIPAA / HITECH Patient Data Protection & Ransomware Defense
MIDTOWN CHIROPRACTIC & REHAB,"MIDTOWN CHIROPRACTIC & REHAB, INC.",2117 CHENEVERT ST STE J,HOUSTON,TX,77003,621310,"Health Care and Social Assistance (Hospitals, Clinics, Doctors)",Texas Corporation,2023-07-20T00:00:00.000,HIPAA / HITECH Patient Data Protection & Ransomware Defense
MINNOW WELLNESS PLLC,MINNOW WELLNESS PLLC,3334 RICHMOND AVE STE 208,HOUSTON,TX,77098,621399,"Health Care and Social Assistance (Hospitals, Clinics, Doctors)",Limited Liability Company (LLC),2026-03-20T00:00:00.000,HIPAA / HITECH Patient Data Protection & Ransomware Defense
MIRACLE LEAF HEALTH CENTER,"R & L CONSULTING SERVICES, LLC",4001 S SAM HOUSTON PKWY E STE 131,HOUSTON,TX,77047,621111,Offices of Physicians (except Mental Health Specialists),Limited Liability Company (LLC),2024-01-24T00:00:00.000,HIPAA / HITECH Patient Data Protection & Ransomware Defense
"MODERN K CLINIC, INC.","MODERN K CLINIC, INC.",1313 CAMPBELL RD STE F,HOUSTON,TX,77055,621111,Offices of Physicians (except Mental Health Specialists),Texas Corporation,2026-04-07T00:00:00.000,HIPAA / HITECH Patient Data Protection & Ransomware Defense
MODERN SKIN,"AMOR BUSINESS SOLUTIONS, LLC",12112 CITY TREK LN,HOUSTON,TX,77047,621112,"Health Care and Social Assistance (Hospitals, Clinics, Doctors)",Limited Liability Company (LLC),2025-07-08T00:00:00.000,HIPAA / HITECH Patient Data Protection & Ransomware Defense
MODERNEYES VISION CENTER P C,"MODERNEYES VISION CENTER, P.C.",4603C FM 1960 RD W,HOUSTON,TX,77069,621320,"Health Care and Social Assistance (Hospitals, Clinics, Doctors)",Type CP,2004-05-27T00:00:00.000,HIPAA / HITECH Patient Data Protection & Ransomware Defense
"MONITOR MEDICAL, INC.","MONITOR MEDICAL, INC.",16876 ROYAL CREST DR,HOUSTON,TX,77058,621610,"Health Care and Social Assistance (Hospitals, Clinics, Doctors)",Texas Corporation,2025-12-22T00:00:00.000,HIPAA / HITECH Patient Data Protection & Ransomware Defense
"MONITOR MEDICAL, INC.","MONITOR MEDICAL, INC.",9731 WORTHAM BLVD STE 102,HOUSTON,TX,77065,621610,"Health Care and Social Assistance (Hospitals, Clinics, Doctors)",Texas Corporation,2007-06-25T00:00:00.000,HIPAA / HITECH Patient Data Protection & Ransomware Defense
MUNDO LATINO CLINICA MEDICA LLC,MUNDO LATINO CLINICA MEDICA LLC,5945 BELLAIRE BLVD STE F,HOUSTON,TX,77081,621399,"Health Care and Social Assistance (Hospitals, Clinics, Doctors)",Limited Liability Company (LLC),2026-06-09T00:00:00.000,HIPAA / HITECH Patient Data Protection & Ransomware Defense
MUSE CHIROPRACTIC,MUSE CHIROPRACTIC LLC,2808 CAROLINE ST STE 201X,HOUSTON,TX,77004,621310,"Health Care and Social Assistance (Hospitals, Clinics, Doctors)",Limited Liability Company (LLC),2025-04-28T00:00:00.000,HIPAA / HITECH Patient Data Protection & Ransomware Defense
MUSTANG ENGINEERING HEALTH CENTER,"PREMISE HEALTH EMPLOYER SOLUTIONS, LLC",17404 KATY FWY,HOUSTON,TX,77094,621498,"Health Care and Social Assistance (Hospitals, Clinics, Doctors)",Corporation / Corporate Entity,2013-01-08T00:00:00.000,HIPAA / HITECH Patient Data Protection & Ransomware Defense
MV MEDICAL AESTHETICS,JC MANAGEMENT TX LLC,2401 N SHEPHERD DR STE 229,HOUSTON,TX,77008,621111,Offices of Physicians (except Mental Health Specialists),Limited Liability Company (LLC),2026-05-05T00:00:00.000,HIPAA / HITECH Patient Data Protection & Ransomware Defense
"MY HOUSTON SURGEONS, PLLC","MY HOUSTON SURGEONS, PLLC",9230 KATY FWY STE 600,HOUSTON,TX,77055,621111,Offices of Physicians (except Mental Health Specialists),Limited Liability Company (LLC),2020-05-22T00:00:00.000,HIPAA / HITECH Patient Data Protection & Ransomware Defense
MYEYEDR.,"MED SOUTHWEST, PLLC",1635A S VOSS RD,HOUSTON,TX,77057,621320,"Health Care and Social Assistance (Hospitals, Clinics, Doctors)",Limited Liability Company (LLC),2020-11-13T00:00:00.000,HIPAA / HITECH Patient Data Protection & Ransomware Defense
N HOUSTON DIALYSIS CENTER #00930,"RENAL TREATMENT CENTERS - SOUTHEAST, LP",8621 FULTON ST,HOUSTON,TX,77022,621492,"Health Care and Social Assistance (Hospitals, Clinics, Doctors)",Type PF,2026-04-14T00:00:00.000,HIPAA / HITECH Patient Data Protection & Ransomware Defense
NAKEDMD,"NAKEDMD TEXAS, P.A.",3100 TIMMONS LN STE 420,HOUSTON,TX,77027,621111,Offices of Physicians (except Mental Health Specialists),Type AP,2025-10-17T00:00:00.000,HIPAA / HITECH Patient Data Protection & Ransomware Defense
"NASA CHIROPRACTIC, PLLC","NASA CHIROPRACTIC, PLLC",940 GEMINI ST STE 101,HOUSTON,TX,77058,621310,"Health Care and Social Assistance (Hospitals, Clinics, Doctors)",Limited Liability Company (LLC),2014-09-08T00:00:00.000,HIPAA / HITECH Patient Data Protection & Ransomware Defense
"NATALY PEREZ, D.C., LLC","NATALY PEREZ, D.C., LLC",721 E 14TH ST,HOUSTON,TX,77008,621310,"Health Care and Social Assistance (Hospitals, Clinics, Doctors)",Limited Liability Company (LLC),2020-11-05T00:00:00.000,HIPAA / HITECH Patient Data Protection & Ransomware Defense
NEER DIAGNOSTIC LABORATORY LLC,NEER DIAGNOSTIC LABORATORY LLC,16100 CAIRNWAY DR STE 225,HOUSTON,TX,77084,621511,"Health Care and Social Assistance (Hospitals, Clinics, Doctors)",Limited Liability Company (LLC),2026-01-02T00:00:00.000,HIPAA / HITECH Patient Data Protection & Ransomware Defense
NEOSSEN THERAPEUTICS INC.,RIBOTWIST INC.,6655 TRAVIS ST STE 795,HOUSTON,TX,77030,621511,"Health Care and Social Assistance (Hospitals, Clinics, Doctors)",Texas Corporation,2019-06-05T00:00:00.000,HIPAA / HITECH Patient Data Protection & Ransomware Defense
"NEW SCHRYVER, LLC","NEW SCHRYVER, LLC",1416 N SAM HOUSTON PKWY E STE 190,HOUSTON,TX,77032,621511,"Health Care and Social Assistance (Hospitals, Clinics, Doctors)",Corporation / Corporate Entity,2019-05-22T00:00:00.000,HIPAA / HITECH Patient Data Protection & Ransomware Defense
"NEW SCHRYVER, LLC","NEW SCHRYVER, LLC",9001 AIRPORT BLVD STE 301,HOUSTON,TX,77061,621999,"Health Care and Social Assistance (Hospitals, Clinics, Doctors)",Corporation / Corporate Entity,2017-06-01T00:00:00.000,HIPAA / HITECH Patient Data Protection & Ransomware Defense
"NEW SCHRYVER, LLC","NEW SCHRYVER, LLC",600 KENRICK DR STE A12,HOUSTON,TX,77060,621999,"Health Care and Social Assistance (Hospitals, Clinics, Doctors)",Corporation / Corporate Entity,2017-06-01T00:00:00.000,HIPAA / HITECH Patient Data Protection & Ransomware Defense
"NEW VISTA HEALTH, LLC","NEW VISTA HEALTH, LLC",2500 FONDREN RD,HOUSTON,TX,77063,621493,"Health Care and Social Assistance (Hospitals, Clinics, Doctors)",Corporation / Corporate Entity,2024-11-26T00:00:00.000,HIPAA / HITECH Patient Data Protection & Ransomware Defense
NEXT LEVEL URGENT CARE,"NEXT LEVEL URGENT CARE, LLC",5718 WESTHEIMER RD STE 1800,HOUSTON,TX,77057,621493,"Health Care and Social Assistance (Hospitals, Clinics, Doctors)",Limited Liability Company (LLC),2021-12-23T00:00:00.000,HIPAA / HITECH Patient Data Protection & Ransomware Defense
NEXT STEP CLINIC LLC,"NEXT STEP CLINIC, LLC",4615 NORTH FWY STE 314,HOUSTON,TX,77022,621310,"Health Care and Social Assistance (Hospitals, Clinics, Doctors)",Limited Liability Company (LLC),2025-06-03T00:00:00.000,HIPAA / HITECH Patient Data Protection & Ransomware Defense
NGUYEN WELLNESS & RECOVERY,"NGUYEN WELLNESS & RECOVERY, LLC",2050 NORTH LOOP W STE 224,HOUSTON,TX,77018,621399,"Health Care and Social Assistance (Hospitals, Clinics, Doctors)",Limited Liability Company (LLC),2023-04-20T00:00:00.000,HIPAA / HITECH Patient Data Protection & Ransomware Defense
NIGRO DERMATOLOGY GROUP,"NIGRO DERMATOLOGY GROUP, P.A.",2800 KIRBY DR STE A200,HOUSTON,TX,77098,621111,Offices of Physicians (except Mental Health Specialists),Type AP,2013-06-13T00:00:00.000,HIPAA / HITECH Patient Data Protection & Ransomware Defense
"NIGRO DERMATOLOGY GROUP, P.A.","NIGRO DERMATOLOGY GROUP, P.A.",7700 SAN FELIPE ST STE 492,HOUSTON,TX,77063,621111,Offices of Physicians (except Mental Health Specialists),Type AP,2016-04-05T00:00:00.000,HIPAA / HITECH Patient Data Protection & Ransomware Defense
NNAYDE LIMITED LIABILITY COMPANY,NNAYDE LIMITED LIABILITY COMPANY,8901 BRAESMONT DR,HOUSTON,TX,77096,621910,"Health Care and Social Assistance (Hospitals, Clinics, Doctors)",Limited Liability Company (LLC),2026-01-02T00:00:00.000,HIPAA / HITECH Patient Data Protection & Ransomware Defense
NNAYDE LIMITED LIABILITY COMPANY,NNAYDE LIMITED LIABILITY COMPANY,13098 WESTHEIMER RD,HOUSTON,TX,77077,621910,"Health Care and Social Assistance (Hospitals, Clinics, Doctors)",Limited Liability Company (LLC),2026-01-02T00:00:00.000,HIPAA / HITECH Patient Data Protection & Ransomware Defense
NORTH CYPRESS SURGERY CENTER,"NORTH CYPRESS SURGICENTER, LLC",10425 HUFFMEISTER RD STE 100,HOUSTON,TX,77065,621999,"Health Care and Social Assistance (Hospitals, Clinics, Doctors)",Corporation / Corporate Entity,2022-12-30T00:00:00.000,HIPAA / HITECH Patient Data Protection & Ransomware Defense
NORTH PARK DIALYSIS #5798,"RENAL TREATMENT CENTERS - SOUTHEAST, LP",324 FM 1960 RD,HOUSTON,TX,77073,621492,"Health Care and Social Assistance (Hospitals, Clinics, Doctors)",Type PF,2026-04-14T00:00:00.000,HIPAA / HITECH Patient Data Protection & Ransomware Defense
NORTH SHEPHARD DIALYSIS #04264,"RENAL TREATMENT CENTERS - SOUTHEAST, LP",7272 N SHEPHERD DR BLDG B,HOUSTON,TX,77091,621492,"Health Care and Social Assistance (Hospitals, Clinics, Doctors)",Type PF,2026-04-14T00:00:00.000,HIPAA / HITECH Patient Data Protection & Ransomware Defense
NORTHWEST KIDNEY CENTER #00378,"RENAL TREATMENT CENTERS - SOUTHEAST, LP",10985 NORTHWEST FWY,HOUSTON,TX,77092,621492,"Health Care and Social Assistance (Hospitals, Clinics, Doctors)",Type PF,2026-04-14T00:00:00.000,HIPAA / HITECH Patient Data Protection & Ransomware Defense
"NP PLUS, LLC","NP PLUS, LLC",2600 S GESSNER RD STE 320,HOUSTON,TX,77063,621610,"Health Care and Social Assistance (Hospitals, Clinics, Doctors)",Corporation / Corporate Entity,2022-12-08T00:00:00.000,HIPAA / HITECH Patient Data Protection & Ransomware Defense
NSC-TX,"NSC-TX, PLLC",4828 LOOP CENTRAL DR STE 150,HOUSTON,TX,77081,621391,"Health Care and Social Assistance (Hospitals, Clinics, Doctors)",Limited Liability Company (LLC),2024-03-28T00:00:00.000,HIPAA / HITECH Patient Data Protection & Ransomware Defense
NUSMILE PEDIATRIC CROWNS,"NUSMILE, LTD.",3315 W 12TH ST,HOUSTON,TX,77008,621210,Offices of Dentists,Type PL,2024-11-01T00:00:00.000,HIPAA / HITECH Patient Data Protection & Ransomware Defense
NUUBO LLC,NUUBO LLC,140 CYPRESS STATION DR STE 215,HOUSTON,TX,77090,621511,"Health Care and Social Assistance (Hospitals, Clinics, Doctors)",Corporation / Corporate Entity,2023-08-23T00:00:00.000,HIPAA / HITECH Patient Data Protection & Ransomware Defense
"OAK FOREST DENTAL GROUP AND ORTHODONTICS, PC","OAK FOREST DENTAL GROUP AND ORTHODONTICS, PC",1354 W 43RD ST STE C,HOUSTON,TX,77018,621210,Offices of Dentists,Type CP,2013-04-30T00:00:00.000,HIPAA / HITECH Patient Data Protection & Ransomware Defense
OCTAPHARMA PLASMA,"OCTAPHARMA PLASMA, INC.",10945 CYPRESS CREEK PKWY,HOUSTON,TX,77070,621999,"Health Care and Social Assistance (Hospitals, Clinics, Doctors)",Foreign Corporation (Out-of-State),2022-02-28T00:00:00.000,HIPAA / HITECH Patient Data Protection & Ransomware Defense
"OCTAPHARMA PLASMA, INC.","OCTAPHARMA PLASMA, INC.",9203 STELLA LINK RD,HOUSTON,TX,77025,621999,"Health Care and Social Assistance (Hospitals, Clinics, Doctors)",Foreign Corporation (Out-of-State),2015-12-21T00:00:00.000,HIPAA / HITECH Patient Data Protection & Ransomware Defense
OMNI #926,"RENAL TREATMENT CENTERS - SOUTHEAST, LP",9350 KIRBY DR STE 110,HOUSTON,TX,77054,621492,"Health Care and Social Assistance (Hospitals, Clinics, Doctors)",Type PF,2026-04-14T00:00:00.000,HIPAA / HITECH Patient Data Protection & Ransomware Defense
ONE LIFE PSYCHIATRY PLLC,ONE LIFE PSYCHIATRY PLLC,132 CASTLEGATE LN,HOUSTON,TX,77065,621112,"Health Care and Social Assistance (Hospitals, Clinics, Doctors)",Limited Liability Company (LLC),2024-05-15T00:00:00.000,HIPAA / HITECH Patient Data Protection & Ransomware Defense
"OPHTHALMIC PLASTIC SURGEONS OF TEXAS, P.A.","OPHTHALMIC PLASTIC SURGEONS OF TEXAS, P.A.",7500 SAN FELIPE ST STE 200,HOUSTON,TX,77063,621111,Offices of Physicians (except Mental Health Specialists),Type AP,2025-02-21T00:00:00.000,HIPAA / HITECH Patient Data Protection & Ransomware Defense
"ORAL & MAXILLOFACIAL SURGEONS OF HOUSTON, P.A.","ORAL & MAXILLOFACIAL SURGEONS OF HOUSTON, P.A.",8800 KATY FWY STE 210,HOUSTON,TX,77024,621210,Offices of Dentists,Type AP,2015-08-31T00:00:00.000,HIPAA / HITECH Patient Data Protection & Ransomware Defense
"ORANGE TWIST TEXAS MEDICAL, PLLC","ORANGE TWIST TEXAS MEDICAL, PLLC",5160 BUFFALO SPEEDWAY,HOUSTON,TX,77005,621111,Offices of Physicians (except Mental Health Specialists),Limited Liability Company (LLC),2024-09-11T00:00:00.000,HIPAA / HITECH Patient Data Protection & Ransomware Defense
OZA FAMILY CARE & WELLNESS CENTER,"KANTACARE, LLC",10490 HUFFMEISTER RD,HOUSTON,TX,77065,621112,"Health Care and Social Assistance (Hospitals, Clinics, Doctors)",Limited Liability Company (LLC),2020-01-18T00:00:00.000,HIPAA / HITECH Patient Data Protection & Ransomware Defense
PAIN FREE POSTURE CLINIC,"K.M. DREAM BIG FITNESS, INC.",2060 NORTH LOOP W UNIT 203,HOUSTON,TX,77018,621340,"Health Care and Social Assistance (Hospitals, Clinics, Doctors)",Texas Corporation,2024-02-08T00:00:00.000,HIPAA / HITECH Patient Data Protection & Ransomware Defense
"PARAMOUNT HEALTH SERVICES, LLC","PARAMOUNT HEALTH SERVICES, LLC",7575 SAN FELIPE ST STE 125,HOUSTON,TX,77063,621340,"Health Care and Social Assistance (Hospitals, Clinics, Doctors)",Limited Liability Company (LLC),2017-03-23T00:00:00.000,HIPAA / HITECH Patient Data Protection & Ransomware Defense
PARK WEST DENTAL,"GARLAND TOOTH FAIRY, PLLC",13180 WESTPARK DR STE 106,HOUSTON,TX,77082,621210,Offices of Dentists,Limited Liability Company (LLC),2022-12-06T00:00:00.000,HIPAA / HITECH Patient Data Protection & Ransomware Defense
"PARKER NICKOLAS READ DENTAL, PLLC","PARKER NICKOLAS READ DENTAL, PLLC",9099 KATY FWY STE 180,HOUSTON,TX,77024,621210,Offices of Dentists,Limited Liability Company (LLC),2014-06-20T00:00:00.000,HIPAA / HITECH Patient Data Protection & Ransomware Defense
PASSIONATE CARE TEXAS LLC,PASSIONATE CARE TEXAS LLC,7807 TIERWESTER ST,HOUSTON,TX,77021,621610,"Health Care and Social Assistance (Hospitals, Clinics, Doctors)",Limited Liability Company (LLC),2024-02-21T00:00:00.000,HIPAA / HITECH Patient Data Protection & Ransomware Defense
PAUL VITENAS MD,PAUL VITENAS JR,11914 ASTORIA BLVD,HOUSTON,TX,77089,621111,Offices of Physicians (except Mental Health Specialists),Type IS,2006-12-13T00:00:00.000,HIPAA / HITECH Patient Data Protection & Ransomware Defense
PDI NORTH HOUSTON,"RENAL TREATMENT CENTERS - SOUTHEAST, LP",7115 NORTH LOOP E,HOUSTON,TX,77028,621492,"Health Care and Social Assistance (Hospitals, Clinics, Doctors)",Type PF,2026-04-14T00:00:00.000,HIPAA / HITECH Patient Data Protection & Ransomware Defense
PDI SOUTH HOUSTON,"RENAL TREATMENT CENTERS - SOUTHEAST, LP",5989 SOUTH LOOP E,HOUSTON,TX,77033,621492,"Health Care and Social Assistance (Hospitals, Clinics, Doctors)",Type PF,2026-04-14T00:00:00.000,HIPAA / HITECH Patient Data Protection & Ransomware Defense
"PDP OF TEXAS, PLLC","PDP OF TEXAS, PLLC",13215 DOTSON RD STE 140,HOUSTON,TX,77070,621111,Offices of Physicians (except Mental Health Specialists),Limited Liability Company (LLC),2018-01-25T00:00:00.000,HIPAA / HITECH Patient Data Protection & Ransomware Defense
PEACE REMEDY THERAPEUTIC SERVICES LLC,PEACE REMEDY THERAPEUTIC SERVICES LLC,2808 CAROLINE ST # 103-M,HOUSTON,TX,77004,621330,"Health Care and Social Assistance (Hospitals, Clinics, Doctors)",Limited Liability Company (LLC),2026-03-13T00:00:00.000,HIPAA / HITECH Patient Data Protection & Ransomware Defense
PEAK HEALTH AND PERFORMANCE,PEAK HEALTH AND PERFORMANCE LLC,11700 LOUETTA RD STE A,HOUSTON,TX,77070,621111,Offices of Physicians (except Mental Health Specialists),Limited Liability Company (LLC),2023-02-09T00:00:00.000,HIPAA / HITECH Patient Data Protection & Ransomware Defense
PEAK WELLNESS CORP,PEAK WELLNESS CORP.,1900 NORTH LOOP W STE 300,HOUSTON,TX,77018,621399,"Health Care and Social Assistance (Hospitals, Clinics, Doctors)",Texas Corporation,2026-02-26T00:00:00.000,HIPAA / HITECH Patient Data Protection & Ransomware Defense
PEAK WELLNESS CORP,PEAK WELLNESS CORP.,10425 HUFFMEISTER RD STE 480,HOUSTON,TX,77065,621399,"Health Care and Social Assistance (Hospitals, Clinics, Doctors)",Texas Corporation,2026-02-26T00:00:00.000,HIPAA / HITECH Patient Data Protection & Ransomware Defense
PEARL DERMATOLOGY PLLC,PEARL DERMATOLOGY PLLC,550 POST OAK BLVD STE 550,HOUSTON,TX,77027,621111,Offices of Physicians (except Mental Health Specialists),Limited Liability Company (LLC),2018-08-16T00:00:00.000,HIPAA / HITECH Patient Data Protection & Ransomware Defense
PEARLE VISION,"COPPERFIELD VISION CENTER, INC.",7085 HIGHWAY 6 N,HOUSTON,TX,77095,621320,"Health Care and Social Assistance (Hospitals, Clinics, Doctors)",Texas Corporation,2014-10-31T00:00:00.000,HIPAA / HITECH Patient Data Protection & Ransomware Defense
PEARLE VISION,DN OPTICS LLC,9738 KATY FWY STE 500,HOUSTON,TX,77055,621320,"Health Care and Social Assistance (Hospitals, Clinics, Doctors)",Limited Liability Company (LLC),2024-05-15T00:00:00.000,HIPAA / HITECH Patient Data Protection & Ransomware Defense
PEARLE VISION POST OAK,"JONADIA, INC.",1800 POST OAK BLVD STE 6120,HOUSTON,TX,77056,621320,"Health Care and Social Assistance (Hospitals, Clinics, Doctors)",Texas Corporation,2019-05-29T00:00:00.000,HIPAA / HITECH Patient Data Protection & Ransomware Defense
"PEDIATRIX MEDICAL SERVICES, INC.","PEDIATRIX MEDICAL SERVICES, INC.",1315 ST JOSEPH PKWY STE 1703,HOUSTON,TX,77002,621111,Offices of Physicians (except Mental Health Specialists),Type CN,2006-01-18T00:00:00.000,HIPAA / HITECH Patient Data Protection & Ransomware Defense
"PEDIATRIX MEDICAL SERVICES, INC.","PEDIATRIX MEDICAL SERVICES, INC.",7777 SW FWY STE 310,HOUSTON,TX,77074,621111,Offices of Physicians (except Mental Health Specialists),Type CN,2006-01-18T00:00:00.000,HIPAA / HITECH Patient Data Protection & Ransomware Defense
"PEDIATRIX MEDICAL SERVICES, INC.","PEDIATRIX MEDICAL SERVICES, INC.",710 CYPRESS CREEK PKWY # 220,HOUSTON,TX,77090,621111,Offices of Physicians (except Mental Health Specialists),Type CN,2006-07-26T00:00:00.000,HIPAA / HITECH Patient Data Protection & Ransomware Defense
"PEDIATRIX MEDICAL SERVICES, INC.","PEDIATRIX MEDICAL SERVICES, INC.",4200 TWELVE OAKS DR,HOUSTON,TX,77027,621111,Offices of Physicians (except Mental Health Specialists),Type CN,2008-06-23T00:00:00.000,HIPAA / HITECH Patient Data Protection & Ransomware Defense
"PEDIATRIX MEDICAL SERVICES, INC.","PEDIATRIX MEDICAL SERVICES, INC.",11800 ASTORIA BLVD,HOUSTON,TX,77089,621111,Offices of Physicians (except Mental Health Specialists),Type CN,2008-11-18T00:00:00.000,HIPAA / HITECH Patient Data Protection & Ransomware Defense
"PEDIATRIX MEDICAL SERVICES, INC.","PEDIATRIX MEDICAL SERVICES, INC.",13111 E FREEWAY,HOUSTON,TX,77015,621111,Offices of Physicians (except Mental Health Specialists),Type CN,2006-01-18T00:00:00.000,HIPAA / HITECH Patient Data Protection & Ransomware Defense
"PEDIATRIX MEDICAL SERVICES, INC.","PEDIATRIX MEDICAL SERVICES, INC.",1313 HERMANN DR,HOUSTON,TX,77004,621111,Offices of Physicians (except Mental Health Specialists),Type CN,2006-01-18T00:00:00.000,HIPAA / HITECH Patient Data Protection & Ransomware Defense
"PEDIATRIX MEDICAL SERVICES, INC.","PEDIATRIX MEDICAL SERVICES, INC.",6700 BELLAIRE BLVD,HOUSTON,TX,77074,621111,Offices of Physicians (except Mental Health Specialists),Type CN,2006-01-18T00:00:00.000,HIPAA / HITECH Patient Data Protection & Ransomware Defense
"PEDIATRIX MEDICAL SERVICES, INC.","PEDIATRIX MEDICAL SERVICES, INC.",1919 LABRANCH,HOUSTON,TX,77002,621111,Offices of Physicians (except Mental Health Specialists),Type CN,2006-01-18T00:00:00.000,HIPAA / HITECH Patient Data Protection & Ransomware Defense
"PEDIATRIX MEDICAL SERVICES, INC.","PEDIATRIX MEDICAL SERVICES, INC.",2929 WOODLAND PARK DR,HOUSTON,TX,77082,621111,Offices of Physicians (except Mental Health Specialists),Type CN,2006-01-18T00:00:00.000,HIPAA / HITECH Patient Data Protection & Ransomware Defense
"PEDIATRIX MEDICAL SERVICES, INC.","PEDIATRIX MEDICAL SERVICES, INC.",7600 BEECHNUT ST,HOUSTON,TX,77074,621111,Offices of Physicians (except Mental Health Specialists),Type CN,2006-01-18T00:00:00.000,HIPAA / HITECH Patient Data Protection & Ransomware Defense
"PEDIATRIX MEDICAL SERVICES, INC.","PEDIATRIX MEDICAL SERVICES, INC.",1635 NORTH LOOP W,HOUSTON,TX,77008,621111,Offices of Physicians (except Mental Health Specialists),Type CN,2006-01-18T00:00:00.000,HIPAA / HITECH Patient Data Protection & Ransomware Defense
"PEDIATRIX MEDICAL SERVICES, INC.","PEDIATRIX MEDICAL SERVICES, INC.",12141 RICHMOND AVE,HOUSTON,TX,77082,621111,Offices of Physicians (except Mental Health Specialists),Type CN,2006-01-18T00:00:00.000,HIPAA / HITECH Patient Data Protection & Ransomware Defense
"PEDIATRIX MEDICAL SERVICES, INC.","PEDIATRIX MEDICAL SERVICES, INC.",7600 FANNIN ST,HOUSTON,TX,77054,621111,Offices of Physicians (except Mental Health Specialists),Type CN,2006-01-18T00:00:00.000,HIPAA / HITECH Patient Data Protection & Ransomware Defense
"PERSTAT MEDICAL SYSTEMS, INC.","PERSTAT MEDICAL SYSTEMS, INC.",11514 ORCHARD MOUNTAIN DR,HOUSTON,TX,77059,621498,"Health Care and Social Assistance (Hospitals, Clinics, Doctors)",Texas Corporation,2014-08-12T00:00:00.000,HIPAA / HITECH Patient Data Protection & Ransomware Defense
PH MED,PH GROUP PLLC,1051 HEIGHTS BLVD STE 130,HOUSTON,TX,77008,621111,Offices of Physicians (except Mental Health Specialists),Limited Liability Company (LLC),2025-09-05T00:00:00.000,HIPAA / HITECH Patient Data Protection & Ransomware Defense
"PHYSICIAN RELIANCE, LLC","PHYSICIAN RELIANCE, LLC",16825 NORTHCHASE DR STE 1300,HOUSTON,TX,77060,621111,Offices of Physicians (except Mental Health Specialists),Corporation / Corporate Entity,2007-07-28T00:00:00.000,HIPAA / HITECH Patient Data Protection & Ransomware Defense
PHYSICIANS ENDOSCOPY CENTER,"PHYSICIANS AMBULATORY SURGERY CENTER, LLC",3030 S GESSNER RD STE 150,HOUSTON,TX,77063,621493,"Health Care and Social Assistance (Hospitals, Clinics, Doctors)",Limited Liability Company (LLC),2011-02-08T00:00:00.000,HIPAA / HITECH Patient Data Protection & Ransomware Defense
"PHYSICIANS WEST HOUSTON SURGICAL CENTER, LLC","PHYSICIANS WEST HOUSTON SURGICAL CENTER, LLC",15775 PARK TEN PL,HOUSTON,TX,77084,621493,"Health Care and Social Assistance (Hospitals, Clinics, Doctors)",Limited Liability Company (LLC),2024-10-10T00:00:00.000,HIPAA / HITECH Patient Data Protection & Ransomware Defense
"PINEY POINT DERMATOLOGY, PLLC","PINEY POINT DERMATOLOGY, PLLC",2450 FONDREN RD STE 311,HOUSTON,TX,77063,621111,Offices of Physicians (except Mental Health Specialists),Limited Liability Company (LLC),2021-02-03T00:00:00.000,HIPAA / HITECH Patient Data Protection & Ransomware Defense
PINNACLE THERAPY P.C.,PINNACLE THERAPY P.C.,2400 AUGUSTA DR STE 155,HOUSTON,TX,77057,621340,"Health Care and Social Assistance (Hospitals, Clinics, Doctors)",Type CP,2018-06-05T00:00:00.000,HIPAA / HITECH Patient Data Protection & Ransomware Defense
PIONE3R PHYSICAL THERAPY & WELLNESS,PIONE3R PHYSICAL THERAPY & WELLNESS LLC,3315 MARQUART ST STE 270,HOUSTON,TX,77027,621340,"Health Care and Social Assistance (Hospitals, Clinics, Doctors)",Limited Liability Company (LLC),2024-04-16T00:00:00.000,HIPAA / HITECH Patient Data Protection & Ransomware Defense
PIONEER DIALYSIS,TOTAL RENAL CARE TEXAS LIMITED PARTNERSHIP,1130 EARLE ST,HOUSTON,TX,77030,621492,"Health Care and Social Assistance (Hospitals, Clinics, Doctors)",Type PF,2026-01-29T00:00:00.000,HIPAA / HITECH Patient Data Protection & Ransomware Defense
"PLASTIC EYE SURGERY ASSOCIATES, P.L.L.C.","PLASTIC EYE SURGERY ASSOCIATES, P.L.L.C.",3730 KIRBY DR STE 900,HOUSTON,TX,77098,621111,Offices of Physicians (except Mental Health Specialists),Limited Liability Company (LLC),2013-10-08T00:00:00.000,HIPAA / HITECH Patient Data Protection & Ransomware Defense
PLAZA WELLNESS,PLAZA AESTHETICS LLC,1801 BINZ ST STE 510,HOUSTON,TX,77004,621111,Offices of Physicians (except Mental Health Specialists),Limited Liability Company (LLC),2026-08-24T00:00:00.000,HIPAA / HITECH Patient Data Protection & Ransomware Defense
PLEDGE TO WELLNESS,EMILCE VILLATORO,10710 DUNLAP ST,HOUSTON,TX,77096,621399,"Health Care and Social Assistance (Hospitals, Clinics, Doctors)",Type IS,2026-06-12T00:00:00.000,HIPAA / HITECH Patient Data Protection & Ransomware Defense
POST OAK DIALYSIS #11752,"RENAL TREATMENT CENTERS - SOUTHEAST, LP",4751 W FUQUA ST,HOUSTON,TX,77045,621492,"Health Care and Social Assistance (Hospitals, Clinics, Doctors)",Type PF,2026-04-14T00:00:00.000,HIPAA / HITECH Patient Data Protection & Ransomware Defense
"PRECISION PETROLEUM LABS, INC.","PRECISION PETROLEUM LABS, INC.",5915 STAR LN,HOUSTON,TX,77057,621512,"Health Care and Social Assistance (Hospitals, Clinics, Doctors)",Texas Corporation,2010-09-09T00:00:00.000,HIPAA / HITECH Patient Data Protection & Ransomware Defense
"PRECISION PULMONARY DIAGNOSITCS, LLC","PRECISION PULMONARY DIAGNOSTICS, LLC",2656 S LOOP W STE 380,HOUSTON,TX,77054,621111,Offices of Physicians (except Mental Health Specialists),Limited Liability Company (LLC),2022-11-10T00:00:00.000,HIPAA / HITECH Patient Data Protection & Ransomware Defense
PREFERRED GYNECOLOGY,OLGA SWANSON MD P.A.,427 W 20TH ST STE 706,HOUSTON,TX,77008,621111,Offices of Physicians (except Mental Health Specialists),Type AP,2015-08-28T00:00:00.000,HIPAA / HITECH Patient Data Protection & Ransomware Defense
PREMIER DERM CENTER PLLC,PREMIER DERM CENTER PLLC,1245 YALE ST STE A,HOUSTON,TX,77008,621111,Offices of Physicians (except Mental Health Specialists),Limited Liability Company (LLC),2011-11-28T00:00:00.000,HIPAA / HITECH Patient Data Protection & Ransomware Defense
"PREMIER DIALYSIS - DSI, LLC","PREMIER DIALYSIS - DSI, LLC",8181 N STADIUM DR,HOUSTON,TX,77054,621492,"Health Care and Social Assistance (Hospitals, Clinics, Doctors)",Corporation / Corporate Entity,2018-07-05T00:00:00.000,HIPAA / HITECH Patient Data Protection & Ransomware Defense
"PREMISE HEALTH EMPLOYER SOLUTIONS, LLC","PREMISE HEALTH EMPLOYER SOLUTIONS, LLC",13138 LOCKWOOD RD,HOUSTON,TX,77044,621498,"Health Care and Social Assistance (Hospitals, Clinics, Doctors)",Corporation / Corporate Entity,2023-04-20T00:00:00.000,HIPAA / HITECH Patient Data Protection & Ransomware Defense
PRN MEDICAL SUPPLY INC,PRN MEDICAL SUPPLY INC,9898 BISSONNET ST,HOUSTON,TX,77036,621999,"Health Care and Social Assistance (Hospitals, Clinics, Doctors)",Texas Corporation,2023-06-15T00:00:00.000,HIPAA / HITECH Patient Data Protection & Ransomware Defense
PROCARE RX,"C.M.S.B. HOLDINGS, INC.",16300 KUYKENDAHL RD STE 370,HOUSTON,TX,77068,621399,"Health Care and Social Assistance (Hospitals, Clinics, Doctors)",Texas Corporation,2025-01-29T00:00:00.000,HIPAA / HITECH Patient Data Protection & Ransomware Defense
PURA MEDICAL AESTHETICS,REJUVE AESTHETIC & WELLNESS CENTER INC,2222 BISSONNET ST STE 103,HOUSTON,TX,77005,621399,"Health Care and Social Assistance (Hospitals, Clinics, Doctors)",Texas Corporation,2024-11-06T00:00:00.000,HIPAA / HITECH Patient Data Protection & Ransomware Defense
PURAESTHETICS REJUVENATION AND WELLNESS,REJUVE AESTHETIC & WELLNESS CENTER INC,10311 ALTONBURY LN,HOUSTON,TX,77031,621399,"Health Care and Social Assistance (Hospitals, Clinics, Doctors)",Texas Corporation,2024-11-06T00:00:00.000,HIPAA / HITECH Patient Data Protection & Ransomware Defense
PURPLE FORTITUDE LLC,PURPLE FORTITUDE LLC,8369 ALMEDA RD STE N,HOUSTON,TX,77054,621340,"Health Care and Social Assistance (Hospitals, Clinics, Doctors)",Limited Liability Company (LLC),2024-05-30T00:00:00.000,HIPAA / HITECH Patient Data Protection & Ransomware Defense
PURVARALABS INC,PURVARALABS INC.,535 GREENS PKWY,HOUSTON,TX,77067,621511,"Health Care and Social Assistance (Hospitals, Clinics, Doctors)",Texas Corporation,2025-04-24T00:00:00.000,HIPAA / HITECH Patient Data Protection & Ransomware Defense
QDT DENTAL,"DEANDRAE W. ALEXANDER, DDS, P.A.",4126 SOUTHWEST FWY STE 106,HOUSTON,TX,77027,621210,Offices of Dentists,Type AP,2026-09-14T00:00:00.000,HIPAA / HITECH Patient Data Protection & Ransomware Defense
"R. SCOTT YARISH, M.D., P.A.","R. SCOTT YARISH, M.D., P.A.",950 THREADNEEDLE ST STE 280,HOUSTON,TX,77079,621111,Offices of Physicians (except Mental Health Specialists),Type AP,2017-03-31T00:00:00.000,HIPAA / HITECH Patient Data Protection & Ransomware Defense
RAMIREZ FAMILY EYECARE INC.,RAMIREZ FAMILY EYECARE INC.,9301 SOUTHWEST FWY STE 165,HOUSTON,TX,77074,621320,"Health Care and Social Assistance (Hospitals, Clinics, Doctors)",Texas Corporation,2024-07-16T00:00:00.000,HIPAA / HITECH Patient Data Protection & Ransomware Defense
"RAMSEY RICE VILLAGE, PLLC","RAMSEY RICE VILLAGE, PLLC",2402C RICE BLVD,HOUSTON,TX,77005,621210,Offices of Dentists,Limited Liability Company (LLC),2012-10-05T00:00:00.000,HIPAA / HITECH Patient Data Protection & Ransomware Defense
"RANDY A. BIRKEN, M.D., P.A.","RANDY A. BIRKEN, M.D., P.A.",17070 RED OAK DR STE 201A,HOUSTON,TX,77090,621111,Offices of Physicians (except Mental Health Specialists),Type AP,2006-11-02T00:00:00.000,HIPAA / HITECH Patient Data Protection & Ransomware Defense
RANKIN CHIROPRACTIC AND WELLNESS CENTER,"INMAN CHIROPRACTIC, LLC",1931 RICHMOND AVE,HOUSTON,TX,77098,621310,"Health Care and Social Assistance (Hospitals, Clinics, Doctors)",Limited Liability Company (LLC),2026-01-08T00:00:00.000,HIPAA / HITECH Patient Data Protection & Ransomware Defense
"RBC HOME HEALTH, LLC","RBC HOME HEALTH, LLC",2503 SOUTH BLVD,HOUSTON,TX,77098,621340,"Health Care and Social Assistance (Hospitals, Clinics, Doctors)",Corporation / Corporate Entity,2026-09-03T00:00:00.000,HIPAA / HITECH Patient Data Protection & Ransomware Defense
REHAB MEDICAL LLC,REHAB MEDICAL LLC,1291 N POST OAK RD STE 100,HOUSTON,TX,77055,621610,"Health Care and Social Assistance (Hospitals, Clinics, Doctors)",Corporation / Corporate Entity,2024-07-18T00:00:00.000,HIPAA / HITECH Patient Data Protection & Ransomware Defense
RENAL TREATMENT CENTER 4436,"RENAL TREATMENT CENTERS - SOUTHEAST, LP",4427 FM 1960 RD W STE D,HOUSTON,TX,77068,621492,"Health Care and Social Assistance (Hospitals, Clinics, Doctors)",Type PF,2026-04-14T00:00:00.000,HIPAA / HITECH Patient Data Protection & Ransomware Defense
RENAL TREATMENT CENTERS - SE #03897,"RENAL TREATMENT CENTERS - SOUTHEAST, LP",6120 W NORTHWEST BLVD STE 120,HOUSTON,TX,77044,621492,"Health Care and Social Assistance (Hospitals, Clinics, Doctors)",Type PF,2026-04-14T00:00:00.000,HIPAA / HITECH Patient Data Protection & Ransomware Defense
RENAL TREATMENT CENTERS - SE #11376,"RENAL TREATMENT CENTERS - SOUTHEAST, LP",12606 WESTPARK DR,HOUSTON,TX,77082,621492,"Health Care and Social Assistance (Hospitals, Clinics, Doctors)",Type PF,2026-04-14T00:00:00.000,HIPAA / HITECH Patient Data Protection & Ransomware Defense
RENAL TREATMENT CENTERS - SE #11419,"RENAL TREATMENT CENTERS - SOUTHEAST, LP",8486 BELLAIRE BLVD,HOUSTON,TX,77036,621492,"Health Care and Social Assistance (Hospitals, Clinics, Doctors)",Type PF,2026-04-14T00:00:00.000,HIPAA / HITECH Patient Data Protection & Ransomware Defense
RENAL TREATMENT CENTERS - SE #11780,"RENAL TREATMENT CENTERS - SOUTHEAST, LP",11321 FALLBROOK DR,HOUSTON,TX,77065,621492,"Health Care and Social Assistance (Hospitals, Clinics, Doctors)",Type PF,2026-04-14T00:00:00.000,HIPAA / HITECH Patient Data Protection & Ransomware Defense
"RENAL TREATMENT CENTERS - SOUTHEAST, LP","RENAL TREATMENT CENTERS - SOUTHEAST, LP",724 CYPRESS CREEK PKWY STE 100,HOUSTON,TX,77090,621492,"Health Care and Social Assistance (Hospitals, Clinics, Doctors)",Type PF,2026-04-14T00:00:00.000,HIPAA / HITECH Patient Data Protection & Ransomware Defense
RENAL TREATMENT CENTERS SE 11155,"RENAL TREATMENT CENTERS - SOUTHEAST, LP",20025 CHASEWOOD PARK DR,HOUSTON,TX,77070,621492,"Health Care and Social Assistance (Hospitals, Clinics, Doctors)",Type PF,2026-04-14T00:00:00.000,HIPAA / HITECH Patient Data Protection & Ransomware Defense
RENEW YOU,"RENEW YOU MD, PLLC",950 THREADNEEDLE ST,HOUSTON,TX,77079,621111,Offices of Physicians (except Mental Health Specialists),Limited Liability Company (LLC),2016-05-04T00:00:00.000,HIPAA / HITECH Patient Data Protection & Ransomware Defense
RESULTS PHYSIOTHERAPY - COPPERFIELD,"AGILITAS USA, INC",8475 HIGHWAY 6 N STE K,HOUSTON,TX,77095,621340,"Health Care and Social Assistance (Hospitals, Clinics, Doctors)",Foreign Corporation (Out-of-State),2017-09-25T00:00:00.000,HIPAA / HITECH Patient Data Protection & Ransomware Defense
RESULTS PHYSIOTHERAPY - MEMORIAL CITY,"AGILITAS USA, INC",10100 KATY FWY STE 170,HOUSTON,TX,77043,621340,"Health Care and Social Assistance (Hospitals, Clinics, Doctors)",Foreign Corporation (Out-of-State),2017-04-24T00:00:00.000,HIPAA / HITECH Patient Data Protection & Ransomware Defense
RESULTS PHYSIOTHERAPY - MEYERLAND,"AGILITAS USA, INC",4660 BEECHNUT ST,HOUSTON,TX,77096,621340,"Health Care and Social Assistance (Hospitals, Clinics, Doctors)",Foreign Corporation (Out-of-State),2017-09-25T00:00:00.000,HIPAA / HITECH Patient Data Protection & Ransomware Defense
RESULTS PHYSIOTHERAPY - RIVER OAKS,"AGILITAS USA, INC",2900 WESLAYAN ST STE D,HOUSTON,TX,77027,621340,"Health Care and Social Assistance (Hospitals, Clinics, Doctors)",Foreign Corporation (Out-of-State),2017-06-22T00:00:00.000,HIPAA / HITECH Patient Data Protection & Ransomware Defense
RESULTS PHYSIOTHERAPY - WILLOWBROOK,"AGILITAS USA, INC",7524 CYPRESS CREEK PKWY,HOUSTON,TX,77070,621340,"Health Care and Social Assistance (Hospitals, Clinics, Doctors)",Foreign Corporation (Out-of-State),2017-06-22T00:00:00.000,HIPAA / HITECH Patient Data Protection & Ransomware Defense
RHEUMATOLOGY CENTER OF HOUSTON,"RHEUMATOLOGY CENTER OF HOUSTON, PLLC",2808 CAROLINE ST STE 200,HOUSTON,TX,77004,621111,Offices of Physicians (except Mental Health Specialists),Limited Liability Company (LLC),2023-01-12T00:00:00.000,HIPAA / HITECH Patient Data Protection & Ransomware Defense
RISE FUNCTIONAL MEDICINE PLLC,RISE FUNCTIONAL MEDICINE PLLC,1220 BLALOCK RD STE 230,HOUSTON,TX,77055,621399,"Health Care and Social Assistance (Hospitals, Clinics, Doctors)",Limited Liability Company (LLC),2026-07-25T00:00:00.000,HIPAA / HITECH Patient Data Protection & Ransomware Defense
RISE MED SPA PLLC,RISE MED SPA PLLC,19135 KATY FWY STE 100,HOUSTON,TX,77094,621340,"Health Care and Social Assistance (Hospitals, Clinics, Doctors)",Limited Liability Company (LLC),2026-01-14T00:00:00.000,HIPAA / HITECH Patient Data Protection & Ransomware Defense
RITSCO PROSTHODONTICS,TX SOUTHERN DENTAL PPO P.C.,5311 KIRBY DR,HOUSTON,TX,77005,621210,Offices of Dentists,Type CP,2023-03-28T00:00:00.000,HIPAA / HITECH Patient Data Protection & Ransomware Defense
RIVER OAKS CHIROPRACTIC,ROC & BODYWORKS LLC,2400 AUGUSTA DR STE 210,HOUSTON,TX,77057,621310,"Health Care and Social Assistance (Hospitals, Clinics, Doctors)",Limited Liability Company (LLC),2013-08-16T00:00:00.000,HIPAA / HITECH Patient Data Protection & Ransomware Defense
RIVER OAKS DENTAL ARTS,"PALMIRA R. TESTA, D.D.S., P.A.",1436 W GRAY ST,HOUSTON,TX,77019,621399,"Health Care and Social Assistance (Hospitals, Clinics, Doctors)",Type AP,2018-06-04T00:00:00.000,HIPAA / HITECH Patient Data Protection & Ransomware Defense
RIVER OAKS DERMATOLOGY,RIVER OAKS DERMATOLOGY PLLC,3262 WESTHEIMER RD # 829,HOUSTON,TX,77098,621111,Offices of Physicians (except Mental Health Specialists),Limited Liability Company (LLC),2020-07-07T00:00:00.000,HIPAA / HITECH Patient Data Protection & Ransomware Defense
RIVER OAKS DERMATOLOGY,RIVER OAKS DERMATOLOGY PLLC,3730 KIRBY DR STE 601,HOUSTON,TX,77098,621111,Offices of Physicians (except Mental Health Specialists),Limited Liability Company (LLC),2021-06-05T00:00:00.000,HIPAA / HITECH Patient Data Protection & Ransomware Defense
RIVER OAKS GYNECOLOGY AND AESTHETICS,"RIVER OAKS GYNECOLOGY AND AESTHETICS, PLLC",4340 WESTHEIMER RD,HOUSTON,TX,77027,621399,"Health Care and Social Assistance (Hospitals, Clinics, Doctors)",Limited Liability Company (LLC),2017-05-04T00:00:00.000,HIPAA / HITECH Patient Data Protection & Ransomware Defense
RIVEROAKS GALLERIA MEDSPA PLLC,RIVER OAKS GALLERIA CENTER FOR REGENERATIVE MEDICI,2111 WEST LOOP S STE 370,HOUSTON,TX,77027,621111,Offices of Physicians (except Mental Health Specialists),Limited Liability Company (LLC),2024-09-09T00:00:00.000,HIPAA / HITECH Patient Data Protection & Ransomware Defense
RL DENTAL VENTURES,"RL DENTAL VENTURES, PLLC",1800 BERING DR STE 650,HOUSTON,TX,77057,621210,Offices of Dentists,Limited Liability Company (LLC),2025-01-23T00:00:00.000,HIPAA / HITECH Patient Data Protection & Ransomware Defense
"RL INTERESTS, LLC","RL INTERESTS, LLC",7826 CAPRI CIR,HOUSTON,TX,77095,621340,"Health Care and Social Assistance (Hospitals, Clinics, Doctors)",Limited Liability Company (LLC),2006-02-03T00:00:00.000,HIPAA / HITECH Patient Data Protection & Ransomware Defense
RODEO DENTAL & ORTHODONTICS,CYPRESS POINT DENTAL AND ORTHODONTICS PLLC,366 CYPRESS CREEK PKWY STE A,HOUSTON,TX,77090,621210,Offices of Dentists,Limited Liability Company (LLC),2023-01-24T00:00:00.000,HIPAA / HITECH Patient Data Protection & Ransomware Defense
"RODMAN SURGICAL, PLLC","RODMAN SURGICAL, PLLC",1900 NORTH LOOP W STE 370,HOUSTON,TX,77018,621111,Offices of Physicians (except Mental Health Specialists),Limited Liability Company (LLC),2026-05-12T00:00:00.000,HIPAA / HITECH Patient Data Protection & Ransomware Defense
ROMANO WOODS DIALYSIS #04265,"RENAL TREATMENT CENTERS - SOUTHEAST, LP",16910 MATHIS CHURCH RD,HOUSTON,TX,77090,621492,"Health Care and Social Assistance (Hospitals, Clinics, Doctors)",Type PF,2026-04-14T00:00:00.000,HIPAA / HITECH Patient Data Protection & Ransomware Defense
ROYAL DENTAL,"LALJI DENTAL, P.C.",12960 EAST FWY,HOUSTON,TX,77015,621210,Offices of Dentists,Type CP,2018-01-24T00:00:00.000,HIPAA / HITECH Patient Data Protection & Ransomware Defense
ROYAL DENTAL,"LALJI DENTAL, P.C.",4635 SOUTHWEST FWY STE 700,HOUSTON,TX,77027,621210,Offices of Dentists,Type CP,2018-01-24T00:00:00.000,HIPAA / HITECH Patient Data Protection & Ransomware Defense
ROYAL DENTAL,"LALJI DENTAL, P.C.",8145 HIGHWAY 6 S STE 130,HOUSTON,TX,77083,621210,Offices of Dentists,Type CP,2018-01-24T00:00:00.000,HIPAA / HITECH Patient Data Protection & Ransomware Defense
ROYAL DENTAL,"LALJI DENTAL, P.C.",4654 HIGHWAY 6 N STE 401,HOUSTON,TX,77084,621210,Offices of Dentists,Type CP,2018-01-24T00:00:00.000,HIPAA / HITECH Patient Data Protection & Ransomware Defense
ROYAL DENTAL,"LALJI DENTAL, P.C.",8303 GULF FWY STE 112,HOUSTON,TX,77017,621210,Offices of Dentists,Type CP,2018-01-24T00:00:00.000,HIPAA / HITECH Patient Data Protection & Ransomware Defense
ROYAL EYE CENTER,ROYAL EYE CENTER LLC,16929 EL CAMINO REAL,HOUSTON,TX,77058,621320,"Health Care and Social Assistance (Hospitals, Clinics, Doctors)",Limited Liability Company (LLC),2019-09-11T00:00:00.000,HIPAA / HITECH Patient Data Protection & Ransomware Defense
RTC HOBBY DIALYSIS #122,"RENAL TREATMENT CENTERS - SOUTHEAST, LP",8560 MONROE RD,HOUSTON,TX,77061,621492,"Health Care and Social Assistance (Hospitals, Clinics, Doctors)",Type PF,2026-04-14T00:00:00.000,HIPAA / HITECH Patient Data Protection & Ransomware Defense
RTC HOUSTON KIDNEY CENTER NORTH #379,"RENAL TREATMENT CENTERS - SOUTHEAST, LP",380 W LITTLE YORK RD,HOUSTON,TX,77076,621492,"Health Care and Social Assistance (Hospitals, Clinics, Doctors)",Type PF,2026-04-14T00:00:00.000,HIPAA / HITECH Patient Data Protection & Ransomware Defense
S R BURZYNSKI MD PHD,STANISLAW R BURZYNSKI MD PH,9432 KATY FWY,HOUSTON,TX,77055,621111,Offices of Physicians (except Mental Health Specialists),Type IS,2003-03-13T00:00:00.000,HIPAA / HITECH Patient Data Protection & Ransomware Defense
SAFEWAY MEDICAL CORPORATION,SAFEWAY MEDICAL CORPORATION,1212 WESTHEIMER RD,HOUSTON,TX,77006,621610,"Health Care and Social Assistance (Hospitals, Clinics, Doctors)",Texas Corporation,2025-07-04T00:00:00.000,HIPAA / HITECH Patient Data Protection & Ransomware Defense
SAGEMEADOW DIALYSIS,"RENAL TREATMENT CENTERS - SOUTHEAST, LP",10923 SCARSDALE BLVD,HOUSTON,TX,77089,621492,"Health Care and Social Assistance (Hospitals, Clinics, Doctors)",Type PF,2026-04-14T00:00:00.000,HIPAA / HITECH Patient Data Protection & Ransomware Defense
SAGRADA FAMILIA SANCTUARY,"SAGRADA FAMILIA SANCTUARY, PLLC",8923 RAILTON ST,HOUSTON,TX,77080,621330,"Health Care and Social Assistance (Hospitals, Clinics, Doctors)",Limited Liability Company (LLC),2026-03-31T00:00:00.000,HIPAA / HITECH Patient Data Protection & Ransomware Defense
SAN JACINTO DIALYSIS #03008,"DVA HEALTHCARE RENAL CARE, INC.",11430 EAST FWY STE 330,HOUSTON,TX,77029,621492,"Health Care and Social Assistance (Hospitals, Clinics, Doctors)",Foreign Corporation (Out-of-State),2018-11-30T00:00:00.000,HIPAA / HITECH Patient Data Protection & Ransomware Defense
SANATIVE FUNCTIONAL HEALTH,SANATIVE FUNCTIONAL HEALTH PLLC,2500 FONDREN RD STE 235,HOUSTON,TX,77063,621111,Offices of Physicians (except Mental Health Specialists),Limited Liability Company (LLC),2026-04-15T00:00:00.000,HIPAA / HITECH Patient Data Protection & Ransomware Defense
"SANDWALK, L.L.C.","SANDWALK, L.L.C.",7 MAGNOLIA BEND DR,HOUSTON,TX,77024,621111,Offices of Physicians (except Mental Health Specialists),Limited Liability Company (LLC),2018-01-08T00:00:00.000,HIPAA / HITECH Patient Data Protection & Ransomware Defense
"SANOVA DERMATOLOGY, PLLC","SANOVA DERMATOLOGY, PLLC",1900 SAINT JAMES PL STE 600,HOUSTON,TX,77056,621111,Offices of Physicians (except Mental Health Specialists),Limited Liability Company (LLC),2020-04-24T00:00:00.000,HIPAA / HITECH Patient Data Protection & Ransomware Defense
SEA LARK CHIROPRACTIC,"VECABA WELLNESS, LLC",16626 SEA LARK RD,HOUSTON,TX,77062,621310,"Health Care and Social Assistance (Hospitals, Clinics, Doctors)",Limited Liability Company (LLC),2019-02-20T00:00:00.000,HIPAA / HITECH Patient Data Protection & Ransomware Defense
"SEAN W. DELANEY, M.D. PLLC","SEAN W. DELANEY, M.D. PLLC",6655 TRAVIS ST STE 900,HOUSTON,TX,77030,621111,Offices of Physicians (except Mental Health Specialists),Limited Liability Company (LLC),2023-05-05T00:00:00.000,HIPAA / HITECH Patient Data Protection & Ransomware Defense
SELECT PHYSICAL THERAPY,SELECT PHYSICAL THERAPY TEXAS LIMITED PARTNERSHIP,4000 WASHINGTON AVE,HOUSTON,TX,77007,621111,Offices of Physicians (except Mental Health Specialists),Type PF,2010-06-17T00:00:00.000,HIPAA / HITECH Patient Data Protection & Ransomware Defense
SELECT PHYSICAL THERAPY TEXAS LIMITED PARTNERSHIP,SELECT PHYSICAL THERAPY TEXAS LIMITED PARTNERSHIP,15311 VANTAGE PKWY W STE 130,HOUSTON,TX,77032,621111,Offices of Physicians (except Mental Health Specialists),Type PF,2008-02-26T00:00:00.000,HIPAA / HITECH Patient Data Protection & Ransomware Defense
SELECT PHYSICAL THERAPY TEXAS LIMITED PARTNERSHIP,SELECT PHYSICAL THERAPY TEXAS LIMITED PARTNERSHIP,9055 KATY FWY STE 440,HOUSTON,TX,77024,621111,Offices of Physicians (except Mental Health Specialists),Type PF,2008-02-26T00:00:00.000,HIPAA / HITECH Patient Data Protection & Ransomware Defense
SELECT PHYSICAL THERAPY TEXAS LIMITED PARTNERSHIP,SELECT PHYSICAL THERAPY TEXAS LIMITED PARTNERSHIP,2500 FONDREN RD STE 302,HOUSTON,TX,77063,621111,Offices of Physicians (except Mental Health Specialists),Type PF,2008-02-26T00:00:00.000,HIPAA / HITECH Patient Data Protection & Ransomware Defense
SELECT PHYSICAL THERAPY TEXAS LIMITED PARTNERSHIP,SELECT PHYSICAL THERAPY TEXAS LIMITED PARTNERSHIP,17270 RED OAK DR STE 180,HOUSTON,TX,77090,621111,Offices of Physicians (except Mental Health Specialists),Type PF,2008-02-26T00:00:00.000,HIPAA / HITECH Patient Data Protection & Ransomware Defense
SELECT PHYSICAL THERAPY TEXAS LIMITED PARTNERSHIP,SELECT PHYSICAL THERAPY TEXAS LIMITED PARTNERSHIP,3414 ELLA BLVD,HOUSTON,TX,77018,621111,Offices of Physicians (except Mental Health Specialists),Type PF,2016-02-19T00:00:00.000,HIPAA / HITECH Patient Data Protection & Ransomware Defense
SELECT PHYSICAL THERAPY TEXAS LIMITED PARTNERSHIP,SELECT PHYSICAL THERAPY TEXAS LIMITED PARTNERSHIP,4009 RICHMOND AVE,HOUSTON,TX,77027,621111,Offices of Physicians (except Mental Health Specialists),Type PF,2016-10-05T00:00:00.000,HIPAA / HITECH Patient Data Protection & Ransomware Defense
SELECT PHYSICAL THERAPY TEXAS LIMITED PARTNERSHIP,SELECT PHYSICAL THERAPY TEXAS LIMITED PARTNERSHIP,8515 FANNIN ST STE 140,HOUSTON,TX,77054,621111,Offices of Physicians (except Mental Health Specialists),Type PF,2019-05-17T00:00:00.000,HIPAA / HITECH Patient Data Protection & Ransomware Defense
SELECT PHYSICAL THERAPY TEXAS LIMITED PARTNERSHIP,SELECT PHYSICAL THERAPY TEXAS LIMITED PARTNERSHIP,4000 WASHINGTON AVE STE 306,HOUSTON,TX,77007,621111,Offices of Physicians (except Mental Health Specialists),Type PF,2020-09-23T00:00:00.000,HIPAA / HITECH Patient Data Protection & Ransomware Defense
SELECT PHYSICAL THERAPY TEXAS LIMITED PARTNERSHIP,SELECT PHYSICAL THERAPY TEXAS LIMITED PARTNERSHIP,2600 NORTH LOOP W STE 100,HOUSTON,TX,77092,621111,Offices of Physicians (except Mental Health Specialists),Type PF,2023-11-06T00:00:00.000,HIPAA / HITECH Patient Data Protection & Ransomware Defense
SERENITY MED SPA AND WELLNESS LLC,SERENITY MED SPA AND WELLNESS LLC,4715 MERWIN ST,HOUSTON,TX,77027,621111,Offices of Physicians (except Mental Health Specialists),Limited Liability Company (LLC),2022-08-24T00:00:00.000,HIPAA / HITECH Patient Data Protection & Ransomware Defense
"SHIELD TEXAS HEALTHCARE, INC.","SHIELD TEXAS HEALTHCARE, INC.",1000 N POST OAK RD STE 280,HOUSTON,TX,77055,621999,"Health Care and Social Assistance (Hospitals, Clinics, Doctors)",Foreign Corporation (Out-of-State),2020-10-19T00:00:00.000,HIPAA / HITECH Patient Data Protection & Ransomware Defense
SHINING WAY ESTHETICS,"SHINING WAY ESTHETICS, LLC",12536 WESTHEIMER RD STE 304,HOUSTON,TX,77077,621399,"Health Care and Social Assistance (Hospitals, Clinics, Doctors)",Corporation / Corporate Entity,2013-08-02T00:00:00.000,HIPAA / HITECH Patient Data Protection & Ransomware Defense
SINA DRUG LLC,SINA DRUG LLC,7505 FANNIN ST STE 202&203,HOUSTON,TX,77054,621610,"Health Care and Social Assistance (Hospitals, Clinics, Doctors)",Corporation / Corporate Entity,2019-08-14T00:00:00.000,HIPAA / HITECH Patient Data Protection & Ransomware Defense
"SINGLETON ASSOCIATES, PA","SINGLETON ASSOCIATES, PA",6720 BERTNER AVE # MC2-270,HOUSTON,TX,77030,621111,Offices of Physicians (except Mental Health Specialists),Type AP,2024-05-14T00:00:00.000,HIPAA / HITECH Patient Data Protection & Ransomware Defense
"SKIN PHARM HOUSTON, LLC","SKIN PHARM HOUSTON, LLC",3720 WESTHEIMER RD STE 650,HOUSTON,TX,77027,621111,Offices of Physicians (except Mental Health Specialists),Corporation / Corporate Entity,2023-07-25T00:00:00.000,HIPAA / HITECH Patient Data Protection & Ransomware Defense
SKIN RENAISSANCE LASER CENTER,OBCW INC.,106 WESTHEIMER RD STE A,HOUSTON,TX,77006,621493,"Health Care and Social Assistance (Hospitals, Clinics, Doctors)",Texas Corporation,2023-01-25T00:00:00.000,HIPAA / HITECH Patient Data Protection & Ransomware Defense
SLEEP DIAGNOSTICS OF AMERICA,"MAINLAND AMERICAN SLEEP DIAGNOSTIC CENTER, INC.",17300 MERCURY DR STE 100,HOUSTON,TX,77058,621498,"Health Care and Social Assistance (Hospitals, Clinics, Doctors)",Texas Corporation,2023-09-07T00:00:00.000,HIPAA / HITECH Patient Data Protection & Ransomware Defense
SLEEP DIAGNOSTICS OF AMERICA,"MAINLAND AMERICAN SLEEP DIAGNOSTIC CENTER, INC.",1120 NASA PKWY STE 101,HOUSTON,TX,77058,621498,"Health Care and Social Assistance (Hospitals, Clinics, Doctors)",Texas Corporation,2023-11-03T00:00:00.000,HIPAA / HITECH Patient Data Protection & Ransomware Defense
SMILE DOCTORS - HOUSTON - CLEAR LAKE #12045,"SCOTT LAW ORTHO CORP, PC.",1140 CLEAR LAKE CITY BLVD STE C,HOUSTON,TX,77062,621210,Offices of Dentists,Type CP,2023-04-17T00:00:00.000,HIPAA / HITECH Patient Data Protection & Ransomware Defense
SMILE SONRISA DENTAL CENTER PC,SMILE SONRISA DENTAL CENTER PC,2406 GESSNER RD STE A,HOUSTON,TX,77080,621210,Offices of Dentists,Type CP,2013-11-06T00:00:00.000,HIPAA / HITECH Patient Data Protection & Ransomware Defense
SOPER BROTHERS INCORPORATED,"SOPER BROTHERS, INCORPORATED",3100 TIMMONS LN STE 150,HOUSTON,TX,77027,621400,"Health Care and Social Assistance (Hospitals, Clinics, Doctors)",Texas Corporation,2004-05-12T00:00:00.000,HIPAA / HITECH Patient Data Protection & Ransomware Defense
SOPER BROTHERS INCORPORATED,"SOPER BROTHERS, INCORPORATED",1213 HERMANN DR STE 320,HOUSTON,TX,77004,621999,"Health Care and Social Assistance (Hospitals, Clinics, Doctors)",Texas Corporation,2005-04-26T00:00:00.000,HIPAA / HITECH Patient Data Protection & Ransomware Defense
SPACE CITY AUDIOLOGY,"SPACE CITY AUDIOLOGY, PLLC",17625 EL CAMINO REAL STE 155,HOUSTON,TX,77058,621340,"Health Care and Social Assistance (Hospitals, Clinics, Doctors)",Limited Liability Company (LLC),2018-09-12T00:00:00.000,HIPAA / HITECH Patient Data Protection & Ransomware Defense
SPECTACLES ON MONTROSE,"SPECTACLES, PLLC",4317 MONTROSE BLVD STE 2,HOUSTON,TX,77006,621320,"Health Care and Social Assistance (Hospitals, Clinics, Doctors)",Limited Liability Company (LLC),2019-08-22T00:00:00.000,HIPAA / HITECH Patient Data Protection & Ransomware Defense
"SPECTRACELL LABORATORIES, INC.","SPECTRACELL LABORATORIES, INC.",10401 TOWN PARK DR,HOUSTON,TX,77072,621511,"Health Care and Social Assistance (Hospitals, Clinics, Doctors)",Foreign Corporation (Out-of-State),2021-12-29T00:00:00.000,HIPAA / HITECH Patient Data Protection & Ransomware Defense
"SPINAL TECHNOLOGIES, L.L.C.","SPINAL TECHNOLOGIES, L.L.C.",9301 SOUTHWEST FWY STE 600,HOUSTON,TX,77074,621111,Offices of Physicians (except Mental Health Specialists),Limited Liability Company (LLC),2025-11-13T00:00:00.000,HIPAA / HITECH Patient Data Protection & Ransomware Defense
"SPIRITUAL DAZE, LLC","SPIRITUAL DAZE, LLC",1250 W SAM HOUSTON PKWY S STE 318,HOUSTON,TX,77042,621399,"Health Care and Social Assistance (Hospitals, Clinics, Doctors)",Limited Liability Company (LLC),2026-06-05T00:00:00.000,HIPAA / HITECH Patient Data Protection & Ransomware Defense
SPRING BRANCH DIALYSIS,"RENAL TREATMENT CENTERS - SOUTHEAST, LP",1425 BLALOCK RD STE 100,HOUSTON,TX,77055,621492,"Health Care and Social Assistance (Hospitals, Clinics, Doctors)",Type PF,2026-04-14T00:00:00.000,HIPAA / HITECH Patient Data Protection & Ransomware Defense
SPRING DIALYSIS,TOTAL RENAL CARE TEXAS LIMITED PARTNERSHIP,607 TIMBERDALE LN STE 100,HOUSTON,TX,77090,621492,"Health Care and Social Assistance (Hospitals, Clinics, Doctors)",Type PF,2026-01-29T00:00:00.000,HIPAA / HITECH Patient Data Protection & Ransomware Defense
SPRINGPATH HEALTH SERVICES LLC,SPRINGPATH HEALTH SERVICES LLC,14703 PARK ROW APT 1417,HOUSTON,TX,77079,621610,"Health Care and Social Assistance (Hospitals, Clinics, Doctors)",Limited Liability Company (LLC),2026-04-15T00:00:00.000,HIPAA / HITECH Patient Data Protection & Ransomware Defense
ST JOSEPH HOSPITAL,"CLINICAL PATHOLOGY LABORATORIES, INC.",2000 CRAWFORD ST # C,HOUSTON,TX,77002,621511,"Health Care and Social Assistance (Hospitals, Clinics, Doctors)",Texas Corporation,2001-03-13T00:00:00.000,HIPAA / HITECH Patient Data Protection & Ransomware Defense
ST JOSEPH MEDICAL PLAZA,"CLINICAL PATHOLOGY LABORATORIES, INC.",1315 ST JOSEPH PKWY STE 950,HOUSTON,TX,77002,621511,"Health Care and Social Assistance (Hospitals, Clinics, Doctors)",Texas Corporation,2001-03-13T00:00:00.000,HIPAA / HITECH Patient Data Protection & Ransomware Defense
"STANLEY HCA, LLC","STANLEY HCA, LLC",3435 BRANARD ST STE 102,HOUSTON,TX,77027,621310,"Health Care and Social Assistance (Hospitals, Clinics, Doctors)",Limited Liability Company (LLC),2022-09-01T00:00:00.000,HIPAA / HITECH Patient Data Protection & Ransomware Defense
STEELY PLASTIC SURGERY,"ROBERT LEE STEELY, M.D., P.A.",3411 RICHMOND AVE STE 300,HOUSTON,TX,77046,621111,Offices of Physicians (except Mental Health Specialists),Type AP,2011-07-15T00:00:00.000,HIPAA / HITECH Patient Data Protection & Ransomware Defense
STEPWISE FOOT AND ANKLE CENTER PLLC,STEPWISE FOOT AND ANKLE CENTER PLLC,616 CYPRESS CREEK PKWY STE 500,HOUSTON,TX,77090,621391,"Health Care and Social Assistance (Hospitals, Clinics, Doctors)",Limited Liability Company (LLC),2026-04-08T00:00:00.000,HIPAA / HITECH Patient Data Protection & Ransomware Defense
"STIERNBERG AND DAO DENTAL, PLLC","STIERNBERG AND DAO DENTAL, PLLC",6760 E SAM HOUSTON PKWY N # 101,HOUSTON,TX,77049,621210,Offices of Dentists,Limited Liability Company (LLC),2023-07-22T00:00:00.000,HIPAA / HITECH Patient Data Protection & Ransomware Defense
"STPN MANAGER, LLC","STPN MANAGER, LLC",7400 FANNIN ST STE 650,HOUSTON,TX,77054,621111,Offices of Physicians (except Mental Health Specialists),Limited Liability Company (LLC),2014-10-24T00:00:00.000,HIPAA / HITECH Patient Data Protection & Ransomware Defense
"SUMMERWOOD SMILES DENTISTRY, PC","SUMMERWOOD SMILES DENTISTRY, PC",12661 W LAKE HOUSTON PKWY STE G,HOUSTON,TX,77044,621210,Offices of Dentists,Type CP,2014-10-16T00:00:00.000,HIPAA / HITECH Patient Data Protection & Ransomware Defense
SUMMIT DIALYSIS,"RENAL TREATMENT CENTERS - SOUTHEAST, LP",3150 POLK ST,HOUSTON,TX,77003,621492,"Health Care and Social Assistance (Hospitals, Clinics, Doctors)",Type PF,2026-04-14T00:00:00.000,HIPAA / HITECH Patient Data Protection & Ransomware Defense
SUN THERAPEUTIC MEDICINE LLC,SUN THERAPEUTIC MEDICINE LLC,12022 MIRAMAR SHORES DR,HOUSTON,TX,77065,621112,"Health Care and Social Assistance (Hospitals, Clinics, Doctors)",Limited Liability Company (LLC),2023-06-15T00:00:00.000,HIPAA / HITECH Patient Data Protection & Ransomware Defense
SUPPLEMENTAL HEALTH CARE,"SHC SERVICES, INC.",3040 POST OAK BLVD STE 1200,HOUSTON,TX,77056,621610,"Health Care and Social Assistance (Hospitals, Clinics, Doctors)",Foreign Corporation (Out-of-State),2009-04-22T00:00:00.000,HIPAA / HITECH Patient Data Protection & Ransomware Defense
"SURGICAL SPECTRUM, L.L.C.","SURGICAL SPECTRUM, L.L.C.",9301 SOUTHWEST FWY STE 600,HOUSTON,TX,77074,621111,Offices of Physicians (except Mental Health Specialists),Limited Liability Company (LLC),2025-11-21T00:00:00.000,HIPAA / HITECH Patient Data Protection & Ransomware Defense
SW/DL,SW/DL LP,7400 FANNIN ST STE 1200,HOUSTON,TX,77054,621511,"Health Care and Social Assistance (Hospitals, Clinics, Doctors)",Type PF,2003-05-02T00:00:00.000,HIPAA / HITECH Patient Data Protection & Ransomware Defense
SYNERGY MEDSPA MD,"SYNERGY MEDSPA MD, PLLC",2726 BISSONNET ST STE 230,HOUSTON,TX,77005,621111,Offices of Physicians (except Mental Health Specialists),Limited Liability Company (LLC),2024-12-17T00:00:00.000,HIPAA / HITECH Patient Data Protection & Ransomware Defense
TAHIRA MED LLC,TAHIRA MED LLC,3057 W HOLCOMBE BLVD STE 112,HOUSTON,TX,77025,621399,"Health Care and Social Assistance (Hospitals, Clinics, Doctors)",Limited Liability Company (LLC),2025-07-01T00:00:00.000,HIPAA / HITECH Patient Data Protection & Ransomware Defense
TANNER DIALYSIS 11168,"RENAL TREATMENT CENTERS - SOUTHEAST, LP",5655 E SAM HOUSTON PKWY N,HOUSTON,TX,77015,621492,"Health Care and Social Assistance (Hospitals, Clinics, Doctors)",Type PF,2026-04-14T00:00:00.000,HIPAA / HITECH Patient Data Protection & Ransomware Defense
TC JESTER #2420,"RENAL TREATMENT CENTERS - SOUTHEAST, LP",1800 W 26TH ST,HOUSTON,TX,77008,621492,"Health Care and Social Assistance (Hospitals, Clinics, Doctors)",Type PF,2026-04-14T00:00:00.000,HIPAA / HITECH Patient Data Protection & Ransomware Defense
TECHNIP FMC HEALTH ZONE - GREMP PARK,"PREMISE HEALTH EMPLOYER SOLUTIONS, LLC",13460 LOCKWOOD RD,HOUSTON,TX,77044,621111,Offices of Physicians (except Mental Health Specialists),Corporation / Corporate Entity,2025-06-23T00:00:00.000,HIPAA / HITECH Patient Data Protection & Ransomware Defense
"TEI AND ASSOCIATES, L.L.C.","TEI AND ASSOCIATES, L.L.C.",7737 SOUTHWEST FWY STE 110,HOUSTON,TX,77074,621111,Offices of Physicians (except Mental Health Specialists),Limited Liability Company (LLC),2026-06-19T00:00:00.000,HIPAA / HITECH Patient Data Protection & Ransomware Defense
"TEI AND ASSOCIATES, L.L.C.","TEI AND ASSOCIATES, L.L.C.",11914 ASTORIA BLVD STE 680,HOUSTON,TX,77089,621111,Offices of Physicians (except Mental Health Specialists),Limited Liability Company (LLC),2019-02-15T00:00:00.000,HIPAA / HITECH Patient Data Protection & Ransomware Defense
TEXAS BONE HEALTH SPECIALISTS,"TEXAS BONE HEALTH SPECIALISTS, LLC",8404 KATY FWY,HOUSTON,TX,77024,621512,"Health Care and Social Assistance (Hospitals, Clinics, Doctors)",Limited Liability Company (LLC),2025-11-24T00:00:00.000,HIPAA / HITECH Patient Data Protection & Ransomware Defense
TEXAS CHILDREN'S URGENT CARE,TEXAS CHILDREN'S URGENT CARE,6621 FANNIN ST,HOUSTON,TX,77030,621493,"Health Care and Social Assistance (Hospitals, Clinics, Doctors)",Type CN,2025-04-21T00:00:00.000,HIPAA / HITECH Patient Data Protection & Ransomware Defense
TEXAS CHILDREN'S URGENT CARE,TEXAS CHILDREN'S URGENT CARE,3023 KIRBY DR STE 200,HOUSTON,TX,77098,621493,"Health Care and Social Assistance (Hospitals, Clinics, Doctors)",Type CN,2025-10-03T00:00:00.000,HIPAA / HITECH Patient Data Protection & Ransomware Defense
TEXAS CHILDREN'S URGENT CARE,TEXAS CHILDREN'S URGENT CARE,12620 WOODFOREST BLVD STE 160,HOUSTON,TX,77015,621493,"Health Care and Social Assistance (Hospitals, Clinics, Doctors)",Type CN,2024-08-14T00:00:00.000,HIPAA / HITECH Patient Data Protection & Ransomware Defense
TEXAS CHILDREN'S URGENT CARE,TEXAS CHILDREN'S URGENT CARE,10420 LOUETTA RD STE 104,HOUSTON,TX,77070,621493,"Health Care and Social Assistance (Hospitals, Clinics, Doctors)",Type CN,2024-08-14T00:00:00.000,HIPAA / HITECH Patient Data Protection & Ransomware Defense
TEXAS CHILDREN'S URGENT CARE,TEXAS CHILDREN'S URGENT CARE,2200 YALE ST STE 110,HOUSTON,TX,77008,621493,"Health Care and Social Assistance (Hospitals, Clinics, Doctors)",Type CN,2024-08-14T00:00:00.000,HIPAA / HITECH Patient Data Protection & Ransomware Defense
"TEXAS DENTAL HYGIENISTS' ASSOCIATION, INC.","TEXAS DENTAL HYGIENISTS' ASSOCIATION, INC.",16026 CUTTEN RD,HOUSTON,TX,77070,621210,Offices of Dentists,Type CN,2000-03-24T00:00:00.000,HIPAA / HITECH Patient Data Protection & Ransomware Defense
TEXAS ENT SPECIALISTS,"TEXAS EAR, NOSE & THROAT SPECIALISTS, PLLC",8731 KATY FWY STE 200,HOUSTON,TX,77024,621111,Offices of Physicians (except Mental Health Specialists),Limited Liability Company (LLC),2020-02-29T00:00:00.000,HIPAA / HITECH Patient Data Protection & Ransomware Defense
TEXAS ENT SPECIALISTS,"TEXAS EAR, NOSE & THROAT SPECIALISTS, PLLC",7900 FANNIN ST STE 1800,HOUSTON,TX,77054,621111,Offices of Physicians (except Mental Health Specialists),Limited Liability Company (LLC),2020-02-29T00:00:00.000,HIPAA / HITECH Patient Data Protection & Ransomware Defense
TEXAS ENT SPECIALISTS,"TEXAS EAR, NOSE & THROAT SPECIALISTS, PLLC",10740 N GESSNER RD STE 310,HOUSTON,TX,77064,621111,Offices of Physicians (except Mental Health Specialists),Limited Liability Company (LLC),2020-03-04T00:00:00.000,HIPAA / HITECH Patient Data Protection & Ransomware Defense
TEXAS ENT SPECIALISTS,"TEXAS EAR, NOSE & THROAT SPECIALISTS, PLLC",20207 CHASEWOOD PARK DR STE 100,HOUSTON,TX,77070,621111,Offices of Physicians (except Mental Health Specialists),Limited Liability Company (LLC),2020-03-04T00:00:00.000,HIPAA / HITECH Patient Data Protection & Ransomware Defense
"TEXAS ENT SPECIALISTS, PA","TEXAS EAR, NOSE & THROAT SPECIALISTS, PLLC",18400 KATY FWY STE 470,HOUSTON,TX,77094,621111,Offices of Physicians (except Mental Health Specialists),Limited Liability Company (LLC),2012-05-29T00:00:00.000,HIPAA / HITECH Patient Data Protection & Ransomware Defense
TEXAS EYE CENTER,"JESUS VISION, LLC",11660 WESTHEIMER RD STE 125,HOUSTON,TX,77077,621320,"Health Care and Social Assistance (Hospitals, Clinics, Doctors)",Limited Liability Company (LLC),2018-01-23T00:00:00.000,HIPAA / HITECH Patient Data Protection & Ransomware Defense
TEXAS FORENSIC NURSE EXAMINERS - FORENSIC CENTER,TEXAS FORENSIC NURSE EXAMINERS - FORENSIC CENTER O,3330 AUDLEY ST STE 200,HOUSTON,TX,77098,621999,"Health Care and Social Assistance (Hospitals, Clinics, Doctors)",Type CN,2022-10-12T00:00:00.000,HIPAA / HITECH Patient Data Protection & Ransomware Defense
"TEXAS HEALTH CARE GROUP, LLC","TEXAS HEALTH CARE GROUP, L.L.C.",18338 KINGSLAND BLVD STE 100,HOUSTON,TX,77094,621610,"Health Care and Social Assistance (Hospitals, Clinics, Doctors)",Limited Liability Company (LLC),2025-07-01T00:00:00.000,HIPAA / HITECH Patient Data Protection & Ransomware Defense
TEXAS HERBAL ACUPUNCTURE INC,TEXAS HERBAL ACUPUNCTURE INC.,3701 W ALABAMA ST STE 388,HOUSTON,TX,77027,621399,"Health Care and Social Assistance (Hospitals, Clinics, Doctors)",Texas Corporation,2000-03-28T00:00:00.000,HIPAA / HITECH Patient Data Protection & Ransomware Defense
"TEXAS PHYSICAL THERAPY CENTER, LLC","TEXAS PHYSICAL THERAPY CENTER, LLC",7333 W SAM HOUSTON PKWY S STE 120,HOUSTON,TX,77072,621340,"Health Care and Social Assistance (Hospitals, Clinics, Doctors)",Limited Liability Company (LLC),2026-06-17T00:00:00.000,HIPAA / HITECH Patient Data Protection & Ransomware Defense
TEXAS SCHOOL OF MASSAGE,JAMES F WRAY,17045 EL CAMINO REAL STE 120,HOUSTON,TX,77058,621399,"Health Care and Social Assistance (Hospitals, Clinics, Doctors)",Type IS,2021-03-04T00:00:00.000,HIPAA / HITECH Patient Data Protection & Ransomware Defense
TEXAS STAR DENTAL,"LAUREN R. AUSTIN, D.D.S., P.C.",142 VINTAGE PARK BLVD STE E,HOUSTON,TX,77070,621210,Offices of Dentists,Type CP,2023-09-21T00:00:00.000,HIPAA / HITECH Patient Data Protection & Ransomware Defense
TEXAS WEIGHT LOSS KLINIC PRIME,JOEANJON PLLC,2615 SOUTHWEST FWY STE 250,HOUSTON,TX,77098,621111,Offices of Physicians (except Mental Health Specialists),Limited Liability Company (LLC),2022-03-11T00:00:00.000,HIPAA / HITECH Patient Data Protection & Ransomware Defense
THE AESHETIC CENTER FOR PLASTIC SURGERY,"AESTHETIC CENTER FOR PLASTIC SURGERY, L.L.P.",12727 KIMBERLEY LN STE 300,HOUSTON,TX,77024,621111,Offices of Physicians (except Mental Health Specialists),Type PB,2026-02-19T00:00:00.000,HIPAA / HITECH Patient Data Protection & Ransomware Defense
THE AESHETIC CENTER FOR PLASTIC SURGERY,"AESTHETIC CENTER FOR PLASTIC SURGERY, L.L.P.",4400 POST OAK PKWY STE 100,HOUSTON,TX,77027,621111,Offices of Physicians (except Mental Health Specialists),Type PB,2026-02-19T00:00:00.000,HIPAA / HITECH Patient Data Protection & Ransomware Defense
THE ANTIDOTE - A BETTER YOU,"MNW COUNSELING, PLLC",5757 WOODWAY DR STE W310,HOUSTON,TX,77057,621330,"Health Care and Social Assistance (Hospitals, Clinics, Doctors)",Limited Liability Company (LLC),2026-07-22T00:00:00.000,HIPAA / HITECH Patient Data Protection & Ransomware Defense
THE ARI AESTHETIC PLLC,THE ARI AESTHETIC PLLC,211 HARBOR ST,HOUSTON,TX,77020,621399,"Health Care and Social Assistance (Hospitals, Clinics, Doctors)",Limited Liability Company (LLC),2025-09-25T00:00:00.000,HIPAA / HITECH Patient Data Protection & Ransomware Defense
"THE BELAGE CENTER, PLLC","THE BELAGE CENTER, PLLC",7700 SAN FELIPE ST STE 280,HOUSTON,TX,77063,621111,Offices of Physicians (except Mental Health Specialists),Limited Liability Company (LLC),2010-08-23T00:00:00.000,HIPAA / HITECH Patient Data Protection & Ransomware Defense
THE CARE GROUP OF TEXAS,"TCG INTERESTS, LLC",9349 KIRBY DR,HOUSTON,TX,77054,621610,"Health Care and Social Assistance (Hospitals, Clinics, Doctors)",Limited Liability Company (LLC),2024-06-13T00:00:00.000,HIPAA / HITECH Patient Data Protection & Ransomware Defense
THE CENTER FOR PLASTIC SURGERY,"THE CENTER FOR PLASTIC SURGERY, PLLC",841 YALE ST STE 300,HOUSTON,TX,77007,621111,Offices of Physicians (except Mental Health Specialists),Limited Liability Company (LLC),2024-04-29T00:00:00.000,HIPAA / HITECH Patient Data Protection & Ransomware Defense
"THE CHILDREN'S THERAPY CENTER, INC.","THE CHILDREN'S THERAPY CENTER, INC.",17045 EL CAMINO REAL STE 106,HOUSTON,TX,77058,621491,"Health Care and Social Assistance (Hospitals, Clinics, Doctors)",Texas Corporation,2015-07-24T00:00:00.000,HIPAA / HITECH Patient Data Protection & Ransomware Defense
"THE CONATIVE GROUP, PLLC","THE CONATIVE GROUP, PLLC",2000 EDWARDS ST STE 205,HOUSTON,TX,77007,621330,"Health Care and Social Assistance (Hospitals, Clinics, Doctors)",Limited Liability Company (LLC),2021-04-19T00:00:00.000,HIPAA / HITECH Patient Data Protection & Ransomware Defense
THE HEALING SPRINGS CENTER,VANESSA R BYNES,5300 N BRAESWOOD BLVD STE 4-674,HOUSTON,TX,77096,621999,"Health Care and Social Assistance (Hospitals, Clinics, Doctors)",Type IS,2026-06-23T00:00:00.000,HIPAA / HITECH Patient Data Protection & Ransomware Defense
"THE HEALING VILLAGE, INC","THE HEALING VILLAGE, INC",9934 JONES RD STE D7,HOUSTON,TX,77065,621498,"Health Care and Social Assistance (Hospitals, Clinics, Doctors)",Type CN,2025-07-29T00:00:00.000,HIPAA / HITECH Patient Data Protection & Ransomware Defense
"THE HEIGHTS MODERN DENTISTRY, PC","THE HEIGHTS MODERN DENTISTRY, PC",1911 TAYLOR ST STE D,HOUSTON,TX,77007,621210,Offices of Dentists,Type CP,2013-04-30T00:00:00.000,HIPAA / HITECH Patient Data Protection & Ransomware Defense
"THE HIVE WOMEN'S WELLNESS, PLLC","THE HIVE WOMEN'S WELLNESS, PLLC",1001 PINELOCH DR STE 800,HOUSTON,TX,77062,621399,"Health Care and Social Assistance (Hospitals, Clinics, Doctors)",Limited Liability Company (LLC),2024-03-26T00:00:00.000,HIPAA / HITECH Patient Data Protection & Ransomware Defense
THE MEDICAL DEVICE SOURCE LLC,THE MEDICAL DEVICE SOURCE LLC,2804 ALISO SHADOW CT,HOUSTON,TX,77089,621399,"Health Care and Social Assistance (Hospitals, Clinics, Doctors)",Limited Liability Company (LLC),2024-11-22T00:00:00.000,HIPAA / HITECH Patient Data Protection & Ransomware Defense
"THE MIND CONNECTION, LLC","THE MIND CONNECTION, LLC",10330 LAKE RD STE E,HOUSTON,TX,77070,621420,"Health Care and Social Assistance (Hospitals, Clinics, Doctors)",Limited Liability Company (LLC),2025-10-06T00:00:00.000,HIPAA / HITECH Patient Data Protection & Ransomware Defense
THE SKIN CLINIC,"THE SKIN CLINIC, PLLC",600 N SHEPHERD DR STE 124,HOUSTON,TX,77007,621399,"Health Care and Social Assistance (Hospitals, Clinics, Doctors)",Limited Liability Company (LLC),2022-02-11T00:00:00.000,HIPAA / HITECH Patient Data Protection & Ransomware Defense
"THE SKIN SURGERY CENTER OF HOUSTON, PLLC","THE SKIN SURGERY CENTER OF HOUSTON, PLLC",915 GESSNER RD STE 640,HOUSTON,TX,77024,621111,Offices of Physicians (except Mental Health Specialists),Limited Liability Company (LLC),2026-02-20T00:00:00.000,HIPAA / HITECH Patient Data Protection & Ransomware Defense
THE VINTAGE MODERN DENTISTRY PC,"THE VINTAGE MODERN DENTISTRY, PC",10927 LOUETTA RD STE 240,HOUSTON,TX,77070,621210,Offices of Dentists,Type CP,2024-07-19T00:00:00.000,HIPAA / HITECH Patient Data Protection & Ransomware Defense
THE VISION CO,"J&J VISION, PLLC",19859 KATY FWY STE E,HOUSTON,TX,77094,621320,"Health Care and Social Assistance (Hospitals, Clinics, Doctors)",Limited Liability Company (LLC),2020-02-07T00:00:00.000,HIPAA / HITECH Patient Data Protection & Ransomware Defense
"THE WOODLANDS SKIN SURGERY CENTER, P.A.","THE WOODLANDS SKIN SURGERY CENTER, P.A.",20207 CHASEWOOD PARK DR STE 100,HOUSTON,TX,77070,621111,Offices of Physicians (except Mental Health Specialists),Type AP,2026-07-31T00:00:00.000,HIPAA / HITECH Patient Data Protection & Ransomware Defense
THERAPEUTIC THAI MASSAGE,CHABALEE LLC,13346 BRIAR FOREST DR STE 150,HOUSTON,TX,77077,621399,"Health Care and Social Assistance (Hospitals, Clinics, Doctors)",Limited Liability Company (LLC),2013-08-13T00:00:00.000,HIPAA / HITECH Patient Data Protection & Ransomware Defense
THERAPEUTIC THAI MASSAGE,CHABALEE LLC,3913 RICHMOND AVE,HOUSTON,TX,77027,621399,"Health Care and Social Assistance (Hospitals, Clinics, Doctors)",Limited Liability Company (LLC),2015-06-17T00:00:00.000,HIPAA / HITECH Patient Data Protection & Ransomware Defense
THERMOGRAPHY OF HOUSTON LLC,THERMOGRAPHY OF HOUSTON LLC,13644 BRETON RIDGE ST STE E,HOUSTON,TX,77070,621512,"Health Care and Social Assistance (Hospitals, Clinics, Doctors)",Limited Liability Company (LLC),2025-12-04T00:00:00.000,HIPAA / HITECH Patient Data Protection & Ransomware Defense
THRIVE MEMORIAL GREEN,"MTLF INVESTMENTS, LLC",12505 MEMORIAL DR STE 120,HOUSTON,TX,77024,621498,"Health Care and Social Assistance (Hospitals, Clinics, Doctors)",Limited Liability Company (LLC),2021-04-23T00:00:00.000,HIPAA / HITECH Patient Data Protection & Ransomware Defense
"TIDWELL DENTAL AND ORTHODONTICS, PLLC","TIDWELL DENTAL AND ORTHODONTICS, PLLC",5422 NORTH FWY,HOUSTON,TX,77076,621210,Offices of Dentists,Limited Liability Company (LLC),2021-07-12T00:00:00.000,HIPAA / HITECH Patient Data Protection & Ransomware Defense
TITAN T-CENTER,"AUGUSTINE HEALTHCARE, LLC",830 GEMINI ST,HOUSTON,TX,77058,621399,"Health Care and Social Assistance (Hospitals, Clinics, Doctors)",Corporation / Corporate Entity,2021-03-03T00:00:00.000,HIPAA / HITECH Patient Data Protection & Ransomware Defense
TODAY'S CHIROPRACTIC,"TODAY'S CHIROPRACTIC, PLLC",13831 NORTHWEST FWY STE 327,HOUSTON,TX,77040,621310,"Health Care and Social Assistance (Hospitals, Clinics, Doctors)",Limited Liability Company (LLC),2015-12-30T00:00:00.000,HIPAA / HITECH Patient Data Protection & Ransomware Defense
TODAY'S VISION - BUNKER HILL,TODAY'S VISION BUNKER HILL PA,9742 KATY FWY STE 600,HOUSTON,TX,77055,621320,"Health Care and Social Assistance (Hospitals, Clinics, Doctors)",Type AP,2010-03-15T00:00:00.000,HIPAA / HITECH Patient Data Protection & Ransomware Defense
TODAY'S VISION - NORTHSIDE,"HEALTHY EYES OPTOMETRIC CLINIC, PLLC",5324 NORTH FWY STE 150,HOUSTON,TX,77022,621320,"Health Care and Social Assistance (Hospitals, Clinics, Doctors)",Limited Liability Company (LLC),2025-04-22T00:00:00.000,HIPAA / HITECH Patient Data Protection & Ransomware Defense
TODAY'S VISION @ THE PILLARS,FRANK LEE,7505 SOUTHWEST FWY STE 203,HOUSTON,TX,77074,621320,"Health Care and Social Assistance (Hospitals, Clinics, Doctors)",Type IS,2020-02-21T00:00:00.000,HIPAA / HITECH Patient Data Protection & Ransomware Defense
TODAY'S VISION KATY,"C.E. WELLS CARE, L.L.C.",1350 FRY RD,HOUSTON,TX,77084,621320,"Health Care and Social Assistance (Hospitals, Clinics, Doctors)",Limited Liability Company (LLC),2015-01-26T00:00:00.000,HIPAA / HITECH Patient Data Protection & Ransomware Defense
TOP ACUPUNCTURE CLINIC,GALLERIA ORIENTAL MEDICINE LLC,2000 BERING DR STE 270,HOUSTON,TX,77057,621399,"Health Care and Social Assistance (Hospitals, Clinics, Doctors)",Limited Liability Company (LLC),2018-12-20T00:00:00.000,HIPAA / HITECH Patient Data Protection & Ransomware Defense
TOP LEVEL HOMECARE,"TOP LEVEL HOMECARE, INC",301 WILCREST DR APT 7703,HOUSTON,TX,77042,621610,"Health Care and Social Assistance (Hospitals, Clinics, Doctors)",Texas Corporation,2024-06-17T00:00:00.000,HIPAA / HITECH Patient Data Protection & Ransomware Defense
TOTAL RENAL CARE #01251,"TOTAL RENAL CARE, INC.",6120 W BY NORTHWEST BLVD,HOUSTON,TX,77040,621492,"Health Care and Social Assistance (Hospitals, Clinics, Doctors)",Foreign Corporation (Out-of-State),2021-07-30T00:00:00.000,HIPAA / HITECH Patient Data Protection & Ransomware Defense
TOTAL RENAL CARE INC #01013,"TOTAL RENAL CARE, INC.",5999 SOUTH LOOP E,HOUSTON,TX,77033,621492,"Health Care and Social Assistance (Hospitals, Clinics, Doctors)",Foreign Corporation (Out-of-State),2019-03-13T00:00:00.000,HIPAA / HITECH Patient Data Protection & Ransomware Defense
TOTAL RENAL CARE INC #01774,"TOTAL RENAL CARE, INC.",7647 SOUTH FWY,HOUSTON,TX,77021,621492,"Health Care and Social Assistance (Hospitals, Clinics, Doctors)",Foreign Corporation (Out-of-State),2019-03-13T00:00:00.000,HIPAA / HITECH Patient Data Protection & Ransomware Defense
TOTAL RENAL CARE INC #05799,"TOTAL RENAL CARE, INC.",8800 BISSONNET ST STE A,HOUSTON,TX,77074,621492,"Health Care and Social Assistance (Hospitals, Clinics, Doctors)",Foreign Corporation (Out-of-State),2026-01-29T00:00:00.000,HIPAA / HITECH Patient Data Protection & Ransomware Defense
TOTAL RENAL CARE INC #12064,"TOTAL RENAL CARE, INC.",7505 MAIN ST STE 120,HOUSTON,TX,77030,621492,"Health Care and Social Assistance (Hospitals, Clinics, Doctors)",Foreign Corporation (Out-of-State),2019-03-13T00:00:00.000,HIPAA / HITECH Patient Data Protection & Ransomware Defense
"TOWN & COUNTRY FAMILY PHYSICIANS, P.L.L.P.","TOWN & COUNTRY FAMILY PHYSICIANS, P.L.L.P.",10497 TOWN AND COUNTRY WAY STE 360,HOUSTON,TX,77024,621111,Offices of Physicians (except Mental Health Specialists),Type PB,2014-01-24T00:00:00.000,HIPAA / HITECH Patient Data Protection & Ransomware Defense
TRAVIS COUNTY EMERGENCY PHYSICIANS,"EMERGENCY SERVICE PARTNERS, LLC",6565 FANNIN ST,HOUSTON,TX,77030,621111,Offices of Physicians (except Mental Health Specialists),Limited Liability Company (LLC),2023-07-28T00:00:00.000,HIPAA / HITECH Patient Data Protection & Ransomware Defense
TRAVIS COUNTY EMERGENCY PHYSICIANS,"EMERGENCY SERVICE PARTNERS, LLC",18220 STATE HIGHWAY 249,HOUSTON,TX,77070,621111,Offices of Physicians (except Mental Health Specialists),Limited Liability Company (LLC),2023-07-28T00:00:00.000,HIPAA / HITECH Patient Data Protection & Ransomware Defense
TRAVIS COUNTY EMERGENCY PHYSICIANS,"EMERGENCY SERVICE PARTNERS, LLC",18500 KATY FWY,HOUSTON,TX,77094,621111,Offices of Physicians (except Mental Health Specialists),Limited Liability Company (LLC),2023-07-28T00:00:00.000,HIPAA / HITECH Patient Data Protection & Ransomware Defense
TRAVIS COUNTY EMERGENCY PHYSICIANS,"EMERGENCY SERVICE PARTNERS, LLC",18300 HOUSTON METHODIST DR,HOUSTON,TX,77058,621111,Offices of Physicians (except Mental Health Specialists),Limited Liability Company (LLC),2023-07-28T00:00:00.000,HIPAA / HITECH Patient Data Protection & Ransomware Defense
TRAVIS COUNTY EMERGENCY PHYSICIANS,"EMERGENCY SERVICE PARTNERS, LLC",2615 SOUTHWEST FWY STE 140,HOUSTON,TX,77098,621111,Offices of Physicians (except Mental Health Specialists),Limited Liability Company (LLC),2023-07-28T00:00:00.000,HIPAA / HITECH Patient Data Protection & Ransomware Defense
TRAVIS COUNTY EMERGENCY PHYSICIANS,"EMERGENCY SERVICE PARTNERS, LLC",1635 S VOSS RD,HOUSTON,TX,77057,621111,Offices of Physicians (except Mental Health Specialists),Limited Liability Company (LLC),2023-07-28T00:00:00.000,HIPAA / HITECH Patient Data Protection & Ransomware Defense
TRH INJECTABLES,"TRH INJECTABLES, PLLC",1811 WOODCREST DR,HOUSTON,TX,77018,621111,Offices of Physicians (except Mental Health Specialists),Limited Liability Company (LLC),2019-03-23T00:00:00.000,HIPAA / HITECH Patient Data Protection & Ransomware Defense
TRICITY HEALTHCARE SERVICES LLC,TRICITY HEALTHCARE SERVICES LLC,3810 DRAKE ST,HOUSTON,TX,77005,621111,Offices of Physicians (except Mental Health Specialists),Limited Liability Company (LLC),2023-04-20T00:00:00.000,HIPAA / HITECH Patient Data Protection & Ransomware Defense
TRINITY CARE LLC,TRINITY CARE LLC,4201 MAIN ST,HOUSTON,TX,77002,621330,"Health Care and Social Assistance (Hospitals, Clinics, Doctors)",Corporation / Corporate Entity,2026-02-24T00:00:00.000,HIPAA / HITECH Patient Data Protection & Ransomware Defense
TRIPLE3 DIAGNOSTICS AND EMPLOYMENT SCREENINGS LLC,TRIPLE3 DIAGNOSTICS AND EMPLOYMENT SCREENINGS LLC,505 N SAM HOUSTON PKWY E STE 245,HOUSTON,TX,77060,621511,"Health Care and Social Assistance (Hospitals, Clinics, Doctors)",Limited Liability Company (LLC),2023-05-13T00:00:00.000,HIPAA / HITECH Patient Data Protection & Ransomware Defense
TRU BEAUTE MED SPA,TRU BEAUTE LLC,2045 SPACE PARK DR STE 110,HOUSTON,TX,77058,621399,"Health Care and Social Assistance (Hospitals, Clinics, Doctors)",Limited Liability Company (LLC),2026-04-24T00:00:00.000,HIPAA / HITECH Patient Data Protection & Ransomware Defense
U.S. DERMATOLOGY PARTNERS CLEAR LAKE,OLIVER STREET 5.01(A) INC.,17300 EL CAMINO REAL STE 103,HOUSTON,TX,77058,621111,Offices of Physicians (except Mental Health Specialists),Type CN,2018-01-05T00:00:00.000,HIPAA / HITECH Patient Data Protection & Ransomware Defense
U.S. DERMATOLOGY PARTNERS MEDICAL DISTRICT,OLIVER STREET 5.01(A) INC.,1213 HERMANN DR STE 650,HOUSTON,TX,77004,621111,Offices of Physicians (except Mental Health Specialists),Type CN,2017-01-10T00:00:00.000,HIPAA / HITECH Patient Data Protection & Ransomware Defense
"U.S. RENAL CARE HOME THERAPIES, LLC","U.S. RENAL CARE HOME THERAPIES, LLC",1313 LA CONCHA LN,HOUSTON,TX,77054,621492,"Health Care and Social Assistance (Hospitals, Clinics, Doctors)",Limited Liability Company (LLC),2010-02-18T00:00:00.000,HIPAA / HITECH Patient Data Protection & Ransomware Defense
U.T. PHYSICIANS,U.T. PHYSICIANS,11914 ASTORIA BLVD STE 510,HOUSTON,TX,77089,621111,Offices of Physicians (except Mental Health Specialists),Type CN,2025-02-07T00:00:00.000,HIPAA / HITECH Patient Data Protection & Ransomware Defense
U.T. PHYSICIANS,U.T. PHYSICIANS,7789 SOUTHWEST FWY STE 390,HOUSTON,TX,77074,621111,Offices of Physicians (except Mental Health Specialists),Type CN,2025-02-07T00:00:00.000,HIPAA / HITECH Patient Data Protection & Ransomware Defense
U.T. PHYSICIANS,U.T. PHYSICIANS,1631 NORTH LOOP W STE 220,HOUSTON,TX,77008,621111,Offices of Physicians (except Mental Health Specialists),Type CN,2025-02-07T00:00:00.000,HIPAA / HITECH Patient Data Protection & Ransomware Defense
U.T. PHYSICIANS,U.T. PHYSICIANS,929 GESSNER RD STE 1300,HOUSTON,TX,77024,621111,Offices of Physicians (except Mental Health Specialists),Type CN,2025-02-07T00:00:00.000,HIPAA / HITECH Patient Data Protection & Ransomware Defense
U.T. PHYSICIANS,U.T. PHYSICIANS,6410 FANNIN ST STE 170,HOUSTON,TX,77030,621111,Offices of Physicians (except Mental Health Specialists),Type CN,2025-02-07T00:00:00.000,HIPAA / HITECH Patient Data Protection & Ransomware Defense
UKC NORTH,"DVA RENAL HEALTHCARE, INC.",7139 NORTH LOOP E,HOUSTON,TX,77028,621492,"Health Care and Social Assistance (Hospitals, Clinics, Doctors)",Foreign Corporation (Out-of-State),2026-03-03T00:00:00.000,HIPAA / HITECH Patient Data Protection & Ransomware Defense
"UKC, CLINIC #0057","DVA RENAL HEALTHCARE, INC.",1335 LA CONCHA LN,HOUSTON,TX,77054,621492,"Health Care and Social Assistance (Hospitals, Clinics, Doctors)",Foreign Corporation (Out-of-State),2026-03-03T00:00:00.000,HIPAA / HITECH Patient Data Protection & Ransomware Defense
ULTRA VISION OD PA,ULTRA VISION OD PA,9614 JONES RD,HOUSTON,TX,77065,621320,"Health Care and Social Assistance (Hospitals, Clinics, Doctors)",Type AP,2018-10-08T00:00:00.000,HIPAA / HITECH Patient Data Protection & Ransomware Defense
"UNIQ GROUP, INC","UNIQ GROUP, INC",10103 FONDREN RD STE 215,HOUSTON,TX,77096,621610,"Health Care and Social Assistance (Hospitals, Clinics, Doctors)",Type CN,2024-09-17T00:00:00.000,HIPAA / HITECH Patient Data Protection & Ransomware Defense
UNLIMITED PROSTHETICS,UNLIMITED PROSTHETICS INC.,8800 BISSONNET ST STE J,HOUSTON,TX,77074,621399,"Health Care and Social Assistance (Hospitals, Clinics, Doctors)",Texas Corporation,2011-10-27T00:00:00.000,HIPAA / HITECH Patient Data Protection & Ransomware Defense
UPPER KIRBY EYECARE,"LENS LOGIC, PLLC",2055 WESTHEIMER RD STE 125,HOUSTON,TX,77098,621320,"Health Care and Social Assistance (Hospitals, Clinics, Doctors)",Limited Liability Company (LLC),2024-07-06T00:00:00.000,HIPAA / HITECH Patient Data Protection & Ransomware Defense
"USRC COLLEGE PARTNERSHIP, L.P.","USRC COLLEGE PARTNERSHIP, L.P.",6120 SCOTT ST,HOUSTON,TX,77021,621492,"Health Care and Social Assistance (Hospitals, Clinics, Doctors)",Type PL,2010-02-18T00:00:00.000,HIPAA / HITECH Patient Data Protection & Ransomware Defense
"USRC GULFGATE, LLC","USRC GULFGATE, LLC",2916 WOODRIDGE DR,HOUSTON,TX,77087,621492,"Health Care and Social Assistance (Hospitals, Clinics, Doctors)",Corporation / Corporate Entity,2021-04-29T00:00:00.000,HIPAA / HITECH Patient Data Protection & Ransomware Defense
USRC HOUSTON NEWCO HOME LLC,"USRC HOUSTON NEWCO HOME, LLC",2000 CRAWFORD ST,HOUSTON,TX,77002,621492,"Health Care and Social Assistance (Hospitals, Clinics, Doctors)",Corporation / Corporate Entity,2020-08-21T00:00:00.000,HIPAA / HITECH Patient Data Protection & Ransomware Defense
"USRC SHARPSTOWN, LLC","USRC SHARPSTOWN, LLC",6888 SOUTHWEST FWY STE 100,HOUSTON,TX,77074,621492,"Health Care and Social Assistance (Hospitals, Clinics, Doctors)",Corporation / Corporate Entity,2021-11-04T00:00:00.000,HIPAA / HITECH Patient Data Protection & Ransomware Defense
"USRC WEST UNIVERSITY, LLC","USRC WEST UNIVERSITY, LLC",9219 STELLA LINK RD,HOUSTON,TX,77025,621492,"Health Care and Social Assistance (Hospitals, Clinics, Doctors)",Limited Liability Company (LLC),2018-07-05T00:00:00.000,HIPAA / HITECH Patient Data Protection & Ransomware Defense
UTOPIA MEDSPA,UTOPIA MEDSPA I CORPORATION,1121 UPTOWN PARK BLVD STE 16,HOUSTON,TX,77056,621399,"Health Care and Social Assistance (Hospitals, Clinics, Doctors)",Texas Corporation,2016-09-09T00:00:00.000,HIPAA / HITECH Patient Data Protection & Ransomware Defense
UTP CV SURGERY GREATER HEIGHTS CLINIC,U.T. PHYSICIANS,1631 NORTH LOOP W STE 610,HOUSTON,TX,77008,621111,Offices of Physicians (except Mental Health Specialists),Type CN,2021-10-26T00:00:00.000,HIPAA / HITECH Patient Data Protection & Ransomware Defense
UTP CV SURGERY MEMORIAL CITY CLINIC,U.T. PHYSICIANS,915 GESSNER RD STE 585,HOUSTON,TX,77024,621111,Offices of Physicians (except Mental Health Specialists),Type CN,2021-10-26T00:00:00.000,HIPAA / HITECH Patient Data Protection & Ransomware Defense
UTP CV SURGERY TMC CLINIC,U.T. PHYSICIANS,6400 FANNIN ST STE 2850,HOUSTON,TX,77030,621111,Offices of Physicians (except Mental Health Specialists),Type CN,2021-10-26T00:00:00.000,HIPAA / HITECH Patient Data Protection & Ransomware Defense
UTP CV VEIN MEMORIAL CITY CLINIC,U.T. PHYSICIANS,915 GESSNER RD STE 685,HOUSTON,TX,77024,621111,Offices of Physicians (except Mental Health Specialists),Type CN,2021-10-26T00:00:00.000,HIPAA / HITECH Patient Data Protection & Ransomware Defense
UTP DERMATOLOGY CLINIC,U.T. PHYSICIANS,6655 TRAVIS ST STE 700,HOUSTON,TX,77030,621111,Offices of Physicians (except Mental Health Specialists),Type CN,2021-10-26T00:00:00.000,HIPAA / HITECH Patient Data Protection & Ransomware Defense
UTP OPHTHALM ADULT RETAIL,U.T. PHYSICIANS,6400 FANNIN ST STE 1800,HOUSTON,TX,77030,621111,Offices of Physicians (except Mental Health Specialists),Type CN,2024-04-10T00:00:00.000,HIPAA / HITECH Patient Data Protection & Ransomware Defense
UTP OTORHINOLARYNGOLOGY GREATER HEIGHTS,U.T. PHYSICIANS,1631 NORTH LOOP W STE 620,HOUSTON,TX,77008,621111,Offices of Physicians (except Mental Health Specialists),Type CN,2023-12-15T00:00:00.000,HIPAA / HITECH Patient Data Protection & Ransomware Defense
UTP OTORHINOLARYNGOLOGY- SOUTHEAST HOUSTON,U.T. PHYSICIANS,11914 ASTORIA BLVD STE 670,HOUSTON,TX,77089,621111,Offices of Physicians (except Mental Health Specialists),Type CN,2023-12-15T00:00:00.000,HIPAA / HITECH Patient Data Protection & Ransomware Defense
UTP OTORHINOLARYNGOLOGY- TEXAS MEDICAL CENTER,U.T. PHYSICIANS,6400 FANNIN ST STE 2700,HOUSTON,TX,77030,621111,Offices of Physicians (except Mental Health Specialists),Type CN,2023-12-15T00:00:00.000,HIPAA / HITECH Patient Data Protection & Ransomware Defense
UTP PLASTIC SURGERY CLINIC,U.T. PHYSICIANS,6410 FANNIN ST STE 1400,HOUSTON,TX,77030,621111,Offices of Physicians (except Mental Health Specialists),Type CN,2021-10-26T00:00:00.000,HIPAA / HITECH Patient Data Protection & Ransomware Defense
UTP TX CENTER FOR FACIAL PLASTIC SURGERY,U.T. PHYSICIANS,6400 FANNIN ST STE 2080,HOUSTON,TX,77030,621111,Offices of Physicians (except Mental Health Specialists),Type CN,2021-10-26T00:00:00.000,HIPAA / HITECH Patient Data Protection & Ransomware Defense
"V-RAD SYSTEMS, INC.","V-RAD SYSTEMS, INC.",1814 BINZ ST APT C,HOUSTON,TX,77004,621512,"Health Care and Social Assistance (Hospitals, Clinics, Doctors)",Texas Corporation,2021-02-19T00:00:00.000,HIPAA / HITECH Patient Data Protection & Ransomware Defense
VALERO EMPLOYEE WELLNESS CENTER - HOUSTON,"PREMISE HEALTH EMPLOYER SOLUTIONS, LLC",751 95TH ST,HOUSTON,TX,77012,621111,Offices of Physicians (except Mental Health Specialists),Corporation / Corporate Entity,2025-06-24T00:00:00.000,HIPAA / HITECH Patient Data Protection & Ransomware Defense
VALIA HEALTH,VALIA HEALTH PLLC,3262 WESTHEIMER RD # 407,HOUSTON,TX,77098,621112,"Health Care and Social Assistance (Hospitals, Clinics, Doctors)",Limited Liability Company (LLC),2026-03-11T00:00:00.000,HIPAA / HITECH Patient Data Protection & Ransomware Defense
VANGUARD SPINE & SPORT,"GULF COAST PHYSICAL MEDICINE, PLLC",8800 KATY FWY STE 105,HOUSTON,TX,77024,621310,"Health Care and Social Assistance (Hospitals, Clinics, Doctors)",Limited Liability Company (LLC),2015-08-21T00:00:00.000,HIPAA / HITECH Patient Data Protection & Ransomware Defense
VERIFY NOW 360,VERIFY NOW 360 LLC,734 GREENS RD # B,HOUSTON,TX,77060,621999,"Health Care and Social Assistance (Hospitals, Clinics, Doctors)",Limited Liability Company (LLC),2026-06-12T00:00:00.000,HIPAA / HITECH Patient Data Protection & Ransomware Defense
VERTEX MEDICAL INTL. INC.,VERTEX MEDICAL INTL. INC.,19200 SPACE CENTER BLVD APT 822,HOUSTON,TX,77058,621111,Offices of Physicians (except Mental Health Specialists),Texas Corporation,2021-09-29T00:00:00.000,HIPAA / HITECH Patient Data Protection & Ransomware Defense
VET ACCEL INC.,VET ACCEL INC.,1800 BERING DR STE 850,HOUSTON,TX,77057,621999,"Health Care and Social Assistance (Hospitals, Clinics, Doctors)",Texas Corporation,2021-07-17T00:00:00.000,HIPAA / HITECH Patient Data Protection & Ransomware Defense
VICTOR'S QUALITY GROUP LLC,VICTOR'S QUALITY GROUP LLC,17018 GLENEVISS DR,HOUSTON,TX,77084,621999,"Health Care and Social Assistance (Hospitals, Clinics, Doctors)",Limited Liability Company (LLC),2021-08-12T00:00:00.000,HIPAA / HITECH Patient Data Protection & Ransomware Defense
"VIGOR MEDICAL SYSTEMS, INC.","VIGOR MEDICAL SYSTEMS, INC.",2450 HOLCOMBE BLVD STE J,HOUSTON,TX,77021,621999,"Health Care and Social Assistance (Hospitals, Clinics, Doctors)",Foreign Corporation (Out-of-State),2021-09-18T00:00:00.000,HIPAA / HITECH Patient Data Protection & Ransomware Defense
VIGOUR WELLNESS,"ANGEL PEREZ WELLNESS, PLLC",11821 EAST FWY STE 140,HOUSTON,TX,77029,621111,Offices of Physicians (except Mental Health Specialists),Limited Liability Company (LLC),2026-03-17T00:00:00.000,HIPAA / HITECH Patient Data Protection & Ransomware Defense
VILLAGE DERMATOLOGY,"VILLAGE DERMATOLOGY, PLLC",7575 SAN FELIPE ST STE 300,HOUSTON,TX,77063,621111,Offices of Physicians (except Mental Health Specialists),Limited Liability Company (LLC),2016-05-27T00:00:00.000,HIPAA / HITECH Patient Data Protection & Ransomware Defense
"VILLAGE VISION, P.A.","VILLAGE VISION, P.A.",12924 BELLAIRE BLVD STE 100,HOUSTON,TX,77072,621320,"Health Care and Social Assistance (Hospitals, Clinics, Doctors)",Type AP,2012-01-11T00:00:00.000,HIPAA / HITECH Patient Data Protection & Ransomware Defense
VIO MED SPA,"LANTHUM VENTURES, INC.",700 TOWN AND COUNTRY BLVD,HOUSTON,TX,77024,621399,"Health Care and Social Assistance (Hospitals, Clinics, Doctors)",Texas Corporation,2025-05-14T00:00:00.000,HIPAA / HITECH Patient Data Protection & Ransomware Defense
VIO MED SPA WEST U,"RADIANT MEDICAL, PLLC",3849 BELLAIRE BLVD,HOUSTON,TX,77025,621498,"Health Care and Social Assistance (Hospitals, Clinics, Doctors)",Limited Liability Company (LLC),2025-10-28T00:00:00.000,HIPAA / HITECH Patient Data Protection & Ransomware Defense
"VISIBLE EYE CARE, PLLC","VISIBLE EYE CARE, PLLC",2745 GESSNER RD STE C,HOUSTON,TX,77080,621320,"Health Care and Social Assistance (Hospitals, Clinics, Doctors)",Limited Liability Company (LLC),2015-03-02T00:00:00.000,HIPAA / HITECH Patient Data Protection & Ransomware Defense
"VISION - COPPERFIELD, PA","VISION SOURCE - COPPERFIELD, PA",8717 HIGHWAY 6 N,HOUSTON,TX,77095,621320,"Health Care and Social Assistance (Hospitals, Clinics, Doctors)",Type AP,2009-03-26T00:00:00.000,HIPAA / HITECH Patient Data Protection & Ransomware Defense
VISION CORNER,HIRA IQBAL LLC,8751 HIGHWAY 6 S UNIT A,HOUSTON,TX,77083,621320,"Health Care and Social Assistance (Hospitals, Clinics, Doctors)",Limited Liability Company (LLC),2026-05-28T00:00:00.000,HIPAA / HITECH Patient Data Protection & Ransomware Defense
"VISION MAX NORTHSHORE, PLLC","VISION MAX NORTHSHORE, PLLC",13427 EAST FWY,HOUSTON,TX,77015,621320,"Health Care and Social Assistance (Hospitals, Clinics, Doctors)",Limited Liability Company (LLC),2015-07-10T00:00:00.000,HIPAA / HITECH Patient Data Protection & Ransomware Defense
"VISION SOURCE GREENWAY/GALLERIA, P A","VISION CENTERS OF HOUSTON-GREENWAY/GALLERIA, PLLC",17282 STATE HIGHWAY 249,HOUSTON,TX,77064,621320,"Health Care and Social Assistance (Hospitals, Clinics, Doctors)",Limited Liability Company (LLC),2008-06-23T00:00:00.000,HIPAA / HITECH Patient Data Protection & Ransomware Defense
VISION SOURCE WESTVIEW,WINK EYE CARE & EYEWEAR PLLC,1461 WIRT RD,HOUSTON,TX,77055,621320,"Health Care and Social Assistance (Hospitals, Clinics, Doctors)",Limited Liability Company (LLC),2015-11-05T00:00:00.000,HIPAA / HITECH Patient Data Protection & Ransomware Defense
VISION SOURCE-MISSION BEND,BRUCE C WICK,13615 BELLAIRE BLVD,HOUSTON,TX,77083,621320,"Health Care and Social Assistance (Hospitals, Clinics, Doctors)",Type IS,1997-04-08T00:00:00.000,HIPAA / HITECH Patient Data Protection & Ransomware Defense
VITAL NOURISHMENT,VITAL NOURISHMENT LLC,2040 GREENHOUSE RD APT 1124,HOUSTON,TX,77084,621399,"Health Care and Social Assistance (Hospitals, Clinics, Doctors)",Limited Liability Company (LLC),2025-08-26T00:00:00.000,HIPAA / HITECH Patient Data Protection & Ransomware Defense
"VU NGUYEN, O.D., P.A.","VU NGUYEN, O.D., P.A.",8705 WEST LOOP S STE 400,HOUSTON,TX,77096,621320,"Health Care and Social Assistance (Hospitals, Clinics, Doctors)",Type AP,2014-09-13T00:00:00.000,HIPAA / HITECH Patient Data Protection & Ransomware Defense
WATTS NATURAL HEALTH,MELISSA WATTS,10605 GRANT RD STE 102,HOUSTON,TX,77070,621399,"Health Care and Social Assistance (Hospitals, Clinics, Doctors)",Type IS,2026-07-29T00:00:00.000,HIPAA / HITECH Patient Data Protection & Ransomware Defense
"WE CARE RX PHARMACY, PLLC","WE CARE RX PHARMACY, PLLC",12390 KINGSRIDE LN,HOUSTON,TX,77024,621399,"Health Care and Social Assistance (Hospitals, Clinics, Doctors)",Limited Liability Company (LLC),2025-12-08T00:00:00.000,HIPAA / HITECH Patient Data Protection & Ransomware Defense
WELL HEALTH LABS LLC,WELL HEALTH LABS LLC,7557 SOUTH FWY STE 7557,HOUSTON,TX,77021,621512,"Health Care and Social Assistance (Hospitals, Clinics, Doctors)",Limited Liability Company (LLC),2021-09-22T00:00:00.000,HIPAA / HITECH Patient Data Protection & Ransomware Defense
WELLNESS PLUS PHARMACY INC.,WELLNESS PLUS PHARMACY INC.,8302 N ELDRIDGE PKWY STE 200,HOUSTON,TX,77041,621399,"Health Care and Social Assistance (Hospitals, Clinics, Doctors)",Texas Corporation,2012-11-02T00:00:00.000,HIPAA / HITECH Patient Data Protection & Ransomware Defense
WELLNESS PRIMARY CARE CLINIC #11,"MAGENTA CLINICS, INC.",10919 LOUETTA RD,HOUSTON,TX,77070,621111,Offices of Physicians (except Mental Health Specialists),Type CN,2022-08-08T00:00:00.000,HIPAA / HITECH Patient Data Protection & Ransomware Defense
WELLNESS ZONE,ORLANDO Y MONSIVAIS,15498 S POST RD DOOR B,HOUSTON,TX,77053,621399,"Health Care and Social Assistance (Hospitals, Clinics, Doctors)",Type IS,2026-07-03T00:00:00.000,HIPAA / HITECH Patient Data Protection & Ransomware Defense
WEMED CLINIC INC.,WEMED CLINIC INC.,4126 SOUTHWEST FWY STE 1130,HOUSTON,TX,77027,621111,Offices of Physicians (except Mental Health Specialists),Texas Corporation,2025-03-20T00:00:00.000,HIPAA / HITECH Patient Data Protection & Ransomware Defense
WEST HOUSTON HOME DIALYSIS #11126,"RENAL TREATMENT CENTERS - SOUTHEAST, LP",1319 W SAM HOUSTON PKWY N STE 130,HOUSTON,TX,77043,621492,"Health Care and Social Assistance (Hospitals, Clinics, Doctors)",Type PF,2026-04-14T00:00:00.000,HIPAA / HITECH Patient Data Protection & Ransomware Defense
WEST OAK DIALYSIS #4442,"RENAL TREATMENT CENTERS - SOUTHEAST, LP",14800 WESTHEIMER RD STE A,HOUSTON,TX,77082,621492,"Health Care and Social Assistance (Hospitals, Clinics, Doctors)",Type PF,2026-04-14T00:00:00.000,HIPAA / HITECH Patient Data Protection & Ransomware Defense
WEST PARK DIALYSIS #05785,"RENAL TREATMENT CENTERS - SOUTHEAST, LP",5920 RENWICK DR STE A,HOUSTON,TX,77081,621492,"Health Care and Social Assistance (Hospitals, Clinics, Doctors)",Type PF,2026-04-14T00:00:00.000,HIPAA / HITECH Patient Data Protection & Ransomware Defense
WEST POINT DIALYSIS #5042,"RENAL TREATMENT CENTERS - SOUTHEAST, LP",12051 WESTPARK DR STE 100,HOUSTON,TX,77082,621492,"Health Care and Social Assistance (Hospitals, Clinics, Doctors)",Type PF,2026-04-14T00:00:00.000,HIPAA / HITECH Patient Data Protection & Ransomware Defense
WEST U VISION,"NGAN, INC.",6737 STELLA LINK RD,HOUSTON,TX,77005,621320,"Health Care and Social Assistance (Hospitals, Clinics, Doctors)",Texas Corporation,2017-12-13T00:00:00.000,HIPAA / HITECH Patient Data Protection & Ransomware Defense
WESTLAKE DERMATOLOGY - RIVER OAKS,"WESTLAKE DERMATOLOGY, P.A.",3636 WESTHEIMER RD,HOUSTON,TX,77027,621111,Offices of Physicians (except Mental Health Specialists),Type AP,2022-06-09T00:00:00.000,HIPAA / HITECH Patient Data Protection & Ransomware Defense
"WESTLAKE DERMATOLOGY - UNIV PL, HOU","WESTLAKE DERMATOLOGY, P.A.",2132 BISSONNET ST STE 200,HOUSTON,TX,77005,621111,Offices of Physicians (except Mental Health Specialists),Type AP,2019-12-05T00:00:00.000,HIPAA / HITECH Patient Data Protection & Ransomware Defense
WESTLAKE HEALTH AND WELLNESS CENTER,"PREMISE HEALTH EMPLOYER SOLUTIONS, LLC",255 WESTLAKE PARK BLVD,HOUSTON,TX,77079,621498,"Health Care and Social Assistance (Hospitals, Clinics, Doctors)",Corporation / Corporate Entity,2013-01-08T00:00:00.000,HIPAA / HITECH Patient Data Protection & Ransomware Defense
WESTSIDE EYE CARE,"WESTSIDE EYE CARE, LLC",1560 ELDRIDGE PKWY STE 136,HOUSTON,TX,77077,621320,"Health Care and Social Assistance (Hospitals, Clinics, Doctors)",Limited Liability Company (LLC),2023-11-27T00:00:00.000,HIPAA / HITECH Patient Data Protection & Ransomware Defense
WHOLE HEALTH CENTER HOUSTON,"WELLS OF FAITH, L.L.C.",2603 AUGUSTA DR STE 740,HOUSTON,TX,77057,621111,Offices of Physicians (except Mental Health Specialists),Limited Liability Company (LLC),2022-07-20T00:00:00.000,HIPAA / HITECH Patient Data Protection & Ransomware Defense
WILLIAM SUNG DMD PC,WILLIAM SUNG DMD PC,8506 TRIPLE CROWN DR,HOUSTON,TX,77071,621210,Offices of Dentists,Type CP,2017-07-25T00:00:00.000,HIPAA / HITECH Patient Data Protection & Ransomware Defense
WILLOWBROOK DIALYSIS,"RENAL TREATMENT CENTERS - SOUTHEAST, LP",12120 JONES RD STE G,HOUSTON,TX,77070,621492,"Health Care and Social Assistance (Hospitals, Clinics, Doctors)",Type PF,2026-04-14T00:00:00.000,HIPAA / HITECH Patient Data Protection & Ransomware Defense
WILLOWBROOK MEDICAL SUPPLIES,HT ENTERPRISES INC.,18720 STATE HIGHWAY 249 STE B,HOUSTON,TX,77070,621999,"Health Care and Social Assistance (Hospitals, Clinics, Doctors)",Texas Corporation,2010-06-16T00:00:00.000,HIPAA / HITECH Patient Data Protection & Ransomware Defense
WINDS OF CHANGE COSMETIC SURGERY SPECIALISTS,"KRISTI SUMPTER, D.O., P.A.",12850 JONES RD # 105,HOUSTON,TX,77070,621111,Offices of Physicians (except Mental Health Specialists),Type AP,2019-10-23T00:00:00.000,HIPAA / HITECH Patient Data Protection & Ransomware Defense
WISH COSMETIC SURGERY,"MEDCENTER SURGERY, PLLC",16310 STATE HIGHWAY 249 STE 501,HOUSTON,TX,77064,621498,"Health Care and Social Assistance (Hospitals, Clinics, Doctors)",Limited Liability Company (LLC),2023-04-04T00:00:00.000,HIPAA / HITECH Patient Data Protection & Ransomware Defense
WOMBSDAY PREPPER,MARY AMES BRATCHER,500 W CROSSTIMBERS ST APT 89,HOUSTON,TX,77018,621399,"Health Care and Social Assistance (Hospitals, Clinics, Doctors)",Type IS,2023-06-27T00:00:00.000,HIPAA / HITECH Patient Data Protection & Ransomware Defense
WOMENS HEALTH CARE CENTER,"BYRON B. HOLT, M.D., P.A.",909 FROSTWOOD DR STE 110,HOUSTON,TX,77024,621111,Offices of Physicians (except Mental Health Specialists),Type AP,1997-10-15T00:00:00.000,HIPAA / HITECH Patient Data Protection & Ransomware Defense
"WONDERFULLY MADE SPEECH AND LANGUAGE, LLC","WONDERFULLY MADE SPEECH AND LANGUAGE, LLC",12345 JONES RD STE 215,HOUSTON,TX,77070,621340,"Health Care and Social Assistance (Hospitals, Clinics, Doctors)",Limited Liability Company (LLC),2018-01-09T00:00:00.000,HIPAA / HITECH Patient Data Protection & Ransomware Defense
"WOODFOREST DENTAL AND ORTHODONTICS, PLLC","WOODFOREST DENTAL AND ORTHODONTICS, PLLC",12620 WOODFOREST BLVD STE 490,HOUSTON,TX,77015,621210,Offices of Dentists,Limited Liability Company (LLC),2018-11-10T00:00:00.000,HIPAA / HITECH Patient Data Protection & Ransomware Defense
WOODFOREST DIALYSIS #4254,"RENAL TREATMENT CENTERS - SOUTHEAST, LP",12626 WOODFOREST BLVD STE C,HOUSTON,TX,77015,621492,"Health Care and Social Assistance (Hospitals, Clinics, Doctors)",Type PF,2026-04-14T00:00:00.000,HIPAA / HITECH Patient Data Protection & Ransomware Defense
WOODFOREST EYE CARE,MY EYE CARE LLC,12620 WOODFOREST BLVD STE 140,HOUSTON,TX,77015,621320,"Health Care and Social Assistance (Hospitals, Clinics, Doctors)",Limited Liability Company (LLC),2022-11-04T00:00:00.000,HIPAA / HITECH Patient Data Protection & Ransomware Defense
X FACTOR MD MED SPA LLC,X FACTOR MD MED SPA LLC,5251 WESTHEIMER RD STE 710,HOUSTON,TX,77056,621111,Offices of Physicians (except Mental Health Specialists),Limited Liability Company (LLC),2025-03-12T00:00:00.000,HIPAA / HITECH Patient Data Protection & Ransomware Defense
YERBERIA CHACON,KAREN GUADALUPE CHACON DE PEREZ,7710 LYONS AVE,HOUSTON,TX,77020,621399,"Health Care and Social Assistance (Hospitals, Clinics, Doctors)",Type IS,2023-02-15T00:00:00.000,HIPAA / HITECH Patient Data Protection & Ransomware Defense
YOUR CHOICE FAMILY SERVICES LLC,YOUR CHOICE FAMILY SERVICES LLC,3050 POST OAK BLVD STE 510,HOUSTON,TX,77056,621420,"Health Care and Social Assistance (Hospitals, Clinics, Doctors)",Limited Liability Company (LLC),2026-03-17T00:00:00.000,HIPAA / HITECH Patient Data Protection & Ransomware Defense
