Business / DBA Name,Legal Entity Name,Street Address,City,State,ZIP Code,NAICS Code,Industry Category,Entity Type,Permit Issue Date,MSSP Regulatory Sales Hook
11717 GARRETT INC,11717 GARRETT INC,11717 GARRETT RD,HOUSTON,TX,77044,493190,"Transportation and Warehousing (Postal, Couriers, Warehousing)",Texas Corporation,2025-07-23T00:00:00.000,Supply Chain / Port Operations Business Continuity
"3 MEN MOVERS, LTD.","3 MEN MOVERS, LTD.",6853 1/2 SOUTHWEST FWY,HOUSTON,TX,77074,484210,"Transportation and Warehousing (Air, Rail, Trucking, Pipeline)",Type PL,2005-12-15T00:00:00.000,Supply Chain / Port Operations Business Continuity
7112 TRANS - CEM HOUSTON RT,"NEW LINE TRANSPORT, LLC",6205 INDUSTRIAL WAY,HOUSTON,TX,77011,484122,"Transportation and Warehousing (Air, Rail, Trucking, Pipeline)",Corporation / Corporate Entity,2017-01-18T00:00:00.000,Supply Chain / Port Operations Business Continuity
7122 TRANS - AGG HOUSTON,"NEW LINE TRANSPORT, LLC",6203 INDUSTRIAL WAY,HOUSTON,TX,77011,484122,"Transportation and Warehousing (Air, Rail, Trucking, Pipeline)",Corporation / Corporate Entity,2017-01-17T00:00:00.000,Supply Chain / Port Operations Business Continuity
7143 - NEWLINE HOUSTON,"NEW LINE TRANSPORT, LLC",6203 INDUSTRIAL WAY,HOUSTON,TX,77011,484122,"Transportation and Warehousing (Air, Rail, Trucking, Pipeline)",Corporation / Corporate Entity,2017-01-17T00:00:00.000,Supply Chain / Port Operations Business Continuity
7161 - SHOP HOUSTON NL,"NEW LINE TRANSPORT, LLC",6205 INDUSTRIAL WAY,HOUSTON,TX,77011,484122,"Transportation and Warehousing (Air, Rail, Trucking, Pipeline)",Corporation / Corporate Entity,2017-01-17T00:00:00.000,Supply Chain / Port Operations Business Continuity
A PLUS QUALITY MOVERS HOUSTON,DESRILL SEAN REYES,3050 POST OAK BLVD STE 510A,HOUSTON,TX,77056,484210,"Transportation and Warehousing (Air, Rail, Trucking, Pipeline)",Type IS,2026-01-16T00:00:00.000,Supply Chain / Port Operations Business Continuity
A&M TRANSIT,ANTHONY PERKINS AND DERIQUISHA ANDERSON,6609 CARVER RD,HOUSTON,TX,77091,493120,"Transportation and Warehousing (Postal, Couriers, Warehousing)",Type PI,2026-08-06T00:00:00.000,Supply Chain / Port Operations Business Continuity
A-1 FREEMAN,"A-1 FREEMAN NORTH AMERICAN, INC.",9619 KIRKTON DR,HOUSTON,TX,77095,484220,"Transportation and Warehousing (Air, Rail, Trucking, Pipeline)",Texas Corporation,2010-03-16T00:00:00.000,Supply Chain / Port Operations Business Continuity
"A-ROCKET MOVING & DELIVERY, INC.","A-ROCKET MOVING & DELIVERY, INC.",3401 CORDER ST,HOUSTON,TX,77021,484110,"Transportation and Warehousing (Air, Rail, Trucking, Pipeline)",Texas Corporation,2011-06-21T00:00:00.000,Supply Chain / Port Operations Business Continuity
AAA COOPER TRANSPORTATION,AAA COOPER TRANSPORTATION,102 BENNINGTON ST,HOUSTON,TX,77022,484122,"Transportation and Warehousing (Air, Rail, Trucking, Pipeline)",Foreign Corporation (Out-of-State),2025-04-24T00:00:00.000,Supply Chain / Port Operations Business Continuity
AAA COOPER TRANSPORTATION,AAA COOPER TRANSPORTATION,5735 LITTLE YORK RD,HOUSTON,TX,77016,484122,"Transportation and Warehousing (Air, Rail, Trucking, Pipeline)",Foreign Corporation (Out-of-State),2006-10-24T00:00:00.000,Supply Chain / Port Operations Business Continuity
AC LION LOGISTICS LLC,"A.C. LION LOGISTICS, LLC",10527 GLENWAY DR,HOUSTON,TX,77070,484230,"Transportation and Warehousing (Air, Rail, Trucking, Pipeline)",Limited Liability Company (LLC),2025-03-20T00:00:00.000,Supply Chain / Port Operations Business Continuity
"ACCESS INFORMATION MANAGEMENT OF GEORGIA, LLC","ACCESS INFORMATION MANAGEMENT OF GEORGIA, LLC",13885 WESTFAIR EAST DR,HOUSTON,TX,77041,493190,"Transportation and Warehousing (Postal, Couriers, Warehousing)",Corporation / Corporate Entity,2016-07-20T00:00:00.000,Supply Chain / Port Operations Business Continuity
ADDICKS AUTO LLC,ADDICKS AUTO LLC,940 HIGHWAY 6 S,HOUSTON,TX,77079,493190,"Transportation and Warehousing (Postal, Couriers, Warehousing)",Limited Liability Company (LLC),2022-05-03T00:00:00.000,Supply Chain / Port Operations Business Continuity
"ADVANCED CONTAINER COMPANY, INC.","ADVANCED CONTAINER COMPANY, INC.",1711 TURNING BASIN DR,HOUSTON,TX,77029,493190,"Transportation and Warehousing (Postal, Couriers, Warehousing)",Texas Corporation,2000-09-25T00:00:00.000,Supply Chain / Port Operations Business Continuity
AFFORDABLE STORAGE OF KINGWOOD,THE DEGRAFFENRIED CORPORATION,1602 GREEN PINE DRIVE,HOUSTON,TX,77339,493190,"Transportation and Warehousing (Postal, Couriers, Warehousing)",Texas Corporation,2017-12-28T00:00:00.000,Supply Chain / Port Operations Business Continuity
"AFTON DISTRIBUTORS, LLC","AFTON DISTRIBUTORS, LLC",1500 N POST OAK RD STE 190,HOUSTON,TX,77055,493190,"Transportation and Warehousing (Postal, Couriers, Warehousing)",Limited Liability Company (LLC),2022-03-21T00:00:00.000,Supply Chain / Port Operations Business Continuity
AKTAL LOGISTICS LLC,AKTAL LOGISTICS LLC,305 GARDEN OAKS BLVD,HOUSTON,TX,77018,484121,"Transportation and Warehousing (Air, Rail, Trucking, Pipeline)",Limited Liability Company (LLC),2026-05-19T00:00:00.000,Supply Chain / Port Operations Business Continuity
ALEJANDRO M MORALES BLANCO,ALEJANDRO M MORALES BLANCO,1000 GREENS RD APT 610,HOUSTON,TX,77060,484110,"Transportation and Warehousing (Air, Rail, Trucking, Pipeline)",Type IS,2026-06-26T00:00:00.000,Supply Chain / Port Operations Business Continuity
"ALL AMERICAN RIGGING CO., INC.","ALL AMERICAN RIGGING CO., INC.",80 SOUTHBELT INDUSTRIAL DR,HOUSTON,TX,77047,484220,"Transportation and Warehousing (Air, Rail, Trucking, Pipeline)",Texas Corporation,2014-05-16T00:00:00.000,Supply Chain / Port Operations Business Continuity
ALL AMERICAN WASTE & RECYCLING CORPORATION,ALL AMERICAN WASTE & RECYCLING CORPORATION,12813 MOSIELEE ST,HOUSTON,TX,77086,484110,"Transportation and Warehousing (Air, Rail, Trucking, Pipeline)",Texas Corporation,2018-03-21T00:00:00.000,Supply Chain / Port Operations Business Continuity
ALL PRAISE LOGISTICS LLC,ALL PRAISE LOGISTICS LLC,8807 J C OAKS CIR,HOUSTON,TX,77028,484110,"Transportation and Warehousing (Air, Rail, Trucking, Pipeline)",Limited Liability Company (LLC),2026-02-06T00:00:00.000,Supply Chain / Port Operations Business Continuity
ALL PURPOSE STORE & LOCK,"TEXAS ALL PURPOSE STORAGE, LTD.",1955 OJEMAN RD,HOUSTON,TX,77080,493000,"Transportation and Warehousing (Postal, Couriers, Warehousing)",Type PL,1994-09-29T00:00:00.000,Supply Chain / Port Operations Business Continuity
ALL STAR SELF STORAGE,LINUS LI,6114 GESSNER RD,HOUSTON,TX,77041,493190,"Transportation and Warehousing (Postal, Couriers, Warehousing)",Type IS,2026-05-12T00:00:00.000,Supply Chain / Port Operations Business Continuity
ALL STAR TRANSPORTATION,ALL STAR TRANSPORTATION LLC,6532 W BEND ST,HOUSTON,TX,77085,484110,"Transportation and Warehousing (Air, Rail, Trucking, Pipeline)",Limited Liability Company (LLC),2024-09-27T00:00:00.000,Supply Chain / Port Operations Business Continuity
ALLAN MOTORS & WRECKER SERVICE LLC,ALLAN MOTORS & WRECKER SERVICE LLC,14117 REEVESTON RD,HOUSTON,TX,77039,484110,"Transportation and Warehousing (Air, Rail, Trucking, Pipeline)",Limited Liability Company (LLC),2026-08-06T00:00:00.000,Supply Chain / Port Operations Business Continuity
"ALLIANCE SHIPPING & LOGISTICS, LLC","ALLIANCE SHIPPING & LOGISTICS, LLC",3435 N MCCARTY ST,HOUSTON,TX,77029,484121,"Transportation and Warehousing (Air, Rail, Trucking, Pipeline)",Limited Liability Company (LLC),2018-10-20T00:00:00.000,Supply Chain / Port Operations Business Continuity
AMERICAN BLANCHARD LLC,AMERICAN BLANCHARD LLC,12806 BAUMAN RD,HOUSTON,TX,77037,484220,"Transportation and Warehousing (Air, Rail, Trucking, Pipeline)",Limited Liability Company (LLC),2026-08-11T00:00:00.000,Supply Chain / Port Operations Business Continuity
ANDRADE JR PREMIER LLC,"ANDRADE JR PREMIER, LLC",2722 EASTERN RUN TRL,HOUSTON,TX,77038,484110,"Transportation and Warehousing (Air, Rail, Trucking, Pipeline)",Limited Liability Company (LLC),2024-08-03T00:00:00.000,Supply Chain / Port Operations Business Continuity
APPLE TOWING CO A ROADONE COMPANY,"RBEX, INC.",2030 HOLMES RD,HOUSTON,TX,77045,493110,"Transportation and Warehousing (Postal, Couriers, Warehousing)",Foreign Corporation (Out-of-State),2001-02-27T00:00:00.000,Supply Chain / Port Operations Business Continuity
ARISAL TRUCKING LLC,ARISAL TRUCKING LLC,16503 RODEO CANYON CT,HOUSTON,TX,77049,484121,"Transportation and Warehousing (Air, Rail, Trucking, Pipeline)",Limited Liability Company (LLC),2026-06-03T00:00:00.000,Supply Chain / Port Operations Business Continuity
ARMADILLO WASTE,ARMADILLO WASTE INC,16931 CAIRNGALE ST,HOUSTON,TX,77084,484110,"Transportation and Warehousing (Air, Rail, Trucking, Pipeline)",Texas Corporation,2019-01-25T00:00:00.000,Supply Chain / Port Operations Business Continuity
ARMSTRONG RELOCATION,"ARMSTRONG TRANSFER & STORAGE CO., INC. / ARMSTRONG",13855 WESTFAIR EAST DR,HOUSTON,TX,77041,484110,"Transportation and Warehousing (Air, Rail, Trucking, Pipeline)",Texas Corporation,2022-10-27T00:00:00.000,Supply Chain / Port Operations Business Continuity
"ARPA DISTRIBUTION, LLC","ARPA DISTRIBUTION, LLC",1075 W SAM HOUSTON PKWY N STE 210,HOUSTON,TX,77043,493110,"Transportation and Warehousing (Postal, Couriers, Warehousing)",Limited Liability Company (LLC),2024-04-20T00:00:00.000,Supply Chain / Port Operations Business Continuity
ARRC #4115/SERVICE CENTER #969,MARMAXX OPERATING CORP.,600 FALLBROOK DR,HOUSTON,TX,77038,493110,"Transportation and Warehousing (Postal, Couriers, Warehousing)",Foreign Corporation (Out-of-State),2019-12-18T00:00:00.000,Supply Chain / Port Operations Business Continuity
ARROW MINI STORAGE,"2307 S SHAVER, LP",10837 W LITTLE YORK RD,HOUSTON,TX,77041,493110,"Transportation and Warehousing (Postal, Couriers, Warehousing)",Type PL,2004-06-18T00:00:00.000,Supply Chain / Port Operations Business Continuity
ARTERRA TRANSPORT INC.,ARTERRA TRANSPORT INC.,5947 CARPENTERS COVE LN,HOUSTON,TX,77049,484220,"Transportation and Warehousing (Air, Rail, Trucking, Pipeline)",Texas Corporation,2020-12-12T00:00:00.000,Supply Chain / Port Operations Business Continuity
ASSURED PARKING & LOGISTICS LLC,ASSURED PARKING & LOGISTICS LLC,13550 S WAYSIDE DR,HOUSTON,TX,77048,493190,"Transportation and Warehousing (Postal, Couriers, Warehousing)",Limited Liability Company (LLC),2023-09-18T00:00:00.000,Supply Chain / Port Operations Business Continuity
ATC AUTO STORAGE LLC,ATC AUTO STORAGE LLC,6021 ALMEDA GENOA RD,HOUSTON,TX,77048,493190,"Transportation and Warehousing (Postal, Couriers, Warehousing)",Limited Liability Company (LLC),2026-06-30T00:00:00.000,Supply Chain / Port Operations Business Continuity
"ATLAS TUBULAR, LLC","ATLAS TUBULAR, LLC",11200 MESA DR,HOUSTON,TX,77078,484230,"Transportation and Warehousing (Air, Rail, Trucking, Pipeline)",Limited Liability Company (LLC),2015-03-19T00:00:00.000,Supply Chain / Port Operations Business Continuity
AUTO YUSUFAITH,"AUTO YUSUFAITH, LLC",11711 BEDFORD ST STE 2,HOUSTON,TX,77031,484210,"Transportation and Warehousing (Air, Rail, Trucking, Pipeline)",Limited Liability Company (LLC),2026-08-28T00:00:00.000,Supply Chain / Port Operations Business Continuity
"AVERITT EXPRESS, INC.","AVERITT EXPRESS, INC.",14070 JOHN F KENNEDY BLVD,HOUSTON,TX,77032,484122,"Transportation and Warehousing (Air, Rail, Trucking, Pipeline)",Foreign Corporation (Out-of-State),2006-06-21T00:00:00.000,Supply Chain / Port Operations Business Continuity
AVIPAL SQUARE LLC,AVIPAL SQUARE LLC,10018 TANNER RD,HOUSTON,TX,77041,493110,"Transportation and Warehousing (Postal, Couriers, Warehousing)",Limited Liability Company (LLC),2026-09-15T00:00:00.000,Supply Chain / Port Operations Business Continuity
B INTERNATIONAL TRADE AND LOGISTIC LLC,B. INTERNATIONAL TRADE AND LOGISTIC LLC,9756A VETERANS MEMORIAL DR,HOUSTON,TX,77038,493110,"Transportation and Warehousing (Postal, Couriers, Warehousing)",Limited Liability Company (LLC),2026-01-31T00:00:00.000,Supply Chain / Port Operations Business Continuity
BACKYARD STORAGE SOLUTIONS - 95,"SOURCE CAPITAL BACKYARD, LLC",16518 ALDINE WESTFIELD RD STE B,HOUSTON,TX,77032,493110,"Transportation and Warehousing (Postal, Couriers, Warehousing)",Corporation / Corporate Entity,2022-05-23T00:00:00.000,Supply Chain / Port Operations Business Continuity
BAP AMERICAN LOGISTICS LLC,BAP AMERICAN LOGISTICS LLC,1721 GREENHOUSE RD APT 447,HOUSTON,TX,77084,484122,"Transportation and Warehousing (Air, Rail, Trucking, Pipeline)",Limited Liability Company (LLC),2026-03-25T00:00:00.000,Supply Chain / Port Operations Business Continuity
BARBA TRANSPORT LLC,BARBA TRANSPORT LLC,7837 LAURA KOPPE RD,HOUSTON,TX,77028,484110,"Transportation and Warehousing (Air, Rail, Trucking, Pipeline)",Limited Liability Company (LLC),2022-10-04T00:00:00.000,Supply Chain / Port Operations Business Continuity
BART LANE STORAGE LLC,BART LANE STORAGE LLC,8645 BART LN,HOUSTON,TX,77040,493110,"Transportation and Warehousing (Postal, Couriers, Warehousing)",Limited Liability Company (LLC),2022-07-06T00:00:00.000,Supply Chain / Port Operations Business Continuity
"BASIC LOGISTICS, INC.","BASIC LOGISTICS, INC.",7410 MILLER ROAD 2,HOUSTON,TX,77049,484230,"Transportation and Warehousing (Air, Rail, Trucking, Pipeline)",Texas Corporation,2012-02-06T00:00:00.000,Supply Chain / Port Operations Business Continuity
BATESVILLE LOGISTICS,"BATESVILLE LOGISTICS, LLC",600 N SHEPHERD DR STE 200,HOUSTON,TX,77007,484121,"Transportation and Warehousing (Air, Rail, Trucking, Pipeline)",Corporation / Corporate Entity,2022-08-18T00:00:00.000,Supply Chain / Port Operations Business Continuity
BEARCREEK AUTO STORAGE #2/BEARCREEK AUTO & REPAIR,MANSOUR SALAMI SHOJAIE,5463 ADDICKS SATSUMA RD,HOUSTON,TX,77084,493190,"Transportation and Warehousing (Postal, Couriers, Warehousing)",Type IS,2019-02-21T00:00:00.000,Supply Chain / Port Operations Business Continuity
BEE SAND COMPANY,"TIERRA DE LOS LAGOS, LLC",1502 FELLOWS RD,HOUSTON,TX,77047,484220,"Transportation and Warehousing (Air, Rail, Trucking, Pipeline)",Limited Liability Company (LLC),2016-08-09T00:00:00.000,Supply Chain / Port Operations Business Continuity
BELLAIRE-HILLCROFT MINI STORAGE,"EDGEMOOR STORAGE, LTD.",6117 EDGEMOOR DR,HOUSTON,TX,77081,493000,"Transportation and Warehousing (Postal, Couriers, Warehousing)",Type PF,1999-01-28T00:00:00.000,Supply Chain / Port Operations Business Continuity
BEST AUTO STORAGE,"CANNINO WEST, INC.",1747 ENNIS ST,HOUSTON,TX,77003,493190,"Transportation and Warehousing (Postal, Couriers, Warehousing)",Texas Corporation,2001-05-07T00:00:00.000,Supply Chain / Port Operations Business Continuity
BEST AUTO STORAGE,"CANNINO WEST, INC.",6125 INDUSTRIAL WAY,HOUSTON,TX,77011,493190,"Transportation and Warehousing (Postal, Couriers, Warehousing)",Texas Corporation,2012-10-12T00:00:00.000,Supply Chain / Port Operations Business Continuity
BEST BUY #985748,"BEST BUY WAREHOUSING LOGISTICS, LLC",850 GREENS PKWY,HOUSTON,TX,77067,493110,"Transportation and Warehousing (Postal, Couriers, Warehousing)",Corporation / Corporate Entity,2019-05-21T00:00:00.000,Supply Chain / Port Operations Business Continuity
BIG MONSTER LOGISTICS LLC,BIG MONSTER LOGISTICS LLC,12602 FM 529 RD,HOUSTON,TX,77041,484220,"Transportation and Warehousing (Air, Rail, Trucking, Pipeline)",Limited Liability Company (LLC),2025-04-22T00:00:00.000,Supply Chain / Port Operations Business Continuity
BOLT TECHNOLOGIES USA INCORPORATED,BOLT TECHNOLOGIES USA INCORPORATED,15655 MILNER RD,HOUSTON,TX,77032,484110,"Transportation and Warehousing (Air, Rail, Trucking, Pipeline)",Foreign Corporation (Out-of-State),2023-10-19T00:00:00.000,Supply Chain / Port Operations Business Continuity
"BR539 TRUCKING, LLC","BR539 TRUCKING, LLC",5210 OATES RD,HOUSTON,TX,77013,484110,"Transportation and Warehousing (Air, Rail, Trucking, Pipeline)",Limited Liability Company (LLC),2015-10-28T00:00:00.000,Supply Chain / Port Operations Business Continuity
BULLSEYE SELF STORAGE,WAVERLY COURT ASSOCIATES LIMITED PARTNERSHIP,1715 AIRLINE DR,HOUSTON,TX,77009,493190,"Transportation and Warehousing (Postal, Couriers, Warehousing)",Type PL,1993-05-05T00:00:00.000,Supply Chain / Port Operations Business Continuity
C A P CONCRETE,CARLOS A PALMA,54 HANKLA ST,HOUSTON,TX,77076,484110,"Transportation and Warehousing (Air, Rail, Trucking, Pipeline)",Type IS,2018-08-08T00:00:00.000,Supply Chain / Port Operations Business Continuity
"CANNINO WEST, INC.","CANNINO WEST, INC.",6125 INDUSTRIAL WAY,HOUSTON,TX,77011,493190,"Transportation and Warehousing (Postal, Couriers, Warehousing)",Texas Corporation,2012-10-12T00:00:00.000,Supply Chain / Port Operations Business Continuity
CARDINAL GAS STORAGE,"WILLIAMS CARDINAL GAS, LLC",3 RIVERWAY STE 1250,HOUSTON,TX,77056,493190,"Transportation and Warehousing (Postal, Couriers, Warehousing)",Corporation / Corporate Entity,2020-04-09T00:00:00.000,Supply Chain / Port Operations Business Continuity
CARDINAL LOGISTICS MANAGEMENT CORPORATION,CARDINAL LOGISTICS MANAGEMENT CORPORATION,6225 W BY NORTHWEST BLVD,HOUSTON,TX,77040,484121,"Transportation and Warehousing (Air, Rail, Trucking, Pipeline)",Foreign Corporation (Out-of-State),2024-08-23T00:00:00.000,Supply Chain / Port Operations Business Continuity
CARDINAL LOGISTICS MANAGEMENT CORPORATION,CARDINAL LOGISTICS MANAGEMENT CORPORATION,8204 FAIRBANKS N HOUSTON RD,HOUSTON,TX,77064,484121,"Transportation and Warehousing (Air, Rail, Trucking, Pipeline)",Foreign Corporation (Out-of-State),2024-08-23T00:00:00.000,Supply Chain / Port Operations Business Continuity
CARDINAL LOGISTICS MANAGEMENT CORPORATION,CARDINAL LOGISTICS MANAGEMENT CORPORATION,10201 MAIN ST,HOUSTON,TX,77025,484121,"Transportation and Warehousing (Air, Rail, Trucking, Pipeline)",Foreign Corporation (Out-of-State),2024-08-23T00:00:00.000,Supply Chain / Port Operations Business Continuity
"CARGO SPECTRE, LLC","CARGO SPECTRE, LLC",2222 N WAYSIDE DR,HOUSTON,TX,77020,484122,"Transportation and Warehousing (Air, Rail, Trucking, Pipeline)",Limited Liability Company (LLC),2017-03-23T00:00:00.000,Supply Chain / Port Operations Business Continuity
CARGOWAYS WAREHOUSING & TRUCKING COMPANY INC.,"CARGOWAYS NATIONWIDE TRANSPORT, INC.",1201 HAHLO ST,HOUSTON,TX,77020,493110,"Transportation and Warehousing (Postal, Couriers, Warehousing)",Texas Corporation,2012-02-28T00:00:00.000,Supply Chain / Port Operations Business Continuity
CARIGO,MICHAEL CHUKWU OJI,8600 COMMERCE PARK DR,HOUSTON,TX,77036,484121,"Transportation and Warehousing (Air, Rail, Trucking, Pipeline)",Type IS,2025-11-12T00:00:00.000,Supply Chain / Port Operations Business Continuity
CARISERVE LIMITED,NIGEL WILLIAMS,4232 SOUTH DR,HOUSTON,TX,77053,493190,"Transportation and Warehousing (Postal, Couriers, Warehousing)",Type IS,2026-04-17T00:00:00.000,Supply Chain / Port Operations Business Continuity
CASTLE STORAGE,FLORINA GALLEGOS,13836 BONHAM ST,HOUSTON,TX,77015,493110,"Transportation and Warehousing (Postal, Couriers, Warehousing)",Type IS,2013-04-29T00:00:00.000,Supply Chain / Port Operations Business Continuity
CESAR FURNITURE RESALE,CESAR A MELENDEZ,530 FRANKIE ST # 1,HOUSTON,TX,77015,484210,"Transportation and Warehousing (Air, Rail, Trucking, Pipeline)",Type IS,2023-02-22T00:00:00.000,Supply Chain / Port Operations Business Continuity
CG EXPEDITED SERVICES LLC,CG EXPEDITED SERVICES LLC,440 LOUISIANA ST STE 900,HOUSTON,TX,77002,484110,"Transportation and Warehousing (Air, Rail, Trucking, Pipeline)",Limited Liability Company (LLC),2026-03-18T00:00:00.000,Supply Chain / Port Operations Business Continuity
CHEMPAK INTERNATIONAL INC,"CHEMPAK INTERNATIONAL, INC.",3647 WILLOWBEND BLVD STE 800,HOUSTON,TX,77054,493110,"Transportation and Warehousing (Postal, Couriers, Warehousing)",Texas Corporation,2007-05-16T00:00:00.000,Supply Chain / Port Operations Business Continuity
CLEVELAND READY MIX LLC,CLEVELAND READY MIX LLC,11705 GLOGER ST,HOUSTON,TX,77039,484110,"Transportation and Warehousing (Air, Rail, Trucking, Pipeline)",Limited Liability Company (LLC),2019-06-11T00:00:00.000,Supply Chain / Port Operations Business Continuity
COASTAL CASTING SERVICE,COASTAL CASTING SERVICE,2903 GANO ST,HOUSTON,TX,77009,484230,"Transportation and Warehousing (Air, Rail, Trucking, Pipeline)",Texas Corporation,,Supply Chain / Port Operations Business Continuity
COLES CARGO LLC,COLES CARGO LLC,9337 KATY FWY STE B,HOUSTON,TX,77024,484110,"Transportation and Warehousing (Air, Rail, Trucking, Pipeline)",Limited Liability Company (LLC),2023-02-08T00:00:00.000,Supply Chain / Port Operations Business Continuity
COLLISION ZONE AUTO STORAGE,COLLUSION ZONE AUTO STORAGE INC,5761 CULLEN BLVD,HOUSTON,TX,77021,493190,"Transportation and Warehousing (Postal, Couriers, Warehousing)",Texas Corporation,2021-04-30T00:00:00.000,Supply Chain / Port Operations Business Continuity
COMMERCIAL FREIGHT AND INSTALLATION LLC,COMMERCIAL FREIGHT AND INSTALLATION LLC,9801 WESTHEIMER RD STE 300,HOUSTON,TX,77042,484110,"Transportation and Warehousing (Air, Rail, Trucking, Pipeline)",Limited Liability Company (LLC),2024-11-13T00:00:00.000,Supply Chain / Port Operations Business Continuity
COMMUNITY SELF-STORAGE III,"COMMUNITY SELF-STORAGE III, LP",2515 WASHINGTON AVE,HOUSTON,TX,77007,493190,"Transportation and Warehousing (Postal, Couriers, Warehousing)",Type PL,2009-10-23T00:00:00.000,Supply Chain / Port Operations Business Continuity
"CORE TRANSPORTATION, LLC","CORE TRANSPORTATION, LLC",11202 CORDOBA DR,HOUSTON,TX,77038,484110,"Transportation and Warehousing (Air, Rail, Trucking, Pipeline)",Limited Liability Company (LLC),2013-11-23T00:00:00.000,Supply Chain / Port Operations Business Continuity
"CORE TRANSPORTATION, LLC","CORE TRANSPORTATION, LLC",1212 BAMMEL RD,HOUSTON,TX,77073,484110,"Transportation and Warehousing (Air, Rail, Trucking, Pipeline)",Limited Liability Company (LLC),2019-10-21T00:00:00.000,Supply Chain / Port Operations Business Continuity
"CORPORATE RELOCATORS, LLC","CORPORATE RELOCATORS, LLC",82 LEGEND LN,HOUSTON,TX,77024,484210,"Transportation and Warehousing (Air, Rail, Trucking, Pipeline)",Limited Liability Company (LLC),2019-05-16T00:00:00.000,Supply Chain / Port Operations Business Continuity
"CRATEWORKS, INCORPORATED","CRATEWORKS, INCORPORATED",1302 WAUGH DR # PMB461,HOUSTON,TX,77019,484210,"Transportation and Warehousing (Air, Rail, Trucking, Pipeline)",Texas Corporation,2002-05-14T00:00:00.000,Supply Chain / Port Operations Business Continuity
CREATING LOGISTIC SERVICES LLC,CREATING LOGISTIC SERVICES LLC,440 LOUISIANA ST STE 900,HOUSTON,TX,77002,484110,"Transportation and Warehousing (Air, Rail, Trucking, Pipeline)",Limited Liability Company (LLC),2025-11-18T00:00:00.000,Supply Chain / Port Operations Business Continuity
"CROSSCOUNTRY FREIGHT SOLUTIONS, INC.","CROSSCOUNTRY FREIGHT SOLUTIONS, INC.",3340 GREENS RD,HOUSTON,TX,77032,484122,"Transportation and Warehousing (Air, Rail, Trucking, Pipeline)",Foreign Corporation (Out-of-State),2026-03-03T00:00:00.000,Supply Chain / Port Operations Business Continuity
"CRYOGENE, INC.","CRYOGENE, INC.",9300 KIRBY DR STE 200,HOUSTON,TX,77054,493120,"Transportation and Warehousing (Postal, Couriers, Warehousing)",Texas Corporation,2021-12-16T00:00:00.000,Supply Chain / Port Operations Business Continuity
CS TRUCK LLC,CS TRUCK LLC,12323 WELLAND DR,HOUSTON,TX,77031,484110,"Transportation and Warehousing (Air, Rail, Trucking, Pipeline)",Limited Liability Company (LLC),2026-02-02T00:00:00.000,Supply Chain / Port Operations Business Continuity
"CTJ VACUUM SERVICE, LLC","CTJ VACUUM SERVICE, LLC",5206 PENFIELD LN,HOUSTON,TX,77021,484220,"Transportation and Warehousing (Air, Rail, Trucking, Pipeline)",Limited Liability Company (LLC),2014-01-09T00:00:00.000,Supply Chain / Port Operations Business Continuity
CUBE-SR TRUCKING LLC,CUBE-SR TRUCKING LLC,6305 BROOKFIELD DR,HOUSTON,TX,77085,493110,"Transportation and Warehousing (Postal, Couriers, Warehousing)",Limited Liability Company (LLC),2021-08-13T00:00:00.000,Supply Chain / Port Operations Business Continuity
"CUSTOM TRANSFER SOLUTIONS, LLC","CUSTOM TRANSFER SOLUTIONS, LLC",1127 ELDRIDGE PKWY STE 300-304,HOUSTON,TX,77077,484110,"Transportation and Warehousing (Air, Rail, Trucking, Pipeline)",Limited Liability Company (LLC),2021-07-08T00:00:00.000,Supply Chain / Port Operations Business Continuity
D&T INTERNATIONAL LLC,D&T INTERNATIONAL LLC,10141 VETERANS MEMORIAL DR,HOUSTON,TX,77038,493110,"Transportation and Warehousing (Postal, Couriers, Warehousing)",Limited Liability Company (LLC),2026-04-21T00:00:00.000,Supply Chain / Port Operations Business Continuity
DART TRUCKING COMPANY,"DART TRUCKING COMPANY, INC.",2604 CANADA DRY ST,HOUSTON,TX,77023,484230,"Transportation and Warehousing (Air, Rail, Trucking, Pipeline)",Foreign Corporation (Out-of-State),2014-04-28T00:00:00.000,Supply Chain / Port Operations Business Continuity
DAVID & SON STORAGE,LJ BOLES AND DAVID BOLES,11946 ALDINE WESTFIELD RD,HOUSTON,TX,77093,493190,"Transportation and Warehousing (Postal, Couriers, Warehousing)",Type PI,2020-12-09T00:00:00.000,Supply Chain / Port Operations Business Continuity
DEMI US LLC,DEMI US LLC,6401 N ELDRIDGE PKWY BLDG R,HOUSTON,TX,77041,493110,"Transportation and Warehousing (Postal, Couriers, Warehousing)",Limited Liability Company (LLC),2024-04-23T00:00:00.000,Supply Chain / Port Operations Business Continuity
DIXIE AUTO SALES,"DIXIE PRO AUTO STORAGE, LLC",6624 DIXIE DR,HOUSTON,TX,77087,493110,"Transportation and Warehousing (Postal, Couriers, Warehousing)",Limited Liability Company (LLC),2017-02-10T00:00:00.000,Supply Chain / Port Operations Business Continuity
DIXIE STORAGE,"DIXIE PRO AUTO STORAGE, LLC",6624 DIXIE DR,HOUSTON,TX,77087,493110,"Transportation and Warehousing (Postal, Couriers, Warehousing)",Limited Liability Company (LLC),2015-05-14T00:00:00.000,Supply Chain / Port Operations Business Continuity
"DOCKSIDE LOGISTICS, LLC","DOCKSIDE LOGISTICS, LLC",7449 E OREM DR,HOUSTON,TX,77075,493110,"Transportation and Warehousing (Postal, Couriers, Warehousing)",Corporation / Corporate Entity,2019-12-23T00:00:00.000,Supply Chain / Port Operations Business Continuity
DOCUMENT OUTSOURCE CONVERSION & STORAGE INC.,DOCUMENT OUTSOURCE CONVERSION & STORAGE INC.,5000 LAUREL CREEK WAY,HOUSTON,TX,77017,493110,"Transportation and Warehousing (Postal, Couriers, Warehousing)",Texas Corporation,2019-05-17T00:00:00.000,Supply Chain / Port Operations Business Continuity
DOL CITY TRANSPORT LLC,DOL CITY TRANSPORT LLC,3030 SHADOWBRIAR DR APT 1011,HOUSTON,TX,77082,484121,"Transportation and Warehousing (Air, Rail, Trucking, Pipeline)",Limited Liability Company (LLC),2022-11-17T00:00:00.000,Supply Chain / Port Operations Business Continuity
DOUBLE WORK TRADING LLC,DOUBLE WORK TRADING LLC,15115 MANORHILL DR,HOUSTON,TX,77062,493110,"Transportation and Warehousing (Postal, Couriers, Warehousing)",Limited Liability Company (LLC),2025-06-16T00:00:00.000,Supply Chain / Port Operations Business Continuity
DRI LIMITED PARTNERSHIP,DRI LIMITED PARTNERSHIP,3500 BRITTMOORE RD,HOUSTON,TX,77043,493110,"Transportation and Warehousing (Postal, Couriers, Warehousing)",Type PL,2006-02-08T00:00:00.000,Supply Chain / Port Operations Business Continuity
DUMPSTROS TRUCKING LLC,DUMPSTROS TRUCKING LLC,5715 LAURA KOPPE RD,HOUSTON,TX,77016,484110,"Transportation and Warehousing (Air, Rail, Trucking, Pipeline)",Limited Liability Company (LLC),2025-10-18T00:00:00.000,Supply Chain / Port Operations Business Continuity
"DUPUY STORAGE HOUSTON, L.L.C.","DUPUY STORAGE HOUSTON, L.L.C.",7703 CANNON ST,HOUSTON,TX,77021,493110,"Transportation and Warehousing (Postal, Couriers, Warehousing)",Corporation / Corporate Entity,2011-06-14T00:00:00.000,Supply Chain / Port Operations Business Continuity
ECMM SERVICES INC.,ECMM SERVICES INC.,8845 FALLBROOK DR,HOUSTON,TX,77064,493110,"Transportation and Warehousing (Postal, Couriers, Warehousing)",Foreign Corporation (Out-of-State),2023-04-05T00:00:00.000,Supply Chain / Port Operations Business Continuity
ECONOMY TRANSPORTATION & LOGISTICS,"ECONOMY TRANSPORTATION & LOGISTICS, LLC",435 E ANDERSON RD,HOUSTON,TX,77047,484220,"Transportation and Warehousing (Air, Rail, Trucking, Pipeline)",Limited Liability Company (LLC),2018-09-18T00:00:00.000,Supply Chain / Port Operations Business Continuity
EFFICIENCY INTERNATIONAL LLC,EFFICIENCY INTERNATIONAL LLC,3000 N SAM HOUSTON PKWY W STE 200,HOUSTON,TX,77038,493110,"Transportation and Warehousing (Postal, Couriers, Warehousing)",Corporation / Corporate Entity,2026-02-13T00:00:00.000,Supply Chain / Port Operations Business Continuity
ELITE PRO SOLUTIONS,ELITE PRO SOLUTIONS LLC,6716 LONG DR,HOUSTON,TX,77087,484110,"Transportation and Warehousing (Air, Rail, Trucking, Pipeline)",Limited Liability Company (LLC),2026-05-02T00:00:00.000,Supply Chain / Port Operations Business Continuity
ENERGY TRANSFER MONT BELVIEU NGLS LP,ENERGY TRANSFER MONT BELVIEU NGLS LP,2929 ALLEN PARKWAY,HOUSTON,TX,77252,484230,"Transportation and Warehousing (Air, Rail, Trucking, Pipeline)",Type PF,2003-08-29T00:00:00.000,Supply Chain / Port Operations Business Continuity
ENTERPRISE ORDER SOLUTIONS LLC,ENTERPRISE ORDER SOLUTIONS LLC,30 ESPLANADE BLVD STE 100,HOUSTON,TX,77060,493110,"Transportation and Warehousing (Postal, Couriers, Warehousing)",Corporation / Corporate Entity,2024-07-03T00:00:00.000,Supply Chain / Port Operations Business Continuity
ENTERPRISE UNDERGROUND STORAGE OPERATING LLC,ENTERPRISE UNDERGROUND STORAGE OPERATING LLC,1100 LOUISIANA ST,HOUSTON,TX,77002,493190,"Transportation and Warehousing (Postal, Couriers, Warehousing)",Corporation / Corporate Entity,2026-09-08T00:00:00.000,Supply Chain / Port Operations Business Continuity
"ENVIO LOGISTICS, INC.","ENVIO LOGISTICS, INC.",9096 RAILWOOD DR STE B,HOUSTON,TX,77078,493110,"Transportation and Warehousing (Postal, Couriers, Warehousing)",Texas Corporation,2026-09-10T00:00:00.000,Supply Chain / Port Operations Business Continuity
EQUIPMENT STORAGE AND SERVICE,"EQUIPMENT STORAGE SERVICE, INC.",7226 NORTH LOOP E,HOUSTON,TX,77028,493110,"Transportation and Warehousing (Postal, Couriers, Warehousing)",Texas Corporation,1997-01-17T00:00:00.000,Supply Chain / Port Operations Business Continuity
"EXCLUSIVE MOBILE HOME TRANSPORT, LLC","EXCLUSIVE MOBILE HOME TRANSPORT, LLC",936 W LITTLE YORK RD,HOUSTON,TX,77091,484220,"Transportation and Warehousing (Air, Rail, Trucking, Pipeline)",Limited Liability Company (LLC),2018-02-14T00:00:00.000,Supply Chain / Port Operations Business Continuity
FAMILY FREIGHTERS LLC,FAMILY FREIGHTERS LLC,9639 HILLCROFT AVE UNIT 5207,HOUSTON,TX,77096,484122,"Transportation and Warehousing (Air, Rail, Trucking, Pipeline)",Limited Liability Company (LLC),2026-03-27T00:00:00.000,Supply Chain / Port Operations Business Continuity
FEATHERLITE LOGISTICS LLC,FEATHERLITE LOGISTICS LLC,1210 HAHLO ST,HOUSTON,TX,77020,484121,"Transportation and Warehousing (Air, Rail, Trucking, Pipeline)",Limited Liability Company (LLC),2022-01-27T00:00:00.000,Supply Chain / Port Operations Business Continuity
FEDEX SUPPLY CHAIN INC,"FEDEX SUPPLY CHAIN, INC.",4501 BLALOCK RD,HOUSTON,TX,77041,493110,"Transportation and Warehousing (Postal, Couriers, Warehousing)",Foreign Corporation (Out-of-State),2024-10-28T00:00:00.000,Supply Chain / Port Operations Business Continuity
"FEDEX SUPPLY CHAIN, INC.","FEDEX SUPPLY CHAIN, INC.",9901 S WILCREST DR,HOUSTON,TX,77099,493110,"Transportation and Warehousing (Postal, Couriers, Warehousing)",Foreign Corporation (Out-of-State),2021-12-21T00:00:00.000,Supply Chain / Port Operations Business Continuity
"FEDEX SUPPLY CHAIN, INC.","FEDEX SUPPLY CHAIN, INC.",8801 FALLBROOK DR,HOUSTON,TX,77064,493110,"Transportation and Warehousing (Postal, Couriers, Warehousing)",Foreign Corporation (Out-of-State),2024-08-06T00:00:00.000,Supply Chain / Port Operations Business Continuity
"FEDEX SUPPLY CHAIN, INC.","FEDEX SUPPLY CHAIN, INC.",10650 OKANELLA ST,HOUSTON,TX,77041,493110,"Transportation and Warehousing (Postal, Couriers, Warehousing)",Foreign Corporation (Out-of-State),2024-10-28T00:00:00.000,Supply Chain / Port Operations Business Continuity
"FEDEX SUPPLY CHAIN, INC.","FEDEX SUPPLY CHAIN, INC.",11445 COMPAQ CENTER WEST DR,HOUSTON,TX,77070,493110,"Transportation and Warehousing (Postal, Couriers, Warehousing)",Foreign Corporation (Out-of-State),2024-10-28T00:00:00.000,Supply Chain / Port Operations Business Continuity
"FEDEX SUPPLY CHAIN, INC.","FEDEX SUPPLY CHAIN, INC.",4949 WINFERN RD,HOUSTON,TX,77041,493110,"Transportation and Warehousing (Postal, Couriers, Warehousing)",Foreign Corporation (Out-of-State),2021-12-13T00:00:00.000,Supply Chain / Port Operations Business Continuity
"FEDEX SUPPLY CHAIN, INC.","FEDEX SUPPLY CHAIN, INC.",7909 NORTHCOURT RD STE 100,HOUSTON,TX,77040,493110,"Transportation and Warehousing (Postal, Couriers, Warehousing)",Foreign Corporation (Out-of-State),2021-12-13T00:00:00.000,Supply Chain / Port Operations Business Continuity
"FEDEX SUPPLY CHAIN, INC.","FEDEX SUPPLY CHAIN, INC.",20510 HEMPSTEAD RD STE 100,HOUSTON,TX,77065,493110,"Transportation and Warehousing (Postal, Couriers, Warehousing)",Foreign Corporation (Out-of-State),2021-12-14T00:00:00.000,Supply Chain / Port Operations Business Continuity
FIRST DIVISION TRANSPORT INC.,FIRST DIVISION TRANSPORT INC.,12333 SOWDEN RD STE B # 972923,HOUSTON,TX,77080,484121,"Transportation and Warehousing (Air, Rail, Trucking, Pipeline)",Texas Corporation,2026-01-12T00:00:00.000,Supply Chain / Port Operations Business Continuity
FIVE STAR AUTO STORAGE,PRIORITY TOWING INC,2105 NANCE ST,HOUSTON,TX,77020,493190,"Transportation and Warehousing (Postal, Couriers, Warehousing)",Texas Corporation,2018-09-19T00:00:00.000,Supply Chain / Port Operations Business Continuity
FLAGSHIP DISTRIBUTION,"NOW & FOREVER, INC",11601 ALIEF CLODINE RD,HOUSTON,TX,77082,493110,"Transportation and Warehousing (Postal, Couriers, Warehousing)",Texas Corporation,2020-09-04T00:00:00.000,Supply Chain / Port Operations Business Continuity
"FLASH HAULING, LLC","FLASH HAULING, LLC",10215 BEECHNUT ST APT 708,HOUSTON,TX,77072,484110,"Transportation and Warehousing (Air, Rail, Trucking, Pipeline)",Limited Liability Company (LLC),2022-10-17T00:00:00.000,Supply Chain / Port Operations Business Continuity
"FREEWAY LOGISTICS, INC.","FREEWAY LOGISTICS, INC.",8828 TAUB RD,HOUSTON,TX,77064,493110,"Transportation and Warehousing (Postal, Couriers, Warehousing)",Texas Corporation,2024-04-26T00:00:00.000,Supply Chain / Port Operations Business Continuity
FRESH FOOD & SUPPLY,JESUS R DE LEON,14225 FM 529 RD STE 14323,HOUSTON,TX,77041,493110,"Transportation and Warehousing (Postal, Couriers, Warehousing)",Type IS,2026-06-11T00:00:00.000,Supply Chain / Port Operations Business Continuity
G & M LOGISTICS LLC,G & M LOGISTICS LLC,2500 W MOUNT HOUSTON RD TRLR 13,HOUSTON,TX,77038,484110,"Transportation and Warehousing (Air, Rail, Trucking, Pipeline)",Limited Liability Company (LLC),2026-04-18T00:00:00.000,Supply Chain / Port Operations Business Continuity
G4 SERVICES US CORP.,G4 SERVICES US CORP.,14830 TALCOTT ST STE D,HOUSTON,TX,77015,493110,"Transportation and Warehousing (Postal, Couriers, Warehousing)",Texas Corporation,2025-01-06T00:00:00.000,Supply Chain / Port Operations Business Continuity
GDB GLOBAL TRANSPORT LLC,GDB GLOBAL TRANSPORT LLC,5751 GREEN ASH DR APT 636,HOUSTON,TX,77081,484121,"Transportation and Warehousing (Air, Rail, Trucking, Pipeline)",Limited Liability Company (LLC),2025-02-19T00:00:00.000,Supply Chain / Port Operations Business Continuity
GFB CORPORATION,GFB CORPORATION,13636 ALMEDA RD,HOUSTON,TX,77053,484230,"Transportation and Warehousing (Air, Rail, Trucking, Pipeline)",Texas Corporation,2015-05-11T00:00:00.000,Supply Chain / Port Operations Business Continuity
GLOBALFULFILLMENT,CHELSRY LLC,13810 HOLLISTER DR STE 170,HOUSTON,TX,77086,493110,"Transportation and Warehousing (Postal, Couriers, Warehousing)",Limited Liability Company (LLC),2024-06-06T00:00:00.000,Supply Chain / Port Operations Business Continuity
GLOBALFULFILLMENT,CHELSRY LLC,16501 CENTRAL GREEN BLVD STE 200,HOUSTON,TX,77032,493110,"Transportation and Warehousing (Postal, Couriers, Warehousing)",Limited Liability Company (LLC),2024-06-06T00:00:00.000,Supply Chain / Port Operations Business Continuity
GO COURIER MIAMI LLC,GO COURIER MIAMI LLC,15200 MEMORIAL DR UNIT 3401,HOUSTON,TX,77079,484220,"Transportation and Warehousing (Air, Rail, Trucking, Pipeline)",Limited Liability Company (LLC),2026-05-18T00:00:00.000,Supply Chain / Port Operations Business Continuity
"GOW TRUCKING, LP","GOW TRUCKING, LP",3510 GREENHOUSE RD,HOUSTON,TX,77084,484121,"Transportation and Warehousing (Air, Rail, Trucking, Pipeline)",Type PL,2005-11-19T00:00:00.000,Supply Chain / Port Operations Business Continuity
GREATWIDE DISTRIBUTION LOGISTICS,"BIRCHSTONE MANAGEMENT, LLC",225 PORTWALL ST STE 300,HOUSTON,TX,77029,493110,"Transportation and Warehousing (Postal, Couriers, Warehousing)",Corporation / Corporate Entity,2014-08-08T00:00:00.000,Supply Chain / Port Operations Business Continuity
"GREEN DRAGON INTERNATIONAL LOGISTICS, LLC","GREEN DRAGON INTERNATIONAL LOGISTICS, LLC",8300 BISSONNET ST STE 460C,HOUSTON,TX,77074,484110,"Transportation and Warehousing (Air, Rail, Trucking, Pipeline)",Limited Liability Company (LLC),2024-04-26T00:00:00.000,Supply Chain / Port Operations Business Continuity
"GREEN DRAGON INTERNATIONAL LOGISTICS, LLC","GREEN DRAGON INTERNATIONAL LOGISTICS, LLC",9999 BELLAIRE BLVD STE 999,HOUSTON,TX,77036,484110,"Transportation and Warehousing (Air, Rail, Trucking, Pipeline)",Limited Liability Company (LLC),2026-01-20T00:00:00.000,Supply Chain / Port Operations Business Continuity
GREEN LOOP 888 TRUCKING LLC,GREEN LOOP 888 TRUCKING LLC,5301 POLK ST BLDG 21,HOUSTON,TX,77023,484121,"Transportation and Warehousing (Air, Rail, Trucking, Pipeline)",Limited Liability Company (LLC),2023-01-19T00:00:00.000,Supply Chain / Port Operations Business Continuity
GREENSPOINT STORE & LOCK,"GREENSPOINT STORE & LOCK, LTD.",1209 ALDINE BENDER RD,HOUSTON,TX,77032,493110,"Transportation and Warehousing (Postal, Couriers, Warehousing)",Type PL,1994-09-30T00:00:00.000,Supply Chain / Port Operations Business Continuity
GREY WOLF SUPPLY INC.,PD SUPPLY INC.,10370 RICHMOND AVE STE 600,HOUSTON,TX,77042,493110,"Transportation and Warehousing (Postal, Couriers, Warehousing)",Texas Corporation,2009-05-20T00:00:00.000,Supply Chain / Port Operations Business Continuity
"GRM DOCUMENT STORAGE, LLC","GRM DOCUMENT STORAGE, LLC",10310 HARWIN DR,HOUSTON,TX,77036,493110,"Transportation and Warehousing (Postal, Couriers, Warehousing)",Corporation / Corporate Entity,2015-04-27T00:00:00.000,Supply Chain / Port Operations Business Continuity
GULF COAST AUTO STORAGE LLC,GULF COAST AUTO STORAGE LLC,13800 LEW BRIGGS RD,HOUSTON,TX,77047,493190,"Transportation and Warehousing (Postal, Couriers, Warehousing)",Limited Liability Company (LLC),2016-06-03T00:00:00.000,Supply Chain / Port Operations Business Continuity
GULF COAST CONNECTION,GULF COAST CONNECTION LLC,6671 SOUTHWEST FWY # 730,HOUSTON,TX,77074,484121,"Transportation and Warehousing (Air, Rail, Trucking, Pipeline)",Limited Liability Company (LLC),2023-10-26T00:00:00.000,Supply Chain / Port Operations Business Continuity
"GXO LOGISTICS SUPPLY CHAIN, INC.","GXO LOGISTICS SUPPLY CHAIN, INC.",16607 CENTRAL GREEN BLVD,HOUSTON,TX,77032,493110,"Transportation and Warehousing (Postal, Couriers, Warehousing)",Foreign Corporation (Out-of-State),2023-04-14T00:00:00.000,Supply Chain / Port Operations Business Continuity
H ONE TX LOGISTICS INC,"H ONE TX LOGISTICS, INC.",16615 NORTH FWY,HOUSTON,TX,77090,493110,"Transportation and Warehousing (Postal, Couriers, Warehousing)",Texas Corporation,2024-11-08T00:00:00.000,Supply Chain / Port Operations Business Continuity
"HAFFAN LAB, INC","HAFFAN LAB, INC.",1500 BRITTMOORE RD STE 201,HOUSTON,TX,77043,484210,"Transportation and Warehousing (Air, Rail, Trucking, Pipeline)",Texas Corporation,2025-06-26T00:00:00.000,Supply Chain / Port Operations Business Continuity
HARRIS COUNTY HAULING,HARRIS COUNTY HAULING LLC,8111 SILENT CEDARS DR,HOUSTON,TX,77095,484110,"Transportation and Warehousing (Air, Rail, Trucking, Pipeline)",Limited Liability Company (LLC),2022-08-03T00:00:00.000,Supply Chain / Port Operations Business Continuity
HARWIN AUTO STORAGE,"BELLAIRE STORAGE LOT, LLC",7400B HARWIN DR # 354,HOUSTON,TX,77036,493190,"Transportation and Warehousing (Postal, Couriers, Warehousing)",Limited Liability Company (LLC),2014-10-21T00:00:00.000,Supply Chain / Port Operations Business Continuity
HEIGHTS MINI STORAGE,WEST BELLFORT SELF  STORAGE LLC,100 LOUISE ST,HOUSTON,TX,77009,493190,"Transportation and Warehousing (Postal, Couriers, Warehousing)",Limited Liability Company (LLC),2014-12-09T00:00:00.000,Supply Chain / Port Operations Business Continuity
HENRY ROAD STORAGE,HENRY ROAD STORAGE CORP,14924 HENRY RD,HOUSTON,TX,77060,493190,"Transportation and Warehousing (Postal, Couriers, Warehousing)",Texas Corporation,2021-03-04T00:00:00.000,Supply Chain / Port Operations Business Continuity
HERMES IBARGOLLIN HERNANDEZ,HERMES IBARGOLLIN HERNANDEZ,9618 TRIOLA LN,HOUSTON,TX,77036,484121,"Transportation and Warehousing (Air, Rail, Trucking, Pipeline)",Type IS,2026-08-14T00:00:00.000,Supply Chain / Port Operations Business Continuity
HONEYWELL,HONEYWELL INTERNATIONAL INC.,11201 GREENS CROSSING BLVD,HOUSTON,TX,77067,493110,"Transportation and Warehousing (Postal, Couriers, Warehousing)",Foreign Corporation (Out-of-State),2012-10-04T00:00:00.000,Supply Chain / Port Operations Business Continuity
HOUSTON MINI STORAGE #7,"HOUSTON MINI STORAGE #5, LTD.",1921 HOLLISTER ST,HOUSTON,TX,77080,493000,"Transportation and Warehousing (Postal, Couriers, Warehousing)",Type PL,2003-02-18T00:00:00.000,Supply Chain / Port Operations Business Continuity
"IMPERIAL RECOVERY SERVICES, INC","IMPERIAL RECOVERY SERVICES, INC",7783 AIRPORT BLVD,HOUSTON,TX,77061,493110,"Transportation and Warehousing (Postal, Couriers, Warehousing)",Type CP,2018-08-31T00:00:00.000,Supply Chain / Port Operations Business Continuity
"IMPERIAL RECOVERY SERVICES, INC","IMPERIAL RECOVERY SERVICES, INC",15847 LEE RD,HOUSTON,TX,77032,493110,"Transportation and Warehousing (Postal, Couriers, Warehousing)",Type CP,2018-08-31T00:00:00.000,Supply Chain / Port Operations Business Continuity
INDUSTRIAL WASTE SOLUTIONS LLC,INDUSTRIAL WASTE SOLUTIONS LLC,10234 LUCORE ST,HOUSTON,TX,77017,484110,"Transportation and Warehousing (Air, Rail, Trucking, Pipeline)",Limited Liability Company (LLC),2016-06-28T00:00:00.000,Supply Chain / Port Operations Business Continuity
"INFINITY FUELS, INC.","INFINITY FUELS, INC.",14405 WALTERS RD STE 145,HOUSTON,TX,77014,484122,"Transportation and Warehousing (Air, Rail, Trucking, Pipeline)",Texas Corporation,2024-01-09T00:00:00.000,Supply Chain / Port Operations Business Continuity
INTERLOGISTICS,DAVID G ROMERO,1958 WINROCK BLVD APT 435,HOUSTON,TX,77057,484121,"Transportation and Warehousing (Air, Rail, Trucking, Pipeline)",Type IS,2021-10-27T00:00:00.000,Supply Chain / Port Operations Business Continuity
"IRON MOUNTAIN INFORMATION MANAGEMENT SERVICES, INC","IRON MOUNTAIN INFORMATION MANAGEMENT SERVICES, INC",3502 BISSONNET ST,HOUSTON,TX,77005,493110,"Transportation and Warehousing (Postal, Couriers, Warehousing)",Foreign Corporation (Out-of-State),2022-03-21T00:00:00.000,Supply Chain / Port Operations Business Continuity
"IRON MOUNTAIN INFORMATION MANAGEMENT SERVICES, INC","IRON MOUNTAIN INFORMATION MANAGEMENT SERVICES, INC",15333 HEMPSTEAD RD,HOUSTON,TX,77040,493110,"Transportation and Warehousing (Postal, Couriers, Warehousing)",Foreign Corporation (Out-of-State),2022-03-21T00:00:00.000,Supply Chain / Port Operations Business Continuity
"IRON MOUNTAIN INFORMATION MANAGEMENT SERVICES, INC","IRON MOUNTAIN INFORMATION MANAGEMENT SERVICES, INC",3643 WILLOWBEND BLVD STE 600,HOUSTON,TX,77054,493110,"Transportation and Warehousing (Postal, Couriers, Warehousing)",Foreign Corporation (Out-of-State),2022-03-21T00:00:00.000,Supply Chain / Port Operations Business Continuity
"IRON MOUNTAIN INFORMATION MANAGEMENT SERVICES, INC","IRON MOUNTAIN INFORMATION MANAGEMENT SERVICES, INC",5249 GLENMONT DR,HOUSTON,TX,77081,493110,"Transportation and Warehousing (Postal, Couriers, Warehousing)",Foreign Corporation (Out-of-State),2022-03-21T00:00:00.000,Supply Chain / Port Operations Business Continuity
"IRON MOUNTAIN INFORMATION MANAGEMENT SERVICES, INC","IRON MOUNTAIN INFORMATION MANAGEMENT SERVICES, INC",5075 SOUTH LOOP E,HOUSTON,TX,77033,493110,"Transportation and Warehousing (Postal, Couriers, Warehousing)",Foreign Corporation (Out-of-State),2022-03-21T00:00:00.000,Supply Chain / Port Operations Business Continuity
"IRON MOUNTAIN INFORMATION MANAGEMENT SERVICES, INC","IRON MOUNTAIN INFORMATION MANAGEMENT SERVICES, INC",5603 S RICE AVE,HOUSTON,TX,77081,493110,"Transportation and Warehousing (Postal, Couriers, Warehousing)",Foreign Corporation (Out-of-State),2022-03-21T00:00:00.000,Supply Chain / Port Operations Business Continuity
"IRON MOUNTAIN INFORMATION MANAGEMENT SERVICES, INC","IRON MOUNTAIN INFORMATION MANAGEMENT SERVICES, INC",487 W 38TH ST,HOUSTON,TX,77018,493110,"Transportation and Warehousing (Postal, Couriers, Warehousing)",Foreign Corporation (Out-of-State),2022-03-21T00:00:00.000,Supply Chain / Port Operations Business Continuity
"IRON MOUNTAIN INFORMATION MANAGEMENT SERVICES, INC","IRON MOUNTAIN INFORMATION MANAGEMENT SERVICES, INC",4013 W 11TH ST,HOUSTON,TX,77055,493110,"Transportation and Warehousing (Postal, Couriers, Warehousing)",Foreign Corporation (Out-of-State),2022-03-21T00:00:00.000,Supply Chain / Port Operations Business Continuity
"IRON MOUNTAIN INFORMATION MANAGEMENT SERVICES, INC","IRON MOUNTAIN INFORMATION MANAGEMENT SERVICES, INC",6203 BINGLE RD,HOUSTON,TX,77092,493110,"Transportation and Warehousing (Postal, Couriers, Warehousing)",Foreign Corporation (Out-of-State),2022-03-21T00:00:00.000,Supply Chain / Port Operations Business Continuity
"IRON MOUNTAIN INFORMATION MANAGEMENT SERVICES, INC","IRON MOUNTAIN INFORMATION MANAGEMENT SERVICES, INC",10310 HARWIN DR,HOUSTON,TX,77036,493110,"Transportation and Warehousing (Postal, Couriers, Warehousing)",Foreign Corporation (Out-of-State),2022-03-21T00:00:00.000,Supply Chain / Port Operations Business Continuity
"IRON MOUNTAIN INFORMATION MANAGEMENT SERVICES, INC","IRON MOUNTAIN INFORMATION MANAGEMENT SERVICES, INC",2020 TAYLOR ST,HOUSTON,TX,77007,493110,"Transportation and Warehousing (Postal, Couriers, Warehousing)",Foreign Corporation (Out-of-State),2022-03-21T00:00:00.000,Supply Chain / Port Operations Business Continuity
"IRON MOUNTAIN INFORMATION MANAGEMENT SERVICES, INC","IRON MOUNTAIN INFORMATION MANAGEMENT SERVICES, INC",2120 W SAM HOUSTON PKWY N,HOUSTON,TX,77043,493110,"Transportation and Warehousing (Postal, Couriers, Warehousing)",Foreign Corporation (Out-of-State),2022-03-21T00:00:00.000,Supply Chain / Port Operations Business Continuity
"IRON MOUNTAIN INFORMATION MANAGEMENT SERVICES, INC","IRON MOUNTAIN INFORMATION MANAGEMENT SERVICES, INC",11500 MAIN ST STE 110,HOUSTON,TX,77025,493110,"Transportation and Warehousing (Postal, Couriers, Warehousing)",Foreign Corporation (Out-of-State),2022-03-21T00:00:00.000,Supply Chain / Port Operations Business Continuity
"IRON MOUNTAIN INFORMATION MANAGEMENT SERVICES, INC","IRON MOUNTAIN INFORMATION MANAGEMENT SERVICES, INC",11502 MAIN ST STE 204-6,HOUSTON,TX,77025,493110,"Transportation and Warehousing (Postal, Couriers, Warehousing)",Foreign Corporation (Out-of-State),2022-03-21T00:00:00.000,Supply Chain / Port Operations Business Continuity
"IRON MOUNTAIN INFORMATION MANAGEMENT SERVICES, INC","IRON MOUNTAIN INFORMATION MANAGEMENT SERVICES, INC",2010 W SAM HOUSTON PKWY S,HOUSTON,TX,77042,493110,"Transportation and Warehousing (Postal, Couriers, Warehousing)",Foreign Corporation (Out-of-State),2022-03-21T00:00:00.000,Supply Chain / Port Operations Business Continuity
"IRON MOUNTAIN INFORMATION MANAGEMENT SERVICES, INC","IRON MOUNTAIN INFORMATION MANAGEMENT SERVICES, INC",6605 ROXBURGH DR STE 400,HOUSTON,TX,77041,493110,"Transportation and Warehousing (Postal, Couriers, Warehousing)",Foreign Corporation (Out-of-State),2022-03-21T00:00:00.000,Supply Chain / Port Operations Business Continuity
"IRON MOUNTAIN INFORMATION MANAGEMENT SERVICES, INC","IRON MOUNTAIN INFORMATION MANAGEMENT SERVICES, INC",1521 GREENGRASS DR,HOUSTON,TX,77008,493110,"Transportation and Warehousing (Postal, Couriers, Warehousing)",Foreign Corporation (Out-of-State),2022-03-21T00:00:00.000,Supply Chain / Port Operations Business Continuity
"IRON MOUNTAIN INFORMATION MANAGEMENT SERVICES, INC","IRON MOUNTAIN INFORMATION MANAGEMENT SERVICES, INC",4300 WINDFERN RD STE 400,HOUSTON,TX,77041,493110,"Transportation and Warehousing (Postal, Couriers, Warehousing)",Foreign Corporation (Out-of-State),2022-03-21T00:00:00.000,Supply Chain / Port Operations Business Continuity
"IRON MOUNTAIN INFORMATION MANAGEMENT SERVICES, INC","IRON MOUNTAIN INFORMATION MANAGEMENT SERVICES, INC",202 W 38TH ST,HOUSTON,TX,77018,493110,"Transportation and Warehousing (Postal, Couriers, Warehousing)",Foreign Corporation (Out-of-State),2022-03-21T00:00:00.000,Supply Chain / Port Operations Business Continuity
"IRON MOUNTAIN INFORMATION MANAGEMENT, LLC","IRON MOUNTAIN INFORMATION MANAGEMENT, LLC",2010 SAM HOUSTON PKY N,HOUSTON,TX,77043,493190,"Transportation and Warehousing (Postal, Couriers, Warehousing)",Corporation / Corporate Entity,2004-03-19T00:00:00.000,Supply Chain / Port Operations Business Continuity
"IRON MOUNTAIN INFORMATION MANAGEMENT, LLC","IRON MOUNTAIN INFORMATION MANAGEMENT, LLC",3502 BISSONNET ST,HOUSTON,TX,77005,493190,"Transportation and Warehousing (Postal, Couriers, Warehousing)",Corporation / Corporate Entity,1991-05-20T00:00:00.000,Supply Chain / Port Operations Business Continuity
"IRON MOUNTAIN INFORMATION MANAGEMENT, LLC","IRON MOUNTAIN INFORMATION MANAGEMENT, LLC",5603 S RICE AVE,HOUSTON,TX,77081,493190,"Transportation and Warehousing (Postal, Couriers, Warehousing)",Corporation / Corporate Entity,2004-03-19T00:00:00.000,Supply Chain / Port Operations Business Continuity
"IRON MOUNTAIN INFORMATION MANAGEMENT, LLC","IRON MOUNTAIN INFORMATION MANAGEMENT, LLC",11925 WINDFERN RD,HOUSTON,TX,77064,493190,"Transportation and Warehousing (Postal, Couriers, Warehousing)",Corporation / Corporate Entity,2006-08-07T00:00:00.000,Supply Chain / Port Operations Business Continuity
"IRON MOUNTAIN INFORMATION MANAGEMENT, LLC","IRON MOUNTAIN INFORMATION MANAGEMENT, LLC",1521 GREENS RD,HOUSTON,TX,77032,493190,"Transportation and Warehousing (Postal, Couriers, Warehousing)",Corporation / Corporate Entity,2014-09-25T00:00:00.000,Supply Chain / Port Operations Business Continuity
J A GAMEZ TRUCKING,JOSE A GAMEZ,1838 TIDWELL LN,HOUSTON,TX,77093,484110,"Transportation and Warehousing (Air, Rail, Trucking, Pipeline)",Type IS,2007-09-19T00:00:00.000,Supply Chain / Port Operations Business Continuity
J B HUNT TRANSPORT INC,"J.B. HUNT TRANSPORT, INC.",350 GELLHORN DR,HOUSTON,TX,77013,484121,"Transportation and Warehousing (Air, Rail, Trucking, Pipeline)",Foreign Corporation (Out-of-State),2005-12-19T00:00:00.000,Supply Chain / Port Operations Business Continuity
J B REPAIR LLC,J B REPAIR LLC,14214 CYPRESS MEADOWS DR,HOUSTON,TX,77047,484121,"Transportation and Warehousing (Air, Rail, Trucking, Pipeline)",Limited Liability Company (LLC),2021-06-16T00:00:00.000,Supply Chain / Port Operations Business Continuity
"J MARTINEZ TRUCKING, INC.","J MARTINEZ TRUCKING, INC.",5722 BINGLE RD STE A,HOUSTON,TX,77092,484220,"Transportation and Warehousing (Air, Rail, Trucking, Pipeline)",Texas Corporation,2015-06-01T00:00:00.000,Supply Chain / Port Operations Business Continuity
J PEREZ INVESTMENTS LLC,"J PEREZ INVESTMENTS, LLC",131 FRELS LN,HOUSTON,TX,77076,484110,"Transportation and Warehousing (Air, Rail, Trucking, Pipeline)",Limited Liability Company (LLC),2025-05-13T00:00:00.000,Supply Chain / Port Operations Business Continuity
J&G TRANSPORT SERVICE,JORGE A GAMEZ BETANCOURT,1815 FALLOW LN,HOUSTON,TX,77049,484121,"Transportation and Warehousing (Air, Rail, Trucking, Pipeline)",Type IS,2023-07-22T00:00:00.000,Supply Chain / Port Operations Business Continuity
J. EMILIO RODRIGUEZ TRUCKING LLC,J. EMILIO RODRIGUEZ TRUCKING LLC,7903 COOLGROVE DR,HOUSTON,TX,77049,484110,"Transportation and Warehousing (Air, Rail, Trucking, Pipeline)",Limited Liability Company (LLC),2023-06-29T00:00:00.000,Supply Chain / Port Operations Business Continuity
"JACOBSON WAREHOUSE COMPANY, INC.","GXO WAREHOUSE COMPANY, INC.",9255 RAILWOOD DR,HOUSTON,TX,77078,493110,"Transportation and Warehousing (Postal, Couriers, Warehousing)",Foreign Corporation (Out-of-State),2018-06-06T00:00:00.000,Supply Chain / Port Operations Business Continuity
"JAG LOGISTICS & DELIVERY, LLC","JAG LOGISTICS & DELIVERY, LLC",10015 N ELDRIDGE PKWY # 114,HOUSTON,TX,77065,484110,"Transportation and Warehousing (Air, Rail, Trucking, Pipeline)",Limited Liability Company (LLC),2014-09-08T00:00:00.000,Supply Chain / Port Operations Business Continuity
JCGR ENTERPRISES INC,JCGR ENTERPRISES INC,5301 POLK ST,HOUSTON,TX,77023,493110,"Transportation and Warehousing (Postal, Couriers, Warehousing)",Texas Corporation,2025-08-29T00:00:00.000,Supply Chain / Port Operations Business Continuity
JR DIAMOND J TRUCKING INC,"JR DIAMOND J TRUCKING, INC.",6201 BROOKFIELD DR,HOUSTON,TX,77085,484220,"Transportation and Warehousing (Air, Rail, Trucking, Pipeline)",Texas Corporation,2025-08-15T00:00:00.000,Supply Chain / Port Operations Business Continuity
"JREAM KINGS TRANSPORT, LLC","JREAM KINGS TRANSPORT, LLC",17603 CHATHAM WAY DR,HOUSTON,TX,77084,484122,"Transportation and Warehousing (Air, Rail, Trucking, Pipeline)",Limited Liability Company (LLC),2024-02-22T00:00:00.000,Supply Chain / Port Operations Business Continuity
K-SOLV LP,"K-SOLV CHEMICALS, LLC",952 ECHO LN STE 400,HOUSTON,TX,77024,493190,"Transportation and Warehousing (Postal, Couriers, Warehousing)",Limited Liability Company (LLC),2007-11-06T00:00:00.000,Supply Chain / Port Operations Business Continuity
KABASON AUTOS TOWING SERVICES LLC,KABASON AUTOS TOWING SERVICES LLC,11675 W BELLFORT AVE APT 408,HOUSTON,TX,77099,484110,"Transportation and Warehousing (Air, Rail, Trucking, Pipeline)",Limited Liability Company (LLC),2025-06-26T00:00:00.000,Supply Chain / Port Operations Business Continuity
"KAPPA CONTAINERS, LLC","KAPPA CONTAINERS, LLC",13165 W LAKE HOUSTON PKWY STE 426,HOUSTON,TX,77044,493190,"Transportation and Warehousing (Postal, Couriers, Warehousing)",Limited Liability Company (LLC),2025-08-18T00:00:00.000,Supply Chain / Port Operations Business Continuity
KINDER MORGAN CRUDE TO RAIL LLC,KINDER MORGAN CRUDE TO RAIL LLC,13609 INDUSTRIAL RD,HOUSTON,TX,77015,493190,"Transportation and Warehousing (Postal, Couriers, Warehousing)",Corporation / Corporate Entity,2019-02-27T00:00:00.000,Supply Chain / Port Operations Business Continuity
KINGDOM FREIGHT LLC,KINGDOM FREIGHT LLC,3323 MCCUE RD APT 1746,HOUSTON,TX,77056,484121,"Transportation and Warehousing (Air, Rail, Trucking, Pipeline)",Limited Liability Company (LLC),2026-07-24T00:00:00.000,Supply Chain / Port Operations Business Continuity
"KPH LOGISTICS, INC.","KPH LOGISTICS, INC.",11511 N PETROPARK DR,HOUSTON,TX,77041,493110,"Transportation and Warehousing (Postal, Couriers, Warehousing)",Texas Corporation,2018-06-21T00:00:00.000,Supply Chain / Port Operations Business Continuity
KR EXPRESS TRANSPORT LLC,KR EXPRESS TRANSPORT LLC,9611 HIGHMEADOW DR,HOUSTON,TX,77063,484110,"Transportation and Warehousing (Air, Rail, Trucking, Pipeline)",Corporation / Corporate Entity,2026-06-20T00:00:00.000,Supply Chain / Port Operations Business Continuity
L ANGEL AUTO STORAGE LOT,LUIS A FLORES,11384 HARWIN DR STE A,HOUSTON,TX,77072,493190,"Transportation and Warehousing (Postal, Couriers, Warehousing)",Type IS,2017-11-29T00:00:00.000,Supply Chain / Port Operations Business Continuity
L&K LOGISTICS,SHAVONS CREATION ENTERPRISES LLC,4217 CAPLIN ST,HOUSTON,TX,77026,484110,"Transportation and Warehousing (Air, Rail, Trucking, Pipeline)",Limited Liability Company (LLC),2026-05-27T00:00:00.000,Supply Chain / Port Operations Business Continuity
L&W HEAVY HAUL CORP.,L&W HEAVY HAUL CORP.,6220 WESTPARK DR STE 149,HOUSTON,TX,77057,484122,"Transportation and Warehousing (Air, Rail, Trucking, Pipeline)",Texas Corporation,2026-07-07T00:00:00.000,Supply Chain / Port Operations Business Continuity
L.R.O. MATERIALS & TRUCKING LLC,L.R.O. MATERIALS & TRUCKING LLC,2929 ANTOINE DR STE B,HOUSTON,TX,77092,484110,"Transportation and Warehousing (Air, Rail, Trucking, Pipeline)",Limited Liability Company (LLC),2020-03-10T00:00:00.000,Supply Chain / Port Operations Business Continuity
LA GREENS USA LLC,"LA GREENS USA, LLC",4801 WOODWAY DR STE 275E,HOUSTON,TX,77056,493110,"Transportation and Warehousing (Postal, Couriers, Warehousing)",Limited Liability Company (LLC),2024-08-14T00:00:00.000,Supply Chain / Port Operations Business Continuity
"LINEAGE LOGISTICS PFS, LLC","LINEAGE LOGISTICS PFS, LLC",555 ALEEN ST,HOUSTON,TX,77029,493120,"Transportation and Warehousing (Postal, Couriers, Warehousing)",Corporation / Corporate Entity,2020-08-04T00:00:00.000,Supply Chain / Port Operations Business Continuity
"LINEAGE LOGISTICS PFS, LLC","LINEAGE LOGISTICS PFS, LLC",7080 EXPRESS LN,HOUSTON,TX,77078,493120,"Transportation and Warehousing (Postal, Couriers, Warehousing)",Corporation / Corporate Entity,2020-08-04T00:00:00.000,Supply Chain / Port Operations Business Continuity
"LINEAGE LOGISTICS, LLC","LINEAGE LOGISTICS, LLC",7500 UVALDE RD,HOUSTON,TX,77049,493120,"Transportation and Warehousing (Postal, Couriers, Warehousing)",Corporation / Corporate Entity,2023-05-04T00:00:00.000,Supply Chain / Port Operations Business Continuity
LMB LLC,LMB LLC,12507 LANDON LIGHT LN,HOUSTON,TX,77038,484121,"Transportation and Warehousing (Air, Rail, Trucking, Pipeline)",Limited Liability Company (LLC),2026-01-24T00:00:00.000,Supply Chain / Port Operations Business Continuity
LO KEY INVESTMENTS LLC,LO KEY INVESTMENTS LLC,13129 KUYKENDAHL RD # C,HOUSTON,TX,77090,493190,"Transportation and Warehousing (Postal, Couriers, Warehousing)",Limited Liability Company (LLC),2025-04-23T00:00:00.000,Supply Chain / Port Operations Business Continuity
LOGISTIX US LLC,LOGISTIX US LLC,17350 STATE HIGHWAY 249 STE 22011884,HOUSTON,TX,77064,484110,"Transportation and Warehousing (Air, Rail, Trucking, Pipeline)",Limited Liability Company (LLC),2025-03-01T00:00:00.000,Supply Chain / Port Operations Business Continuity
LONESTAR FULFILLMENT LLC,LONESTAR FULFILLMENT LLC,3800 BRITTMOORE RD STE 190,HOUSTON,TX,77043,493110,"Transportation and Warehousing (Postal, Couriers, Warehousing)",Limited Liability Company (LLC),2023-02-15T00:00:00.000,Supply Chain / Port Operations Business Continuity
M A C COSMETICS INC,M.A.C. COSMETICS INC.,5015 WESTHEIMER RD STE 3330,HOUSTON,TX,77056,493000,"Transportation and Warehousing (Postal, Couriers, Warehousing)",Foreign Corporation (Out-of-State),2001-07-18T00:00:00.000,Supply Chain / Port Operations Business Continuity
M A C COSMETICS INC,M.A.C. COSMETICS INC.,2411 TIMES BLVD STE 130,HOUSTON,TX,77005,493000,"Transportation and Warehousing (Postal, Couriers, Warehousing)",Foreign Corporation (Out-of-State),2003-08-19T00:00:00.000,Supply Chain / Port Operations Business Continuity
"M C TANK TRANSPORT, INC.","M C TANK TRANSPORT, INC.",8700 INDUSTRIAL DR,HOUSTON,TX,77029,484220,"Transportation and Warehousing (Air, Rail, Trucking, Pipeline)",Foreign Corporation (Out-of-State),2017-03-09T00:00:00.000,Supply Chain / Port Operations Business Continuity
M&M TOP TIER TRANSPORTATION,GENERAL NERVIS,8510 WOODLYN RD,HOUSTON,TX,77028,484110,"Transportation and Warehousing (Air, Rail, Trucking, Pipeline)",Type IS,2026-05-16T00:00:00.000,Supply Chain / Port Operations Business Continuity
M.R DAVISON LOGISTICS,M.R DAVISON LOGISTICS LLC,1438 BANBURY CT,HOUSTON,TX,77073,484121,"Transportation and Warehousing (Air, Rail, Trucking, Pipeline)",Limited Liability Company (LLC),2021-04-24T00:00:00.000,Supply Chain / Port Operations Business Continuity
"MACKEY COMPANY, LLC.","MACKEY COMPANY, LLC",12306 SHILOH CHURCH RD,HOUSTON,TX,77066,493110,"Transportation and Warehousing (Postal, Couriers, Warehousing)",Corporation / Corporate Entity,2023-08-31T00:00:00.000,Supply Chain / Port Operations Business Continuity
MACVIN LOGISTICS LLC,MACVIN LOGISTICS LLC,3724 CYPRESS CREEK PKWY STE 300R,HOUSTON,TX,77068,484121,"Transportation and Warehousing (Air, Rail, Trucking, Pipeline)",Limited Liability Company (LLC),2026-02-25T00:00:00.000,Supply Chain / Port Operations Business Continuity
MAHMOOD & SONS INC,MAHMOOD & SON'S INC,17526 WAVERLY GROVE DR,HOUSTON,TX,77084,484121,"Transportation and Warehousing (Air, Rail, Trucking, Pipeline)",Texas Corporation,2025-12-23T00:00:00.000,Supply Chain / Port Operations Business Continuity
"MAMA LYCHA LOGISTICS, LLC","MAMA LYCHA LOGISTICS, LLC",727 CENTURY PLAZA DR,HOUSTON,TX,77073,484110,"Transportation and Warehousing (Air, Rail, Trucking, Pipeline)",Limited Liability Company (LLC),2023-11-22T00:00:00.000,Supply Chain / Port Operations Business Continuity
MANUEL GUEL READY MIX LLC,MANUEL GUEL READY MIX LLC,1312 DE BOLL ST,HOUSTON,TX,77022,484110,"Transportation and Warehousing (Air, Rail, Trucking, Pipeline)",Limited Liability Company (LLC),2026-02-25T00:00:00.000,Supply Chain / Port Operations Business Continuity
MARITZA C RIVERA,MARITZA C RIVERA,10622 TENNETA DR,HOUSTON,TX,77099,484121,"Transportation and Warehousing (Air, Rail, Trucking, Pipeline)",Type IS,2025-06-20T00:00:00.000,Supply Chain / Port Operations Business Continuity
"MARQUEZ BROTHERS TEXAS I, INC.","MARQUEZ BROTHERS TEXAS I, INC.",8207 NORTH LOOP E STE 200,HOUSTON,TX,77029,484121,"Transportation and Warehousing (Air, Rail, Trucking, Pipeline)",Texas Corporation,2011-07-02T00:00:00.000,Supply Chain / Port Operations Business Continuity
MATT SMITH L.L.C.,MATT SMITH L.L.C.,2400 YORKTOWN ST APT 27,HOUSTON,TX,77056,484121,"Transportation and Warehousing (Air, Rail, Trucking, Pipeline)",Limited Liability Company (LLC),2024-08-05T00:00:00.000,Supply Chain / Port Operations Business Continuity
MEJIA READY MIX,CARLOS E MEJIA,8610 ANACORTES ST,HOUSTON,TX,77061,484110,"Transportation and Warehousing (Air, Rail, Trucking, Pipeline)",Type IS,2013-04-10T00:00:00.000,Supply Chain / Port Operations Business Continuity
MENDOZA HAUL SERVICES LLC,MENDOZA HAUL SERVICES LLC,9434 MISTY VALE LN,HOUSTON,TX,77075,484220,"Transportation and Warehousing (Air, Rail, Trucking, Pipeline)",Limited Liability Company (LLC),2026-02-19T00:00:00.000,Supply Chain / Port Operations Business Continuity
MER-COMPASS LOGISTICS LLC,MER-COMPASS LOGISTICS LLC,3120 SOUTHWEST FWY STE 101,HOUSTON,TX,77098,484230,"Transportation and Warehousing (Air, Rail, Trucking, Pipeline)",Limited Liability Company (LLC),2024-11-19T00:00:00.000,Supply Chain / Port Operations Business Continuity
MEYER PARK STORAGE CENTER,"LUEL PARTNERSHIP, LTD.",9505 MEYER FOREST DR,HOUSTON,TX,77096,493000,"Transportation and Warehousing (Postal, Couriers, Warehousing)",Type PL,2004-05-19T00:00:00.000,Supply Chain / Port Operations Business Continuity
"MFS FLEET, INC.","MFS FLEET, INC.",330 GREENS LANDING DR,HOUSTON,TX,77038,484121,"Transportation and Warehousing (Air, Rail, Trucking, Pipeline)",Texas Corporation,2017-07-18T00:00:00.000,Supply Chain / Port Operations Business Continuity
MICA INVESTMENT GROUP LLC,MICA INVESTMENT GROUP LLC,902 HIDDEN VALLEY DR,HOUSTON,TX,77088,484110,"Transportation and Warehousing (Air, Rail, Trucking, Pipeline)",Limited Liability Company (LLC),2025-07-29T00:00:00.000,Supply Chain / Port Operations Business Continuity
MID WEST AUTO STORAGE,"MID WEST AUTO STORAGE, INC",9520 S KIRKWOOD RD,HOUSTON,TX,77099,493190,"Transportation and Warehousing (Postal, Couriers, Warehousing)",Texas Corporation,2012-03-10T00:00:00.000,Supply Chain / Port Operations Business Continuity
"MILAM STREET AUTO STORAGE, INC.","MILAM STREET AUTO STORAGE, INC.",2305 LYONS AVE,HOUSTON,TX,77020,493190,"Transportation and Warehousing (Postal, Couriers, Warehousing)",Texas Corporation,2015-01-15T00:00:00.000,Supply Chain / Port Operations Business Continuity
MILLER & SON WRECKER SERVICE & STORAGE,TERRI L MILLER,7200 EASTEX FWY,HOUSTON,TX,77093,493190,"Transportation and Warehousing (Postal, Couriers, Warehousing)",Type IS,2019-07-18T00:00:00.000,Supply Chain / Port Operations Business Continuity
MINETTA AUTO SALES,MINETTA AUTO STORAGE LLC,14635 MINETTA ST,HOUSTON,TX,77035,493190,"Transportation and Warehousing (Postal, Couriers, Warehousing)",Limited Liability Company (LLC),2025-05-22T00:00:00.000,Supply Chain / Port Operations Business Continuity
ML HERNANDEZ  LLC,ML HERNANDEZ  LLC,614 KRESS ST,HOUSTON,TX,77020,484110,"Transportation and Warehousing (Air, Rail, Trucking, Pipeline)",Limited Liability Company (LLC),2019-10-22T00:00:00.000,Supply Chain / Port Operations Business Continuity
MLW INTERESTS LLP,JOHN LINES ET AL,5631 BRYSTONE DR,HOUSTON,TX,77041,493110,"Transportation and Warehousing (Postal, Couriers, Warehousing)",Type PI,2009-05-20T00:00:00.000,Supply Chain / Port Operations Business Continuity
MONTERREY TRANS LLC,MONTERREY TRANS LLC,10318 VALENCIA DR,HOUSTON,TX,77013,493190,"Transportation and Warehousing (Postal, Couriers, Warehousing)",Limited Liability Company (LLC),2021-10-06T00:00:00.000,Supply Chain / Port Operations Business Continuity
MOVING SERVICE SOLUTIONS,MOVING SERVICE SOLUTIONS  LLC,5301 POLK ST BLDG 14,HOUSTON,TX,77023,484210,"Transportation and Warehousing (Air, Rail, Trucking, Pipeline)",Limited Liability Company (LLC),2026-04-28T00:00:00.000,Supply Chain / Port Operations Business Continuity
MPACT INVESTMENT SOLUTIONS LLC,MPACT INVESTMENT SOLUTIONS LLC,16203 CORSAIR RD,HOUSTON,TX,77053,484110,"Transportation and Warehousing (Air, Rail, Trucking, Pipeline)",Limited Liability Company (LLC),2026-03-20T00:00:00.000,Supply Chain / Port Operations Business Continuity
MYG LOGISTICS LLC,MYG LOGISTICS LLC,6922 WERNER ST,HOUSTON,TX,77076,484121,"Transportation and Warehousing (Air, Rail, Trucking, Pipeline)",Limited Liability Company (LLC),2026-04-17T00:00:00.000,Supply Chain / Port Operations Business Continuity
NC TEXAS,NCT MOVING SERVICES,9010 W LITTLE YORK RD,HOUSTON,TX,77040,484210,"Transportation and Warehousing (Air, Rail, Trucking, Pipeline)",Foreign Corporation (Out-of-State),2011-01-13T00:00:00.000,Supply Chain / Port Operations Business Continuity
NCT MOVING SERVICES,NCT MOVING SERVICES,3700 CLAYMOORE PARK DR STE 160,HOUSTON,TX,77043,484210,"Transportation and Warehousing (Air, Rail, Trucking, Pipeline)",Foreign Corporation (Out-of-State),2026-06-16T00:00:00.000,Supply Chain / Port Operations Business Continuity
"NEOVIA LOGISTICS SERVICES, LLC","NEOVIA LOGISTICS SERVICES, LLC",16415 JACINTOPORT BLVD,HOUSTON,TX,77015,493110,"Transportation and Warehousing (Postal, Couriers, Warehousing)",Corporation / Corporate Entity,2026-07-27T00:00:00.000,Supply Chain / Port Operations Business Continuity
"NEXUS DISPOSAL, L.L.C.","NEXUS DISPOSAL, L.L.C.",6131 THOMAS RD,HOUSTON,TX,77041,484110,"Transportation and Warehousing (Air, Rail, Trucking, Pipeline)",Limited Liability Company (LLC),2015-04-21T00:00:00.000,Supply Chain / Port Operations Business Continuity
"NGUYEN LOGISTICS, INC","NGUYEN LOGISTICS, INC",8326 SOLEDAD DR,HOUSTON,TX,77083,484122,"Transportation and Warehousing (Air, Rail, Trucking, Pipeline)",Texas Corporation,2022-08-02T00:00:00.000,Supply Chain / Port Operations Business Continuity
NORTH LOOP SELF STORAGE,"NORTH LOOP STORAGE, LP",1440 NORTH LOOP,HOUSTON,TX,77009,493190,"Transportation and Warehousing (Postal, Couriers, Warehousing)",Type PL,2012-01-11T00:00:00.000,Supply Chain / Port Operations Business Continuity
NORTHERN GULF SERVICES LLC,NORTHERN GULF SERVICES LLC,6231 KEYKO ST,HOUSTON,TX,77041,493190,"Transportation and Warehousing (Postal, Couriers, Warehousing)",Limited Liability Company (LLC),2025-02-27T00:00:00.000,Supply Chain / Port Operations Business Continuity
NORTHWOOD FOREST STORE & LOCK,"FOREST STORE & LOCK, LTD.",12245 NORTHWOOD FOREST DR,HOUSTON,TX,77039,493000,"Transportation and Warehousing (Postal, Couriers, Warehousing)",Type PL,1996-02-27T00:00:00.000,Supply Chain / Port Operations Business Continuity
"NR MOVING & INSTALLATION, LLC","NR MOVING & INSTALLATION, LLC",5443 LAUREL CREEK WAY,HOUSTON,TX,77017,484210,"Transportation and Warehousing (Air, Rail, Trucking, Pipeline)",Limited Liability Company (LLC),2026-06-10T00:00:00.000,Supply Chain / Port Operations Business Continuity
"OLSON BROS. MANAGEMENT, LLC","OLSON BROS. MANAGEMENT, LLC",7807 LONG POINT RD STE 200,HOUSTON,TX,77055,493110,"Transportation and Warehousing (Postal, Couriers, Warehousing)",Limited Liability Company (LLC),2010-05-04T00:00:00.000,Supply Chain / Port Operations Business Continuity
ONE LIFT PARTNERS LLC,ONE LIFT PARTNERS LLC,7670 WOODWAY DR STE 230,HOUSTON,TX,77063,484121,"Transportation and Warehousing (Air, Rail, Trucking, Pipeline)",Limited Liability Company (LLC),2024-03-14T00:00:00.000,Supply Chain / Port Operations Business Continuity
ONE SOURCE LOGISTICS LLC,SASCHA JORDAN,340 N SAM HOUSTON PKWY E STE A255,HOUSTON,TX,77060,484122,"Transportation and Warehousing (Air, Rail, Trucking, Pipeline)",Type IS,2019-02-15T00:00:00.000,Supply Chain / Port Operations Business Continuity
OROZCO'S AUTOMOTIVE & STORAGE LLC,OROZCO'S AUTOMOTIVE & STORAGE LLC,3651 JENSEN DR,HOUSTON,TX,77026,493190,"Transportation and Warehousing (Postal, Couriers, Warehousing)",Limited Liability Company (LLC),2013-10-29T00:00:00.000,Supply Chain / Port Operations Business Continuity
OSAGE TRANSPORTATION INC,"OSAGE TRANSPORTATION, INC.",13833 GARRETT RD,HOUSTON,TX,77044,493110,"Transportation and Warehousing (Postal, Couriers, Warehousing)",Texas Corporation,2025-06-06T00:00:00.000,Supply Chain / Port Operations Business Continuity
OTW ON THE WAY EXPRESS LLC,OTW ON THE WAY EXPRESS LLC,3806 BRIDGEDALE DR,HOUSTON,TX,77039,484110,"Transportation and Warehousing (Air, Rail, Trucking, Pipeline)",Limited Liability Company (LLC),2022-12-14T00:00:00.000,Supply Chain / Port Operations Business Continuity
OVERNITE SERVICE CENTER,"TFORCE FREIGHT, INC.",2525 CAVALCADE ST,HOUSTON,TX,77026,484121,"Transportation and Warehousing (Air, Rail, Trucking, Pipeline)",Foreign Corporation (Out-of-State),1993-10-06T00:00:00.000,Supply Chain / Port Operations Business Continuity
PACK IT MOVERS,"J. LAURUS, LLC.",12805 WESTHEIMER RD,HOUSTON,TX,77077,484210,"Transportation and Warehousing (Air, Rail, Trucking, Pipeline)",Limited Liability Company (LLC),2017-05-22T00:00:00.000,Supply Chain / Port Operations Business Continuity
"PALLETIZED TRUCKING, INC.","PALLETIZED TRUCKING, INC.",2001 COLLINGSWORTH ST,HOUSTON,TX,77009,484110,"Transportation and Warehousing (Air, Rail, Trucking, Pipeline)",Texas Corporation,1984-07-09T00:00:00.000,Supply Chain / Port Operations Business Continuity
PARKSON SHIPPING INC,PARKSON SHIPPING INC,1320 ALMEDA GENOA RD,HOUSTON,TX,77047,493110,"Transportation and Warehousing (Postal, Couriers, Warehousing)",Texas Corporation,2024-09-04T00:00:00.000,Supply Chain / Port Operations Business Continuity
"PASADENA IMPOUND, LLC","PASADENA IMPOUND, LLC",8000 GALVESTON RD,HOUSTON,TX,77034,493190,"Transportation and Warehousing (Postal, Couriers, Warehousing)",Limited Liability Company (LLC),2023-05-16T00:00:00.000,Supply Chain / Port Operations Business Continuity
PATTERSON LOGISTICS SERVICES,"PATTERSON LOGISTICS SERVICES, INC.",6300 W BY NORTHWEST BLVD,HOUSTON,TX,77040,493110,"Transportation and Warehousing (Postal, Couriers, Warehousing)",Foreign Corporation (Out-of-State),2007-10-12T00:00:00.000,Supply Chain / Port Operations Business Continuity
"PERFORMANCE TRANSPORTATION, LLC","PERFORMANCE TRANSPORTATION, LLC",6855 BUSINESS PARK DR,HOUSTON,TX,77041,484121,"Transportation and Warehousing (Air, Rail, Trucking, Pipeline)",Corporation / Corporate Entity,2017-12-15T00:00:00.000,Supply Chain / Port Operations Business Continuity
PINEMONT AUTO STORAGE,DALTON COLLISION CENTER LLC,3810 PINEMONT DR,HOUSTON,TX,77018,493190,"Transportation and Warehousing (Postal, Couriers, Warehousing)",Limited Liability Company (LLC),2018-12-13T00:00:00.000,Supply Chain / Port Operations Business Continuity
PINPOINT MOVERS,"PINPOINT MOVERS, LLC",7100 REGENCY SQUARE BLVD STE 199,HOUSTON,TX,77036,484210,"Transportation and Warehousing (Air, Rail, Trucking, Pipeline)",Limited Liability Company (LLC),2021-04-09T00:00:00.000,Supply Chain / Port Operations Business Continuity
PIONEER CONTRACT SERVICES,"PIONEER CONTRACT SERVICES, INC.",8090 KEMPWOOD DR,HOUSTON,TX,77055,484110,"Transportation and Warehousing (Air, Rail, Trucking, Pipeline)",Texas Corporation,1989-05-01T00:00:00.000,Supply Chain / Port Operations Business Continuity
PRECISE INSTRUMENTS INC,PRECISE INSTRUMENTS INC,1402 HEATHWOOD DR,HOUSTON,TX,77077,493110,"Transportation and Warehousing (Postal, Couriers, Warehousing)",Texas Corporation,2025-07-24T00:00:00.000,Supply Chain / Port Operations Business Continuity
PRECISE INSTRUMENTS INC,PRECISE INSTRUMENTS INC,2801 WALNUT BEND LN APT 124,HOUSTON,TX,77042,493110,"Transportation and Warehousing (Postal, Couriers, Warehousing)",Texas Corporation,2025-07-24T00:00:00.000,Supply Chain / Port Operations Business Continuity
PRECISION DRILLING HOLDINGS COMPANY,PRECISION DRILLING HOLDINGS COMPANY,10350 RICHMOND AVE STE 700,HOUSTON,TX,77042,484122,"Transportation and Warehousing (Air, Rail, Trucking, Pipeline)",Foreign Corporation (Out-of-State),2012-07-06T00:00:00.000,Supply Chain / Port Operations Business Continuity
"PREMIER HAULING SOLUTIONS, LLC",PREMIER HAULING SOLUTIONS LLC,413 GRACE ST,HOUSTON,TX,77003,484220,"Transportation and Warehousing (Air, Rail, Trucking, Pipeline)",Limited Liability Company (LLC),2026-02-19T00:00:00.000,Supply Chain / Port Operations Business Continuity
PRO DELIVERY SERVICES LLC,PRO DELIVERY SERVICES LLC,1201 FANNIN ST,HOUSTON,TX,77002,484110,"Transportation and Warehousing (Air, Rail, Trucking, Pipeline)",Limited Liability Company (LLC),2026-08-29T00:00:00.000,Supply Chain / Port Operations Business Continuity
PUENTE TRANSPORTS LLC,PUENTE TRANSPORTS LLC,8209 CONSTELLATION LN,HOUSTON,TX,77075,484122,"Transportation and Warehousing (Air, Rail, Trucking, Pipeline)",Limited Liability Company (LLC),2024-10-08T00:00:00.000,Supply Chain / Port Operations Business Continuity
QUALITAS OILFIELD SERVICES INC.,QUALITAS OILFIELD SERVICES INC.,12329 CUTTEN RD,HOUSTON,TX,77066,484110,"Transportation and Warehousing (Air, Rail, Trucking, Pipeline)",Texas Corporation,2015-12-03T00:00:00.000,Supply Chain / Port Operations Business Continuity
"QUALITY CARRIERS, INC.","QUALITY CARRIERS, INC.",2700 APPELT DR,HOUSTON,TX,77015,484230,"Transportation and Warehousing (Air, Rail, Trucking, Pipeline)",Foreign Corporation (Out-of-State),2025-06-24T00:00:00.000,Supply Chain / Port Operations Business Continuity
QUANTUM AUTOMOTIVE RECEIVABLES III INCORPORATED,QUANTUM AUTOMOTIVE RECEIVABLES III INCORPORATED,9228 WINDFERN RD,HOUSTON,TX,77064,493190,"Transportation and Warehousing (Postal, Couriers, Warehousing)",Texas Corporation,2012-02-07T00:00:00.000,Supply Chain / Port Operations Business Continuity
QUICK WASTE SERVICES,"QUICK WASTE SERVICES, LLC",12222 ALMEDA GENOA RD,HOUSTON,TX,77034,484110,"Transportation and Warehousing (Air, Rail, Trucking, Pipeline)",Limited Liability Company (LLC),2019-01-25T00:00:00.000,Supply Chain / Port Operations Business Continuity
R MUNGUIA TRUCKING,RAFAEL A MUNGUIA,6526 BIRDWOOD RD,HOUSTON,TX,77074,484110,"Transportation and Warehousing (Air, Rail, Trucking, Pipeline)",Type IS,2026-07-29T00:00:00.000,Supply Chain / Port Operations Business Continuity
R V I TOWING & RECOVERY LLC,R V I TOWING & RECOVERY LLC,12102 UNISON RD,HOUSTON,TX,77044,493110,"Transportation and Warehousing (Postal, Couriers, Warehousing)",Limited Liability Company (LLC),2025-07-29T00:00:00.000,Supply Chain / Port Operations Business Continuity
R&A TRANSPORT INC,"R&A TRANSPORT, INC.",551 WOOD MIST DR,HOUSTON,TX,77013,484220,"Transportation and Warehousing (Air, Rail, Trucking, Pipeline)",Texas Corporation,2001-12-17T00:00:00.000,Supply Chain / Port Operations Business Continuity
RAMOS READY MIX LLC,RAMOS READY MIX LLC,8806 LIVINGS ST,HOUSTON,TX,77028,484220,"Transportation and Warehousing (Air, Rail, Trucking, Pipeline)",Limited Liability Company (LLC),2022-05-03T00:00:00.000,Supply Chain / Port Operations Business Continuity
RANON INC,RANON INC,9353 CENTER POINT DR,HOUSTON,TX,77054,493110,"Transportation and Warehousing (Postal, Couriers, Warehousing)",Texas Corporation,2023-07-28T00:00:00.000,Supply Chain / Port Operations Business Continuity
"RAZZAQ LOGISTICS SERVICES, LLC","RAZZAQ LOGISTICS SERVICES, LLC",2609 BLODGETT ST,HOUSTON,TX,77004,484121,"Transportation and Warehousing (Air, Rail, Trucking, Pipeline)",Limited Liability Company (LLC),2026-07-21T00:00:00.000,Supply Chain / Port Operations Business Continuity
REALITY LOGISTICS LLC,REALITY LOGISTICS LLC,6230 EVERGREEN ST STE H,HOUSTON,TX,77081,484121,"Transportation and Warehousing (Air, Rail, Trucking, Pipeline)",Limited Liability Company (LLC),2026-09-17T00:00:00.000,Supply Chain / Port Operations Business Continuity
REBEL'S FREIGHT LLC,REBEL'S FREIGHT LLC,8001 HERSHE ST,HOUSTON,TX,77029,484121,"Transportation and Warehousing (Air, Rail, Trucking, Pipeline)",Limited Liability Company (LLC),2023-07-06T00:00:00.000,Supply Chain / Port Operations Business Continuity
REDBOX+ DUMPSTERS OF HOUSTON WEST,JBKB VENTURES INC.,6720 1/2 RENA ST,HOUSTON,TX,77092,484220,"Transportation and Warehousing (Air, Rail, Trucking, Pipeline)",Texas Corporation,2025-10-14T00:00:00.000,Supply Chain / Port Operations Business Continuity
RIDESHARE,MATTHEW ABID,10100 WESTPARK DR APT 6,HOUSTON,TX,77042,484110,"Transportation and Warehousing (Air, Rail, Trucking, Pipeline)",Type IS,2026-05-21T00:00:00.000,Supply Chain / Port Operations Business Continuity
RIGMORE LLC,RIGMORE LLC,2425 BROAD ST,HOUSTON,TX,77087,493110,"Transportation and Warehousing (Postal, Couriers, Warehousing)",Corporation / Corporate Entity,2023-10-10T00:00:00.000,Supply Chain / Port Operations Business Continuity
RNR NET LOGISTICS LLC,RNR NET LOGISTICS LLC,700 SMITH ST # 61070,HOUSTON,TX,77002,484121,"Transportation and Warehousing (Air, Rail, Trucking, Pipeline)",Limited Liability Company (LLC),2020-05-09T00:00:00.000,Supply Chain / Port Operations Business Continuity
ROAD HOG LOGISTICAL SERVICES INCORPORATED,ROAD HOG LOGISTICAL SERVICES INCORPORATED,13715 BERRY SPRINGS DR,HOUSTON,TX,77070,484121,"Transportation and Warehousing (Air, Rail, Trucking, Pipeline)",Texas Corporation,2024-03-06T00:00:00.000,Supply Chain / Port Operations Business Continuity
"ROADRUNNER, LTD.","ROADRUNNER, LTD.",12425 CHIMNEY ROCK RD,HOUSTON,TX,77035,484210,"Transportation and Warehousing (Air, Rail, Trucking, Pipeline)",Type PL,1984-07-14T00:00:00.000,Supply Chain / Port Operations Business Continuity
ROADSIDEN LLC,ROADSIDEN LLC,440 LOUISIANA ST STE 900,HOUSTON,TX,77002,484121,"Transportation and Warehousing (Air, Rail, Trucking, Pipeline)",Limited Liability Company (LLC),2023-03-30T00:00:00.000,Supply Chain / Port Operations Business Continuity
ROMAR UNLIMITED INC.,ROMAR UNLIMITED INC.,5925 ALMEDA RD UNIT 11009,HOUSTON,TX,77004,484121,"Transportation and Warehousing (Air, Rail, Trucking, Pipeline)",Texas Corporation,2021-09-10T00:00:00.000,Supply Chain / Port Operations Business Continuity
ROVINCE INTERNATIONAL CORP.,ROVINCE INTERNATIONAL CORP.,7255 AVENUE N,HOUSTON,TX,77011,493110,"Transportation and Warehousing (Postal, Couriers, Warehousing)",Foreign Corporation (Out-of-State),2021-03-24T00:00:00.000,Supply Chain / Port Operations Business Continuity
RSC TRUCKING LLC,RODOLFO SANCHEZ JR,14426 MAISEMORE RD,HOUSTON,TX,77015,484110,"Transportation and Warehousing (Air, Rail, Trucking, Pipeline)",Type IS,2025-01-25T00:00:00.000,Supply Chain / Port Operations Business Continuity
RT LOGISTIC SOLUTIONS LLC,RT LOGISTIC SOLUTIONS LLC,5823 VINEMONT LN,HOUSTON,TX,77084,484110,"Transportation and Warehousing (Air, Rail, Trucking, Pipeline)",Limited Liability Company (LLC),2022-06-22T00:00:00.000,Supply Chain / Port Operations Business Continuity
RUAN TRANSPORT CORPORATION,RUAN TRANSPORT CORPORATION,3000 WASHINGTON AVE,HOUSTON,TX,77007,484122,"Transportation and Warehousing (Air, Rail, Trucking, Pipeline)",Foreign Corporation (Out-of-State),2023-08-07T00:00:00.000,Supply Chain / Port Operations Business Continuity
"RYDER INTEGRATED LOGISTICS, INC.","RYDER INTEGRATED LOGISTICS, INC.",4543 POST OAK PLACE ST 105,HOUSTON,TX,77027,484110,"Transportation and Warehousing (Air, Rail, Trucking, Pipeline)",Foreign Corporation (Out-of-State),2016-07-07T00:00:00.000,Supply Chain / Port Operations Business Continuity
"RYDER INTEGRATED LOGISTICS, INC.","RYDER INTEGRATED LOGISTICS, INC.",9611 TELGE RD,HOUSTON,TX,77095,484110,"Transportation and Warehousing (Air, Rail, Trucking, Pipeline)",Foreign Corporation (Out-of-State),2016-07-07T00:00:00.000,Supply Chain / Port Operations Business Continuity
S&S SOLID CONCRETE,S&S SOLID CONCRETE LLC,13614 CANEY SPRINGS LN,HOUSTON,TX,77044,484110,"Transportation and Warehousing (Air, Rail, Trucking, Pipeline)",Limited Liability Company (LLC),2026-08-19T00:00:00.000,Supply Chain / Port Operations Business Continuity
SAFE-KEEPING SELF STORAGE PARKER,"REDDY PARTNERSHIP/PARKER ROAD STORAGE, LP",430 W PARKER RD,HOUSTON,TX,77091,493110,"Transportation and Warehousing (Postal, Couriers, Warehousing)",Type PL,2006-11-04T00:00:00.000,Supply Chain / Port Operations Business Continuity
SAFESITE INC,"SAFESITE, INC.",10303 REGAL ROW,HOUSTON,TX,77040,493110,"Transportation and Warehousing (Postal, Couriers, Warehousing)",Foreign Corporation (Out-of-State),2007-01-24T00:00:00.000,Supply Chain / Port Operations Business Continuity
"SANDBOX TRANSPORTATION, LLC","SANDBOX TRANSPORTATION, LLC",1301 MCKINNEY ST,HOUSTON,TX,77010,484230,"Transportation and Warehousing (Air, Rail, Trucking, Pipeline)",Limited Liability Company (LLC),2019-11-14T00:00:00.000,Supply Chain / Port Operations Business Continuity
SANTA RITA TRANSPORTATION,SANTA RITA TRANSPORTATION LLC,8821 E ALMEDA ST,HOUSTON,TX,77054,484121,"Transportation and Warehousing (Air, Rail, Trucking, Pipeline)",Limited Liability Company (LLC),2023-08-17T00:00:00.000,Supply Chain / Port Operations Business Continuity
SAVAGE INFRASTRUCTURE,SAVAGE INFRASTRUCTURE LLC,1914 HADEN RD,HOUSTON,TX,77015,484220,"Transportation and Warehousing (Air, Rail, Trucking, Pipeline)",Corporation / Corporate Entity,2025-07-14T00:00:00.000,Supply Chain / Port Operations Business Continuity
SCHULL BULK STORAGE LLC,SCHULL BULK STORAGE LLC,6800 PINE VISTA LN,HOUSTON,TX,77092,493110,"Transportation and Warehousing (Postal, Couriers, Warehousing)",Foreign Corporation (Out-of-State),2014-09-18T00:00:00.000,Supply Chain / Port Operations Business Continuity
SERVICE TRANSPORT CO,SERVICE TRANSPORT COMPANY,7900 ALMEDA GENOA RD,HOUSTON,TX,77075,484230,"Transportation and Warehousing (Air, Rail, Trucking, Pipeline)",Texas Corporation,2024-12-11T00:00:00.000,Supply Chain / Port Operations Business Continuity
SIVAD HOLDINGS INC,SIVAD HOLDINGS INC,4621 GASMER DR,HOUSTON,TX,77035,484110,"Transportation and Warehousing (Air, Rail, Trucking, Pipeline)",Texas Corporation,2023-07-19T00:00:00.000,Supply Chain / Port Operations Business Continuity
SLL TRANSPORTATION,WALTER ARCIDES ORELLANA,14000 S POST OAK RD STE 506,HOUSTON,TX,77045,484121,"Transportation and Warehousing (Air, Rail, Trucking, Pipeline)",Type IS,2021-10-19T00:00:00.000,Supply Chain / Port Operations Business Continuity
SMART WAREHOUSING LLC,"SMART WAREHOUSING, LLC",8790 WALLISVILLE RD,HOUSTON,TX,77029,493110,"Transportation and Warehousing (Postal, Couriers, Warehousing)",Corporation / Corporate Entity,2025-06-17T00:00:00.000,Supply Chain / Port Operations Business Continuity
SOLIDARITY TRANSPORTATION SERVICES LLC,SOLIDARITY TRANSPORTATION SERVICES LLC,17307 DEEP PRAIRIE DR,HOUSTON,TX,77095,484121,"Transportation and Warehousing (Air, Rail, Trucking, Pipeline)",Limited Liability Company (LLC),2025-02-19T00:00:00.000,Supply Chain / Port Operations Business Continuity
SORB-ALL CO,THOMASON FAMILY CORPORATION,2300 NANCE ST,HOUSTON,TX,77020,484200,"Transportation and Warehousing (Air, Rail, Trucking, Pipeline)",Texas Corporation,1986-07-07T00:00:00.000,Supply Chain / Port Operations Business Continuity
SOUTH BOW TERMINALS LLC,SOUTH BOW TERMINALS LLC,7101 MILLER ROAD 2,HOUSTON,TX,77049,493190,"Transportation and Warehousing (Postal, Couriers, Warehousing)",Corporation / Corporate Entity,2015-06-10T00:00:00.000,Supply Chain / Port Operations Business Continuity
"SOUTH HOUSTON IMPOUND, LLC","SOUTH HOUSTON IMPOUND, LLC",8000 GALVESTON RD,HOUSTON,TX,77034,493190,"Transportation and Warehousing (Postal, Couriers, Warehousing)",Limited Liability Company (LLC),2020-09-15T00:00:00.000,Supply Chain / Port Operations Business Continuity
SOUTHEASTERN FREIGHT LINES,"SOUTHEASTERN FREIGHT LINES, LLC",9100 W HARDY RD,HOUSTON,TX,77022,484121,"Transportation and Warehousing (Air, Rail, Trucking, Pipeline)",Corporation / Corporate Entity,2016-10-07T00:00:00.000,Supply Chain / Port Operations Business Continuity
"SOUTHEASTERN FREIGHT LINES, LLC","SOUTHEASTERN FREIGHT LINES, LLC",7313 E OREM DR,HOUSTON,TX,77075,484121,"Transportation and Warehousing (Air, Rail, Trucking, Pipeline)",Corporation / Corporate Entity,2013-03-18T00:00:00.000,Supply Chain / Port Operations Business Continuity
SPACE CITY SERVICES,"SCHST, LLC",12214 AQUEDUCT RD,HOUSTON,TX,77044,484220,"Transportation and Warehousing (Air, Rail, Trucking, Pipeline)",Corporation / Corporate Entity,2023-10-16T00:00:00.000,Supply Chain / Port Operations Business Continuity
"SPARTAN METALS, LLC","SPARTAN METALS, LLC",12112 ALMEDA RD BLDG F,HOUSTON,TX,77045,484110,"Transportation and Warehousing (Air, Rail, Trucking, Pipeline)",Limited Liability Company (LLC),2025-09-23T00:00:00.000,Supply Chain / Port Operations Business Continuity
"SPLASH TRANSPORT, INC.","SPLASH TRANSPORT, INC.",2400 HOLLY HALL ST,HOUSTON,TX,77054,484110,"Transportation and Warehousing (Air, Rail, Trucking, Pipeline)",Foreign Corporation (Out-of-State),2011-01-28T00:00:00.000,Supply Chain / Port Operations Business Continuity
SPLS LLC,HARPRIT SINGH,13100 WORTHAM CENTER DR STE 314,HOUSTON,TX,77065,484121,"Transportation and Warehousing (Air, Rail, Trucking, Pipeline)",Type IS,2026-09-10T00:00:00.000,Supply Chain / Port Operations Business Continuity
SQUARE COW MOOVERS LLC,SQUARE COW MOOVERS LLC,4611 KATY FWY,HOUSTON,TX,77007,484210,"Transportation and Warehousing (Air, Rail, Trucking, Pipeline)",Limited Liability Company (LLC),2025-01-16T00:00:00.000,Supply Chain / Port Operations Business Continuity
STACKET,SAB FULFILLMENT INC,17440 W LITTLE YORK RD STE A,HOUSTON,TX,77084,493190,"Transportation and Warehousing (Postal, Couriers, Warehousing)",Texas Corporation,2023-06-15T00:00:00.000,Supply Chain / Port Operations Business Continuity
"STAR LANE AUTO STORAGE, LLC","STAR LANE AUTO STORAGE, LLC",5808 STAR LN,HOUSTON,TX,77057,493190,"Transportation and Warehousing (Postal, Couriers, Warehousing)",Limited Liability Company (LLC),2014-11-26T00:00:00.000,Supply Chain / Port Operations Business Continuity
"STELLA ENVIRONMENTAL SERVICES, LLC","STELLA ENVIRONMENTAL SERVICES, LLC",10013 KOENIG ST,HOUSTON,TX,77034,484110,"Transportation and Warehousing (Air, Rail, Trucking, Pipeline)",Corporation / Corporate Entity,2012-03-09T00:00:00.000,Supply Chain / Port Operations Business Continuity
STOLTHAVEN HOUSTON,"STOLTHAVEN HOUSTON, INC.",15602 JACINTOPORT BLVD,HOUSTON,TX,77015,493190,"Transportation and Warehousing (Postal, Couriers, Warehousing)",Texas Corporation,1993-11-19T00:00:00.000,Supply Chain / Port Operations Business Continuity
STORAGE DIRECT WILLOWBROOK,"CALICO INDUSTRIES-CP, LLC",9250 MILLS RD,HOUSTON,TX,77070,493190,"Transportation and Warehousing (Postal, Couriers, Warehousing)",Limited Liability Company (LLC),2015-10-31T00:00:00.000,Supply Chain / Port Operations Business Continuity
STORSQUARE HOUSTON WEST,"APEX INVESTMENT VENTURES, LLC",2307 ELEANOR TINSLEY WAY,HOUSTON,TX,77023,493190,"Transportation and Warehousing (Postal, Couriers, Warehousing)",Limited Liability Company (LLC),2026-05-19T00:00:00.000,Supply Chain / Port Operations Business Continuity
SUNITA LOGISTICS & TRANSPORTATION LLC,SUNITA LOGISTICS & TRANSPORTATION LLC,5444 WESTHEIMER RD STE 1425,HOUSTON,TX,77056,484110,"Transportation and Warehousing (Air, Rail, Trucking, Pipeline)",Corporation / Corporate Entity,2019-06-21T00:00:00.000,Supply Chain / Port Operations Business Continuity
SUNSET MOVERS & HOME SOLUTIONS,SUNSET FURNITURE LLC,10846 BEECHNUT ST # A,HOUSTON,TX,77072,484210,"Transportation and Warehousing (Air, Rail, Trucking, Pipeline)",Limited Liability Company (LLC),2025-08-19T00:00:00.000,Supply Chain / Port Operations Business Continuity
"SYNAGRO OF TEXAS-CDR, INC.","SYNAGRO OF TEXAS-CDR, INC.",1800 BERING DR STE 1000,HOUSTON,TX,77057,484110,"Transportation and Warehousing (Air, Rail, Trucking, Pipeline)",Texas Corporation,2024-08-15T00:00:00.000,Supply Chain / Port Operations Business Continuity
T & T HAULING,"T & T HAULING, LLC",10010 KEMPWOOD DR APT 407,HOUSTON,TX,77080,484121,"Transportation and Warehousing (Air, Rail, Trucking, Pipeline)",Limited Liability Company (LLC),2011-11-29T00:00:00.000,Supply Chain / Port Operations Business Continuity
T & T MOTORS INC,"T & T MOTORS, INC.",3409 SADLER ST,HOUSTON,TX,77093,493190,"Transportation and Warehousing (Postal, Couriers, Warehousing)",Texas Corporation,1999-01-15T00:00:00.000,Supply Chain / Port Operations Business Continuity
TAMA TIRES,AMYN NARSI,2550 N WAYSIDE DR,HOUSTON,TX,77020,484121,"Transportation and Warehousing (Air, Rail, Trucking, Pipeline)",Type IS,2026-07-24T00:00:00.000,Supply Chain / Port Operations Business Continuity
TARGET DELIVERY CO INC,"TARGET DELIVERY CO., INC.",3314 BRILL ST,HOUSTON,TX,77026,484110,"Transportation and Warehousing (Air, Rail, Trucking, Pipeline)",Texas Corporation,1971-05-10T00:00:00.000,Supply Chain / Port Operations Business Continuity
TBN MURRAY FAM LLC,TBN MURRAY FAM LLC,7935 WRIGHT RD STE B,HOUSTON,TX,77041,484110,"Transportation and Warehousing (Air, Rail, Trucking, Pipeline)",Limited Liability Company (LLC),2025-11-03T00:00:00.000,Supply Chain / Port Operations Business Continuity
TENDER TRANSITIONS,"TENDER TRANSITIONS, INC.",13507 FOXMOOR LN,HOUSTON,TX,77069,484210,"Transportation and Warehousing (Air, Rail, Trucking, Pipeline)",Texas Corporation,2019-09-05T00:00:00.000,Supply Chain / Port Operations Business Continuity
TERRATECH SERVICES,SOONER INC.,909 FANNIN ST STE 3100,HOUSTON,TX,77010,493190,"Transportation and Warehousing (Postal, Couriers, Warehousing)",Foreign Corporation (Out-of-State),2026-02-26T00:00:00.000,Supply Chain / Port Operations Business Continuity
"TFS OILFIELD SERVICES, LLC","TFS OILFIELD SERVICES, LLC",4220 LAURA KOPPE RD STE B,HOUSTON,TX,77016,484121,"Transportation and Warehousing (Air, Rail, Trucking, Pipeline)",Limited Liability Company (LLC),2015-06-24T00:00:00.000,Supply Chain / Port Operations Business Continuity
"THE CAR COLLECTIVE, LLC","THE CAR COLLECTIVE, LLC",10855 CHURCH LN,HOUSTON,TX,77043,493190,"Transportation and Warehousing (Postal, Couriers, Warehousing)",Limited Liability Company (LLC),2019-05-17T00:00:00.000,Supply Chain / Port Operations Business Continuity
"THE QUEEN READY MIX, INC.","THE QUEEN READY MIX, INC.",8702 LIBERTY RD,HOUSTON,TX,77028,484121,"Transportation and Warehousing (Air, Rail, Trucking, Pipeline)",Texas Corporation,2025-10-01T00:00:00.000,Supply Chain / Port Operations Business Continuity
THREE MENSUPPLY SOLUTIONS,ABDEL RAHIM KHAMIS,6666 HARWIN DR STE 205A,HOUSTON,TX,77036,484210,"Transportation and Warehousing (Air, Rail, Trucking, Pipeline)",Type IS,2026-09-16T00:00:00.000,Supply Chain / Port Operations Business Continuity
TIGERHAWK LOGISTICS,TIGER HAWK TRUCKING LLC,1946 AUGUSTA DR,HOUSTON,TX,77057,484110,"Transportation and Warehousing (Air, Rail, Trucking, Pipeline)",Limited Liability Company (LLC),2022-08-04T00:00:00.000,Supply Chain / Port Operations Business Continuity
"TMC SUPPLY CHAIN SOLUTIONS, LLC","TMC SUPPLY CHAIN SOLUTIONS, LLC",2313 W SAM HOUSTON PKWY N STE 155,HOUSTON,TX,77043,493190,"Transportation and Warehousing (Postal, Couriers, Warehousing)",Limited Liability Company (LLC),2020-05-20T00:00:00.000,Supply Chain / Port Operations Business Continuity
"TRANSCO, INC.","TRANSCO, INC.",330 GREENS LANDING DR,HOUSTON,TX,77038,484110,"Transportation and Warehousing (Air, Rail, Trucking, Pipeline)",Foreign Corporation (Out-of-State),2010-01-12T00:00:00.000,Supply Chain / Port Operations Business Continuity
TRANSCONTINENTAL ENERGY SERVICES LLC,TRANSCONTINENTAL ENERGY SERVICES LLC,2700 POST OAK BLVD STE 2450,HOUSTON,TX,77056,484220,"Transportation and Warehousing (Air, Rail, Trucking, Pipeline)",Limited Liability Company (LLC),2025-07-28T00:00:00.000,Supply Chain / Port Operations Business Continuity
"TRANSITIONS MMM, LLC","TRANSITIONS MMM, LLC",3424 WICKERSHAM LN,HOUSTON,TX,77027,484220,"Transportation and Warehousing (Air, Rail, Trucking, Pipeline)",Limited Liability Company (LLC),2010-10-29T00:00:00.000,Supply Chain / Port Operations Business Continuity
"TRANSLIQUID TECHNOLOGIES, L.L.C.","TRANSLIQUID TECHNOLOGIES, L.L.C.",10120 HIRSCH RD,HOUSTON,TX,77016,493190,"Transportation and Warehousing (Postal, Couriers, Warehousing)",Limited Liability Company (LLC),2018-06-27T00:00:00.000,Supply Chain / Port Operations Business Continuity
TRANSPRO BURGENER,TRANSPRO INC,5210 OATES RD,HOUSTON,TX,77013,484220,"Transportation and Warehousing (Air, Rail, Trucking, Pipeline)",Foreign Corporation (Out-of-State),2021-06-04T00:00:00.000,Supply Chain / Port Operations Business Continuity
TRANSTON LLC,TRANSTON LLC,16365 PARK TEN PL STE 220,HOUSTON,TX,77084,484121,"Transportation and Warehousing (Air, Rail, Trucking, Pipeline)",Limited Liability Company (LLC),2025-03-19T00:00:00.000,Supply Chain / Port Operations Business Continuity
TRANSWOOD INC,"TRANSWOOD, INC.",1273 SHEFFIELD BLVD,HOUSTON,TX,77015,484121,"Transportation and Warehousing (Air, Rail, Trucking, Pipeline)",Texas Corporation,2009-01-22T00:00:00.000,Supply Chain / Port Operations Business Continuity
TRANSWOOD LOGISTICS INC,"TRANSWOOD LOGISTICS, INC.",1700 CENTRAL ST,HOUSTON,TX,77017,484121,"Transportation and Warehousing (Air, Rail, Trucking, Pipeline)",Foreign Corporation (Out-of-State),2006-01-19T00:00:00.000,Supply Chain / Port Operations Business Continuity
"TRIFECTA TRADING, LLC","TRIFECTA TRADING, LLC",626 W ALABAMA ST,HOUSTON,TX,77006,493190,"Transportation and Warehousing (Postal, Couriers, Warehousing)",Limited Liability Company (LLC),2026-01-14T00:00:00.000,Supply Chain / Port Operations Business Continuity
"TRILLA TRANSPORT, LLC","TRILLA TRANSPORT, LLC",10301 BAINBRIDGE ST,HOUSTON,TX,77016,484110,"Transportation and Warehousing (Air, Rail, Trucking, Pipeline)",Limited Liability Company (LLC),2026-01-12T00:00:00.000,Supply Chain / Port Operations Business Continuity
TRIPLE L'S LOGISTICS,TRIPLE L'S LOGISTICS LLC,1039 PROGRESO DR,HOUSTON,TX,77038,484110,"Transportation and Warehousing (Air, Rail, Trucking, Pipeline)",Limited Liability Company (LLC),2024-09-18T00:00:00.000,Supply Chain / Port Operations Business Continuity
"TUMANI TRANSPORT, LLC","TUMANI TRANSPORT, LLC",3423 KATY FWY,HOUSTON,TX,77007,484110,"Transportation and Warehousing (Air, Rail, Trucking, Pipeline)",Limited Liability Company (LLC),2022-05-14T00:00:00.000,Supply Chain / Port Operations Business Continuity
TWO HANDS JANITORIAL SERVICES,WILLIE EDWARD HAMILTON,2811 DRUID ST,HOUSTON,TX,77091,493190,"Transportation and Warehousing (Postal, Couriers, Warehousing)",Type IS,2014-08-30T00:00:00.000,Supply Chain / Port Operations Business Continuity
TWO MEN AND A TRUCK HUMBLE,TMT HUMBLE LLC,2021 ALDINE MAIL ROUTE RD STE 1002,HOUSTON,TX,77039,484210,"Transportation and Warehousing (Air, Rail, Trucking, Pipeline)",Limited Liability Company (LLC),2023-06-21T00:00:00.000,Supply Chain / Port Operations Business Continuity
UMC LOGISTICS,UGOCHUKWU M CHUKWURAH,12903 OLD RICHMOND RD STE E,HOUSTON,TX,77099,484110,"Transportation and Warehousing (Air, Rail, Trucking, Pipeline)",Type IS,2024-02-27T00:00:00.000,Supply Chain / Port Operations Business Continuity
UNITED PARCEL SERVICE,"UNITED PARCEL SERVICE, INC.",11802 N GESSNER RD,HOUSTON,TX,77064,484110,"Transportation and Warehousing (Air, Rail, Trucking, Pipeline)",Foreign Corporation (Out-of-State),2016-06-13T00:00:00.000,Supply Chain / Port Operations Business Continuity
UNITED PARCEL SERVICE,"UNITED PARCEL SERVICE, INC.",12101 BLUME AVE BLDG 396,HOUSTON,TX,77034,484110,"Transportation and Warehousing (Air, Rail, Trucking, Pipeline)",Foreign Corporation (Out-of-State),2022-03-14T00:00:00.000,Supply Chain / Port Operations Business Continuity
UNITED PARCEL SERVICE,"UNITED PARCEL SERVICE, INC.",7110 MYKAWA RD,HOUSTON,TX,77033,484110,"Transportation and Warehousing (Air, Rail, Trucking, Pipeline)",Foreign Corporation (Out-of-State),1986-03-11T00:00:00.000,Supply Chain / Port Operations Business Continuity
UNITED PARCEL SERVICE - CUSTOMER COUNTER,"UNITED PARCEL SERVICE, INC.",8200 SWEETWATER LN,HOUSTON,TX,77037,484110,"Transportation and Warehousing (Air, Rail, Trucking, Pipeline)",Foreign Corporation (Out-of-State),1986-04-30T00:00:00.000,Supply Chain / Port Operations Business Continuity
UOVO WINE,"DOMAINE MANAGEMENT, LLC",4645 SOUTHWEST FWY STE 195,HOUSTON,TX,77027,493120,"Transportation and Warehousing (Postal, Couriers, Warehousing)",Corporation / Corporate Entity,2024-11-21T00:00:00.000,Supply Chain / Port Operations Business Continuity
UPS CARTAGE SERVICES HOUSTON,"UPS CARTAGE SERVICES, INC.",15905 MORALES RD,HOUSTON,TX,77032,484110,"Transportation and Warehousing (Air, Rail, Trucking, Pipeline)",Foreign Corporation (Out-of-State),2005-01-18T00:00:00.000,Supply Chain / Port Operations Business Continuity
UPS GROUND FREIGHT,"TFORCE FREIGHT, INC.",1919 COLLINGSWORTH ST,HOUSTON,TX,77009,484121,"Transportation and Warehousing (Air, Rail, Trucking, Pipeline)",Foreign Corporation (Out-of-State),2009-05-29T00:00:00.000,Supply Chain / Port Operations Business Continuity
UPSCALE FREIGHT BROKERAGE LLC,UPSCALE FREIGHT BROKERAGE LLC,16510 NORTHCHASE DR STE 253,HOUSTON,TX,77060,484121,"Transportation and Warehousing (Air, Rail, Trucking, Pipeline)",Limited Liability Company (LLC),2026-08-04T00:00:00.000,Supply Chain / Port Operations Business Continuity
USURP TRANSPORTATION LLC,USURP TRANSPORTATION LLC,945 MCKINNEY ST STE 229,HOUSTON,TX,77002,484220,"Transportation and Warehousing (Air, Rail, Trucking, Pipeline)",Limited Liability Company (LLC),2022-04-05T00:00:00.000,Supply Chain / Port Operations Business Continuity
V&S CARGO TX INC,V&S CARGO TX INC,3703 MESA DR,HOUSTON,TX,77013,484121,"Transportation and Warehousing (Air, Rail, Trucking, Pipeline)",Texas Corporation,2025-11-22T00:00:00.000,Supply Chain / Port Operations Business Continuity
VANS FLY TRANSPORTATION LLC,VANS FLY TRANSPORTATION LLC,3000 SAGE RD APT 1429,HOUSTON,TX,77056,484122,"Transportation and Warehousing (Air, Rail, Trucking, Pipeline)",Limited Liability Company (LLC),2026-01-09T00:00:00.000,Supply Chain / Port Operations Business Continuity
VAQUERO TRUCKING SERVICE,"MIGUEL'S VAQUERO TRUCKING SERVICE, L.L.C.",11301 W HARDY RD,HOUSTON,TX,77076,484220,"Transportation and Warehousing (Air, Rail, Trucking, Pipeline)",Limited Liability Company (LLC),2011-02-28T00:00:00.000,Supply Chain / Port Operations Business Continuity
VERITRUST CORPORATION,VERITRUST CORPORATION,2000 AFTON ST,HOUSTON,TX,77055,493190,"Transportation and Warehousing (Postal, Couriers, Warehousing)",Texas Corporation,2007-03-19T00:00:00.000,Supply Chain / Port Operations Business Continuity
"VICTORY TRANSPORTATION SYSTEMS, INC.","VICTORY TRANSPORTATION SYSTEMS, INC.",9009 NORTH LOOP E STE 155,HOUSTON,TX,77029,484121,"Transportation and Warehousing (Air, Rail, Trucking, Pipeline)",Texas Corporation,2011-04-14T00:00:00.000,Supply Chain / Port Operations Business Continuity
"VISTAR TRANSPORTATION, LLC","VISTAR TRANSPORTATION, LLC",101 ESPLANADE BLVD STE 100,HOUSTON,TX,77060,484121,"Transportation and Warehousing (Air, Rail, Trucking, Pipeline)",Corporation / Corporate Entity,2017-12-15T00:00:00.000,Supply Chain / Port Operations Business Continuity
"VRC COMPANIES, LLC","VRC COMPANIES, LLC",10200 HARWIN DR,HOUSTON,TX,77036,493110,"Transportation and Warehousing (Postal, Couriers, Warehousing)",Corporation / Corporate Entity,2019-07-26T00:00:00.000,Supply Chain / Port Operations Business Continuity
W WINNERS CONTAINER SERVICES,"WWINNERS CONTAINER SERVICES, LLC",10000 WALLISVILLE RD,HOUSTON,TX,77013,484121,"Transportation and Warehousing (Air, Rail, Trucking, Pipeline)",Corporation / Corporate Entity,1981-03-23T00:00:00.000,Supply Chain / Port Operations Business Continuity
W&B LOGISTICS LLC,W&B LOGISTICS LLC,3526 OMEARA DR,HOUSTON,TX,77025,484110,"Transportation and Warehousing (Air, Rail, Trucking, Pipeline)",Limited Liability Company (LLC),2023-07-11T00:00:00.000,Supply Chain / Port Operations Business Continuity
WAZOBIA DISTRIBUTION INC,WAZOBIA DISTRIBUTION INC,2927 WESTHOLLOW DR,HOUSTON,TX,77082,493110,"Transportation and Warehousing (Postal, Couriers, Warehousing)",Texas Corporation,2025-10-13T00:00:00.000,Supply Chain / Port Operations Business Continuity
WERNER ENTERPRISES INC,"WERNER ENTERPRISES, INC.",4600 N MCCARTY ST,HOUSTON,TX,77013,484230,"Transportation and Warehousing (Air, Rail, Trucking, Pipeline)",Foreign Corporation (Out-of-State),2003-02-19T00:00:00.000,Supply Chain / Port Operations Business Continuity
WEST BELLFORT SELF  STORAGE LLC,WEST BELLFORT SELF  STORAGE LLC,9831 W BELLFORT ST STE A,HOUSTON,TX,77031,493190,"Transportation and Warehousing (Postal, Couriers, Warehousing)",Limited Liability Company (LLC),2009-04-20T00:00:00.000,Supply Chain / Port Operations Business Continuity
WEST POINT MATERIALS,"7G'S TRUCKING, INC.",9305 ROCKMORE DR,HOUSTON,TX,77064,484230,"Transportation and Warehousing (Air, Rail, Trucking, Pipeline)",Texas Corporation,2015-10-16T00:00:00.000,Supply Chain / Port Operations Business Continuity
"WESTCORE LINKS HOLDINGS, INC.","WESTCORE LINKS HOLDINGS, INC.",2928 GREENS RD STE B100,HOUSTON,TX,77032,484121,"Transportation and Warehousing (Air, Rail, Trucking, Pipeline)",Texas Corporation,2024-01-25T00:00:00.000,Supply Chain / Port Operations Business Continuity
"WESTERN CRATING, LLC","WESTERN CRATING, LLC",3898 DISTRIBUTION BLVD,HOUSTON,TX,77018,493110,"Transportation and Warehousing (Postal, Couriers, Warehousing)",Limited Liability Company (LLC),2017-01-19T00:00:00.000,Supply Chain / Port Operations Business Continuity
"WESTHEIMER TRANSFER & STORAGE CO., INC.","WESTHEIMER TRANSFER & STORAGE CO., INC.",9960 BUFFALO SPEEDWAY,HOUSTON,TX,77054,484122,"Transportation and Warehousing (Air, Rail, Trucking, Pipeline)",Texas Corporation,2002-05-20T00:00:00.000,Supply Chain / Port Operations Business Continuity
WHITEWATER TRANSPORT GROUP,WHITEWATER TRANSPORTATION GROUP LLC,1102 W CAVALCADE ST,HOUSTON,TX,77009,484121,"Transportation and Warehousing (Air, Rail, Trucking, Pipeline)",Limited Liability Company (LLC),2026-09-18T00:00:00.000,Supply Chain / Port Operations Business Continuity
WINDFERN TRUCK & TRAILER REPAIR,AURORA STAR TRANSPORT LLC,8910 TAUB RD,HOUSTON,TX,77064,484121,"Transportation and Warehousing (Air, Rail, Trucking, Pipeline)",Limited Liability Company (LLC),2024-07-29T00:00:00.000,Supply Chain / Port Operations Business Continuity
"WME SHIPPING & LOGISTICS, LLC","WME SHIPPING & LOGISTICS, LLC",211 BAKER RD UNIT 340,HOUSTON,TX,77094,484122,"Transportation and Warehousing (Air, Rail, Trucking, Pipeline)",Limited Liability Company (LLC),2022-11-08T00:00:00.000,Supply Chain / Port Operations Business Continuity
"WONDERLAND TRUCKING, LLC","WONDERLAND TRUCKING, LLC",8707 ATTWATER ST,HOUSTON,TX,77028,484121,"Transportation and Warehousing (Air, Rail, Trucking, Pipeline)",Limited Liability Company (LLC),2023-06-22T00:00:00.000,Supply Chain / Port Operations Business Continuity
"XPO LOGISTICS WORLDWIDE, INC.","GXO LOGISTICS WORLDWIDE, LLC",10650 OKANELLA ST,HOUSTON,TX,77041,484110,"Transportation and Warehousing (Air, Rail, Trucking, Pipeline)",Corporation / Corporate Entity,2013-07-09T00:00:00.000,Supply Chain / Port Operations Business Continuity
YEGO PLATFORM LLC,YEGO PLATFORM LLC,5890 W FUQUA ST,HOUSTON,TX,77085,493110,"Transportation and Warehousing (Postal, Couriers, Warehousing)",Limited Liability Company (LLC),2023-06-06T00:00:00.000,Supply Chain / Port Operations Business Continuity
"YOUR STORAGE PLACE #5, LTD","YOUR STORAGE PLACE #5, LTD",9330 GULF FWY,HOUSTON,TX,77017,493110,"Transportation and Warehousing (Postal, Couriers, Warehousing)",Type PL,2007-04-17T00:00:00.000,Supply Chain / Port Operations Business Continuity
YOUR STORAGE PLACE #6 LTD,"YOUR STORAGE PLACE #6, LTD",10901 NORTHWEST FWY,HOUSTON,TX,77092,493110,"Transportation and Warehousing (Postal, Couriers, Warehousing)",Type PL,2007-04-17T00:00:00.000,Supply Chain / Port Operations Business Continuity
YOUR STORAGE PLACE #7 LTD,"YOUR STORAGE PLACE #7, LTD",9333 WESTHEIMER RD,HOUSTON,TX,77063,493110,"Transportation and Warehousing (Postal, Couriers, Warehousing)",Type PL,2007-04-17T00:00:00.000,Supply Chain / Port Operations Business Continuity
ZEKE LOGISTICS LLC,ZEKE LOGISTICS LLC,15602 ROLLING TIMBERS DR,HOUSTON,TX,77084,484110,"Transportation and Warehousing (Air, Rail, Trucking, Pipeline)",Limited Liability Company (LLC),2024-06-24T00:00:00.000,Supply Chain / Port Operations Business Continuity
ZLX LOGISTICS LLC,ZLX LOGISTICS LLC,15931 SHELDON RIDGE WAY,HOUSTON,TX,77044,484121,"Transportation and Warehousing (Air, Rail, Trucking, Pipeline)",Limited Liability Company (LLC),2026-07-02T00:00:00.000,Supply Chain / Port Operations Business Continuity
ZOLMAN CONST CO,JOSEPH V ZOLMAN,12829 GREEN RIVER DR,HOUSTON,TX,77044,484220,"Transportation and Warehousing (Air, Rail, Trucking, Pipeline)",Type IS,2000-09-20T00:00:00.000,Supply Chain / Port Operations Business Continuity
