Business / DBA Name,Legal Entity Name,Street Address,City,State,ZIP Code,NAICS Code,Industry Category,Entity Type,Permit Issue Date,MSSP Regulatory Sales Hook
247 OIL & GAS EQUIPMENT INC,247 OIL & GAS EQUIPMENT INC,10700 RICHMOND AVE STE 143,HOUSTON,TX,77042,213111,"Mining, Quarrying, and Oil and Gas Extraction",Texas Corporation,2018-11-14T00:00:00.000,Enterprise Operator Vendor Cybersecurity Audits
3RD DEGREE SPECIALTY TOOLS,3RD DEGREE SPECIALTY TOOLS LLC,1885 SAINT JAMES PL,HOUSTON,TX,77056,213112,"Mining, Quarrying, and Oil and Gas Extraction",Limited Liability Company (LLC),2024-03-08T00:00:00.000,Enterprise Operator Vendor Cybersecurity Audits
8615 JACKRABBIT RD SUITE H,"OES OILFIELD SERVICES (USA), INC.",8615 JACKRABBIT RD STE H,HOUSTON,TX,77095,213112,"Mining, Quarrying, and Oil and Gas Extraction",Texas Corporation,2025-09-16T00:00:00.000,Enterprise Operator Vendor Cybersecurity Audits
A & A MACHINE,A & A MANUFACTURING INC,7415 BREEN DR,HOUSTON,TX,77086,333132,"Manufacturing (Metals, Machinery, Electronics)",Texas Corporation,2013-12-11T00:00:00.000,Enterprise Operator Vendor Cybersecurity Audits
A. HAK INDUSTRIAL SERVICES US,INTERO INTEGRITY SERVICES US L.L.C.,9702 GALVESTON RD,HOUSTON,TX,77034,213112,"Mining, Quarrying, and Oil and Gas Extraction",Limited Liability Company (LLC),2015-04-21T00:00:00.000,Enterprise Operator Vendor Cybersecurity Audits
"ABSOLUTE USA, INC.","ABSOLUTE USA, INC.",4730 CONSULATE PLAZA DR STE 120,HOUSTON,TX,77032,213114,"Mining, Quarrying, and Oil and Gas Extraction",Texas Corporation,2022-08-03T00:00:00.000,Enterprise Operator Vendor Cybersecurity Audits
ACACIA ENERGY SOLUTIONS,"ACACIA ENERGY SOLUTIONS, LLC",1334 BRITTMOORE RD STE 1409,HOUSTON,TX,77043,213112,"Mining, Quarrying, and Oil and Gas Extraction",Limited Liability Company (LLC),2023-06-02T00:00:00.000,Enterprise Operator Vendor Cybersecurity Audits
"ACADEMY OILFIELD RENTALS, LLC","ACADEMY OILFIELD RENTALS, LLC",800 GESSNER RD STE 1000,HOUSTON,TX,77024,213111,"Mining, Quarrying, and Oil and Gas Extraction",Corporation / Corporate Entity,2017-06-09T00:00:00.000,Enterprise Operator Vendor Cybersecurity Audits
ACURAFLOW INC.,ACURAFLOW INC.,2350 BAGBY ST APT 8204,HOUSTON,TX,77006,213112,"Mining, Quarrying, and Oil and Gas Extraction",Texas Corporation,2021-05-03T00:00:00.000,Enterprise Operator Vendor Cybersecurity Audits
"ADVANTAGE R & D, INC. #109538","ADVANTAGE R & D, INC.",16210 W HARDY RD,HOUSTON,TX,77060,213112,"Mining, Quarrying, and Oil and Gas Extraction",Foreign Corporation (Out-of-State),2000-06-05T00:00:00.000,Enterprise Operator Vendor Cybersecurity Audits
"ADVANTAGE R & D, INC. #160562","ADVANTAGE R & D, INC.",16210 W HARDY RD,HOUSTON,TX,77060,213112,"Mining, Quarrying, and Oil and Gas Extraction",Foreign Corporation (Out-of-State),2021-07-13T00:00:00.000,Enterprise Operator Vendor Cybersecurity Audits
"AEGIS CHEMICAL SOLUTIONS, LLC","AEGIS CHEMICAL SOLUTIONS, LLC",4560 KENDRICK PLAZA DR STE 190,HOUSTON,TX,77032,213112,"Mining, Quarrying, and Oil and Gas Extraction",Corporation / Corporate Entity,2013-12-03T00:00:00.000,Enterprise Operator Vendor Cybersecurity Audits
AGUA - TECH LLC,AGUA - TECH LLC,13104 WORNINGTON CT,HOUSTON,TX,77077,211120,"Mining, Quarrying, and Oil and Gas Extraction",Limited Liability Company (LLC),2025-12-11T00:00:00.000,Enterprise Operator Vendor Cybersecurity Audits
AI STRAINERS,JASON MAKAR,9811 WINDMILL PARK LN,HOUSTON,TX,77064,333132,"Manufacturing (Metals, Machinery, Electronics)",Type IS,2026-08-28T00:00:00.000,Enterprise Operator Vendor Cybersecurity Audits
"ALDONSA, INC.","ALDONSA, INC.",11811 TANNER RD,HOUSTON,TX,77041,213112,"Mining, Quarrying, and Oil and Gas Extraction",Foreign Corporation (Out-of-State),2008-04-14T00:00:00.000,Enterprise Operator Vendor Cybersecurity Audits
ALLENDALE MACHINE COMPANY,"ALLENDALE MACHINE CO., INC.",10014 LUCORE ST,HOUSTON,TX,77017,333132,"Manufacturing (Metals, Machinery, Electronics)",Texas Corporation,1988-12-19T00:00:00.000,Enterprise Operator Vendor Cybersecurity Audits
"ALLIED WIRELINE SERVICES, LLC","ALLIED WIRELINE SERVICES, LLC",15995 N BARKERS LANDING RD,HOUSTON,TX,77079,213112,"Mining, Quarrying, and Oil and Gas Extraction",Limited Liability Company (LLC),2010-10-06T00:00:00.000,Enterprise Operator Vendor Cybersecurity Audits
ALLOY CARBIDE CO,ALLOY CARBIDE COMPANY,7827 AVENUE H,HOUSTON,TX,77012,333132,"Manufacturing (Metals, Machinery, Electronics)",Texas Corporation,1964-08-03T00:00:00.000,Enterprise Operator Vendor Cybersecurity Audits
ALLOY CARBIDE COMPANY,ALLOY CARBIDE COMPANY,7425 CARBIDE ST,HOUSTON,TX,77040,333132,"Manufacturing (Metals, Machinery, Electronics)",Texas Corporation,1986-11-26T00:00:00.000,Enterprise Operator Vendor Cybersecurity Audits
ALTOR-SOLUTION LLC,ALTOR LLC,3004 ALDINE BENDER RD STE G,HOUSTON,TX,77032,333132,"Manufacturing (Metals, Machinery, Electronics)",Corporation / Corporate Entity,2024-10-25T00:00:00.000,Enterprise Operator Vendor Cybersecurity Audits
AMERICAN BLOCK COMPANY,AMERICAN BLOCK COMPANY,6311 BREEN DR,HOUSTON,TX,77086,333132,"Manufacturing (Metals, Machinery, Electronics)",Texas Corporation,1987-06-25T00:00:00.000,Enterprise Operator Vendor Cybersecurity Audits
AMERICAN BLOCK COMPANY,AMERICAN BLOCK COMPANY,7903 BREEN DR,HOUSTON,TX,77064,333132,"Manufacturing (Metals, Machinery, Electronics)",Texas Corporation,2014-11-25T00:00:00.000,Enterprise Operator Vendor Cybersecurity Audits
"AMERICAN EAGLE OILFIELD SERVICES & SUPPLIES, INC.","AMERICAN EAGLE OILFIELD SERVICES & SUPPLIES, INC.",6464 SAVOY DR STE 400,HOUSTON,TX,77036,213111,"Mining, Quarrying, and Oil and Gas Extraction",Texas Corporation,2021-04-07T00:00:00.000,Enterprise Operator Vendor Cybersecurity Audits
AMERICAN JEREH INTERNATIONAL CORPORATION,AMERICAN JEREH INTERNATIONAL CORPORATION,7501 MILLER ROAD 2,HOUSTON,TX,77049,333132,"Manufacturing (Metals, Machinery, Electronics)",Texas Corporation,2011-10-21T00:00:00.000,Enterprise Operator Vendor Cybersecurity Audits
"AMP II ETX, LLC","AMP II ETX, LLC",600 TRAVIS ST STE 5500,HOUSTON,TX,77002,211130,"Mining, Quarrying, and Oil and Gas Extraction",Corporation / Corporate Entity,2023-03-13T00:00:00.000,Enterprise Operator Vendor Cybersecurity Audits
"AMS MACHINE, INC.","AMS MACHINE, INC.",13322 EMMETT RD,HOUSTON,TX,77041,333132,"Manufacturing (Metals, Machinery, Electronics)",Texas Corporation,2004-03-22T00:00:00.000,Enterprise Operator Vendor Cybersecurity Audits
ANDON ENERGY SERVICES,ANDON ENERGY SERVICES LLC,9255 KIRBY DR,HOUSTON,TX,77054,213112,"Mining, Quarrying, and Oil and Gas Extraction",Limited Liability Company (LLC),2009-11-02T00:00:00.000,Enterprise Operator Vendor Cybersecurity Audits
"ANU RESOURCES, LLC","ANU RESOURCES, LLC",11807 WESTHEIMER RD STE 550-506,HOUSTON,TX,77077,213112,"Mining, Quarrying, and Oil and Gas Extraction",Limited Liability Company (LLC),2019-03-27T00:00:00.000,Enterprise Operator Vendor Cybersecurity Audits
APACHE CORPORATION,APACHE CORPORATION,2000 W SAM HOUSTON PKWY S STE 200,HOUSTON,TX,77042,211120,"Mining, Quarrying, and Oil and Gas Extraction",Foreign Corporation (Out-of-State),2024-06-13T00:00:00.000,Enterprise Operator Vendor Cybersecurity Audits
"APEX MANUFACTURED SOLUTIONS, LLC","APEX MANUFACTURED SOLUTIONS, LLC",13720 FM 529 RD STE 500,HOUSTON,TX,77041,333132,"Manufacturing (Metals, Machinery, Electronics)",Limited Liability Company (LLC),2022-10-29T00:00:00.000,Enterprise Operator Vendor Cybersecurity Audits
APOLLO GREENZYME INC,APOLLO GREENZYME INC,1111 GOODNIGHT TRL,HOUSTON,TX,77060,213111,"Mining, Quarrying, and Oil and Gas Extraction",Texas Corporation,2019-01-10T00:00:00.000,Enterprise Operator Vendor Cybersecurity Audits
ARCHER OILTOOLS LLC,ARCHER OILTOOLS LLC,5510 CLARA RD,HOUSTON,TX,77041,213112,"Mining, Quarrying, and Oil and Gas Extraction",Limited Liability Company (LLC),2017-10-09T00:00:00.000,Enterprise Operator Vendor Cybersecurity Audits
"ARCHROCK PARTNERS, L.P.","ARCHROCK PARTNERS, L.P.",16666 NORTHCHASE DR,HOUSTON,TX,77060,213112,"Mining, Quarrying, and Oil and Gas Extraction",Type PF,2016-01-16T00:00:00.000,Enterprise Operator Vendor Cybersecurity Audits
"ARCHROCK SERVICES, L.P.","ARCHROCK SERVICES, L.P.",9807 KATY FWY STE 100,HOUSTON,TX,77024,213112,"Mining, Quarrying, and Oil and Gas Extraction",Type PF,2018-04-18T00:00:00.000,Enterprise Operator Vendor Cybersecurity Audits
"ARS-ACP, LLC","ARS-ACP, LLC",15915 KATY FWY STE 505,HOUSTON,TX,77094,213112,"Mining, Quarrying, and Oil and Gas Extraction",Limited Liability Company (LLC),2024-10-10T00:00:00.000,Enterprise Operator Vendor Cybersecurity Audits
ARSENAL DOWNHOLE LLC,ARSENAL CASING TECHNOLOGIES LLC,700 LOUISIANA ST STE 3950,HOUSTON,TX,77002,213112,"Mining, Quarrying, and Oil and Gas Extraction",Corporation / Corporate Entity,2018-12-28T00:00:00.000,Enterprise Operator Vendor Cybersecurity Audits
ARSENAL DOWNHOLE SOLUTIONS,ARSENAL DOWNHOLE SOLUTIONS LLC,700 LOUISIANA ST STE 3950,HOUSTON,TX,77002,333132,"Manufacturing (Metals, Machinery, Electronics)",Corporation / Corporate Entity,2025-02-11T00:00:00.000,Enterprise Operator Vendor Cybersecurity Audits
ARSENAL DRILLING TOOLS LLC,ARSENAL DRILLING TOOLS LLC,1005 S SHEPHERD DR APT 411,HOUSTON,TX,77019,333132,"Manufacturing (Metals, Machinery, Electronics)",Limited Liability Company (LLC),2022-05-26T00:00:00.000,Enterprise Operator Vendor Cybersecurity Audits
"ARUSA TRADE & FINANCE, INC.","ARUSA TRADE & FINANCE, INC.",12645 MEMORIAL DR STE F1209,HOUSTON,TX,77024,213112,"Mining, Quarrying, and Oil and Gas Extraction",Texas Corporation,2024-03-22T00:00:00.000,Enterprise Operator Vendor Cybersecurity Audits
ASCENSION TECHNOLOGIES INC,ASCENSION TECHNOLOGIES INC,2437 BAY AREA BLVD STE 3,HOUSTON,TX,77058,213112,"Mining, Quarrying, and Oil and Gas Extraction",Foreign Corporation (Out-of-State),2023-03-30T00:00:00.000,Enterprise Operator Vendor Cybersecurity Audits
AT NEWCO LLC,AT NEWCO LLC,6400 MOUNT HOUSTON RD,HOUSTON,TX,77050,333132,"Manufacturing (Metals, Machinery, Electronics)",Limited Liability Company (LLC),2026-08-25T00:00:00.000,Enterprise Operator Vendor Cybersecurity Audits
"ATT TECHNOLOGY, LTD.","ATT TECHNOLOGY, LTD.",3657 BRIARPARK DR,HOUSTON,TX,77042,333132,"Manufacturing (Metals, Machinery, Electronics)",Type PL,2009-11-03T00:00:00.000,Enterprise Operator Vendor Cybersecurity Audits
AUTOSWAB SYSTEMS INC.,AUTOSWAB SYSTEMS INC.,8909 JACKRABBIT RD STE E,HOUSTON,TX,77095,333132,"Manufacturing (Metals, Machinery, Electronics)",Texas Corporation,2024-10-05T00:00:00.000,Enterprise Operator Vendor Cybersecurity Audits
AVALON SCIENCES NORTH AMERICA INC.,AVALON SCIENCES NORTH AMERICA INC.,3430 S SAM HOUSTON PKWY E STE 300,HOUSTON,TX,77047,213112,"Mining, Quarrying, and Oil and Gas Extraction",Texas Corporation,2012-01-11T00:00:00.000,Enterprise Operator Vendor Cybersecurity Audits
"AXON PRESSURE PRODUCTS, INC.","AXON PRESSURE PRODUCTS, INC.",12606 N HOUSTON ROSSLYN RD,HOUSTON,TX,77086,333132,"Manufacturing (Metals, Machinery, Electronics)",Texas Corporation,2012-01-23T00:00:00.000,Enterprise Operator Vendor Cybersecurity Audits
B&B WIRELINE LLC,B&B WIRELINE LLC,7502 SHADYVILLA LN,HOUSTON,TX,77055,213112,"Mining, Quarrying, and Oil and Gas Extraction",Limited Liability Company (LLC),2021-11-23T00:00:00.000,Enterprise Operator Vendor Cybersecurity Audits
"B.O.P. PRODUCTS, LLC","B.O.P. PRODUCTS, LLC",9118 SWEETBRUSH DR,HOUSTON,TX,77064,213112,"Mining, Quarrying, and Oil and Gas Extraction",Limited Liability Company (LLC),2006-07-17T00:00:00.000,Enterprise Operator Vendor Cybersecurity Audits
BAILEY BANKS SEISMIC LP,"BAILEY BANKS SEISMIC, L.P.",11767 KATY FWY STE 410,HOUSTON,TX,77079,213112,"Mining, Quarrying, and Oil and Gas Extraction",Type PL,2001-07-24T00:00:00.000,Enterprise Operator Vendor Cybersecurity Audits
BAKER HUGHES INTEQ,BAKER HUGHES OILFIELD OPERATIONS LLC,1999 RANKIN RD,HOUSTON,TX,77073,333132,"Manufacturing (Metals, Machinery, Electronics)",Corporation / Corporate Entity,1996-07-18T00:00:00.000,Enterprise Operator Vendor Cybersecurity Audits
BAKER HUGHES INTEQ,BAKER HUGHES OILFIELD OPERATIONS LLC,9902 SHELDON RD,HOUSTON,TX,77049,333132,"Manufacturing (Metals, Machinery, Electronics)",Corporation / Corporate Entity,2006-08-04T00:00:00.000,Enterprise Operator Vendor Cybersecurity Audits
BAKER HUGHES OILFIELD OPERATIONS LLC,BAKER HUGHES OILFIELD OPERATIONS LLC,17021 ALDINE WESTFIELD RD,HOUSTON,TX,77073,333132,"Manufacturing (Metals, Machinery, Electronics)",Corporation / Corporate Entity,2016-09-29T00:00:00.000,Enterprise Operator Vendor Cybersecurity Audits
BAKER HUGHES OILFIELD OPERATIONS LLC,BAKER HUGHES OILFIELD OPERATIONS LLC,575 N DAIRY ASHFORD RD STE 100,HOUSTON,TX,77079,333132,"Manufacturing (Metals, Machinery, Electronics)",Corporation / Corporate Entity,2025-04-08T00:00:00.000,Enterprise Operator Vendor Cybersecurity Audits
BAKER HUGHES OILFIELD OPERATIONS LLC (70 3606),BAKER HUGHES OILFIELD OPERATIONS LLC,6760 CONCORD PARK DR,HOUSTON,TX,77040,333132,"Manufacturing (Metals, Machinery, Electronics)",Corporation / Corporate Entity,2014-07-21T00:00:00.000,Enterprise Operator Vendor Cybersecurity Audits
BAKER HUGHES OILFILED OPERATIONS LLC (70 3598),BAKER HUGHES OILFIELD OPERATIONS LLC,10570 BISSONNET ST,HOUSTON,TX,77099,333132,"Manufacturing (Metals, Machinery, Electronics)",Corporation / Corporate Entity,2014-07-21T00:00:00.000,Enterprise Operator Vendor Cybersecurity Audits
BAKER OIL TOOLS,BAKER HUGHES OILFIELD OPERATIONS LLC,6023 NAVIGATION BLVD,HOUSTON,TX,77011,333132,"Manufacturing (Metals, Machinery, Electronics)",Corporation / Corporate Entity,1988-05-20T00:00:00.000,Enterprise Operator Vendor Cybersecurity Audits
BAKER OIL TOOLS,BAKER HUGHES OILFIELD OPERATIONS LLC,9100 EMMOTT RD,HOUSTON,TX,77040,333132,"Manufacturing (Metals, Machinery, Electronics)",Corporation / Corporate Entity,1988-05-20T00:00:00.000,Enterprise Operator Vendor Cybersecurity Audits
BAROID DRILLING FLUIDS,"HALLIBURTON ENERGY SERVICES, INC.",3000 SAM HOUSTON PARKWAY EAST,HOUSTON,TX,77032,213112,"Mining, Quarrying, and Oil and Gas Extraction",Foreign Corporation (Out-of-State),2000-08-25T00:00:00.000,Enterprise Operator Vendor Cybersecurity Audits
BASIC EQUIPMENT & SUPPLY,"TEBJES, INC.",2215 HARBOR ST,HOUSTON,TX,77020,333132,"Manufacturing (Metals, Machinery, Electronics)",Texas Corporation,2002-11-15T00:00:00.000,Enterprise Operator Vendor Cybersecurity Audits
"BAUGH CONSULTING ENGINEERS, INC.","BAUGH CONSULTING ENGINEERS, INC.",19210 COHEN GREEN LN,HOUSTON,TX,77094,333132,"Manufacturing (Metals, Machinery, Electronics)",Texas Corporation,2013-08-28T00:00:00.000,Enterprise Operator Vendor Cybersecurity Audits
BEACON OFFSHORE ENERGY,"BEACON GROWTHCO OPERATING COMPANY, L.L.C.",333 CLAY ST STE 4200,HOUSTON,TX,77002,211120,"Mining, Quarrying, and Oil and Gas Extraction",Limited Liability Company (LLC),2026-04-22T00:00:00.000,Enterprise Operator Vendor Cybersecurity Audits
"BEDROCK PETROLEUM CONSULTANTS, LLC","BEDROCK PETROLEUM CONSULTANTS, LLC",1 GREENWAY PLZ STE 200,HOUSTON,TX,77046,213112,"Mining, Quarrying, and Oil and Gas Extraction",Limited Liability Company (LLC),2012-02-28T00:00:00.000,Enterprise Operator Vendor Cybersecurity Audits
"BELLANERGY, LLC","BELLANERGY, LLC",7407 MILLER ROAD 2,HOUSTON,TX,77049,211120,"Mining, Quarrying, and Oil and Gas Extraction",Limited Liability Company (LLC),2026-07-21T00:00:00.000,Enterprise Operator Vendor Cybersecurity Audits
"BEST DRILLING SERVICES (BDS), INC.","BEST DRILLING SERVICES (BDS), INC.",925 W 20TH ST,HOUSTON,TX,77008,213112,"Mining, Quarrying, and Oil and Gas Extraction",Texas Corporation,2024-09-18T00:00:00.000,Enterprise Operator Vendor Cybersecurity Audits
BEYOND ENERGY SERVICES & TECHNOLOGY (USA) INC.,BEYOND ENERGY SERVICES & TECHNOLOGY (USA) INC.,14903 PARK ALMEDA DR,HOUSTON,TX,77047,213112,"Mining, Quarrying, and Oil and Gas Extraction",Foreign Corporation (Out-of-State),2019-05-16T00:00:00.000,Enterprise Operator Vendor Cybersecurity Audits
BHP BILLITON PETROLEUM (AMERICAS) INC.,WOODSIDE ENERGY (AMERICAS) INC.,1360 POST OAK BLVD STE 500,HOUSTON,TX,77056,211120,"Mining, Quarrying, and Oil and Gas Extraction",Foreign Corporation (Out-of-State),1999-03-16T00:00:00.000,Enterprise Operator Vendor Cybersecurity Audits
BHP BILLITON PETROLEUM (DEEPWATER) INC.,WOODSIDE ENERGY (DEEPWATER) INC.,1360 POST OAK BLVD STE 150,HOUSTON,TX,77056,213111,"Mining, Quarrying, and Oil and Gas Extraction",Foreign Corporation (Out-of-State),2009-11-20T00:00:00.000,Enterprise Operator Vendor Cybersecurity Audits
BHP BILLITON PETROLEUM (EAGLE FORD GATHERING) LLC,BPX (EAGLE FORD) GATHERING LLC,1000 LOUISIANA ST STE 5600,HOUSTON,TX,77002,211120,"Mining, Quarrying, and Oil and Gas Extraction",Corporation / Corporate Entity,2012-01-26T00:00:00.000,Enterprise Operator Vendor Cybersecurity Audits
"BICO DRILLING TOOLS, INC.","BICO DRILLING TOOLS, INC.",1604 GREENS RD,HOUSTON,TX,77032,333132,"Manufacturing (Metals, Machinery, Electronics)",Texas Corporation,2013-09-20T00:00:00.000,Enterprise Operator Vendor Cybersecurity Audits
"BISN OIL TOOLS, LLC","BISN OIL TOOLS, LLC",4539 BRITTMOORE RD,HOUSTON,TX,77041,333132,"Manufacturing (Metals, Machinery, Electronics)",Corporation / Corporate Entity,2015-08-31T00:00:00.000,Enterprise Operator Vendor Cybersecurity Audits
"BISN OIL TOOLS, LLC","BISN OIL TOOLS, LLC",4514 BRITTMOORE RD,HOUSTON,TX,77041,333132,"Manufacturing (Metals, Machinery, Electronics)",Corporation / Corporate Entity,2020-01-23T00:00:00.000,Enterprise Operator Vendor Cybersecurity Audits
"BK CORROSION, LLC","BK CORROSION, LLC",4411 NAVIGATION BLVD,HOUSTON,TX,77011,213112,"Mining, Quarrying, and Oil and Gas Extraction",Limited Liability Company (LLC),2024-02-21T00:00:00.000,Enterprise Operator Vendor Cybersecurity Audits
BLACK DIAMOND OILFIELD RENTALS LLC,BLACK DIAMOND OILFIELD RENTALS LLC,713 NORTHPARK CENTRAL DR STE 400,HOUSTON,TX,77073,213112,"Mining, Quarrying, and Oil and Gas Extraction",Corporation / Corporate Entity,2012-09-04T00:00:00.000,Enterprise Operator Vendor Cybersecurity Audits
"BLACKBUCK RESOURCES, LLC",BLACKBUCK RESOURCES LLC,2601 WESTHEIMER RD STE C210,HOUSTON,TX,77098,213112,"Mining, Quarrying, and Oil and Gas Extraction",Corporation / Corporate Entity,2018-08-11T00:00:00.000,Enterprise Operator Vendor Cybersecurity Audits
"BLUE SKY ELECTRONICS, L.L.C.","BLUE SKY ELECTRONICS, L.L.C.",401 STUDEWOOD ST STE 203,HOUSTON,TX,77007,213112,"Mining, Quarrying, and Oil and Gas Extraction",Limited Liability Company (LLC),2017-10-10T00:00:00.000,Enterprise Operator Vendor Cybersecurity Audits
"BOARDWALK PETROCHEMICAL PIPELINE, LLC","BOARDWALK PETROCHEMICAL PIPELINE, LLC",9 GREENWAY PLZ STE 2800,HOUSTON,TX,77046,211120,"Mining, Quarrying, and Oil and Gas Extraction",Corporation / Corporate Entity,2014-12-19T00:00:00.000,Enterprise Operator Vendor Cybersecurity Audits
"BOB HERBERT & ASSOCIATES, INC.","BOB HERBERT & ASSOCIATES, INC.",2213 ALDINE BENDER RD,HOUSTON,TX,77032,213112,"Mining, Quarrying, and Oil and Gas Extraction",Texas Corporation,1996-10-30T00:00:00.000,Enterprise Operator Vendor Cybersecurity Audits
BOE EXPLORATION & PRODUCTION LLC,BOE EXPLORATION & PRODUCTION LLC,333 CLAY ST STE 4200,HOUSTON,TX,77002,211120,"Mining, Quarrying, and Oil and Gas Extraction",Corporation / Corporate Entity,2023-08-24T00:00:00.000,Enterprise Operator Vendor Cybersecurity Audits
"BP CONTAINMENT RESPONSE SYSTEM HOLDINGS, LLC","BP CONTAINMENT RESPONSE SYSTEM HOLDINGS, LLC",13609 INDUSTRIAL RD # GATE5,HOUSTON,TX,77015,333132,"Manufacturing (Metals, Machinery, Electronics)",Corporation / Corporate Entity,2017-03-27T00:00:00.000,Enterprise Operator Vendor Cybersecurity Audits
BP ENERGY COMPANY,BP ENERGY COMPANY,501 WESTLAKE PARK BLVD,HOUSTON,TX,77079,211120,"Mining, Quarrying, and Oil and Gas Extraction",Foreign Corporation (Out-of-State),1991-06-15T00:00:00.000,Enterprise Operator Vendor Cybersecurity Audits
BP EXPLORATION & PRODUCTION INC.,BP EXPLORATION & PRODUCTION INC.,501 WESTLAKE PARK BLVD,HOUSTON,TX,77079,333132,"Manufacturing (Metals, Machinery, Electronics)",Foreign Corporation (Out-of-State),2019-11-04T00:00:00.000,Enterprise Operator Vendor Cybersecurity Audits
BROADSPECTRUM DOWNSTREAM SERVICES,"TIMEC SVCS COMPANY, INC.",1330 POST OAK BLVD STE 1250,HOUSTON,TX,77056,213112,"Mining, Quarrying, and Oil and Gas Extraction",Foreign Corporation (Out-of-State),2012-05-05T00:00:00.000,Enterprise Operator Vendor Cybersecurity Audits
BURLINGTON RESOURCES OIL & GAS COMPANY LP,BURLINGTON RESOURCES OIL & GAS COMPANY LP,600 N DAIRY ASHFORD RD,HOUSTON,TX,77079,211120,"Mining, Quarrying, and Oil and Gas Extraction",Type PF,2017-08-03T00:00:00.000,Enterprise Operator Vendor Cybersecurity Audits
BW LPG PRODUCT SERVICES USA LLC,BW LPG PRODUCT SERVICES USA LLC,2925 BRIARPARK DR STE 1295,HOUSTON,TX,77042,211120,"Mining, Quarrying, and Oil and Gas Extraction",Limited Liability Company (LLC),2024-11-07T00:00:00.000,Enterprise Operator Vendor Cybersecurity Audits
"C AUTOMATION SERVICE, LLC","C AUTOMATION SERVICE, LLC",10535 FISHER RD,HOUSTON,TX,77041,213112,"Mining, Quarrying, and Oil and Gas Extraction",Limited Liability Company (LLC),2026-02-23T00:00:00.000,Enterprise Operator Vendor Cybersecurity Audits
C M SERVICE CO INC,"C.M. SERVICE CO., INC.",7411 MESA DR,HOUSTON,TX,77028,213111,"Mining, Quarrying, and Oil and Gas Extraction",Texas Corporation,1998-03-25T00:00:00.000,Enterprise Operator Vendor Cybersecurity Audits
CABOT OIL & GAS CORPORATION,COTERRA ENERGY INC.,840 GESSNER RD STE 1400,HOUSTON,TX,77024,213111,"Mining, Quarrying, and Oil and Gas Extraction",Foreign Corporation (Out-of-State),2015-03-31T00:00:00.000,Enterprise Operator Vendor Cybersecurity Audits
"CACTUS WELLHEAD, LLC","CACTUS WELLHEAD, LLC",1 GREENWAY PLZ STE 200,HOUSTON,TX,77046,213112,"Mining, Quarrying, and Oil and Gas Extraction",Corporation / Corporate Entity,2017-01-18T00:00:00.000,Enterprise Operator Vendor Cybersecurity Audits
CAMERON,CAMERON INTERNATIONAL CORPORATION,4800 W GREENS RD,HOUSTON,TX,77066,333132,"Manufacturing (Metals, Machinery, Electronics)",Foreign Corporation (Out-of-State),2016-03-21T00:00:00.000,Enterprise Operator Vendor Cybersecurity Audits
CAMERON DIVISION,CAMERON INTERNATIONAL CORPORATION,8820 MELDRUM LN,HOUSTON,TX,77075,333132,"Manufacturing (Metals, Machinery, Electronics)",Foreign Corporation (Out-of-State),2000-10-30T00:00:00.000,Enterprise Operator Vendor Cybersecurity Audits
CAMERON INTERNATIONAL CORPORATION,CAMERON INTERNATIONAL CORPORATION,6401 W SAM HOUSTON PKWY N,HOUSTON,TX,77041,333132,"Manufacturing (Metals, Machinery, Electronics)",Foreign Corporation (Out-of-State),2021-06-02T00:00:00.000,Enterprise Operator Vendor Cybersecurity Audits
CAMERON INTERNATIONAL CORPORATION,CAMERON INTERNATIONAL CORPORATION,3600 BRIARPARK DR,HOUSTON,TX,77042,333132,"Manufacturing (Metals, Machinery, Electronics)",Foreign Corporation (Out-of-State),2022-01-20T00:00:00.000,Enterprise Operator Vendor Cybersecurity Audits
CAMERON SALES,CAMERON INTERNATIONAL CORPORATION,3600 BRIARPARK DR,HOUSTON,TX,77042,333132,"Manufacturing (Metals, Machinery, Electronics)",Foreign Corporation (Out-of-State),2021-06-02T00:00:00.000,Enterprise Operator Vendor Cybersecurity Audits
"CAMINO REAL GATHERING COMPANY, L.L.C.","CAMINO REAL GATHERING COMPANY, L.L.C.",1001 LOUISIANA ST,HOUSTON,TX,77002,211130,"Mining, Quarrying, and Oil and Gas Extraction",Corporation / Corporate Entity,2018-03-06T00:00:00.000,Enterprise Operator Vendor Cybersecurity Audits
"CANOPY PROFESSIONAL SERVICES, LLC","CANOPY PROFESSIONAL SERVICES, LLC",20465 STATE HIGHWAY 249 STE 200,HOUSTON,TX,77070,213112,"Mining, Quarrying, and Oil and Gas Extraction",Corporation / Corporate Entity,2026-08-12T00:00:00.000,Enterprise Operator Vendor Cybersecurity Audits
CAPWELL SERVICES INC.,CAPWELL SERVICES INC.,4200 SAN JACINTO ST,HOUSTON,TX,77004,333132,"Manufacturing (Metals, Machinery, Electronics)",Foreign Corporation (Out-of-State),2026-05-05T00:00:00.000,Enterprise Operator Vendor Cybersecurity Audits
"CASCADE SERVICES, LLC","CASCADE SERVICES, LLC",952 ECHO LN STE 375,HOUSTON,TX,77024,213112,"Mining, Quarrying, and Oil and Gas Extraction",Limited Liability Company (LLC),2023-03-20T00:00:00.000,Enterprise Operator Vendor Cybersecurity Audits
CATHEDRAL ENERGY SERVICES INC.,"ACT ENERGY USA, INC.",6622 WILLOW BROOK PARK,HOUSTON,TX,77066,213111,"Mining, Quarrying, and Oil and Gas Extraction",Foreign Corporation (Out-of-State),2011-03-03T00:00:00.000,Enterprise Operator Vendor Cybersecurity Audits
CATHEDRAL ENERGY SERVICES LTD.,CATHEDRAL ENERGY SERVICES LTD.,6622 WILLOW BROOK PARK,HOUSTON,TX,77066,213111,"Mining, Quarrying, and Oil and Gas Extraction",Foreign Corporation (Out-of-State),2011-03-15T00:00:00.000,Enterprise Operator Vendor Cybersecurity Audits
"CATHEXIS OIL & GAS, LLC","CSL EXPLORATION, LP",1000 LOUISIANA ST STE 7000,HOUSTON,TX,77002,211120,"Mining, Quarrying, and Oil and Gas Extraction",Type PL,2012-06-19T00:00:00.000,Enterprise Operator Vendor Cybersecurity Audits
CETCO OILFIELD SERVICES COMPANY,CETCO ENERGY SERVICES COMPANY LLC,16350 PARK TEN PLACE,HOUSTON,TX,77084,213112,"Mining, Quarrying, and Oil and Gas Extraction",Corporation / Corporate Entity,2004-04-01T00:00:00.000,Enterprise Operator Vendor Cybersecurity Audits
CHAMMAS CUTTERS INC,CHAMMAS CUTTERS INC,11320 FM 529 RD STE I,HOUSTON,TX,77041,333132,"Manufacturing (Metals, Machinery, Electronics)",Texas Corporation,2009-07-28T00:00:00.000,Enterprise Operator Vendor Cybersecurity Audits
CHAMMAS PLASMA CUTTERS LLC,CHAMMAS PLASMA CUTTERS LLC,11320 FM 529 RD STE I,HOUSTON,TX,77041,333132,"Manufacturing (Metals, Machinery, Electronics)",Limited Liability Company (LLC),2023-02-07T00:00:00.000,Enterprise Operator Vendor Cybersecurity Audits
CHAMPION DOWNHOLE TOOL LLC,CHAMPION DOWNHOLE TOOL LLC,16623 ALDINE WESTFIELD RD,HOUSTON,TX,77032,211120,"Mining, Quarrying, and Oil and Gas Extraction",Limited Liability Company (LLC),2022-11-17T00:00:00.000,Enterprise Operator Vendor Cybersecurity Audits
CHEVRON ORONITE COMPANY LLC,CHEVRON ORONITE COMPANY LLC,1301 MCKINNEY ST,HOUSTON,TX,77010,211120,"Mining, Quarrying, and Oil and Gas Extraction",Corporation / Corporate Entity,2000-08-31T00:00:00.000,Enterprise Operator Vendor Cybersecurity Audits
CIMAREX ENERGY CO,COTERRA ENERGY OPERATING CO.,333 CLAY ST STE 4100,HOUSTON,TX,77002,211120,"Mining, Quarrying, and Oil and Gas Extraction",Foreign Corporation (Out-of-State),2009-07-23T00:00:00.000,Enterprise Operator Vendor Cybersecurity Audits
CITATION OIL & GAS CORP.,CITATION OIL & GAS CORP.,14077 CUTTEN RD,HOUSTON,TX,77069,211120,"Mining, Quarrying, and Oil and Gas Extraction",Foreign Corporation (Out-of-State),2009-05-15T00:00:00.000,Enterprise Operator Vendor Cybersecurity Audits
CLEANTECH EQUIPMENT AND SERVICES LTD.,CLEANTECH EQUIPMENT AND SERVICES LTD.,5599 SAN FELIPE ST STE 1050,HOUSTON,TX,77056,333132,"Manufacturing (Metals, Machinery, Electronics)",Foreign Corporation (Out-of-State),2022-09-27T00:00:00.000,Enterprise Operator Vendor Cybersecurity Audits
"CLEAR SCL, LLC","CLEAR SCL, LLC",11000 STANCLIFF RD STE 180,HOUSTON,TX,77099,333132,"Manufacturing (Metals, Machinery, Electronics)",Limited Liability Company (LLC),2023-09-08T00:00:00.000,Enterprise Operator Vendor Cybersecurity Audits
CLEARWELL OILFIELD SOLUTIONS (USA) INC.,CLEARWELL ENERGY (USA) INC.,16840 BARKER SPRINGS RD STE 305,HOUSTON,TX,77084,213112,"Mining, Quarrying, and Oil and Gas Extraction",Texas Corporation,2018-04-24T00:00:00.000,Enterprise Operator Vendor Cybersecurity Audits
"COASTAL PIPE USA, LLC","COASTAL PIPE USA, LLC",5201 LANGFIELD RD STE A,HOUSTON,TX,77040,213112,"Mining, Quarrying, and Oil and Gas Extraction",Limited Liability Company (LLC),2013-08-06T00:00:00.000,Enterprise Operator Vendor Cybersecurity Audits
"COLT MIDSTREAM, LLC","COLT MIDSTREAM, LLC",2950 NORTH LOOP W STE 1150,HOUSTON,TX,77092,211130,"Mining, Quarrying, and Oil and Gas Extraction",Limited Liability Company (LLC),2022-03-11T00:00:00.000,Enterprise Operator Vendor Cybersecurity Audits
"COMMANDO PRESSURE CONTROL, INC.","COMMANDO PRESSURE CONTROL, INC.",11614 CANYON TRAIL DR,HOUSTON,TX,77066,213112,"Mining, Quarrying, and Oil and Gas Extraction",Texas Corporation,2026-08-28T00:00:00.000,Enterprise Operator Vendor Cybersecurity Audits
CONNECT INDUSTRIAL USA INC,CONNECT INDUSTRIAL USA INC,14035 LOFTY MOUNTAIN TRL,HOUSTON,TX,77062,213112,"Mining, Quarrying, and Oil and Gas Extraction",Texas Corporation,2020-08-11T00:00:00.000,Enterprise Operator Vendor Cybersecurity Audits
CONOCOPHILLIPS TEXAS GULF COAST CCS LLC,CONOCOPHILLIPS TEXAS GULF COAST CCS LLC,925 N ELDRIDGE PKWY,HOUSTON,TX,77079,211120,"Mining, Quarrying, and Oil and Gas Extraction",Corporation / Corporate Entity,2024-04-19T00:00:00.000,Enterprise Operator Vendor Cybersecurity Audits
CONTINENTAL LABORATORIES INC,"CONTINENTAL LABORATORIES, INC.",6600 FAIRBANKS N HOUSTON RD,HOUSTON,TX,77040,213112,"Mining, Quarrying, and Oil and Gas Extraction",Texas Corporation,2001-08-27T00:00:00.000,Enterprise Operator Vendor Cybersecurity Audits
"CONTROL FLOW, INC.","CONTROL FLOW, INC.",9201 FAIRBANKS N HOUSTON RD,HOUSTON,TX,77064,333132,"Manufacturing (Metals, Machinery, Electronics)",Texas Corporation,1983-08-01T00:00:00.000,Enterprise Operator Vendor Cybersecurity Audits
COOPER MACHINERY SERVICES LLC,COOPER MACHINERY SERVICES LLC,4425 WESTWAY PARK BLVD,HOUSTON,TX,77041,333132,"Manufacturing (Metals, Machinery, Electronics)",Corporation / Corporate Entity,2019-08-02T00:00:00.000,Enterprise Operator Vendor Cybersecurity Audits
COOPER MACHINERY SERVICES LLC,COOPER MACHINERY SERVICES LLC,16250 PORT NW,HOUSTON,TX,77041,333132,"Manufacturing (Metals, Machinery, Electronics)",Corporation / Corporate Entity,2020-12-22T00:00:00.000,Enterprise Operator Vendor Cybersecurity Audits
COPLANAR PETROLEUM SERVICES,"COPLANAR PETROLEUM SERVICES, LLC",9400 W SAM HOUSTON PKWY S STE 310,HOUSTON,TX,77099,213112,"Mining, Quarrying, and Oil and Gas Extraction",Limited Liability Company (LLC),2023-05-17T00:00:00.000,Enterprise Operator Vendor Cybersecurity Audits
"CORPRO, INC.","CORPRO, INC.",14103 INTERDRIVE W,HOUSTON,TX,77032,213112,"Mining, Quarrying, and Oil and Gas Extraction",Foreign Corporation (Out-of-State),2014-09-19T00:00:00.000,Enterprise Operator Vendor Cybersecurity Audits
COUGAR DRILLING SOLUTIONS USA INC.,COUGAR DRILLING SOLUTIONS USA INC.,11997 FM 529 RD,HOUSTON,TX,77041,333132,"Manufacturing (Metals, Machinery, Electronics)",Foreign Corporation (Out-of-State),2023-03-13T00:00:00.000,Enterprise Operator Vendor Cybersecurity Audits
CPI HOLDINGS LLC,CPI HOLDINGS LLC,3934 CYPRESS CREEK PKWY STE 205,HOUSTON,TX,77068,213112,"Mining, Quarrying, and Oil and Gas Extraction",Limited Liability Company (LLC),2019-06-06T00:00:00.000,Enterprise Operator Vendor Cybersecurity Audits
"CRESCENT DIRECTIONAL DRILLING, L.P.","CRESCENT DIRECTIONAL DRILLING, L.P.",2040 ALDINE WESTERN RD,HOUSTON,TX,77038,213111,"Mining, Quarrying, and Oil and Gas Extraction",Type PL,2020-04-29T00:00:00.000,Enterprise Operator Vendor Cybersecurity Audits
CRS PROPPANTS LLC,CRS PROPPANTS LLC,777 POST OAK BLVD STE 250,HOUSTON,TX,77056,213112,"Mining, Quarrying, and Oil and Gas Extraction",Corporation / Corporate Entity,2010-11-02T00:00:00.000,Enterprise Operator Vendor Cybersecurity Audits
CTP ENVIRONMENT AMERICA INC.,CTP ENVIRONMENT AMERICA INC.,5750 N SAM HOUSTON PKWY E STE 815,HOUSTON,TX,77032,213112,"Mining, Quarrying, and Oil and Gas Extraction",Foreign Corporation (Out-of-State),2019-01-09T00:00:00.000,Enterprise Operator Vendor Cybersecurity Audits
"CW PRECISION FABRICATION AND WELDING, INC.","CW PRECISION FABRICATION AND WELDING, INC.",13118 SUNDALE RD,HOUSTON,TX,77038,333132,"Manufacturing (Metals, Machinery, Electronics)",Texas Corporation,1998-07-21T00:00:00.000,Enterprise Operator Vendor Cybersecurity Audits
DARKVISION TECHNOLOGIES US INC.,DARKVISION TECHNOLOGIES US INC.,18409 INTERCONTINENTAL CROSSING DR,HOUSTON,TX,77073,213112,"Mining, Quarrying, and Oil and Gas Extraction",Foreign Corporation (Out-of-State),2026-07-28T00:00:00.000,Enterprise Operator Vendor Cybersecurity Audits
"DAT ENERGY SERVICES, LLC","DAT ENERGY SERVICES, LLC",3131 W LITTLE YORK RD,HOUSTON,TX,77091,213112,"Mining, Quarrying, and Oil and Gas Extraction",Limited Liability Company (LLC),2019-03-02T00:00:00.000,Enterprise Operator Vendor Cybersecurity Audits
"DAVIS SOUTHERN OPERATING COMPANY, LLC","DAVIS SOUTHERN OPERATING COMPANY, LLC",1221 MCKINNEY ST STE 3100,HOUSTON,TX,77010,211120,"Mining, Quarrying, and Oil and Gas Extraction",Limited Liability Company (LLC),2015-09-23T00:00:00.000,Enterprise Operator Vendor Cybersecurity Audits
DEEPSEA MANUFACTURING LLC,DEEPSEA MANUFACTURING LLC,7826 HARMS RD,HOUSTON,TX,77041,333132,"Manufacturing (Metals, Machinery, Electronics)",Limited Liability Company (LLC),2014-04-16T00:00:00.000,Enterprise Operator Vendor Cybersecurity Audits
DEEPSEA MANUFACTURING LLC,DEEPSEA MANUFACTURING LLC,7807 FAIRVIEW ST,HOUSTON,TX,77041,333132,"Manufacturing (Metals, Machinery, Electronics)",Limited Liability Company (LLC),2016-06-29T00:00:00.000,Enterprise Operator Vendor Cybersecurity Audits
"DELTA SCREEN & FILTRATION, LLC","DELTA SCREEN & FILTRATION, LLC",6649 N ELDRIDGE PKWY,HOUSTON,TX,77041,333132,"Manufacturing (Metals, Machinery, Electronics)",Limited Liability Company (LLC),2023-08-15T00:00:00.000,Enterprise Operator Vendor Cybersecurity Audits
"DELTA SEABOARD, LLC","DELTA SEABOARD, LLC",1212 W SAM HOUSTON PKWY N,HOUSTON,TX,77043,213112,"Mining, Quarrying, and Oil and Gas Extraction",Limited Liability Company (LLC),2012-07-09T00:00:00.000,Enterprise Operator Vendor Cybersecurity Audits
DELTA SUBSEA,DEEPOCEAN US LLC,1616 SOUTHCREEK LN,HOUSTON,TX,77073,333132,"Manufacturing (Metals, Machinery, Electronics)",Corporation / Corporate Entity,2025-10-20T00:00:00.000,Enterprise Operator Vendor Cybersecurity Audits
"DEMARCO MACHINE, LTD.","DEMARCO MACHINE, LTD.",6750 MCHARD RD,HOUSTON,TX,77053,333132,"Manufacturing (Metals, Machinery, Electronics)",Type PL,2021-06-17T00:00:00.000,Enterprise Operator Vendor Cybersecurity Audits
DETAIL DESIGN INC.,DETAIL DESIGN INC.,12125 ANN LN,HOUSTON,TX,77064,333132,"Manufacturing (Metals, Machinery, Electronics)",Texas Corporation,2000-10-17T00:00:00.000,Enterprise Operator Vendor Cybersecurity Audits
DEVRIES INSTRUMENTS INC,"DEVRIES INSTRUMENTS, LLC",7403 DOMINO LN,HOUSTON,TX,77076,333132,"Manufacturing (Metals, Machinery, Electronics)",Limited Liability Company (LLC),1994-09-14T00:00:00.000,Enterprise Operator Vendor Cybersecurity Audits
DMS MACHINE LLC,DMS MACHINE LLC,14016 E HARDY RD,HOUSTON,TX,77039,333132,"Manufacturing (Metals, Machinery, Electronics)",Limited Liability Company (LLC),2020-07-16T00:00:00.000,Enterprise Operator Vendor Cybersecurity Audits
DORF KETAL ENERGY SERVICES LLC,DORF KETAL ENERGY SERVICES LLC,11490 WESTHEIMER RD STE 300,HOUSTON,TX,77077,213112,"Mining, Quarrying, and Oil and Gas Extraction",Corporation / Corporate Entity,2025-01-08T00:00:00.000,Enterprise Operator Vendor Cybersecurity Audits
DOVER ENERGY,"DOVER PUMPS & PROCESS SOLUTIONS SEGMENT, INC.",11951 SPECTRUM BLVD,HOUSTON,TX,77047,333132,"Manufacturing (Metals, Machinery, Electronics)",Foreign Corporation (Out-of-State),2015-03-17T00:00:00.000,Enterprise Operator Vendor Cybersecurity Audits
DOW HYDROCARBONS AND RESOURCES LLC,DOW HYDROCARBONS AND RESOURCES LLC,400 SAM HOUSTON TOLL WAY,HOUSTON,TX,77210,333132,"Manufacturing (Metals, Machinery, Electronics)",Corporation / Corporate Entity,1992-01-24T00:00:00.000,Enterprise Operator Vendor Cybersecurity Audits
DRESSER MEASUREMENTS,"DRESSER, LLC",16240 PORT NW,HOUSTON,TX,77041,213112,"Mining, Quarrying, and Oil and Gas Extraction",Corporation / Corporate Entity,2021-01-21T00:00:00.000,Enterprise Operator Vendor Cybersecurity Audits
DRESSER ROOTS SC,"DRESSER, LLC",11611B TANNER RD,HOUSTON,TX,77041,213112,"Mining, Quarrying, and Oil and Gas Extraction",Corporation / Corporate Entity,2021-01-21T00:00:00.000,Enterprise Operator Vendor Cybersecurity Audits
"DRIL-QUIP, INC.","INNOVEX INTERNATIONAL, INC.",6401 N ELDRIDGE PKWY,HOUSTON,TX,77041,333132,"Manufacturing (Metals, Machinery, Electronics)",Foreign Corporation (Out-of-State),2025-03-21T00:00:00.000,Enterprise Operator Vendor Cybersecurity Audits
DRILEX CORPORATION,DRILEX CORPORATION,16311 ALDINE WESTFIELD RD,HOUSTON,TX,77032,333132,"Manufacturing (Metals, Machinery, Electronics)",Texas Corporation,1983-02-01T00:00:00.000,Enterprise Operator Vendor Cybersecurity Audits
DRILFORMANCE INDUSTRIES LLC,DRILFORMANCE INDUSTRIES LLC,15815 WAVERLY DR,HOUSTON,TX,77032,213112,"Mining, Quarrying, and Oil and Gas Extraction",Limited Liability Company (LLC),2017-09-27T00:00:00.000,Enterprise Operator Vendor Cybersecurity Audits
DRILFORMANCE LLC,DRILFORMANCE LLC,15815 WAVERLY DR,HOUSTON,TX,77032,213111,"Mining, Quarrying, and Oil and Gas Extraction",Corporation / Corporate Entity,2019-11-25T00:00:00.000,Enterprise Operator Vendor Cybersecurity Audits
DRILLING ENGINEERING SERVICES,EL-SHAFEY GROUP LLC,888 W SAM HOUSTON PKWY S STE 125,HOUSTON,TX,77042,333132,"Manufacturing (Metals, Machinery, Electronics)",Limited Liability Company (LLC),2024-09-05T00:00:00.000,Enterprise Operator Vendor Cybersecurity Audits
"DRILLING STRUCTURES INTERNATIONAL, INC.","DRILLING STRUCTURES INTERNATIONAL, INC.",18874 E HARDY RD,HOUSTON,TX,77073,333132,"Manufacturing (Metals, Machinery, Electronics)",Texas Corporation,2023-12-06T00:00:00.000,Enterprise Operator Vendor Cybersecurity Audits
"DRILLING STRUCTURES INTERNATIONAL, INC.","DRILLING STRUCTURES INTERNATIONAL, INC.",11704 TRICKEY RD,HOUSTON,TX,77067,333132,"Manufacturing (Metals, Machinery, Electronics)",Texas Corporation,2023-12-06T00:00:00.000,Enterprise Operator Vendor Cybersecurity Audits
"DRILLMEC, INC.","DRILLMEC, INC.",18320 IMPERIAL VALLEY DR,HOUSTON,TX,77060,333132,"Manufacturing (Metals, Machinery, Electronics)",Texas Corporation,2011-03-25T00:00:00.000,Enterprise Operator Vendor Cybersecurity Audits
DVZ HYDRAULICS LLC,DVZ HYDRAULICS LLC,9139 BRONCO DR,HOUSTON,TX,77055,333132,"Manufacturing (Metals, Machinery, Electronics)",Limited Liability Company (LLC),2018-08-29T00:00:00.000,Enterprise Operator Vendor Cybersecurity Audits
DYNOMAX DRILLING TOOLS USA INC.,DYNOMAX DRILLING TOOLS USA INC.,2830 FARRELL RD,HOUSTON,TX,77073,333132,"Manufacturing (Metals, Machinery, Electronics)",Texas Corporation,2018-02-22T00:00:00.000,Enterprise Operator Vendor Cybersecurity Audits
E RILEY SURVEYING L.L.C,E RILEY SURVEYING L.L.C.,2306 TANNEHILL DR,HOUSTON,TX,77008,213112,"Mining, Quarrying, and Oil and Gas Extraction",Limited Liability Company (LLC),2011-05-04T00:00:00.000,Enterprise Operator Vendor Cybersecurity Audits
"ELECTRO-MECHANICAL INDUSTRIES, INC.","ELECTRO-MECHANICAL INDUSTRIES, INC.",11230 NEESHAW DR,HOUSTON,TX,77065,333132,"Manufacturing (Metals, Machinery, Electronics)",Texas Corporation,2010-11-22T00:00:00.000,Enterprise Operator Vendor Cybersecurity Audits
EMESCO INTERNATIONAL LLC,EMESCO INTERNATIONAL LLC,2700 POST OAK BLVD STE 1400,HOUSTON,TX,77056,213112,"Mining, Quarrying, and Oil and Gas Extraction",Limited Liability Company (LLC),2012-09-25T00:00:00.000,Enterprise Operator Vendor Cybersecurity Audits
"EN-FAB, INC.","EN-FAB, INC.",3905 JENSEN DR,HOUSTON,TX,77026,333132,"Manufacturing (Metals, Machinery, Electronics)",Foreign Corporation (Out-of-State),2008-02-19T00:00:00.000,Enterprise Operator Vendor Cybersecurity Audits
"ENBRIDGE ENERGY, LIMITED PARTNERSHIP","ENBRIDGE ENERGY, LIMITED PARTNERSHIP",1100 LOUISIANA ST STE 3300,HOUSTON,TX,77002,211120,"Mining, Quarrying, and Oil and Gas Extraction",Type PF,2002-07-19T00:00:00.000,Enterprise Operator Vendor Cybersecurity Audits
"ENCORE WELLHEAD SYSTEMS, LLC","ENCORE WELLHEAD SYSTEMS, LLC",3403 MARQUART ST,HOUSTON,TX,77027,333132,"Manufacturing (Metals, Machinery, Electronics)",Limited Liability Company (LLC),2016-03-25T00:00:00.000,Enterprise Operator Vendor Cybersecurity Audits
ENERFLEX ENERGY SYSTEMS INC.,ENERFLEX ENERGY SYSTEMS INC.,10815 TELGE RD,HOUSTON,TX,77095,333132,"Manufacturing (Metals, Machinery, Electronics)",Foreign Corporation (Out-of-State),2007-06-12T00:00:00.000,Enterprise Operator Vendor Cybersecurity Audits
ENERFLEX SERVICES INC.,ENERFLEX SERVICES INC.,711 LOUISIANA ST,HOUSTON,TX,77002,211130,"Mining, Quarrying, and Oil and Gas Extraction",Foreign Corporation (Out-of-State),2014-09-19T00:00:00.000,Enterprise Operator Vendor Cybersecurity Audits
"ENERGY FISHING & RENTAL SERVICES, INC.","ENERGY FISHING & RENTAL SERVICES, INC.",6925 BURKETT ST,HOUSTON,TX,77021,213112,"Mining, Quarrying, and Oil and Gas Extraction",Texas Corporation,2018-05-15T00:00:00.000,Enterprise Operator Vendor Cybersecurity Audits
ENERGY SERVICES AND SOLUTIONS LLC,ENERGY SERVICES AND SOLUTIONS LLC,7607 WYCOMB LN,HOUSTON,TX,77070,213112,"Mining, Quarrying, and Oil and Gas Extraction",Limited Liability Company (LLC),2021-11-22T00:00:00.000,Enterprise Operator Vendor Cybersecurity Audits
"ENERGYLINK SOLUTIONS, LLC","ENERGYLINK SOLUTIONS, LLC",11111 KATY FWY STE 910,HOUSTON,TX,77079,213112,"Mining, Quarrying, and Oil and Gas Extraction",Limited Liability Company (LLC),2025-05-13T00:00:00.000,Enterprise Operator Vendor Cybersecurity Audits
"ENERVEST OPERATING, L.L.C.","ENERVEST OPERATING, L.L.C.",1001 FANNIN ST,HOUSTON,TX,77002,211120,"Mining, Quarrying, and Oil and Gas Extraction",Corporation / Corporate Entity,2017-01-05T00:00:00.000,Enterprise Operator Vendor Cybersecurity Audits
ENGINEERED CUSTOM SOLUTIONS LLC,ENGINEERED CUSTOM SOLUTIONS LLC,13720 FM 529 RD STE 200,HOUSTON,TX,77041,333132,"Manufacturing (Metals, Machinery, Electronics)",Limited Liability Company (LLC),2022-08-12T00:00:00.000,Enterprise Operator Vendor Cybersecurity Audits
"ENHANCED DRILLING, INC.","ENHANCED DRILLING, INC.",11511 KATY FWY STE 430,HOUSTON,TX,77079,213112,"Mining, Quarrying, and Oil and Gas Extraction",Texas Corporation,2021-01-29T00:00:00.000,Enterprise Operator Vendor Cybersecurity Audits
ENQUEST ENERGY SOLUTIONS LLC,ENQUEST ENERGY SOLUTIONS LLC,4554 KENNEDY COMMERCE DR,HOUSTON,TX,77032,333132,"Manufacturing (Metals, Machinery, Electronics)",Corporation / Corporate Entity,2018-08-04T00:00:00.000,Enterprise Operator Vendor Cybersecurity Audits
ENSIGN US SOUTHERN DRILLING LLC,ENSIGN US SOUTHERN DRILLING LLC,15015 VICKERY DR,HOUSTON,TX,77032,213111,"Mining, Quarrying, and Oil and Gas Extraction",Corporation / Corporate Entity,2022-05-17T00:00:00.000,Enterprise Operator Vendor Cybersecurity Audits
"ENSTOR OPERATING COMPANY, LLC","ENSTOR OPERATING COMPANY, LLC",20329 STATE HIGHWAY 249,HOUSTON,TX,77070,213112,"Mining, Quarrying, and Oil and Gas Extraction",Corporation / Corporate Entity,2012-09-14T00:00:00.000,Enterprise Operator Vendor Cybersecurity Audits
"ENTERPRISE GAS PROCESSING, LLC","ENTERPRISE GAS PROCESSING, LLC",1100 LOUISIANA ST,HOUSTON,TX,77002,211130,"Mining, Quarrying, and Oil and Gas Extraction",Corporation / Corporate Entity,2017-06-13T00:00:00.000,Enterprise Operator Vendor Cybersecurity Audits
ENTERPRISE TERMINALLING LLC,ENTERPRISE TERMINALLING LLC,2727 NORTH LOOP W,HOUSTON,TX,77008,213112,"Mining, Quarrying, and Oil and Gas Extraction",Limited Liability Company (LLC),2009-04-01T00:00:00.000,Enterprise Operator Vendor Cybersecurity Audits
ENVENTURE GLOBAL TECHNOLOGY INC.,ENVENTURE GLOBAL TECHNOLOGY INC.,16200A PARK ROW,HOUSTON,TX,77084,213112,"Mining, Quarrying, and Oil and Gas Extraction",Foreign Corporation (Out-of-State),2005-07-21T00:00:00.000,Enterprise Operator Vendor Cybersecurity Audits
"EW PUMPS, LLC","EW PUMPS, LLC",8901 GAYLORD DR STE 200,HOUSTON,TX,77024,333132,"Manufacturing (Metals, Machinery, Electronics)",Limited Liability Company (LLC),2020-11-05T00:00:00.000,Enterprise Operator Vendor Cybersecurity Audits
"EXPRO AMERICAS, LLC","EXPRO AMERICAS, LLC",5440 BRITTMOORE RD,HOUSTON,TX,77041,213112,"Mining, Quarrying, and Oil and Gas Extraction",Corporation / Corporate Entity,2025-06-13T00:00:00.000,Enterprise Operator Vendor Cybersecurity Audits
"EXSOL GROUP, LLC","EXSOL GROUP, LLC",11111 KATY FWY STE 910,HOUSTON,TX,77079,213112,"Mining, Quarrying, and Oil and Gas Extraction",Limited Liability Company (LLC),2019-07-01T00:00:00.000,Enterprise Operator Vendor Cybersecurity Audits
"EXTREME PRECISION COATINGS, LLC","EXTREME PRECISION COATINGS, LLC",16504 ALDINE WESTFIELD RD BLDG C,HOUSTON,TX,77032,213112,"Mining, Quarrying, and Oil and Gas Extraction",Limited Liability Company (LLC),2021-12-15T00:00:00.000,Enterprise Operator Vendor Cybersecurity Audits
EXXONMOBIL LUBRICANTS TRADING COMPANY,EXXONMOBIL LUBRICANTS SALES LLC,4500 DACOMA ST FL BH34,HOUSTON,TX,77092,211120,"Mining, Quarrying, and Oil and Gas Extraction",Corporation / Corporate Entity,2012-07-30T00:00:00.000,Enterprise Operator Vendor Cybersecurity Audits
EXXONMOBIL SALES AND SUPPLY LLC,EXXONMOBIL SALES AND SUPPLY LLC,4500 DACOMA ST # BH3315B,HOUSTON,TX,77092,211120,"Mining, Quarrying, and Oil and Gas Extraction",Corporation / Corporate Entity,2017-02-23T00:00:00.000,Enterprise Operator Vendor Cybersecurity Audits
EXXONMOBIL TECHNICAL COMPUTING COMPANY,EXXONMOBIL TECHNICAL COMPUTING COMPANY,800 BELL ST,HOUSTON,TX,77002,211120,"Mining, Quarrying, and Oil and Gas Extraction",Foreign Corporation (Out-of-State),2008-03-06T00:00:00.000,Enterprise Operator Vendor Cybersecurity Audits
"FIELD TRUCKING AND SERVICES, LLC","FIELD TRUCKING AND SERVICES, LLC",2425 WEST LOOP S STE 810,HOUSTON,TX,77027,211120,"Mining, Quarrying, and Oil and Gas Extraction",Limited Liability Company (LLC),2013-04-08T00:00:00.000,Enterprise Operator Vendor Cybersecurity Audits
FLEXGEN POWER SYSTEMS,"FLEXGEN POWER SYSTEMS, LLC",10607 HADDINGTON DR STE 100,HOUSTON,TX,77043,213112,"Mining, Quarrying, and Oil and Gas Extraction",Corporation / Corporate Entity,2016-12-02T00:00:00.000,Enterprise Operator Vendor Cybersecurity Audits
FLEXIBLE LIFELINE SYSTEMS INC.,FLEXIBLE LIFELINE SYSTEMS INC.,2437 PEYTON RD,HOUSTON,TX,77032,213112,"Mining, Quarrying, and Oil and Gas Extraction",Foreign Corporation (Out-of-State),2019-03-04T00:00:00.000,Enterprise Operator Vendor Cybersecurity Audits
"FLNG STORAGE, LLC","FLNG STORAGE, LLC",333 CLAY ST STE 5050,HOUSTON,TX,77002,213112,"Mining, Quarrying, and Oil and Gas Extraction",Corporation / Corporate Entity,2008-01-17T00:00:00.000,Enterprise Operator Vendor Cybersecurity Audits
FLOW SPECIALTIES SERVICES,FLOW SPECIALTIES SERVICES LLC,5301 POLK ST BLDG 20,HOUSTON,TX,77023,213112,"Mining, Quarrying, and Oil and Gas Extraction",Limited Liability Company (LLC),2025-07-28T00:00:00.000,Enterprise Operator Vendor Cybersecurity Audits
"FLUENTA, INC.","FLUENTA, INC.",1155 DAIRY ASHFORD ST STE 211,HOUSTON,TX,77079,213112,"Mining, Quarrying, and Oil and Gas Extraction",Foreign Corporation (Out-of-State),2010-12-13T00:00:00.000,Enterprise Operator Vendor Cybersecurity Audits
"FMC TECHNOLOGIES SURFACE INTEGRATED SERVICES, INC.","FMC TECHNOLOGIES SURFACE INTEGRATED SERVICES, INC.",13460 LOCKWOOD RD,HOUSTON,TX,77044,333132,"Manufacturing (Metals, Machinery, Electronics)",Foreign Corporation (Out-of-State),2022-10-21T00:00:00.000,Enterprise Operator Vendor Cybersecurity Audits
"FORO ENERGY, INC.","FORO ENERGY, INC.",5506 CLARA RD,HOUSTON,TX,77041,213112,"Mining, Quarrying, and Oil and Gas Extraction",Foreign Corporation (Out-of-State),2017-10-19T00:00:00.000,Enterprise Operator Vendor Cybersecurity Audits
"FORUM US, INC.","FORUM US, INC.",6535 GUHN RD,HOUSTON,TX,77040,213112,"Mining, Quarrying, and Oil and Gas Extraction",Foreign Corporation (Out-of-State),2012-09-20T00:00:00.000,Enterprise Operator Vendor Cybersecurity Audits
"FORUM US, INC.","FORUM US, INC.",1368 E RICHEY RD,HOUSTON,TX,77073,333132,"Manufacturing (Metals, Machinery, Electronics)",Foreign Corporation (Out-of-State),2025-08-13T00:00:00.000,Enterprise Operator Vendor Cybersecurity Audits
"FORUM US, INC. (FORUM OILFIELD TECHNOLOGIES US, IN","FORUM US, INC.",10344 SAM HOUSTON PARK DR STE 300,HOUSTON,TX,77064,213112,"Mining, Quarrying, and Oil and Gas Extraction",Foreign Corporation (Out-of-State),2013-09-11T00:00:00.000,Enterprise Operator Vendor Cybersecurity Audits
"FOURQUEST ENERGY SERVICES, INC.","FOURQUEST ENERGY SERVICES, INC.",8300 CYPRESS CREEK PKWY STE 422,HOUSTON,TX,77070,213112,"Mining, Quarrying, and Oil and Gas Extraction",Texas Corporation,2019-04-19T00:00:00.000,Enterprise Operator Vendor Cybersecurity Audits
"FRACLINE, LLC","FRACLINE, LLC",118 VINTAGE PARK BLVD STE W715,HOUSTON,TX,77070,213112,"Mining, Quarrying, and Oil and Gas Extraction",Limited Liability Company (LLC),2021-08-18T00:00:00.000,Enterprise Operator Vendor Cybersecurity Audits
"FRANK'S INTERNATIONAL, LLC","FRANK'S INTERNATIONAL, LLC",1311 BROADFIELD BLVD STE 400,HOUSTON,TX,77084,213112,"Mining, Quarrying, and Oil and Gas Extraction",Limited Liability Company (LLC),2022-09-21T00:00:00.000,Enterprise Operator Vendor Cybersecurity Audits
FRONTIER EXPLORATION EQUIPMENT INC,FRONTIER EXPLORATION EQUIPMENT INC,2401 FOUNTAIN VIEW DR STE PMB 2442,HOUSTON,TX,77057,333132,"Manufacturing (Metals, Machinery, Electronics)",Texas Corporation,2026-09-05T00:00:00.000,Enterprise Operator Vendor Cybersecurity Audits
"FRONTIER INTERNATIONAL, LLC","FRONTIER INTERNATIONAL, LLC",7904 N SAM HOUSTON PKWY W FL 4,HOUSTON,TX,77064,333132,"Manufacturing (Metals, Machinery, Electronics)",Corporation / Corporate Entity,2024-03-06T00:00:00.000,Enterprise Operator Vendor Cybersecurity Audits
FT MACHINE LLC,FT MACHINE LLC,820 TURNEY DR,HOUSTON,TX,77038,333132,"Manufacturing (Metals, Machinery, Electronics)",Limited Liability Company (LLC),2026-08-17T00:00:00.000,Enterprise Operator Vendor Cybersecurity Audits
FUEL AND MARINE MARKETING LLC,CHEVRON MARINE PRODUCTS LLC,1111 BAGBY ST STE 3738,HOUSTON,TX,77002,211130,"Mining, Quarrying, and Oil and Gas Extraction",Corporation / Corporate Entity,2007-10-16T00:00:00.000,Enterprise Operator Vendor Cybersecurity Audits
"FULL CIRCLE ENERGY, LLC","FULL CIRCLE ENERGY, LLC",13403 SUNDOWNER DR,HOUSTON,TX,77041,213112,"Mining, Quarrying, and Oil and Gas Extraction",Limited Liability Company (LLC),2014-11-05T00:00:00.000,Enterprise Operator Vendor Cybersecurity Audits
GE OIL & GAS,BAKER HUGHES ENERGY SERVICES LLC,17619 ALDINE WESTFIELD RD,HOUSTON,TX,77073,213112,"Mining, Quarrying, and Oil and Gas Extraction",Corporation / Corporate Entity,2007-05-31T00:00:00.000,Enterprise Operator Vendor Cybersecurity Audits
GENERAL PLASTICS & COMPOSITES L P,"GENERAL PLASTICS & COMPOSITES, L.P.",5727 LEDBETTER ST,HOUSTON,TX,77087,333132,"Manufacturing (Metals, Machinery, Electronics)",Type PL,1977-11-19T00:00:00.000,Enterprise Operator Vendor Cybersecurity Audits
GEOLOG AMERICAS INC.,"GEOLOG AMERICAS, INC.",10402 VALLEY FORGE DR,HOUSTON,TX,77042,213112,"Mining, Quarrying, and Oil and Gas Extraction",Texas Corporation,2026-02-18T00:00:00.000,Enterprise Operator Vendor Cybersecurity Audits
GIAN CORPORATION,GIAN CORPORATION,6403 BRITTMOORE RD,HOUSTON,TX,77041,333132,"Manufacturing (Metals, Machinery, Electronics)",Texas Corporation,2020-09-10T00:00:00.000,Enterprise Operator Vendor Cybersecurity Audits
"GIBSON ENERGY INFRASTRUCTURE, LLC","GIBSON ENERGY INFRASTRUCTURE, LLC",1201 LOUISIANA ST STE 3300,HOUSTON,TX,77002,211120,"Mining, Quarrying, and Oil and Gas Extraction",Corporation / Corporate Entity,2021-01-06T00:00:00.000,Enterprise Operator Vendor Cybersecurity Audits
"GLOBAL DOWNHOLE TOOLS, INC.","GLOBAL DOWNHOLE TOOLS, INC.",18001 ALDINE WESTFIELD RD,HOUSTON,TX,77073,333132,"Manufacturing (Metals, Machinery, Electronics)",Texas Corporation,2016-02-06T00:00:00.000,Enterprise Operator Vendor Cybersecurity Audits
"GLOBAL WASTEWATER SOLUTIONS, INC.","GLOBAL WASTEWATER SOLUTIONS, INC.",6766 BOURGEOIS RD,HOUSTON,TX,77066,333132,"Manufacturing (Metals, Machinery, Electronics)",Texas Corporation,2013-02-15T00:00:00.000,Enterprise Operator Vendor Cybersecurity Audits
"GLOBALOGIX, INC.","GLOBALOGIX, INC.",7840 N SAM HOUSTON PKWY W STE 300,HOUSTON,TX,77064,213112,"Mining, Quarrying, and Oil and Gas Extraction",Texas Corporation,2019-12-05T00:00:00.000,Enterprise Operator Vendor Cybersecurity Audits
"GRC TECHNOLOGIES, LLC","GRC TECHNOLOGIES, LLC",17300 PARK ROW,HOUSTON,TX,77084,333132,"Manufacturing (Metals, Machinery, Electronics)",Corporation / Corporate Entity,2025-04-16T00:00:00.000,Enterprise Operator Vendor Cybersecurity Audits
"GRIFFIN I'NET, INC.","GRIFFIN I'NET, INC.",34 WINDSOR CT,HOUSTON,TX,77055,333132,"Manufacturing (Metals, Machinery, Electronics)",Texas Corporation,2012-05-22T00:00:00.000,Enterprise Operator Vendor Cybersecurity Audits
GRYPHON OFS LLC.,"GRYPHON HOLDCO, LLC",1210 ANTOINE DR,HOUSTON,TX,77055,213112,"Mining, Quarrying, and Oil and Gas Extraction",Limited Liability Company (LLC),2016-08-05T00:00:00.000,Enterprise Operator Vendor Cybersecurity Audits
GSF MCCARTY,"GSF ENERGY, L.L.C.",9416 LEY RD # R,HOUSTON,TX,77078,211120,"Mining, Quarrying, and Oil and Gas Extraction",Corporation / Corporate Entity,2007-11-12T00:00:00.000,Enterprise Operator Vendor Cybersecurity Audits
GTC VORRO ENVIRONMENTAL SERVICES,"GTC VORRO ENVIRONMENTAL SERVICES, LLC",1001 S DAIRY ASHFORD RD STE 425,HOUSTON,TX,77077,213112,"Mining, Quarrying, and Oil and Gas Extraction",Limited Liability Company (LLC),2014-10-30T00:00:00.000,Enterprise Operator Vendor Cybersecurity Audits
GTC VORRO TECHNOLOGY,"GTC VORRO TECHNOLOGY, LLC",1001 S DAIRY ASHFORD RD STE 500,HOUSTON,TX,77077,213112,"Mining, Quarrying, and Oil and Gas Extraction",Limited Liability Company (LLC),2015-03-16T00:00:00.000,Enterprise Operator Vendor Cybersecurity Audits
"GULF COAST OIL & GAS INDUSTRIES, L.L.C.","GULF COAST OIL & GAS INDUSTRIES, L.L.C.",1204 HAYS ST,HOUSTON,TX,77009,333132,"Manufacturing (Metals, Machinery, Electronics)",Limited Liability Company (LLC),1975-09-12T00:00:00.000,Enterprise Operator Vendor Cybersecurity Audits
"HALCON FIELD SERVICES, LLC","HALCSN FIELD SERVICES, LLC",820 GESSNER RD STE 1100,HOUSTON,TX,77024,213112,"Mining, Quarrying, and Oil and Gas Extraction",Corporation / Corporate Entity,2026-07-10T00:00:00.000,Enterprise Operator Vendor Cybersecurity Audits
"HALCON RESOURCES OPERATING, INC.","BATTALION OIL MANAGEMENT, INC.",1000 LOUISIANA ST STE 6700,HOUSTON,TX,77002,211120,"Mining, Quarrying, and Oil and Gas Extraction",Foreign Corporation (Out-of-State),2014-12-08T00:00:00.000,Enterprise Operator Vendor Cybersecurity Audits
"HALC�N OPERATING CO., INC.","HALCON OPERATING CO., INC.",1000 LOUISIANA ST STE 6700,HOUSTON,TX,77002,211120,"Mining, Quarrying, and Oil and Gas Extraction",Texas Corporation,2013-12-20T00:00:00.000,Enterprise Operator Vendor Cybersecurity Audits
HALLIBURTON ENERGY SERVICES,"HALLIBURTON ENERGY SERVICES, INC.",5950 N COURSE DR,HOUSTON,TX,77072,213112,"Mining, Quarrying, and Oil and Gas Extraction",Foreign Corporation (Out-of-State),1989-05-06T00:00:00.000,Enterprise Operator Vendor Cybersecurity Audits
"HARTWELL DRILLING PRODUCTS, INC.","HARTWELL DRILLING PRODUCTS, INC.",8930 BISSONNET ST,HOUSTON,TX,77074,333132,"Manufacturing (Metals, Machinery, Electronics)",Texas Corporation,2011-04-15T00:00:00.000,Enterprise Operator Vendor Cybersecurity Audits
"HARVEST MARKETING & TRADING, LLC","HARVEST MARKETING & TRADING, LLC",1111 TRAVIS ST,HOUSTON,TX,77002,213112,"Mining, Quarrying, and Oil and Gas Extraction",Limited Liability Company (LLC),2022-08-03T00:00:00.000,Enterprise Operator Vendor Cybersecurity Audits
"HAWKEYE DIRECTIONAL, LLC","HAWKEYE DIRECTIONAL, LLC",16920 PARK ROW,HOUSTON,TX,77084,213112,"Mining, Quarrying, and Oil and Gas Extraction",Limited Liability Company (LLC),2017-12-23T00:00:00.000,Enterprise Operator Vendor Cybersecurity Audits
HCS CONTROL SYSTEMS LLC,HCS CONTROL SYSTEMS LLC,1424 W SAM HOUSTON PKWY N STE 140,HOUSTON,TX,77043,213112,"Mining, Quarrying, and Oil and Gas Extraction",Corporation / Corporate Entity,2017-02-27T00:00:00.000,Enterprise Operator Vendor Cybersecurity Audits
"HIGH ISLAND OFFSHORE SYSTEM, L.L.C.","HIGH ISLAND OFFSHORE SYSTEM, L.L.C.",919 MILAM ST STE 2100,HOUSTON,TX,77002,211120,"Mining, Quarrying, and Oil and Gas Extraction",Corporation / Corporate Entity,2015-11-09T00:00:00.000,Enterprise Operator Vendor Cybersecurity Audits
HILCORP ENERGY COMPANY,HILCORP ENERGY COMPANY,1111 TRAVIS ST,HOUSTON,TX,77002,211120,"Mining, Quarrying, and Oil and Gas Extraction",Texas Corporation,2026-04-02T00:00:00.000,Enterprise Operator Vendor Cybersecurity Audits
"HILCORP PERMIAN, LLC","HILCORP PERMIAN, LLC",1111 TRAVIS ST,HOUSTON,TX,77002,211120,"Mining, Quarrying, and Oil and Gas Extraction",Limited Liability Company (LLC),2025-11-13T00:00:00.000,Enterprise Operator Vendor Cybersecurity Audits
"HONGHUA AMERICA, LLC","HONGHUA AMERICA, LLC",8300 MCHARD RD,HOUSTON,TX,77053,333132,"Manufacturing (Metals, Machinery, Electronics)",Limited Liability Company (LLC),2017-11-06T00:00:00.000,Enterprise Operator Vendor Cybersecurity Audits
"HORIZON CABLE SERVICE, INC.","HORIZON CABLE SERVICE, INC.",1355 SHEFFIELD BLVD,HOUSTON,TX,77015,213112,"Mining, Quarrying, and Oil and Gas Extraction",Foreign Corporation (Out-of-State),2021-05-17T00:00:00.000,Enterprise Operator Vendor Cybersecurity Audits
HORIZON RESOURCES L P,HORIZON RESOURCES L.P.,2727 ALLEN PKWY STE 1700,HOUSTON,TX,77019,211120,"Mining, Quarrying, and Oil and Gas Extraction",Type PF,1999-11-10T00:00:00.000,Enterprise Operator Vendor Cybersecurity Audits
HOSE SOLUTIONS,"HOSE SOLUTIONS, INC.",7826 FAIRVIEW ST STE A,HOUSTON,TX,77041,213112,"Mining, Quarrying, and Oil and Gas Extraction",Texas Corporation,2005-03-02T00:00:00.000,Enterprise Operator Vendor Cybersecurity Audits
"HOUSTON CASING SPECIALTIES, LLC","HOUSTON CASING SPECIALTIES, LLC",195 SOUTHBELT INDUSTRIAL DR,HOUSTON,TX,77047,333132,"Manufacturing (Metals, Machinery, Electronics)",Limited Liability Company (LLC),2014-07-14T00:00:00.000,Enterprise Operator Vendor Cybersecurity Audits
HOUSTON FABRICATING CO INC,HOUSTON MANUFACTURING AND FABRICATING CO. INC.,4734 CREEKMONT DR,HOUSTON,TX,77091,333132,"Manufacturing (Metals, Machinery, Electronics)",Texas Corporation,1979-06-01T00:00:00.000,Enterprise Operator Vendor Cybersecurity Audits
HOUSTON GLOBAL VENTURES,IDOFED OIL & GAS SERVICES LLC,9675 SOUTHWEST FWY,HOUSTON,TX,77074,213112,"Mining, Quarrying, and Oil and Gas Extraction",Limited Liability Company (LLC),2025-08-06T00:00:00.000,Enterprise Operator Vendor Cybersecurity Audits
HOUSTON OIL PRODUCING ENTERPRISES INC,"HOUSTON OIL PRODUCING ENTERPRISES, INC.",1106 BERTHEA ST,HOUSTON,TX,77006,211120,"Mining, Quarrying, and Oil and Gas Extraction",Texas Corporation,1992-03-03T00:00:00.000,Enterprise Operator Vendor Cybersecurity Audits
HOUSTON PUMP SERV INC,"HOUSTON PUMP SERVICE, INC.",3702 POLK ST,HOUSTON,TX,77003,213112,"Mining, Quarrying, and Oil and Gas Extraction",Texas Corporation,2000-01-24T00:00:00.000,Enterprise Operator Vendor Cybersecurity Audits
HP PIPING SOLUTIONS LLC,"HP PIPING, LLC",4311 HOLMES RD,HOUSTON,TX,77051,333132,"Manufacturing (Metals, Machinery, Electronics)",Limited Liability Company (LLC),2018-08-24T00:00:00.000,Enterprise Operator Vendor Cybersecurity Audits
HRC,HRCHAVEZ LLC,3818 FAIRVALLEY DR,HOUSTON,TX,77068,213112,"Mining, Quarrying, and Oil and Gas Extraction",Limited Liability Company (LLC),2026-04-01T00:00:00.000,Enterprise Operator Vendor Cybersecurity Audits
HUNT ENGINE INC,"HUNT ENGINE, INCORPORATED",14805 SOUTH MAIN,HOUSTON,TX,77035,333132,"Manufacturing (Metals, Machinery, Electronics)",Foreign Corporation (Out-of-State),1986-07-10T00:00:00.000,Enterprise Operator Vendor Cybersecurity Audits
HUNTING ENERGY SERVICES PRODUCTION TECHNOLOGY,"HUNTING ENERGY SERVICES PRODUCTION TECHNOLOGY, INC",16825 NORTHCHASE DR STE 600,HOUSTON,TX,77060,333132,"Manufacturing (Metals, Machinery, Electronics)",Foreign Corporation (Out-of-State),2025-10-11T00:00:00.000,Enterprise Operator Vendor Cybersecurity Audits
"HUNTING ENERGY SERVICES, LLC","HUNTING ENERGY SERVICES, LLC",16825 NORTHCHASE DR STE 600,HOUSTON,TX,77060,333132,"Manufacturing (Metals, Machinery, Electronics)",Corporation / Corporate Entity,2024-02-16T00:00:00.000,Enterprise Operator Vendor Cybersecurity Audits
"HUNTING TITAN, INC.","HUNTING TITAN, INC.",10700 HAMMERLY BLVD STE 120,HOUSTON,TX,77043,333132,"Manufacturing (Metals, Machinery, Electronics)",Texas Corporation,2014-02-10T00:00:00.000,Enterprise Operator Vendor Cybersecurity Audits
HYDRIL USA DISTRIBUTION LLC,HYDRIL USA DISTRIBUTION LLC,3300 N SAM HOUSTON PKWY E,HOUSTON,TX,77032,333132,"Manufacturing (Metals, Machinery, Electronics)",Corporation / Corporate Entity,2015-10-14T00:00:00.000,Enterprise Operator Vendor Cybersecurity Audits
"HYPERFUELS, LLC","HYPERFUELS, LLC",2415 S DAIRY ASHFORD RD,HOUSTON,TX,77077,211130,"Mining, Quarrying, and Oil and Gas Extraction",Limited Liability Company (LLC),2021-10-11T00:00:00.000,Enterprise Operator Vendor Cybersecurity Audits
IDOFED OIL & GAS SERVICES LLC,IDOFED OIL & GAS SERVICES LLC,12802 CROW VALLEY LN,HOUSTON,TX,77099,213112,"Mining, Quarrying, and Oil and Gas Extraction",Limited Liability Company (LLC),2025-08-06T00:00:00.000,Enterprise Operator Vendor Cybersecurity Audits
IMCS OFFSHORE INC.,IMCS OFFSHORE INC.,1911 PARK ST,HOUSTON,TX,77019,333132,"Manufacturing (Metals, Machinery, Electronics)",Texas Corporation,2020-04-06T00:00:00.000,Enterprise Operator Vendor Cybersecurity Audits
IMPULSE DOWNHOLE TOOLS USA LTD.,IMPULSE DOWNHOLE TOOLS USA LTD.,800 NORTHPARK CENTRAL DR STE 100,HOUSTON,TX,77073,213111,"Mining, Quarrying, and Oil and Gas Extraction",Foreign Corporation (Out-of-State),2017-12-22T00:00:00.000,Enterprise Operator Vendor Cybersecurity Audits
INCAL PIPELINE REHABILITATION INC,"INCAL PIPELINE REHABILITATION, INC",4610 BANNING DR,HOUSTON,TX,77027,333132,"Manufacturing (Metals, Machinery, Electronics)",Texas Corporation,2002-01-25T00:00:00.000,Enterprise Operator Vendor Cybersecurity Audits
"INDAM INTERNATIONAL, INC.","INDAM INTERNATIONAL, INC.",13202 WEIMAN RD,HOUSTON,TX,77041,211120,"Mining, Quarrying, and Oil and Gas Extraction",Texas Corporation,2019-03-11T00:00:00.000,Enterprise Operator Vendor Cybersecurity Audits
INFINITY ENERGY SERVICES,INFINITY ENERGY SERVICES LLC,15815 WAVERLY DR,HOUSTON,TX,77032,213111,"Mining, Quarrying, and Oil and Gas Extraction",Limited Liability Company (LLC),2022-06-10T00:00:00.000,Enterprise Operator Vendor Cybersecurity Audits
INFINITY MARINE OFFSHORE - A DIVISION OF US JOINER,US JOINER,12775 NIMITZ ST,HOUSTON,TX,77015,213112,"Mining, Quarrying, and Oil and Gas Extraction",Corporation / Corporate Entity,2013-09-30T00:00:00.000,Enterprise Operator Vendor Cybersecurity Audits
INLINE LLC,INLINE LLC,11402 CHAUCER OAKS CT,HOUSTON,TX,77082,333132,"Manufacturing (Metals, Machinery, Electronics)",Limited Liability Company (LLC),2016-09-07T00:00:00.000,Enterprise Operator Vendor Cybersecurity Audits
"INTEGRITY COMPRESSION SERVICES, LLC","INTEGRITY COMPRESSION SERVICES, LLC",7410 MILLER ROAD 2,HOUSTON,TX,77049,333132,"Manufacturing (Metals, Machinery, Electronics)",Limited Liability Company (LLC),2019-12-16T00:00:00.000,Enterprise Operator Vendor Cybersecurity Audits
"INTERNATIONAL GAS AND OIL TRADING, INC.","INTERNATIONAL GAS AND OIL TRADING, INC.",1 RIVERWAY STE 1100,HOUSTON,TX,77056,213112,"Mining, Quarrying, and Oil and Gas Extraction",Texas Corporation,2024-09-27T00:00:00.000,Enterprise Operator Vendor Cybersecurity Audits
"IPT GLOBAL, LLC","IPT GLOBAL, LLC",16200 PARK ROW STE 350,HOUSTON,TX,77084,213112,"Mining, Quarrying, and Oil and Gas Extraction",Limited Liability Company (LLC),2015-02-26T00:00:00.000,Enterprise Operator Vendor Cybersecurity Audits
"ISLAND OPERATING COMPANY, INC.","ISLAND OPERATING COMPANY, INC.",770 S POST OAK LN STE 400,HOUSTON,TX,77056,213112,"Mining, Quarrying, and Oil and Gas Extraction",Foreign Corporation (Out-of-State),2012-12-19T00:00:00.000,Enterprise Operator Vendor Cybersecurity Audits
J SIMMONS GROUP INC,"J. SIMMONS GROUP, INC.",6523 HOMESTEAD RD,HOUSTON,TX,77028,213112,"Mining, Quarrying, and Oil and Gas Extraction",Texas Corporation,2013-06-13T00:00:00.000,Enterprise Operator Vendor Cybersecurity Audits
JAMES FISHER SUBSEA EXCAVATION INCORPORATED,JAMES FISHER SUBSEA EXCAVATION INCORPORATED,6421 CUNNINGHAM RD,HOUSTON,TX,77041,211120,"Mining, Quarrying, and Oil and Gas Extraction",Texas Corporation,2024-08-01T00:00:00.000,Enterprise Operator Vendor Cybersecurity Audits
JAMES LAKE MIDSTREAM LLC,JAMES LAKE MIDSTREAM LLC,2107 CITYWEST BLVD STE 600,HOUSTON,TX,77042,211130,"Mining, Quarrying, and Oil and Gas Extraction",Corporation / Corporate Entity,2023-07-13T00:00:00.000,Enterprise Operator Vendor Cybersecurity Audits
JEREH ENERGY EQUIPMENT AND TECHNOLOGIES CORPORATIO,JEREH ENERGY EQUIPMENT AND TECHNOLOGIES CORPORATIO,7501 MILLER ROAD 2,HOUSTON,TX,77049,333132,"Manufacturing (Metals, Machinery, Electronics)",Texas Corporation,2021-04-22T00:00:00.000,Enterprise Operator Vendor Cybersecurity Audits
"JET MACHINE WORKS, INC.","JET MACHINE WORKS, INC.",1107 ALDINE MAIL RD,HOUSTON,TX,77039,333132,"Manufacturing (Metals, Machinery, Electronics)",Texas Corporation,1979-03-15T00:00:00.000,Enterprise Operator Vendor Cybersecurity Audits
"JPH HOLDINGS, LLC","JPH HOLDINGS, LLC",16619 ALDINE WESTFIELD RD,HOUSTON,TX,77032,213112,"Mining, Quarrying, and Oil and Gas Extraction",Corporation / Corporate Entity,2020-10-08T00:00:00.000,Enterprise Operator Vendor Cybersecurity Audits
K O SUPPLY L L C,"K O PIPE & SUPPLY, LLC.",502 PECORE ST,HOUSTON,TX,77009,213112,"Mining, Quarrying, and Oil and Gas Extraction",Limited Liability Company (LLC),2005-02-28T00:00:00.000,Enterprise Operator Vendor Cybersecurity Audits
K O SUPPLY L L C,"K O PIPE & SUPPLY, LLC.",11011 SHELDON RD,HOUSTON,TX,77044,213112,"Mining, Quarrying, and Oil and Gas Extraction",Limited Liability Company (LLC),2005-03-28T00:00:00.000,Enterprise Operator Vendor Cybersecurity Audits
KARMA KOLACHE #2,PHANN CHHANN,11131 N ELDRIDGE PKWY STE 400,HOUSTON,TX,77065,211120,"Mining, Quarrying, and Oil and Gas Extraction",Type IS,2017-10-05T00:00:00.000,Enterprise Operator Vendor Cybersecurity Audits
KAVAC SERVICES,"KAVAC SERVICES, LLC",12335 KINGSRIDE LN STE 339,HOUSTON,TX,77024,211130,"Mining, Quarrying, and Oil and Gas Extraction",Limited Liability Company (LLC),2023-03-08T00:00:00.000,Enterprise Operator Vendor Cybersecurity Audits
"KEANE INTERNATIONAL HOLDINGS, LLC","KEANE INTERNATIONAL HOLDINGS, LLC",3990 ROGERDALE RD,HOUSTON,TX,77042,213112,"Mining, Quarrying, and Oil and Gas Extraction",Corporation / Corporate Entity,2020-08-26T00:00:00.000,Enterprise Operator Vendor Cybersecurity Audits
KEPPEL LETOURNEAU USA,"SEATRIUM OFFSHORE TECHNOLOGY USA, INC.",5656 N SAM HOUSTON PKWY E STE 100,HOUSTON,TX,77032,333132,"Manufacturing (Metals, Machinery, Electronics)",Foreign Corporation (Out-of-State),2017-06-21T00:00:00.000,Enterprise Operator Vendor Cybersecurity Audits
KINDER MORGAN PRODUCTION COMPANY LLC,KINDER MORGAN PRODUCTION COMPANY LLC,500 DALLAS ST STE 1000,HOUSTON,TX,77002,211120,"Mining, Quarrying, and Oil and Gas Extraction",Corporation / Corporate Entity,2007-07-11T00:00:00.000,Enterprise Operator Vendor Cybersecurity Audits
KINDER MORGAN TREATING LP,KINDER MORGAN TREATING LP,1001 LOUISIANA ST STE 1000,HOUSTON,TX,77002,211130,"Mining, Quarrying, and Oil and Gas Extraction",Type PF,2013-06-04T00:00:00.000,Enterprise Operator Vendor Cybersecurity Audits
"KINDER MORGAN, INC.","KINDER MORGAN, INC.",1001 LOUISIANA ST STE 1000,HOUSTON,TX,77002,211120,"Mining, Quarrying, and Oil and Gas Extraction",Foreign Corporation (Out-of-State),2017-05-11T00:00:00.000,Enterprise Operator Vendor Cybersecurity Audits
"KINGSA INDUSTRIES (USA), INC.","KINGSA INDUSTRIES (USA), INC.",407 RANKIN CIR N,HOUSTON,TX,77073,333132,"Manufacturing (Metals, Machinery, Electronics)",Texas Corporation,2016-09-26T00:00:00.000,Enterprise Operator Vendor Cybersecurity Audits
KLX ENERGY SERVICES LLC,KLX ENERGY SERVICES LLC,3040 POST OAK BLVD FL 15,HOUSTON,TX,77056,213112,"Mining, Quarrying, and Oil and Gas Extraction",Corporation / Corporate Entity,2023-01-21T00:00:00.000,Enterprise Operator Vendor Cybersecurity Audits
KONGSBERG DIGITAL INC.,FALKOR INTELLIGENCE INC.,10777 WESTHEIMER RD STE 1200,HOUSTON,TX,77042,211120,"Mining, Quarrying, and Oil and Gas Extraction",Texas Corporation,2019-05-07T00:00:00.000,Enterprise Operator Vendor Cybersecurity Audits
KRAMER SUPPLY,KRAMER SUPPLY LLC,602 REINICKE ST,HOUSTON,TX,77007,333132,"Manufacturing (Metals, Machinery, Electronics)",Limited Liability Company (LLC),2018-02-06T00:00:00.000,Enterprise Operator Vendor Cybersecurity Audits
KRATOS MEASURMENTS,KRATOS MEASUREMENTS LLC,13911 ALBANY SPRINGS LN,HOUSTON,TX,77044,333132,"Manufacturing (Metals, Machinery, Electronics)",Limited Liability Company (LLC),2020-02-08T00:00:00.000,Enterprise Operator Vendor Cybersecurity Audits
L/K OIL FIELD PRODUCTS INCORPORATED,L/K OIL FIELD PRODUCTS INCORPORATED,10963 CUTTEN RD,HOUSTON,TX,77066,211120,"Mining, Quarrying, and Oil and Gas Extraction",Texas Corporation,2016-10-13T00:00:00.000,Enterprise Operator Vendor Cybersecurity Audits
LINDSAYCA INC.,LINDSAYCA INC.,10620 STEBBINS CIR,HOUSTON,TX,77043,213112,"Mining, Quarrying, and Oil and Gas Extraction",Texas Corporation,2026-08-18T00:00:00.000,Enterprise Operator Vendor Cybersecurity Audits
"LINK MWD SERVICES, LLC","LINK MWD SERVICES, LLC",11606 SHAR MIST LN,HOUSTON,TX,77066,211120,"Mining, Quarrying, and Oil and Gas Extraction",Limited Liability Company (LLC),2026-01-14T00:00:00.000,Enterprise Operator Vendor Cybersecurity Audits
"LOADMASTER UNIVERSAL RIGS, INC.","LOADMASTER UNIVERSAL RIGS, INC.",6935 BRITTMOORE RD,HOUSTON,TX,77041,213112,"Mining, Quarrying, and Oil and Gas Extraction",Texas Corporation,2008-06-13T00:00:00.000,Enterprise Operator Vendor Cybersecurity Audits
LODA MUD MOTOR BEARINGS INC.,LODA MUD MOTOR BEARINGS INC.,16518 ALDINE WESTFIELD RD STE A,HOUSTON,TX,77032,333132,"Manufacturing (Metals, Machinery, Electronics)",Texas Corporation,2020-01-28T00:00:00.000,Enterprise Operator Vendor Cybersecurity Audits
"LODA TECHNOLOGIES, LLC","LODA TECHNOLOGIES, LLC",16518 ALDINE WESTFIELD RD STE A,HOUSTON,TX,77032,333132,"Manufacturing (Metals, Machinery, Electronics)",Limited Liability Company (LLC),2019-01-24T00:00:00.000,Enterprise Operator Vendor Cybersecurity Audits
LOGIC SERVICES LLC,LOGIC SERVICES LLC,2425 WEST LOOP S STE 550,HOUSTON,TX,77027,211120,"Mining, Quarrying, and Oil and Gas Extraction",Corporation / Corporate Entity,2014-12-04T00:00:00.000,Enterprise Operator Vendor Cybersecurity Audits
LUFKIN GEARS LLC,LUFKIN GEARS LLC,11050 W LITTLE YORK RD BLDG P,HOUSTON,TX,77041,213112,"Mining, Quarrying, and Oil and Gas Extraction",Limited Liability Company (LLC),2009-03-13T00:00:00.000,Enterprise Operator Vendor Cybersecurity Audits
M-I L L C,M-I L.L.C.,5950 N COURSE DR,HOUSTON,TX,77072,213112,"Mining, Quarrying, and Oil and Gas Extraction",Corporation / Corporate Entity,2020-01-22T00:00:00.000,Enterprise Operator Vendor Cybersecurity Audits
M-I L.L.C.,M-I L.L.C.,7707 WALLISVILLE RD,HOUSTON,TX,77020,213112,"Mining, Quarrying, and Oil and Gas Extraction",Corporation / Corporate Entity,2020-01-22T00:00:00.000,Enterprise Operator Vendor Cybersecurity Audits
M-I L.L.C.,M-I L.L.C.,12000 AEROSPACE AVE STE 425,HOUSTON,TX,77034,213112,"Mining, Quarrying, and Oil and Gas Extraction",Corporation / Corporate Entity,2020-01-22T00:00:00.000,Enterprise Operator Vendor Cybersecurity Audits
M5 LOUISIANA GATHERING,"DTM LOUISIANA GATHERING, LLC",600 TRAVIS ST STE 5600,HOUSTON,TX,77002,211120,"Mining, Quarrying, and Oil and Gas Extraction",Corporation / Corporate Entity,2017-05-06T00:00:00.000,Enterprise Operator Vendor Cybersecurity Audits
MAGNOLIA OIL & GAS OPERATING LLC,MAGNOLIA OIL & GAS OPERATING LLC,1001 FANNIN ST STE 400,HOUSTON,TX,77002,213112,"Mining, Quarrying, and Oil and Gas Extraction",Corporation / Corporate Entity,2018-08-20T00:00:00.000,Enterprise Operator Vendor Cybersecurity Audits
"MAKO OILFIELD SERVICES, LLC","MAKO OILFIELD SERVICES, LLC",12249 FM 529 RD STE A,HOUSTON,TX,77041,213112,"Mining, Quarrying, and Oil and Gas Extraction",Limited Liability Company (LLC),2017-04-25T00:00:00.000,Enterprise Operator Vendor Cybersecurity Audits
"MAP OIL TOOLS, INC","MAP OIL TOOLS, INC.",7942 BREEN DR,HOUSTON,TX,77064,333132,"Manufacturing (Metals, Machinery, Electronics)",Texas Corporation,2020-06-11T00:00:00.000,Enterprise Operator Vendor Cybersecurity Audits
MARBERRY MACHINE INC.,MARBERRY MACHINE INC.,6210 CUNNINGHAM RD,HOUSTON,TX,77041,333132,"Manufacturing (Metals, Machinery, Electronics)",Texas Corporation,1988-09-10T00:00:00.000,Enterprise Operator Vendor Cybersecurity Audits
MATHRIG DRILLING AUTOMATION COMPANY,MATHRIG DRILLING AUTOMATION COMPANY,225 S HEIGHTS BLVD APT 2217,HOUSTON,TX,77007,213111,"Mining, Quarrying, and Oil and Gas Extraction",Texas Corporation,2017-11-02T00:00:00.000,Enterprise Operator Vendor Cybersecurity Audits
"MATTCO MANUFACTURING, INC.","MATTCO MANUFACTURING, INC.",12000 EASTEX FWY,HOUSTON,TX,77039,333132,"Manufacturing (Metals, Machinery, Electronics)",Foreign Corporation (Out-of-State),1987-03-11T00:00:00.000,Enterprise Operator Vendor Cybersecurity Audits
MAVERICK OILFIELD SPECIALTIES INC,"MAVERICK OILFIELD SPECIALTIES, INC.",16135 ALDINE WESTFIELD RD,HOUSTON,TX,77032,333132,"Manufacturing (Metals, Machinery, Electronics)",Texas Corporation,1998-09-23T00:00:00.000,Enterprise Operator Vendor Cybersecurity Audits
"MERIDIAN EQUIPMENT, INC.","MERIDIAN EQUIPMENT, INC.",12800 FUQUA ST,HOUSTON,TX,77034,333132,"Manufacturing (Metals, Machinery, Electronics)",Texas Corporation,2003-12-09T00:00:00.000,Enterprise Operator Vendor Cybersecurity Audits
"MESA ENERGY EQUIPMENT, LLC","MESA ENERGY EQUIPMENT, LLC",1415 S VOSS RD,HOUSTON,TX,77057,333132,"Manufacturing (Metals, Machinery, Electronics)",Limited Liability Company (LLC),2020-10-29T00:00:00.000,Enterprise Operator Vendor Cybersecurity Audits
MESQUITE OIL TOOL CO.,MESQUITE OIL TOOL CO.,15546 SEEDLING DR,HOUSTON,TX,77032,211120,"Mining, Quarrying, and Oil and Gas Extraction",Foreign Corporation (Out-of-State),2025-08-27T00:00:00.000,Enterprise Operator Vendor Cybersecurity Audits
MHWIRTH INC.,MHWIRTH LLC,2201 N SAM HOUSTON PKWY W,HOUSTON,TX,77038,333132,"Manufacturing (Metals, Machinery, Electronics)",Corporation / Corporate Entity,2020-04-28T00:00:00.000,Enterprise Operator Vendor Cybersecurity Audits
MIDCOAST PIPELINES (EAST TEXAS) L.P.,MIDCOAST PIPELINES (EAST TEXAS) L.P.,600 TRAVIS ST STE 5500,HOUSTON,TX,77002,211130,"Mining, Quarrying, and Oil and Gas Extraction",Type PL,2023-07-14T00:00:00.000,Enterprise Operator Vendor Cybersecurity Audits
MIDCOAST PIPELINES (TEXAS LIQUIDS) L.P.,MIDCOAST PIPELINES (TEXAS LIQUIDS) L.P.,600 TRAVIS ST STE 5500,HOUSTON,TX,77002,211130,"Mining, Quarrying, and Oil and Gas Extraction",Type PL,2023-07-14T00:00:00.000,Enterprise Operator Vendor Cybersecurity Audits
"MIDLAND OIL TOOLS & SERVICES, INC","MIDLAND OIL TOOLS & SERVICES, INC",10200 HEMPSTEAD RD STE 2I,HOUSTON,TX,77092,213111,"Mining, Quarrying, and Oil and Gas Extraction",Texas Corporation,2019-05-02T00:00:00.000,Enterprise Operator Vendor Cybersecurity Audits
MIKEN TOOLS,"MIKEN TOOLS, LLC",2038 MCAULTY RD,HOUSTON,TX,77032,213112,"Mining, Quarrying, and Oil and Gas Extraction",Limited Liability Company (LLC),2023-02-02T00:00:00.000,Enterprise Operator Vendor Cybersecurity Audits
"MMJ PUMPS, LLC","MMJ PUMPS, LLC",5623 TUSKEGEE ST,HOUSTON,TX,77091,333132,"Manufacturing (Metals, Machinery, Electronics)",Limited Liability Company (LLC),2007-05-23T00:00:00.000,Enterprise Operator Vendor Cybersecurity Audits
MOMENTUM DRILLING FLUIDS LLC,MOMENTUM DRILLING FLUIDS LLC,1126 TIMBERGROVE LN,HOUSTON,TX,77008,213111,"Mining, Quarrying, and Oil and Gas Extraction",Limited Liability Company (LLC),2025-12-31T00:00:00.000,Enterprise Operator Vendor Cybersecurity Audits
MONARCA TECHNICAL LLC,MONARCA TECHNICAL LLC,1335 BOYLES ST,HOUSTON,TX,77020,333132,"Manufacturing (Metals, Machinery, Electronics)",Limited Liability Company (LLC),2023-10-25T00:00:00.000,Enterprise Operator Vendor Cybersecurity Audits
"MSP DRILEX, INC.","MSP DRILEX, INC.",14215 WESTFAIR WEST DR,HOUSTON,TX,77041,333132,"Manufacturing (Metals, Machinery, Electronics)",Foreign Corporation (Out-of-State),2018-03-16T00:00:00.000,Enterprise Operator Vendor Cybersecurity Audits
"MUD KING PRODUCTS, INC.","MUD KING PRODUCTS, INC.",15211 WOODHAM DR,HOUSTON,TX,77073,333132,"Manufacturing (Metals, Machinery, Electronics)",Texas Corporation,2016-05-25T00:00:00.000,Enterprise Operator Vendor Cybersecurity Audits
"MULTI-CHEM GROUP, LLC","MULTI-CHEM GROUP, LLC",5500 N SAM HOUSTON PKWY W STE 800,HOUSTON,TX,77086,213112,"Mining, Quarrying, and Oil and Gas Extraction",Limited Liability Company (LLC),2026-07-11T00:00:00.000,Enterprise Operator Vendor Cybersecurity Audits
"MULTI-CHEM GROUP, LLC","MULTI-CHEM GROUP, LLC",525 CENTURY PLAZA DR,HOUSTON,TX,77073,213112,"Mining, Quarrying, and Oil and Gas Extraction",Limited Liability Company (LLC),2026-07-28T00:00:00.000,Enterprise Operator Vendor Cybersecurity Audits
"MULTI-CHEM GROUP, LLC","MULTI-CHEM GROUP, LLC",12000 LAWNDALE ST,HOUSTON,TX,77017,213112,"Mining, Quarrying, and Oil and Gas Extraction",Limited Liability Company (LLC),2026-09-14T00:00:00.000,Enterprise Operator Vendor Cybersecurity Audits
MULTILIFT WELLTEX,"FORUM US, INC.",11050 W LITTLE YORK RD BLDG L,HOUSTON,TX,77041,213112,"Mining, Quarrying, and Oil and Gas Extraction",Foreign Corporation (Out-of-State),2018-10-01T00:00:00.000,Enterprise Operator Vendor Cybersecurity Audits
MURPHY EXPLORATION & PRODUCTION COMPANY - USA,MURPHY EXPLORATION & PRODUCTION COMPANY - USA,550 WESTLAKE PARK BLVD STE 1000,HOUSTON,TX,77079,211120,"Mining, Quarrying, and Oil and Gas Extraction",Foreign Corporation (Out-of-State),2007-08-16T00:00:00.000,Enterprise Operator Vendor Cybersecurity Audits
"MUSCLE WALL HOLDINGS, LLC","MUSCLE WALL HOLDINGS, LLC",515 POST OAK BLVD STE 200,HOUSTON,TX,77027,213112,"Mining, Quarrying, and Oil and Gas Extraction",Limited Liability Company (LLC),2018-05-11T00:00:00.000,Enterprise Operator Vendor Cybersecurity Audits
"N&U EQUIPMENT SUPPLY, LLC","N&U EQUIPMENT SUPPLY, LLC",1503 BERING DR,HOUSTON,TX,77057,333132,"Manufacturing (Metals, Machinery, Electronics)",Limited Liability Company (LLC),2021-09-20T00:00:00.000,Enterprise Operator Vendor Cybersecurity Audits
"NABORS DRILLING TECHNOLOGIES USA, INC.","NABORS DRILLING TECHNOLOGIES USA, INC.",515 W GREENS RD STE 1200,HOUSTON,TX,77067,213111,"Mining, Quarrying, and Oil and Gas Extraction",Foreign Corporation (Out-of-State),2017-08-01T00:00:00.000,Enterprise Operator Vendor Cybersecurity Audits
"NABORS DRILLING TECHNOLOGIES USA, INC.","NABORS DRILLING TECHNOLOGIES USA, INC.",19510 OIL CENTER BLVD,HOUSTON,TX,77073,213111,"Mining, Quarrying, and Oil and Gas Extraction",Foreign Corporation (Out-of-State),2017-10-18T00:00:00.000,Enterprise Operator Vendor Cybersecurity Audits
"NABORS DRILLING TECHNOLOGIES USA, INC.","NABORS DRILLING TECHNOLOGIES USA, INC.",11330 BRITTMOORE PARK DR,HOUSTON,TX,77041,213111,"Mining, Quarrying, and Oil and Gas Extraction",Foreign Corporation (Out-of-State),2018-06-29T00:00:00.000,Enterprise Operator Vendor Cybersecurity Audits
"NABORS INTERNATIONAL, INC.","NABORS INTERNATIONAL, INC.",515 W GREENS RD,HOUSTON,TX,77067,211120,"Mining, Quarrying, and Oil and Gas Extraction",Foreign Corporation (Out-of-State),2013-11-08T00:00:00.000,Enterprise Operator Vendor Cybersecurity Audits
NATIONAL OILWELL VARCO (GPLP 0320),"NATIONAL OILWELL VARCO, L.P.",10100 HOUSTON OAKS DR,HOUSTON,TX,77064,333132,"Manufacturing (Metals, Machinery, Electronics)",Type PF,2022-03-25T00:00:00.000,Enterprise Operator Vendor Cybersecurity Audits
NATIONAL OILWELL VARCO DHT 521,"NATIONAL OILWELL VARCO, L.P.",16211 AIR CENTER BLVD,HOUSTON,TX,77032,333132,"Manufacturing (Metals, Machinery, Electronics)",Type PF,2022-02-18T00:00:00.000,Enterprise Operator Vendor Cybersecurity Audits
"NATIONAL OILWELL VARCO, L.P.","NATIONAL OILWELL VARCO, L.P.",10353 RICHMOND AVE,HOUSTON,TX,77042,333132,"Manufacturing (Metals, Machinery, Electronics)",Type PF,2022-05-18T00:00:00.000,Enterprise Operator Vendor Cybersecurity Audits
NATIONAL SERVICE ALLIANCE - HOUSTON LLC,NATIONAL SERVICE ALLIANCE - HOUSTON LLC,6410 LANGFIELD RD BLDG A,HOUSTON,TX,77092,333132,"Manufacturing (Metals, Machinery, Electronics)",Corporation / Corporate Entity,2014-07-18T00:00:00.000,Enterprise Operator Vendor Cybersecurity Audits
NEECO INDUSTRIES INC.,NEECO INDUSTRIES INC.,13320 EMMETT RD,HOUSTON,TX,77041,333132,"Manufacturing (Metals, Machinery, Electronics)",Texas Corporation,2024-06-27T00:00:00.000,Enterprise Operator Vendor Cybersecurity Audits
"NESTE US, INC.","NESTE US, INC.",1800 WEST LOOP S STE 1700,HOUSTON,TX,77027,211120,"Mining, Quarrying, and Oil and Gas Extraction",Foreign Corporation (Out-of-State),2006-05-16T00:00:00.000,Enterprise Operator Vendor Cybersecurity Audits
NEW GENERATION GAS GATHERING LLC,NEW GENERATION GAS GATHERING LLC,600 TRAVIS ST STE 5500,HOUSTON,TX,77002,211130,"Mining, Quarrying, and Oil and Gas Extraction",Corporation / Corporate Entity,2023-05-16T00:00:00.000,Enterprise Operator Vendor Cybersecurity Audits
NEWSCO INTERNATIONAL ENERGY SERVICES USA INC.,NEWSCO INTERNATIONAL ENERGY SERVICES USA INC.,12029 BRITTMOORE PARK DR,HOUSTON,TX,77041,213112,"Mining, Quarrying, and Oil and Gas Extraction",Foreign Corporation (Out-of-State),2019-01-05T00:00:00.000,Enterprise Operator Vendor Cybersecurity Audits
NEXTIER COMPLETION SOLUTIONS INC.,NEXTIER COMPLETION SOLUTIONS INC.,10651 HARWIN DR STE 705,HOUSTON,TX,77036,213112,"Mining, Quarrying, and Oil and Gas Extraction",Foreign Corporation (Out-of-State),2022-03-08T00:00:00.000,Enterprise Operator Vendor Cybersecurity Audits
NEXTIER COMPLETION SOLUTIONS INC.,NEXTIER COMPLETION SOLUTIONS INC.,3990 ROGERDALE RD,HOUSTON,TX,77042,213112,"Mining, Quarrying, and Oil and Gas Extraction",Foreign Corporation (Out-of-State),2022-09-21T00:00:00.000,Enterprise Operator Vendor Cybersecurity Audits
NORAM DRILLING COMPANY,NORAM DRILLING COMPANY,8400 N SAM HOUSTON PKWY W STE 120,HOUSTON,TX,77064,213112,"Mining, Quarrying, and Oil and Gas Extraction",Texas Corporation,2013-01-14T00:00:00.000,Enterprise Operator Vendor Cybersecurity Audits
"NORRIS TUBULAR SYSTEMS, LLC","NORRIS TUBULAR SYSTEMS, LLC",2180 NORTH LOOP W STE 306,HOUSTON,TX,77018,213112,"Mining, Quarrying, and Oil and Gas Extraction",Corporation / Corporate Entity,2023-04-27T00:00:00.000,Enterprise Operator Vendor Cybersecurity Audits
NOV COMPLETION TOOLS L1010,"NATIONAL OILWELL VARCO, L.P.",8017 BREEN DR,HOUSTON,TX,77064,333132,"Manufacturing (Metals, Machinery, Electronics)",Type PF,2021-10-08T00:00:00.000,Enterprise Operator Vendor Cybersecurity Audits
"NOVA DIRECTIONAL, INC.","NOVA DIRECTIONAL, INC.",6826 BOURGEOIS RD,HOUSTON,TX,77066,213111,"Mining, Quarrying, and Oil and Gas Extraction",Foreign Corporation (Out-of-State),2020-09-24T00:00:00.000,Enterprise Operator Vendor Cybersecurity Audits
"NTS AMEGA WEST USA, INC.","NTS AMEGA WEST USA, INC.",18601 INTERCONTINENTAL CROSSING DR,HOUSTON,TX,77073,333132,"Manufacturing (Metals, Machinery, Electronics)",Foreign Corporation (Out-of-State),2020-11-14T00:00:00.000,Enterprise Operator Vendor Cybersecurity Audits
"O'DRILL/MCM, INC.","O'DRILL/MCM, INC.",5055 CRANSWICK RD,HOUSTON,TX,77041,333132,"Manufacturing (Metals, Machinery, Electronics)",Texas Corporation,2006-11-08T00:00:00.000,Enterprise Operator Vendor Cybersecurity Audits
OEM COMPONENTS INC,"OEM COMPONENTS, INC.",14535 CHRISMAN RD,HOUSTON,TX,77039,333132,"Manufacturing (Metals, Machinery, Electronics)",Texas Corporation,1992-05-13T00:00:00.000,Enterprise Operator Vendor Cybersecurity Audits
OFS GLOBAL INC,OFS GLOBAL INC.,5308 OATES RD,HOUSTON,TX,77013,333132,"Manufacturing (Metals, Machinery, Electronics)",Foreign Corporation (Out-of-State),2024-09-16T00:00:00.000,Enterprise Operator Vendor Cybersecurity Audits
"OIL STATES INDUSTRIES, INC.","OIL STATES INDUSTRIES, INC.",11925 BRITTMOORE PARK DR,HOUSTON,TX,77041,333132,"Manufacturing (Metals, Machinery, Electronics)",Foreign Corporation (Out-of-State),2018-11-01T00:00:00.000,Enterprise Operator Vendor Cybersecurity Audits
OIL STATES SKAGIT SMATCO LLC,"OIL STATES SKAGIT SMATCO, LLC",1155 DAIRY ASHFORD ST STE 700,HOUSTON,TX,77079,213112,"Mining, Quarrying, and Oil and Gas Extraction",Corporation / Corporate Entity,2006-12-07T00:00:00.000,Enterprise Operator Vendor Cybersecurity Audits
OIL STATES SUBSEA VENTURES,"OIL STATES INDUSTRIES, INC.",5819 ALMEDA GENOA RD,HOUSTON,TX,77048,333132,"Manufacturing (Metals, Machinery, Electronics)",Foreign Corporation (Out-of-State),2002-01-16T00:00:00.000,Enterprise Operator Vendor Cybersecurity Audits
"OIL TOOL SOLUTIONS, LLC","OIL TOOL SOLUTIONS, LLC",13743 FM 529 RD,HOUSTON,TX,77041,333132,"Manufacturing (Metals, Machinery, Electronics)",Corporation / Corporate Entity,2023-10-09T00:00:00.000,Enterprise Operator Vendor Cybersecurity Audits
OIL WELL SURVEY INSTRUMENT COMPANY,CHEVAS COMPANY LLC,1927 EDMUNDSON ST,HOUSTON,TX,77003,333132,"Manufacturing (Metals, Machinery, Electronics)",Limited Liability Company (LLC),2011-04-28T00:00:00.000,Enterprise Operator Vendor Cybersecurity Audits
"OILFIELD DRILLING SOLUTIONS, LLC","OILFIELD DRILLING SOLUTIONS, LLC",12821 DUNCAN RD BLDG 5,HOUSTON,TX,77066,333132,"Manufacturing (Metals, Machinery, Electronics)",Limited Liability Company (LLC),2016-03-04T00:00:00.000,Enterprise Operator Vendor Cybersecurity Audits
OILFIELD SERVICE PROFESSIONALS INC.,OILFIELD SERVICE PROFESSIONALS INC.,5909 CENTRALCREST ST,HOUSTON,TX,77092,213111,"Mining, Quarrying, and Oil and Gas Extraction",Texas Corporation,2022-04-20T00:00:00.000,Enterprise Operator Vendor Cybersecurity Audits
"OLEUMFIELD TECH, LLC.","OLEUMFIELD TECH, LLC.",13211 WINDFERN RD STE L,HOUSTON,TX,77064,333132,"Manufacturing (Metals, Machinery, Electronics)",Limited Liability Company (LLC),2018-02-17T00:00:00.000,Enterprise Operator Vendor Cybersecurity Audits
"OMEGA TECHNICAL SERVICES, LLC","OMEGA TECHNICAL SERVICES, LLC",1155 DAIRY ASHFORD RD STE 650,HOUSTON,TX,77079,213112,"Mining, Quarrying, and Oil and Gas Extraction",Limited Liability Company (LLC),2026-09-01T00:00:00.000,Enterprise Operator Vendor Cybersecurity Audits
ON DUTY PIPE AND STEEL LLC,ON DUTY PIPE AND STEEL LLC,1415 S VOSS RD STE 110,HOUSTON,TX,77057,211120,"Mining, Quarrying, and Oil and Gas Extraction",Limited Liability Company (LLC),2016-02-06T00:00:00.000,Enterprise Operator Vendor Cybersecurity Audits
ONCORE PROCESSING LLC,ONCORE PROCESSING LLC,1330 POST OAK BLVD STE 600,HOUSTON,TX,77056,213115,"Mining, Quarrying, and Oil and Gas Extraction",Corporation / Corporate Entity,2020-05-15T00:00:00.000,Enterprise Operator Vendor Cybersecurity Audits
ONESTEP POWER SOLUTIONS INC.,ONESTEP POWER SOLUTIONS INC.,16840 CLAY RD STE 106,HOUSTON,TX,77084,213112,"Mining, Quarrying, and Oil and Gas Extraction",Foreign Corporation (Out-of-State),2018-10-03T00:00:00.000,Enterprise Operator Vendor Cybersecurity Audits
"ONGAGE DRILLING SYSTEMS, LLC","ONGAGE DRILLING SYSTEMS, LLC",5609 CLARA RD,HOUSTON,TX,77041,213112,"Mining, Quarrying, and Oil and Gas Extraction",Limited Liability Company (LLC),2014-06-13T00:00:00.000,Enterprise Operator Vendor Cybersecurity Audits
"ORION MACHINE WORKS, LLC","ORION MACHINE WORKS, LLC",11915 WINDFERN RD,HOUSTON,TX,77064,333132,"Manufacturing (Metals, Machinery, Electronics)",Limited Liability Company (LLC),2025-05-27T00:00:00.000,Enterprise Operator Vendor Cybersecurity Audits
OSAKA GAS USA CORPORATION,OSAKA GAS USA CORPORATION,1360 POST OAK BLVD STE 2100,HOUSTON,TX,77056,211130,"Mining, Quarrying, and Oil and Gas Extraction",Foreign Corporation (Out-of-State),2026-06-03T00:00:00.000,Enterprise Operator Vendor Cybersecurity Audits
OTSO ENERGY SOLUTIONS LLC,OTSO ENERGY SOLUTIONS LLC,7102 N SAM HOUSTON PKWY W,HOUSTON,TX,77064,333132,"Manufacturing (Metals, Machinery, Electronics)",Limited Liability Company (LLC),2024-10-28T00:00:00.000,Enterprise Operator Vendor Cybersecurity Audits
OWENS OILFIELD PRODUCTS,"OWENS OILFIELD PRODUCTS, LLC",9627 PINELAND RD,HOUSTON,TX,77044,213112,"Mining, Quarrying, and Oil and Gas Extraction",Limited Liability Company (LLC),2008-05-12T00:00:00.000,Enterprise Operator Vendor Cybersecurity Audits
"P&M USA, LLC","P&M USA, LLC",17021 ALDINE WESTFIELD RD,HOUSTON,TX,77073,213112,"Mining, Quarrying, and Oil and Gas Extraction",Corporation / Corporate Entity,2020-03-20T00:00:00.000,Enterprise Operator Vendor Cybersecurity Audits
"PACID SERVICES,  INC","PACID SERVICES,  INC",10515 SOUTHWEST FWY STE E9,HOUSTON,TX,77074,211120,"Mining, Quarrying, and Oil and Gas Extraction",Texas Corporation,2016-10-26T00:00:00.000,Enterprise Operator Vendor Cybersecurity Audits
PAISANO LABS LLC,PAISANO LABS LLC,1622 MILFORD ST,HOUSTON,TX,77006,333132,"Manufacturing (Metals, Machinery, Electronics)",Limited Liability Company (LLC),2011-09-12T00:00:00.000,Enterprise Operator Vendor Cybersecurity Audits
PARAGON INTEGRATED SERVICES GROUP LLC,PARAGON INTEGRATED SERVICES GROUP LLC,825 TOWN AND COUNTRY LN FL 12,HOUSTON,TX,77024,213112,"Mining, Quarrying, and Oil and Gas Extraction",Corporation / Corporate Entity,2021-06-07T00:00:00.000,Enterprise Operator Vendor Cybersecurity Audits
"PATHFINDER SERVICES, LLC","PATHFINDER SERVICES, LLC",6006 PLAINVIEW ST,HOUSTON,TX,77087,213112,"Mining, Quarrying, and Oil and Gas Extraction",Limited Liability Company (LLC),2019-06-29T00:00:00.000,Enterprise Operator Vendor Cybersecurity Audits
PATRIOT DRILLING SERVICES LLC,PATRIOT DRILLING SERVICES LLC,1300 N SAM HOUSTON PKWY E STE 206,HOUSTON,TX,77032,213111,"Mining, Quarrying, and Oil and Gas Extraction",Corporation / Corporate Entity,2020-07-03T00:00:00.000,Enterprise Operator Vendor Cybersecurity Audits
"PATRIOT RESEARCH CENTER, LLC","PATRIOT RESEARCH CENTER, LLC",9575 KATY FWY STE 490,HOUSTON,TX,77024,333132,"Manufacturing (Metals, Machinery, Electronics)",Corporation / Corporate Entity,2020-05-12T00:00:00.000,Enterprise Operator Vendor Cybersecurity Audits
PATTERSON-UTI DRILLING COMPANY LLC,PATTERSON-UTI DRILLING COMPANY LLC,10713 W SAM HOUSTON PKWY N STE 800,HOUSTON,TX,77064,213111,"Mining, Quarrying, and Oil and Gas Extraction",Limited Liability Company (LLC),2025-09-10T00:00:00.000,Enterprise Operator Vendor Cybersecurity Audits
"PDQ MACHINE SHOP, INC.","PDQ MACHINE SHOP, INC.",15151 HENRY RD,HOUSTON,TX,77060,333132,"Manufacturing (Metals, Machinery, Electronics)",Texas Corporation,2004-02-03T00:00:00.000,Enterprise Operator Vendor Cybersecurity Audits
"PELES, LLC","PELES, LLC",5847 SAN FELIPE ST,HOUSTON,TX,77057,211130,"Mining, Quarrying, and Oil and Gas Extraction",Corporation / Corporate Entity,2020-11-18T00:00:00.000,Enterprise Operator Vendor Cybersecurity Audits
PENSPEN CORPORATION,PENSPEN CORPORATION,10375 RICHMOND AVE STE 900,HOUSTON,TX,77042,213112,"Mining, Quarrying, and Oil and Gas Extraction",Texas Corporation,2025-10-21T00:00:00.000,Enterprise Operator Vendor Cybersecurity Audits
PERFORMANCE WELLHEAD & FRAC COMPONENTS,VAULT PRESSURE CONTROL LLC,1792 W SAM HOUSTON PKWY N,HOUSTON,TX,77043,213112,"Mining, Quarrying, and Oil and Gas Extraction",Corporation / Corporate Entity,2009-02-25T00:00:00.000,Enterprise Operator Vendor Cybersecurity Audits
PERMIAN DELAWARE ENTERPRISES HOLDINGS LLC,PERMIAN DELAWARE ENTERPRISES HOLDINGS LLC,925 N ELDRIDGE PKWY,HOUSTON,TX,77079,211120,"Mining, Quarrying, and Oil and Gas Extraction",Limited Liability Company (LLC),2021-12-16T00:00:00.000,Enterprise Operator Vendor Cybersecurity Audits
"PETRO DYNAMIX, LLC","PETRO DYNAMIX, LLC",5750 N SAM HOUSTON PKWY E STE 407,HOUSTON,TX,77032,333132,"Manufacturing (Metals, Machinery, Electronics)",Limited Liability Company (LLC),2011-02-22T00:00:00.000,Enterprise Operator Vendor Cybersecurity Audits
PETROBRAS AMERICA INC.,PETROBRAS AMERICA INC.,10350 RICHMOND AVE # 1400,HOUSTON,TX,77042,211120,"Mining, Quarrying, and Oil and Gas Extraction",Foreign Corporation (Out-of-State),2007-11-19T00:00:00.000,Enterprise Operator Vendor Cybersecurity Audits
PETROHAB LLC,"PETROHAB, LLC.",12462 W BELLFORT AVE,HOUSTON,TX,77099,213112,"Mining, Quarrying, and Oil and Gas Extraction",Limited Liability Company (LLC),2026-01-07T00:00:00.000,Enterprise Operator Vendor Cybersecurity Audits
PETROHAWK ENERGY CORPORATION,BPX PRODUCTION COMPANY,1500 POST OAK BLVD,HOUSTON,TX,77056,211120,"Mining, Quarrying, and Oil and Gas Extraction",Foreign Corporation (Out-of-State),2017-10-19T00:00:00.000,Enterprise Operator Vendor Cybersecurity Audits
PETROLEUM ANALYZER CO/PAC,PRECISION ANALYZER COMPANY L.P.,8824 FALLBROOK DR,HOUSTON,TX,77064,333132,"Manufacturing (Metals, Machinery, Electronics)",Type PF,2010-04-16T00:00:00.000,Enterprise Operator Vendor Cybersecurity Audits
"PETROLEUM GEO-SERVICES, INC.","PETROLEUM GEO-SERVICES, INC.",15375 MEMORIAL DR STE 100,HOUSTON,TX,77079,213112,"Mining, Quarrying, and Oil and Gas Extraction",Foreign Corporation (Out-of-State),2025-10-28T00:00:00.000,Enterprise Operator Vendor Cybersecurity Audits
PETROLEUM PIPE AMERICAS INTERNATIONAL CORP.,PETROLEUM PIPE AMERICAS INTERNATIONAL CORP.,1800 WEST LOOP S STE 1755,HOUSTON,TX,77027,211120,"Mining, Quarrying, and Oil and Gas Extraction",Texas Corporation,2019-07-31T00:00:00.000,Enterprise Operator Vendor Cybersecurity Audits
PGX SUPPLY LLC,PGX SUPPLY LLC,1046 DEL NORTE ST,HOUSTON,TX,77018,333132,"Manufacturing (Metals, Machinery, Electronics)",Limited Liability Company (LLC),2012-04-19T00:00:00.000,Enterprise Operator Vendor Cybersecurity Audits
PHILLIPS 66,"11 DINING, LLC",2331 CITY WEST BLVD,HOUSTON,TX,77042,211120,"Mining, Quarrying, and Oil and Gas Extraction",Corporation / Corporate Entity,2019-07-18T00:00:00.000,Enterprise Operator Vendor Cybersecurity Audits
PHOENIX TECHNOLOGY SERVICES USA INC.,PHOENIX TECHNOLOGY SERVICES USA INC.,12329 CUTTEN RD,HOUSTON,TX,77066,213111,"Mining, Quarrying, and Oil and Gas Extraction",Foreign Corporation (Out-of-State),2015-09-17T00:00:00.000,Enterprise Operator Vendor Cybersecurity Audits
"PICO TECHNOLOGIES, LLC","PICO TECHNOLOGIES, LLC",840 GESSNER RD STE 800,HOUSTON,TX,77024,211120,"Mining, Quarrying, and Oil and Gas Extraction",Limited Liability Company (LLC),2020-01-29T00:00:00.000,Enterprise Operator Vendor Cybersecurity Audits
PICORP CORPORATION,PICORP CORPORATION,17711 MOSSY RIDGE LN,HOUSTON,TX,77095,333132,"Manufacturing (Metals, Machinery, Electronics)",Texas Corporation,2014-04-04T00:00:00.000,Enterprise Operator Vendor Cybersecurity Audits
"PIPELINE CONDITIONING, LLC","PIPELINE CONDITIONING, LLC",10085 WINDFERN RD,HOUSTON,TX,77064,213112,"Mining, Quarrying, and Oil and Gas Extraction",Limited Liability Company (LLC),2025-12-19T00:00:00.000,Enterprise Operator Vendor Cybersecurity Audits
PLAINS MARKETING LP,"PLAINS MARKETING, L.P.",333 CLAY ST STE 1600,HOUSTON,TX,77002,213112,"Mining, Quarrying, and Oil and Gas Extraction",Type PL,2002-05-15T00:00:00.000,Enterprise Operator Vendor Cybersecurity Audits
PLMB CONSULTING LLC,PLMB CONSULTING LLC,1901 POST OAK BLVD APT 4103,HOUSTON,TX,77056,213112,"Mining, Quarrying, and Oil and Gas Extraction",Limited Liability Company (LLC),2025-09-02T00:00:00.000,Enterprise Operator Vendor Cybersecurity Audits
PLOTUS GLOBAL TRADING,PLOTUS GLOBAL TRADING,4511 ROSE ST,HOUSTON,TX,77007,211120,"Mining, Quarrying, and Oil and Gas Extraction",Type CU,2026-06-02T00:00:00.000,Enterprise Operator Vendor Cybersecurity Audits
PRECEDENT ENERGY SERVICES INC.,PRECEDENT ENERGY SERVICES INC.,16365 PARK TEN PL STE 330,HOUSTON,TX,77084,213112,"Mining, Quarrying, and Oil and Gas Extraction",Texas Corporation,2017-11-01T00:00:00.000,Enterprise Operator Vendor Cybersecurity Audits
"PRECISE DOWNHOLE CONCEPTS, LLC","PRECISE DOWNHOLE CONCEPTS, LLC",9121 SOLON RD STE 400,HOUSTON,TX,77064,333132,"Manufacturing (Metals, Machinery, Electronics)",Limited Liability Company (LLC),2025-02-14T00:00:00.000,Enterprise Operator Vendor Cybersecurity Audits
PRECISION COMPLETION & PRODUCTION SERVICES LTD.,PRECISION COMPLETION & PRODUCTION SERVICES LTD.,10350 RICHMOND AVE STE 700,HOUSTON,TX,77042,213111,"Mining, Quarrying, and Oil and Gas Extraction",Foreign Corporation (Out-of-State),2013-04-29T00:00:00.000,Enterprise Operator Vendor Cybersecurity Audits
"PRECISION DIRECTIONAL SERVICES, INC.","PRECISION DIRECTIONAL SERVICES, INC.",10350 RICHMOND AVE STE 700,HOUSTON,TX,77042,213111,"Mining, Quarrying, and Oil and Gas Extraction",Texas Corporation,2014-03-19T00:00:00.000,Enterprise Operator Vendor Cybersecurity Audits
"PRECISION DRILLING COMPANY, LP","PRECISION DRILLING COMPANY, LP",10350 RICHMOND AVE STE 700,HOUSTON,TX,77042,213111,"Mining, Quarrying, and Oil and Gas Extraction",Type PL,2011-07-07T00:00:00.000,Enterprise Operator Vendor Cybersecurity Audits
PRECISION ENERGY SERVICES,"PRECISION ENERGY SERVICES, INC.",16134 W HARDY RD,HOUSTON,TX,77060,213112,"Mining, Quarrying, and Oil and Gas Extraction",Foreign Corporation (Out-of-State),2014-02-20T00:00:00.000,Enterprise Operator Vendor Cybersecurity Audits
PRECISION ENERGY SERVICES #109404,"PRECISION ENERGY SERVICES, INC.",12101 CUTTEN RD,HOUSTON,TX,77066,213112,"Mining, Quarrying, and Oil and Gas Extraction",Foreign Corporation (Out-of-State),2021-06-19T00:00:00.000,Enterprise Operator Vendor Cybersecurity Audits
PRECISION ENERGY SERVICES #323814,"PRECISION ENERGY SERVICES, INC.",11909 FM 529 RD,HOUSTON,TX,77041,213112,"Mining, Quarrying, and Oil and Gas Extraction",Foreign Corporation (Out-of-State),2021-06-19T00:00:00.000,Enterprise Operator Vendor Cybersecurity Audits
PRECISION ENERGY SERVICES #338190,"PRECISION ENERGY SERVICES, INC.",2442 GREENS RD,HOUSTON,TX,77032,213112,"Mining, Quarrying, and Oil and Gas Extraction",Foreign Corporation (Out-of-State),2021-06-19T00:00:00.000,Enterprise Operator Vendor Cybersecurity Audits
PRECISION ENERGY SERVICES #338191,"PRECISION ENERGY SERVICES, INC.",2442 GREENS RD,HOUSTON,TX,77032,213112,"Mining, Quarrying, and Oil and Gas Extraction",Foreign Corporation (Out-of-State),2021-06-19T00:00:00.000,Enterprise Operator Vendor Cybersecurity Audits
PRECISION ENERGY SERVICES #339404,"PRECISION ENERGY SERVICES, INC.",2000 SAINT JAMES PL,HOUSTON,TX,77056,213112,"Mining, Quarrying, and Oil and Gas Extraction",Foreign Corporation (Out-of-State),2021-06-19T00:00:00.000,Enterprise Operator Vendor Cybersecurity Audits
"PRECISION ENERGY SERVICES, INC","PRECISION ENERGY SERVICES, INC.",2442 GREENS RD,HOUSTON,TX,77032,213112,"Mining, Quarrying, and Oil and Gas Extraction",Foreign Corporation (Out-of-State),2014-12-04T00:00:00.000,Enterprise Operator Vendor Cybersecurity Audits
"PRECISION ENERGY SERVICES, INC.","PRECISION ENERGY SERVICES, INC.",16134 W HARDY RD,HOUSTON,TX,77060,213112,"Mining, Quarrying, and Oil and Gas Extraction",Foreign Corporation (Out-of-State),2023-06-22T00:00:00.000,Enterprise Operator Vendor Cybersecurity Audits
"PRECISION ENERGY SERVICES, INC.","PRECISION ENERGY SERVICES, INC.",15710 JOHN F KENNEDY BLVD FL 8,HOUSTON,TX,77032,213112,"Mining, Quarrying, and Oil and Gas Extraction",Foreign Corporation (Out-of-State),2014-09-08T00:00:00.000,Enterprise Operator Vendor Cybersecurity Audits
"PRECISION ENERGY SERVICES, INC. #112263","PRECISION ENERGY SERVICES, INC.",11943 FM 529 RD,HOUSTON,TX,77041,213112,"Mining, Quarrying, and Oil and Gas Extraction",Foreign Corporation (Out-of-State),2017-02-07T00:00:00.000,Enterprise Operator Vendor Cybersecurity Audits
"PRECISION ENERGY SERVICES, INC. #115295","PRECISION ENERGY SERVICES, INC.",16134 W HARDY RD,HOUSTON,TX,77060,213112,"Mining, Quarrying, and Oil and Gas Extraction",Foreign Corporation (Out-of-State),2026-09-03T00:00:00.000,Enterprise Operator Vendor Cybersecurity Audits
"PRECISION ENERGY SERVICES, INC. #184290","PRECISION ENERGY SERVICES, INC.",12101 CUTTEN RD,HOUSTON,TX,77066,213112,"Mining, Quarrying, and Oil and Gas Extraction",Foreign Corporation (Out-of-State),2018-02-06T00:00:00.000,Enterprise Operator Vendor Cybersecurity Audits
"PRECISION ENERGY SERVICES, INC. #184299","PRECISION ENERGY SERVICES, INC.",12101 CUTTEN RD,HOUSTON,TX,77066,213112,"Mining, Quarrying, and Oil and Gas Extraction",Foreign Corporation (Out-of-State),2017-10-05T00:00:00.000,Enterprise Operator Vendor Cybersecurity Audits
"PRECISION ENERGY SERVICES, INC. #33066","PRECISION ENERGY SERVICES, INC.",2442 GREENS RD,HOUSTON,TX,77032,213112,"Mining, Quarrying, and Oil and Gas Extraction",Foreign Corporation (Out-of-State),2018-01-25T00:00:00.000,Enterprise Operator Vendor Cybersecurity Audits
"PRECISION ENERGY SERVICES, INC. 338940","PRECISION ENERGY SERVICES, INC.",16178 W HARDY RD,HOUSTON,TX,77060,213112,"Mining, Quarrying, and Oil and Gas Extraction",Foreign Corporation (Out-of-State),2021-08-04T00:00:00.000,Enterprise Operator Vendor Cybersecurity Audits
"PRECISION GP, LLC","PRECISION GP, LLC",11200 MESA DR,HOUSTON,TX,77078,213112,"Mining, Quarrying, and Oil and Gas Extraction",Limited Liability Company (LLC),2018-03-02T00:00:00.000,Enterprise Operator Vendor Cybersecurity Audits
PRECISION INSTRUMENT SERVICE,"TURNRITE, INC.",10811D PAULUS DR,HOUSTON,TX,77041,333132,"Manufacturing (Metals, Machinery, Electronics)",Texas Corporation,1999-04-15T00:00:00.000,Enterprise Operator Vendor Cybersecurity Audits
"PRECISION OILFIELD SERVICES, LLP #","PRECISION OILFIELD SERVICES, LLP",2442 GREENS RD,HOUSTON,TX,77032,213112,"Mining, Quarrying, and Oil and Gas Extraction",Type PL,2017-02-22T00:00:00.000,Enterprise Operator Vendor Cybersecurity Audits
"PRECISION POWERED PRODUCTS, INC.","PRECISION POWERED PRODUCTS, INC.",12227 FM 529 RD # C,HOUSTON,TX,77041,333132,"Manufacturing (Metals, Machinery, Electronics)",Texas Corporation,2026-03-06T00:00:00.000,Enterprise Operator Vendor Cybersecurity Audits
PRECISION WELL LOGGING INC,"PRECISION WELL LOGGING, INC.",924 WAKEFIELD DR,HOUSTON,TX,77018,213112,"Mining, Quarrying, and Oil and Gas Extraction",Texas Corporation,1988-03-03T00:00:00.000,Enterprise Operator Vendor Cybersecurity Audits
PRESCO GLOBAL SUPPLIES AND SERVICES LLC,ENERMAR ENERGIES LLC,11111 KATY FWY STE 840,HOUSTON,TX,77079,213112,"Mining, Quarrying, and Oil and Gas Extraction",Limited Liability Company (LLC),2017-05-23T00:00:00.000,Enterprise Operator Vendor Cybersecurity Audits
PRIMARY SOURCING CORPORATION,PRIMARY SOURCING CORP.,2930 ROGERDALE RD,HOUSTON,TX,77042,333132,"Manufacturing (Metals, Machinery, Electronics)",Texas Corporation,2002-03-04T00:00:00.000,Enterprise Operator Vendor Cybersecurity Audits
PRIME DOWNHOLE MANUFACTURING LLC,VIKING POWER TECHNOLOGIES LLC,800 NORTHPARK CENTRAL DR STE 100,HOUSTON,TX,77073,333132,"Manufacturing (Metals, Machinery, Electronics)",Corporation / Corporate Entity,2015-08-20T00:00:00.000,Enterprise Operator Vendor Cybersecurity Audits
PRIME OPERATING COMPANY,PRIME OPERATING COMPANY,9821 KATY FWY STE 1050,HOUSTON,TX,77024,211120,"Mining, Quarrying, and Oil and Gas Extraction",Texas Corporation,2019-03-14T00:00:00.000,Enterprise Operator Vendor Cybersecurity Audits
PRIME SOLUTION SERVICES LLC,PRIME SOLUTION SERVICES LLC,1521 E RICHEY RD,HOUSTON,TX,77073,211120,"Mining, Quarrying, and Oil and Gas Extraction",Limited Liability Company (LLC),2023-03-16T00:00:00.000,Enterprise Operator Vendor Cybersecurity Audits
"PRO-TEK FIELD SERVICES, LLC","PRO-TEK FIELD SERVICES, LLC",510 BERING DR STE 455,HOUSTON,TX,77057,213112,"Mining, Quarrying, and Oil and Gas Extraction",Limited Liability Company (LLC),2014-03-26T00:00:00.000,Enterprise Operator Vendor Cybersecurity Audits
"PROCESS SYSTEMS & CONTROLS, LLC","PROCESS SYSTEMS & CONTROLS, LLC",9819 SAGECOURT DR,HOUSTON,TX,77089,213112,"Mining, Quarrying, and Oil and Gas Extraction",Limited Liability Company (LLC),2018-09-28T00:00:00.000,Enterprise Operator Vendor Cybersecurity Audits
"PRODUCTION TECHNOLOGY AND SERVICES USA, INC.","PRODUCTION TECHNOLOGY AND SERVICES USA, INC.",6911 SIGNAT DR,HOUSTON,TX,77041,213112,"Mining, Quarrying, and Oil and Gas Extraction",Foreign Corporation (Out-of-State),2010-12-09T00:00:00.000,Enterprise Operator Vendor Cybersecurity Audits
"PRODUCTION TECHNOLOGY AND SERVICES, INC.","PRODUCTION TECHNOLOGY AND SERVICES, INC.",1463 HIGHWAY 6 S STE 400,HOUSTON,TX,77077,213112,"Mining, Quarrying, and Oil and Gas Extraction",Foreign Corporation (Out-of-State),2020-03-17T00:00:00.000,Enterprise Operator Vendor Cybersecurity Audits
PROFESSIONAL RENTAL TOOLS,PROFESSIONAL RENTAL TOOLS,1111 NORTH LOOP W STE 140,HOUSTON,TX,77008,213112,"Mining, Quarrying, and Oil and Gas Extraction",Corporation / Corporate Entity,2026-01-14T00:00:00.000,Enterprise Operator Vendor Cybersecurity Audits
PROGYLIFT LLC,"PROGYLIFT, LLC",801 TOWN AND COUNTRY LN,HOUSTON,TX,77024,213112,"Mining, Quarrying, and Oil and Gas Extraction",Limited Liability Company (LLC),2025-09-09T00:00:00.000,Enterprise Operator Vendor Cybersecurity Audits
PROSEP (USA) INC.,PROSEP (USA) INC.,6509 W LITTLE YORK RD,HOUSTON,TX,77040,333132,"Manufacturing (Metals, Machinery, Electronics)",Texas Corporation,2017-01-14T00:00:00.000,Enterprise Operator Vendor Cybersecurity Audits
PROTEGE ENERGY III LLC,PROTEGE ENERGY III LLC,55 WAUGH DR STE 400,HOUSTON,TX,77007,213111,"Mining, Quarrying, and Oil and Gas Extraction",Corporation / Corporate Entity,2020-10-24T00:00:00.000,Enterprise Operator Vendor Cybersecurity Audits
PROTORQUE ENERGY INC.,PROTORQUE ENERGY INC.,700 LAVACA ST,HOUSTON,TX,77012,213111,"Mining, Quarrying, and Oil and Gas Extraction",Texas Corporation,2017-08-31T00:00:00.000,Enterprise Operator Vendor Cybersecurity Audits
"PV FLUID PRODUCTS, INC.","PV FLUID PRODUCTS, INC.",11901 CUTTEN RD,HOUSTON,TX,77066,213112,"Mining, Quarrying, and Oil and Gas Extraction",Texas Corporation,2019-11-06T00:00:00.000,Enterprise Operator Vendor Cybersecurity Audits
PXM ENERGY CONSULTING LLC,PXM ENERGY CONSULTING LLC,6606 RODRIGO ST,HOUSTON,TX,77007,213111,"Mining, Quarrying, and Oil and Gas Extraction",Limited Liability Company (LLC),2024-05-08T00:00:00.000,Enterprise Operator Vendor Cybersecurity Audits
QM US LLC,QM US LLC,9126 THOMASVILLE DR,HOUSTON,TX,77064,333132,"Manufacturing (Metals, Machinery, Electronics)",Corporation / Corporate Entity,2026-09-12T00:00:00.000,Enterprise Operator Vendor Cybersecurity Audits
QSD MANUFACTURING INC,"Q.S.D. MANUFACTURING, INC.",5700 MITCHELLDALE ST,HOUSTON,TX,77092,333132,"Manufacturing (Metals, Machinery, Electronics)",Texas Corporation,2007-09-07T00:00:00.000,Enterprise Operator Vendor Cybersecurity Audits
QUAIL CREEK OIL CORPORATION,QUAIL CREEK OIL CORPORATION,10000 MEMORIAL DR STE 770,HOUSTON,TX,77024,211120,"Mining, Quarrying, and Oil and Gas Extraction",Foreign Corporation (Out-of-State),2023-02-14T00:00:00.000,Enterprise Operator Vendor Cybersecurity Audits
"QUALITY PRECISION MACHINE WORKS, INC.","QUALITY PRECISION MACHINE WORKS, INC.",10115 ALFRED LN,HOUSTON,TX,77041,333132,"Manufacturing (Metals, Machinery, Electronics)",Texas Corporation,1989-10-26T00:00:00.000,Enterprise Operator Vendor Cybersecurity Audits
"RANGER ENERGY SERVICES, LLC","RANGER ENERGY SERVICES, LLC",800 GESSNER RD STE 1000,HOUSTON,TX,77024,213111,"Mining, Quarrying, and Oil and Gas Extraction",Corporation / Corporate Entity,2026-05-21T00:00:00.000,Enterprise Operator Vendor Cybersecurity Audits
"REBEL MACHINE & TOOL, INC.","REBEL MACHINE & TOOL, INC.",13403 EMMETT RD,HOUSTON,TX,77041,333132,"Manufacturing (Metals, Machinery, Electronics)",Texas Corporation,1999-01-21T00:00:00.000,Enterprise Operator Vendor Cybersecurity Audits
RECLAIM LITHIUM LLC,RECLAIM LITHIUM LLC,435 E ANDERSON RD,HOUSTON,TX,77047,213112,"Mining, Quarrying, and Oil and Gas Extraction",Limited Liability Company (LLC),2026-08-12T00:00:00.000,Enterprise Operator Vendor Cybersecurity Audits
RELADYNE RELIABILITY SERVICES INC.,RELADYNE RELIABILITY SERVICES INC.,15150 WEST DR,HOUSTON,TX,77053,333132,"Manufacturing (Metals, Machinery, Electronics)",Foreign Corporation (Out-of-State),2020-04-16T00:00:00.000,Enterprise Operator Vendor Cybersecurity Audits
RESATO NORTH AMERICA,RESATO NORTH AMERICA LLC,14027 MEMORIAL DR # 272,HOUSTON,TX,77079,211120,"Mining, Quarrying, and Oil and Gas Extraction",Limited Liability Company (LLC),2025-07-21T00:00:00.000,Enterprise Operator Vendor Cybersecurity Audits
"RESERVE EQUIPMENT, INC.","RESERVE EQUIPMENT, INC.",13310 HEMPSTEAD RD,HOUSTON,TX,77040,213112,"Mining, Quarrying, and Oil and Gas Extraction",Foreign Corporation (Out-of-State),2012-01-12T00:00:00.000,Enterprise Operator Vendor Cybersecurity Audits
"RESMAN USA, INC","RESMAN USA, INC",363 N SAM HOUSTON PKWY E STE 1100,HOUSTON,TX,77060,213111,"Mining, Quarrying, and Oil and Gas Extraction",Texas Corporation,2013-11-01T00:00:00.000,Enterprise Operator Vendor Cybersecurity Audits
"REVO TESTING TECHNOLOGIES, LLC","REVO TESTING TECHNOLOGIES, LLC",5214 LILLIAN ST,HOUSTON,TX,77007,213112,"Mining, Quarrying, and Oil and Gas Extraction",Corporation / Corporate Entity,2019-01-03T00:00:00.000,Enterprise Operator Vendor Cybersecurity Audits
"REVOLUTION MANUFACTURING, LLC","REVOLUTION MANUFACTURING, LLC",8525 W MONROE RD,HOUSTON,TX,77061,333132,"Manufacturing (Metals, Machinery, Electronics)",Limited Liability Company (LLC),2025-06-02T00:00:00.000,Enterprise Operator Vendor Cybersecurity Audits
RHODEWELL INDUSTRIAL INC,RHODEWELL INDUSTRIAL INC,8300 CYPRESS CREEK PKWY,HOUSTON,TX,77070,213112,"Mining, Quarrying, and Oil and Gas Extraction",Texas Corporation,2014-11-04T00:00:00.000,Enterprise Operator Vendor Cybersecurity Audits
"RIGS, DERRICKS ETC , LLC","RIGS, DERRICKS ETC., LLC",14421 CHRISMAN RD,HOUSTON,TX,77039,333132,"Manufacturing (Metals, Machinery, Electronics)",Limited Liability Company (LLC),2011-03-31T00:00:00.000,Enterprise Operator Vendor Cybersecurity Audits
"RIGSERV INTERNATIONAL, LLC","RIGSERV INTERNATIONAL, LLC",3415 SHADOW BLUFF CT,HOUSTON,TX,77082,333132,"Manufacturing (Metals, Machinery, Electronics)",Limited Liability Company (LLC),2022-03-04T00:00:00.000,Enterprise Operator Vendor Cybersecurity Audits
RMZ OILFIELD ENGINEERING INC.,RMZ OILFIELD ENGINEERING INC.,13731 FM 529 RD,HOUSTON,TX,77041,213112,"Mining, Quarrying, and Oil and Gas Extraction",Texas Corporation,2023-09-21T00:00:00.000,Enterprise Operator Vendor Cybersecurity Audits
"ROCKWELL PRECISION, LLC","ROCKWELL PRECISION, LLC",8926 SOLON RD,HOUSTON,TX,77064,333132,"Manufacturing (Metals, Machinery, Electronics)",Limited Liability Company (LLC),2026-06-05T00:00:00.000,Enterprise Operator Vendor Cybersecurity Audits
ROGII TOOLS INC.,ROGII TOOLS INC.,11750 KATY FWY STE 780,HOUSTON,TX,77079,333132,"Manufacturing (Metals, Machinery, Electronics)",Texas Corporation,2026-03-17T00:00:00.000,Enterprise Operator Vendor Cybersecurity Audits
ROKU OILFIELD SOLUTIONS,MIGUEL ITAMAR MONRROY MONROY,14016 E HARDY RD,HOUSTON,TX,77039,333132,"Manufacturing (Metals, Machinery, Electronics)",Type IS,2024-04-17T00:00:00.000,Enterprise Operator Vendor Cybersecurity Audits
ROMFOR,ROMFOR SERVICES COMPANY,1035 DAIRY ASHFORD RD STE 320,HOUSTON,TX,77079,211120,"Mining, Quarrying, and Oil and Gas Extraction",Texas Corporation,2018-06-06T00:00:00.000,Enterprise Operator Vendor Cybersecurity Audits
ROSETTA RESOURCES OPERATING LP,ROSETTA RESOURCES OPERATING LP,1001 NOBLE ENERGY WAY,HOUSTON,TX,77070,211120,"Mining, Quarrying, and Oil and Gas Extraction",Type PL,2015-09-09T00:00:00.000,Enterprise Operator Vendor Cybersecurity Audits
ROY B WHEELER CO INC,"ROY B. WHEELER COMPANY, INC.",911 MARTIN ST,HOUSTON,TX,77018,333132,"Manufacturing (Metals, Machinery, Electronics)",Texas Corporation,1989-10-03T00:00:00.000,Enterprise Operator Vendor Cybersecurity Audits
"ROYAL COMPLETION TOOLS, LLC","ROYAL COMPLETION TOOLS, LLC",13482 FM 529 RD STE 4,HOUSTON,TX,77041,213112,"Mining, Quarrying, and Oil and Gas Extraction",Limited Liability Company (LLC),2021-07-21T00:00:00.000,Enterprise Operator Vendor Cybersecurity Audits
RVO MANUFACTURING,"RVO MANUFACTURING, LLC",15040 NORTHGREEN BLVD STE A,HOUSTON,TX,77032,333132,"Manufacturing (Metals, Machinery, Electronics)",Limited Liability Company (LLC),2023-02-22T00:00:00.000,Enterprise Operator Vendor Cybersecurity Audits
"S.S. GRINDING, INC.","S.S. GRINDING, INC.",910 WAKEFIELD DR,HOUSTON,TX,77018,213112,"Mining, Quarrying, and Oil and Gas Extraction",Texas Corporation,2006-03-25T00:00:00.000,Enterprise Operator Vendor Cybersecurity Audits
S2N SERVICES LLC,S2N SERVICES LLC,14219 MUSCATINE ST,HOUSTON,TX,77015,213112,"Mining, Quarrying, and Oil and Gas Extraction",Limited Liability Company (LLC),2025-09-11T00:00:00.000,Enterprise Operator Vendor Cybersecurity Audits
"SABER DRILLING FLUIDS, LLC","SABER DRILLING FLUIDS, LLC",20333 STATE HIGHWAY 249 STE 200,HOUSTON,TX,77070,211120,"Mining, Quarrying, and Oil and Gas Extraction",Limited Liability Company (LLC),2017-01-31T00:00:00.000,Enterprise Operator Vendor Cybersecurity Audits
SANDELIUS INSTRUMENTS INC,"SANDELIUS INSTRUMENTS, INC.",1403 W PATTON ST,HOUSTON,TX,77009,333132,"Manufacturing (Metals, Machinery, Electronics)",Texas Corporation,1987-09-11T00:00:00.000,Enterprise Operator Vendor Cybersecurity Audits
SAXON INDUSTRIES INC,"SAXON INDUSTRIES, INC.",932 W 20TH ST,HOUSTON,TX,77008,333132,"Manufacturing (Metals, Machinery, Electronics)",Texas Corporation,1978-09-01T00:00:00.000,Enterprise Operator Vendor Cybersecurity Audits
SCHLUMBERGER RIG TECHNOLOGY INC.,SCHLUMBERGER RIG TECHNOLOGY INC.,9510 N HOUSTON ROSSLYN RD,HOUSTON,TX,77088,333132,"Manufacturing (Metals, Machinery, Electronics)",Foreign Corporation (Out-of-State),2006-08-08T00:00:00.000,Enterprise Operator Vendor Cybersecurity Audits
SCHLUMBERGER TECHNOLOGY CORPORATION,SCHLUMBERGER TECHNOLOGY CORPORATION,10804 FALLSTONE RD STE 21,HOUSTON,TX,77099,213112,"Mining, Quarrying, and Oil and Gas Extraction",Texas Corporation,2013-10-14T00:00:00.000,Enterprise Operator Vendor Cybersecurity Audits
SCHLUMBERGER TECHNOLOGY CORPORATION,SCHLUMBERGER TECHNOLOGY CORPORATION,4800 W GREENS RD,HOUSTON,TX,77066,213112,"Mining, Quarrying, and Oil and Gas Extraction",Texas Corporation,2021-03-09T00:00:00.000,Enterprise Operator Vendor Cybersecurity Audits
SCHLUMBERGER TECHNOLOGY CORPORATION,SCHLUMBERGER TECHNOLOGY CORPORATION,1121 BUSCHONG ST,HOUSTON,TX,77039,213112,"Mining, Quarrying, and Oil and Gas Extraction",Texas Corporation,2010-04-15T00:00:00.000,Enterprise Operator Vendor Cybersecurity Audits
SCHOELLER-BLECKMANN SALES CO. LLC,SCHOELLER-BLECKMANN SALES CO. LLC,11525 BRITTMOORE PARK DR,HOUSTON,TX,77041,333132,"Manufacturing (Metals, Machinery, Electronics)",Limited Liability Company (LLC),1999-02-23T00:00:00.000,Enterprise Operator Vendor Cybersecurity Audits
"SCIDEV ENERGY SERVICES, INC.","SCIDEV ENERGY SERVICES, INC.",5821 W SAM HOUSTON PKWY N STE 300,HOUSTON,TX,77041,213112,"Mining, Quarrying, and Oil and Gas Extraction",Texas Corporation,2023-02-07T00:00:00.000,Enterprise Operator Vendor Cybersecurity Audits
"SCIENTIFIC DRILLING INTERNATIONAL, INC.","SCIENTIFIC DRILLING INTERNATIONAL, INC.",1100 RANKIN RD,HOUSTON,TX,77073,213111,"Mining, Quarrying, and Oil and Gas Extraction",Texas Corporation,2019-08-29T00:00:00.000,Enterprise Operator Vendor Cybersecurity Audits
SCORPION,"BAR-YAM ENGINEERING, INC.",13911 FABER ST,HOUSTON,TX,77037,333132,"Manufacturing (Metals, Machinery, Electronics)",Texas Corporation,1991-06-22T00:00:00.000,Enterprise Operator Vendor Cybersecurity Audits
SCORPION (ONE) OILFIELD LLC,SCORPION (ONE) OILFIELD LLC,9525 KATY FWY STE 445,HOUSTON,TX,77024,213112,"Mining, Quarrying, and Oil and Gas Extraction",Limited Liability Company (LLC),2024-05-03T00:00:00.000,Enterprise Operator Vendor Cybersecurity Audits
SEAHORSE TECHNOLOGIES,SEAHORSE TECHNOLOGIES INC.,6816 BOURGEOIS RD,HOUSTON,TX,77066,213112,"Mining, Quarrying, and Oil and Gas Extraction",Texas Corporation,2019-02-13T00:00:00.000,Enterprise Operator Vendor Cybersecurity Audits
SEM OPERATING COMPANY LLC,SEM OPERATING COMPANY LLC,10375 RICHMOND AVE STE 292,HOUSTON,TX,77042,213111,"Mining, Quarrying, and Oil and Gas Extraction",Limited Liability Company (LLC),2015-04-13T00:00:00.000,Enterprise Operator Vendor Cybersecurity Audits
"SENECA RESOURCES COMPANY, LLC","SENECA RESOURCES COMPANY, LLC",1201 LOUISIANA ST STE 400,HOUSTON,TX,77002,211120,"Mining, Quarrying, and Oil and Gas Extraction",Corporation / Corporate Entity,1992-05-29T00:00:00.000,Enterprise Operator Vendor Cybersecurity Audits
SERGEANT OIL & GAS CO,"SERGEANT ENTERPRISES, INC.",5429 CHEVY CHASE DR,HOUSTON,TX,77056,213111,"Mining, Quarrying, and Oil and Gas Extraction",Texas Corporation,2010-01-19T00:00:00.000,Enterprise Operator Vendor Cybersecurity Audits
SHAREWELL HDD DRILLING PRODUCTS LLC,SHAREWELL HDD DRILLING PRODUCTS LLC,21315 W HARDY RD,HOUSTON,TX,77073,213112,"Mining, Quarrying, and Oil and Gas Extraction",Limited Liability Company (LLC),2020-07-02T00:00:00.000,Enterprise Operator Vendor Cybersecurity Audits
SHAREWELL HDD LLC,SHAREWELL HDD LLC,21315 W HARDY RD,HOUSTON,TX,77073,213112,"Mining, Quarrying, and Oil and Gas Extraction",Limited Liability Company (LLC),2020-07-02T00:00:00.000,Enterprise Operator Vendor Cybersecurity Audits
"SHEAR FRAC GROUP, LLC","SHEAR FRAC GROUP, LLC",1827 W 24TH ST,HOUSTON,TX,77008,213112,"Mining, Quarrying, and Oil and Gas Extraction",Limited Liability Company (LLC),2024-04-23T00:00:00.000,Enterprise Operator Vendor Cybersecurity Audits
SHELL EXPLORATION AND PRODUCTION COMPANY,SHELL EXPLORATION & PRODUCTION COMPANY,910 LOUISIANA ST # 4555,HOUSTON,TX,77002,211120,"Mining, Quarrying, and Oil and Gas Extraction",Foreign Corporation (Out-of-State),2000-05-15T00:00:00.000,Enterprise Operator Vendor Cybersecurity Audits
SHELL INFORMATION TECHNOLOGY INTERNATIONAL INC,"SHELL INFORMATION TECHNOLOGY INTERNATIONAL, INC.",1 SHELL PLAZA ROOM 4667,HOUSTON,TX,77252,211120,"Mining, Quarrying, and Oil and Gas Extraction",Foreign Corporation (Out-of-State),1995-07-13T00:00:00.000,Enterprise Operator Vendor Cybersecurity Audits
SHELL LEGACY HOLDINGS LLC,SHELL LEGACY HOLDINGS LLC,150 N DAIRY ASHFORD RD,HOUSTON,TX,77079,211120,"Mining, Quarrying, and Oil and Gas Extraction",Limited Liability Company (LLC),2022-03-04T00:00:00.000,Enterprise Operator Vendor Cybersecurity Audits
"SHELL USA, INC.","SHELL USA, INC.",1600 SMITH ST,HOUSTON,TX,77002,211120,"Mining, Quarrying, and Oil and Gas Extraction",Foreign Corporation (Out-of-State),1991-01-12T00:00:00.000,Enterprise Operator Vendor Cybersecurity Audits
SHIZUOKA GAS AMERICA CO.,SHIZUOKA GAS AMERICA CO.,2700 POST OAK BLVD STE 2100,HOUSTON,TX,77056,211130,"Mining, Quarrying, and Oil and Gas Extraction",Foreign Corporation (Out-of-State),2026-05-09T00:00:00.000,Enterprise Operator Vendor Cybersecurity Audits
SILIXA LLC,SILIXA LLC,10777 WESTHEIMER RD STE 1100,HOUSTON,TX,77042,213112,"Mining, Quarrying, and Oil and Gas Extraction",Limited Liability Company (LLC),2011-04-20T00:00:00.000,Enterprise Operator Vendor Cybersecurity Audits
"SILVERWELL TECHNOLOGY, INC.","SILVERWELL TECHNOLOGY, INC.",6824 N SAM HOUSTON PKWY W,HOUSTON,TX,77064,213112,"Mining, Quarrying, and Oil and Gas Extraction",Texas Corporation,2018-11-13T00:00:00.000,Enterprise Operator Vendor Cybersecurity Audits
"SILVERWELL TECHNOLOGY, INC.","SILVERWELL TECHNOLOGY, INC.",11323 TANNER RD STE 100,HOUSTON,TX,77041,213112,"Mining, Quarrying, and Oil and Gas Extraction",Texas Corporation,2022-03-30T00:00:00.000,Enterprise Operator Vendor Cybersecurity Audits
"SIMPLE RELIABLE SYSTEMS, LLC","SIMPLE RELIABLE SYSTEMS, LLC",3401 BACOR RD,HOUSTON,TX,77084,333132,"Manufacturing (Metals, Machinery, Electronics)",Limited Liability Company (LLC),2018-02-02T00:00:00.000,Enterprise Operator Vendor Cybersecurity Audits
SINOPEC TECH HOUSTON LLC,SINOPEC TECH HOUSTON LLC,3050 POST OAK BLVD STE 777,HOUSTON,TX,77056,213112,"Mining, Quarrying, and Oil and Gas Extraction",Corporation / Corporate Entity,2015-06-12T00:00:00.000,Enterprise Operator Vendor Cybersecurity Audits
SJ ENVIRONMENTAL CORP,SJ ENVIRONMENTAL CORP,1155 DAIRY ASHFORD RD STE 825,HOUSTON,TX,77079,213112,"Mining, Quarrying, and Oil and Gas Extraction",Texas Corporation,2022-10-27T00:00:00.000,Enterprise Operator Vendor Cybersecurity Audits
SK ENMOVE AMERICAS INC.,SK ENMOVE AMERICAS INC.,11700 KATY FWY STE 1200,HOUSTON,TX,77079,211120,"Mining, Quarrying, and Oil and Gas Extraction",Texas Corporation,2023-03-22T00:00:00.000,Enterprise Operator Vendor Cybersecurity Audits
SLICK TOOLS INTERNATIONAL LLC,SLICK TOOLS INTERNATIONAL LLC,3701 BRIARPARK DR STE 150,HOUSTON,TX,77042,333132,"Manufacturing (Metals, Machinery, Electronics)",Limited Liability Company (LLC),2022-04-23T00:00:00.000,Enterprise Operator Vendor Cybersecurity Audits
"SMITH INTERNATIONAL, INC.","SMITH INTERNATIONAL, LLC",1200 ENCLAVE PKWY # MD323,HOUSTON,TX,77077,333132,"Manufacturing (Metals, Machinery, Electronics)",Corporation / Corporate Entity,2018-08-14T00:00:00.000,Enterprise Operator Vendor Cybersecurity Audits
"SMITH INTERNATIONAL, INC.","SMITH INTERNATIONAL, LLC",16740 HARDY RD,HOUSTON,TX,77032,333132,"Manufacturing (Metals, Machinery, Electronics)",Corporation / Corporate Entity,2018-08-14T00:00:00.000,Enterprise Operator Vendor Cybersecurity Audits
"SN OPERATING, LLC","SN OPERATING, LLC",1000 MAIN ST STE 3000,HOUSTON,TX,77002,211120,"Mining, Quarrying, and Oil and Gas Extraction",Limited Liability Company (LLC),2015-08-07T00:00:00.000,Enterprise Operator Vendor Cybersecurity Audits
"SOLGIX, INC.","SOLGIX, INC.",2380 S MACGREGOR WAY APT 253,HOUSTON,TX,77021,333132,"Manufacturing (Metals, Machinery, Electronics)",Texas Corporation,2019-04-04T00:00:00.000,Enterprise Operator Vendor Cybersecurity Audits
SOND INDUSTRIES,"SOND INDUSTRIES, LLC",7310 W LITTLE YORK RD,HOUSTON,TX,77040,333132,"Manufacturing (Metals, Machinery, Electronics)",Limited Liability Company (LLC),2022-08-30T00:00:00.000,Enterprise Operator Vendor Cybersecurity Audits
"SOONER PIPE, L.L.C.","SOONER PIPE, L.L.C.",909 FANNIN ST STE 3100,HOUSTON,TX,77010,213112,"Mining, Quarrying, and Oil and Gas Extraction",Corporation / Corporate Entity,2025-10-14T00:00:00.000,Enterprise Operator Vendor Cybersecurity Audits
SOUTHWEST OILFIELD PRODUCTS,"SOUTHWEST OILFIELD PRODUCTS, INC.",7903 BREEN DR,HOUSTON,TX,77064,333132,"Manufacturing (Metals, Machinery, Electronics)",Foreign Corporation (Out-of-State),2024-10-28T00:00:00.000,Enterprise Operator Vendor Cybersecurity Audits
SOUTHWESTERN ENERGY COMPANY DBA SWN ENERGY COMPANY,SOUTHWESTERN ENERGY COMPANY,2350 N SAM HOUSTON PKWY E STE 300,HOUSTON,TX,77032,211120,"Mining, Quarrying, and Oil and Gas Extraction",Foreign Corporation (Out-of-State),2004-09-02T00:00:00.000,Enterprise Operator Vendor Cybersecurity Audits
"SPARROWS OFFSHORE, LLC","SPARROWS OFFSHORE, LLC",6707 NORTHWINDS DR,HOUSTON,TX,77041,333132,"Manufacturing (Metals, Machinery, Electronics)",Corporation / Corporate Entity,2004-01-05T00:00:00.000,Enterprise Operator Vendor Cybersecurity Audits
"SPE RIGCO, INC.","SPE RIGCO, INC.",4801 WOODWAY DR STE 100E,HOUSTON,TX,77056,333132,"Manufacturing (Metals, Machinery, Electronics)",Texas Corporation,2012-11-28T00:00:00.000,Enterprise Operator Vendor Cybersecurity Audits
SPEAR ENERGY SOLUTIONS LLC,SPEAR ENERGY SOLUTIONS LLC,1509A W 23RD ST,HOUSTON,TX,77008,213112,"Mining, Quarrying, and Oil and Gas Extraction",Limited Liability Company (LLC),2020-07-15T00:00:00.000,Enterprise Operator Vendor Cybersecurity Audits
"SPL LEAK DETECTION, LLC","SPL LEAK DETECTION, LLC",1700 WEST LOOP S STE 450,HOUSTON,TX,77027,213112,"Mining, Quarrying, and Oil and Gas Extraction",Corporation / Corporate Entity,2020-01-25T00:00:00.000,Enterprise Operator Vendor Cybersecurity Audits
"STAGE 3 SEPARATION, LLC","STAGE 3 SEPARATION, LLC",5101 MAXIE ST,HOUSTON,TX,77007,213112,"Mining, Quarrying, and Oil and Gas Extraction",Limited Liability Company (LLC),2011-06-14T00:00:00.000,Enterprise Operator Vendor Cybersecurity Audits
"STALLION INFRASTRUCTURE SERVICES, LTD.","STALLION INFRASTRUCTURE SERVICES, LTD.",6614 BOURGEOIS RD,HOUSTON,TX,77066,213112,"Mining, Quarrying, and Oil and Gas Extraction",Type PL,2024-07-30T00:00:00.000,Enterprise Operator Vendor Cybersecurity Audits
STARK INDUSTRIES,JESS L STARK,6511 MAPLERIDGE ST,HOUSTON,TX,77081,333132,"Manufacturing (Metals, Machinery, Electronics)",Type IS,2004-11-15T00:00:00.000,Enterprise Operator Vendor Cybersecurity Audits
"STELLAR DRILLING FLUIDS, LLC","STELLAR DRILLING FLUIDS, LLC",3403 MARQUART ST,HOUSTON,TX,77027,213112,"Mining, Quarrying, and Oil and Gas Extraction",Limited Liability Company (LLC),2015-05-14T00:00:00.000,Enterprise Operator Vendor Cybersecurity Audits
STEWART & STEVENSON MANUFACTURING TECHNOLOGIES LLC,STEWART & STEVENSON MANUFACTURING TECHNOLOGIES LLC,10750 TELGE RD,HOUSTON,TX,77095,333132,"Manufacturing (Metals, Machinery, Electronics)",Corporation / Corporate Entity,2011-01-27T00:00:00.000,Enterprise Operator Vendor Cybersecurity Audits
STEWART & STEVENSON MANUFACTURING TECHNOLOGIES LLC,STEWART & STEVENSON MANUFACTURING TECHNOLOGIES LLC,10800 TELGE RD,HOUSTON,TX,77095,333132,"Manufacturing (Metals, Machinery, Electronics)",Corporation / Corporate Entity,2011-03-18T00:00:00.000,Enterprise Operator Vendor Cybersecurity Audits
STEWART & STEVENSON MANUFACTURING TECHNOLOGIES LLC,STEWART & STEVENSON MANUFACTURING TECHNOLOGIES LLC,1617 E RICHEY RD,HOUSTON,TX,77073,333132,"Manufacturing (Metals, Machinery, Electronics)",Corporation / Corporate Entity,2011-03-18T00:00:00.000,Enterprise Operator Vendor Cybersecurity Audits
STEWART & STEVENSON MANUFACTURING TECHNOLOGIES LLC,STEWART & STEVENSON MANUFACTURING TECHNOLOGIES LLC,1617 E RICHEY RD,HOUSTON,TX,77073,333132,"Manufacturing (Metals, Machinery, Electronics)",Corporation / Corporate Entity,2011-03-18T00:00:00.000,Enterprise Operator Vendor Cybersecurity Audits
STREAM-FLO USA LLC,STREAM-FLO USA LLC,8726 FALLBROOK DR,HOUSTON,TX,77064,333132,"Manufacturing (Metals, Machinery, Electronics)",Limited Liability Company (LLC),2014-10-17T00:00:00.000,Enterprise Operator Vendor Cybersecurity Audits
"STRONGFAB SOLUTIONS, INC.","STRONGFAB SOLUTIONS, INC.",9209 WINDFERN RD,HOUSTON,TX,77064,333132,"Manufacturing (Metals, Machinery, Electronics)",Texas Corporation,2013-09-03T00:00:00.000,Enterprise Operator Vendor Cybersecurity Audits
STRYKER WELL SOLUTIONS LLC,STRYKER WELL SOLUTIONS LLC,555 WESTMINSTER DR,HOUSTON,TX,77024,333132,"Manufacturing (Metals, Machinery, Electronics)",Limited Liability Company (LLC),2025-05-08T00:00:00.000,Enterprise Operator Vendor Cybersecurity Audits
SUBSEA 7 I-TECH US INC.,SUBSEA 7 I-TECH US INC.,6650 BINGLE RD,HOUSTON,TX,77092,213112,"Mining, Quarrying, and Oil and Gas Extraction",Foreign Corporation (Out-of-State),2024-06-20T00:00:00.000,Enterprise Operator Vendor Cybersecurity Audits
"SUBSEA TECHNOLOGY, INC.","SUBSEA TECHNOLOGY, INC.",6911 SIGNAT DR,HOUSTON,TX,77041,213112,"Mining, Quarrying, and Oil and Gas Extraction",Foreign Corporation (Out-of-State),2014-08-21T00:00:00.000,Enterprise Operator Vendor Cybersecurity Audits
SUBTERRANEA LLC,SUBTERRANEA LLC,1415 S VOSS RD STE 110M494,HOUSTON,TX,77057,213112,"Mining, Quarrying, and Oil and Gas Extraction",Limited Liability Company (LLC),2024-01-09T00:00:00.000,Enterprise Operator Vendor Cybersecurity Audits
"SUPER HEATERS, LLC","SUPER HEATERS, LLC",10260 WESTHEIMER RD STE 460,HOUSTON,TX,77042,213112,"Mining, Quarrying, and Oil and Gas Extraction",Corporation / Corporate Entity,2026-05-22T00:00:00.000,Enterprise Operator Vendor Cybersecurity Audits
SUPERIOR COMPLETION SERVICES,"SUPERIOR ENERGY SERVICES, L.L.C.",16610 ALDINE WESTFIELD RD,HOUSTON,TX,77032,213111,"Mining, Quarrying, and Oil and Gas Extraction",Corporation / Corporate Entity,2010-10-18T00:00:00.000,Enterprise Operator Vendor Cybersecurity Audits
"SURGE OPERATING, LLC","SURGE OPERATING, LLC",7850 N SAM HOUSTON PKWY W STE 300,HOUSTON,TX,77064,211120,"Mining, Quarrying, and Oil and Gas Extraction",Corporation / Corporate Entity,2017-08-16T00:00:00.000,Enterprise Operator Vendor Cybersecurity Audits
SWAN EXPLORATION LLC,SWAN EXPLORATION LLC,1235 NORTH LOOP W STE 500,HOUSTON,TX,77008,211120,"Mining, Quarrying, and Oil and Gas Extraction",Corporation / Corporate Entity,2024-10-23T00:00:00.000,Enterprise Operator Vendor Cybersecurity Audits
SWAN RESOURCES LLC,SWAN RESOURCES LLC,1235 NORTH LOOP W STE 500,HOUSTON,TX,77008,211120,"Mining, Quarrying, and Oil and Gas Extraction",Corporation / Corporate Entity,2024-10-23T00:00:00.000,Enterprise Operator Vendor Cybersecurity Audits
SYSCO SOLUTIONS INC,SYSCO SOLUTIONS INC,5615 W FUQUA ST UNIT C-100,HOUSTON,TX,77085,213111,"Mining, Quarrying, and Oil and Gas Extraction",Texas Corporation,2021-11-03T00:00:00.000,Enterprise Operator Vendor Cybersecurity Audits
"TALLY PRODUCTION SYSTEMS, LLC","TALLY PRODUCTION SYSTEMS, LLC",14345 NORTHWEST FWY,HOUSTON,TX,77040,213112,"Mining, Quarrying, and Oil and Gas Extraction",Limited Liability Company (LLC),2025-02-28T00:00:00.000,Enterprise Operator Vendor Cybersecurity Audits
"TAM COMPLETION SYSTEMS, INC.","TAM COMPLETION SYSTEMS, INC.",4620 SOUTHERLAND RD,HOUSTON,TX,77092,213111,"Mining, Quarrying, and Oil and Gas Extraction",Texas Corporation,2012-03-08T00:00:00.000,Enterprise Operator Vendor Cybersecurity Audits
TAM INTERNATIONAL INC,"TAM INTERNATIONAL, INC.",4620 SOUTHERLAND RD,HOUSTON,TX,77092,333132,"Manufacturing (Metals, Machinery, Electronics)",Texas Corporation,1986-07-23T00:00:00.000,Enterprise Operator Vendor Cybersecurity Audits
TARGA LIQUIDS MARKETING AND TRADE,TARGA LIQUIDS MARKETING AND TRADE LLC,811 LOUISIANA ST STE 2100,HOUSTON,TX,77002,211130,"Mining, Quarrying, and Oil and Gas Extraction",Corporation / Corporate Entity,2019-10-18T00:00:00.000,Enterprise Operator Vendor Cybersecurity Audits
TAYLOR OILFIELD,"TAYLOR'S OILFIELD MANUFACTURING, INC.",14401 INTERDRIVE E,HOUSTON,TX,77032,333132,"Manufacturing (Metals, Machinery, Electronics)",Foreign Corporation (Out-of-State),2002-09-10T00:00:00.000,Enterprise Operator Vendor Cybersecurity Audits
"TDW (US), INC.","TDW (US), INC.",4220 WORLD HOUSTON PKWY STE 100,HOUSTON,TX,77032,333132,"Manufacturing (Metals, Machinery, Electronics)",Foreign Corporation (Out-of-State),2011-07-14T00:00:00.000,Enterprise Operator Vendor Cybersecurity Audits
TECHWEST,"TECHWEST , L.L.C.",4601 S PINEMONT DR STE 148,HOUSTON,TX,77041,333132,"Manufacturing (Metals, Machinery, Electronics)",Limited Liability Company (LLC),2025-02-28T00:00:00.000,Enterprise Operator Vendor Cybersecurity Audits
"TEJAS ENVIRONMENTAL SOLUTIONS, INC.","TEJAS ENVIRONMENTAL SOLUTIONS, INC",3200 SOUTHWEST FWY,HOUSTON,TX,77027,213112,"Mining, Quarrying, and Oil and Gas Extraction",Texas Corporation,2025-08-21T00:00:00.000,Enterprise Operator Vendor Cybersecurity Audits
"TERRANOVA RESOURCES, INC.","TERRANOVA RESOURCES, INC.",1322 SPACE PARK DR STE A125,HOUSTON,TX,77058,213112,"Mining, Quarrying, and Oil and Gas Extraction",Texas Corporation,2024-05-31T00:00:00.000,Enterprise Operator Vendor Cybersecurity Audits
"TERRAVICI DRILLING SOLUTIONS, INC.","TERRAVICI DRILLING SOLUTIONS, INC.",11433 BRITTMOORE PARK DR,HOUSTON,TX,77041,333132,"Manufacturing (Metals, Machinery, Electronics)",Foreign Corporation (Out-of-State),2021-05-12T00:00:00.000,Enterprise Operator Vendor Cybersecurity Audits
TEXAS COMPRESSION LLC,TEXAS COMPRESSION LLC,2214 W 43RD ST STE B,HOUSTON,TX,77018,213112,"Mining, Quarrying, and Oil and Gas Extraction",Limited Liability Company (LLC),2016-07-25T00:00:00.000,Enterprise Operator Vendor Cybersecurity Audits
TEXAS INDEPENDENT EXPLORATION LIMITED,TEXAS INDEPENDENT EXPLORATION LIMITED,6760 PORTWEST DR,HOUSTON,TX,77024,211130,"Mining, Quarrying, and Oil and Gas Extraction",Type PL,2023-06-08T00:00:00.000,Enterprise Operator Vendor Cybersecurity Audits
"TEXAS INTERNATIONAL OILFIELD TOOLS, LTD.","TEXAS INTERNATIONAL OILFIELD TOOLS, LTD.",3035 EASTVELD DR,HOUSTON,TX,77073,333132,"Manufacturing (Metals, Machinery, Electronics)",Type PL,2020-10-21T00:00:00.000,Enterprise Operator Vendor Cybersecurity Audits
TEXAS PIPELINE PRODUCTS,TEXAS PIPELINE PRODUCTS LLC,9597 JONES RD # 860,HOUSTON,TX,77065,333132,"Manufacturing (Metals, Machinery, Electronics)",Limited Liability Company (LLC),2026-05-01T00:00:00.000,Enterprise Operator Vendor Cybersecurity Audits
TEXLA OPC LLC,TEXLA OPC LLC,4704 ALLEN ST APT A,HOUSTON,TX,77007,211120,"Mining, Quarrying, and Oil and Gas Extraction",Limited Liability Company (LLC),2015-12-10T00:00:00.000,Enterprise Operator Vendor Cybersecurity Audits
"TEXSER, LLC","TEXSER, LLC",6627 W T C JESTER BLVD,HOUSTON,TX,77091,211120,"Mining, Quarrying, and Oil and Gas Extraction",Limited Liability Company (LLC),2026-04-25T00:00:00.000,Enterprise Operator Vendor Cybersecurity Audits
"TGG SHELBY ASSETS, LLC","TGG SHELBY ASSETS, LLC",600 TRAVIS ST STE 5500,HOUSTON,TX,77002,211130,"Mining, Quarrying, and Oil and Gas Extraction",Corporation / Corporate Entity,2025-08-06T00:00:00.000,Enterprise Operator Vendor Cybersecurity Audits
TGNR EAST TEXAS II LLC,TGNR EAST TEXAS II LLC,717 TEXAS ST,HOUSTON,TX,77002,211130,"Mining, Quarrying, and Oil and Gas Extraction",Limited Liability Company (LLC),2024-05-17T00:00:00.000,Enterprise Operator Vendor Cybersecurity Audits
TGNR EAST TEXAS LLC,TGNR EAST TEXAS LLC,717 TEXAS ST STE 2000,HOUSTON,TX,77002,211130,"Mining, Quarrying, and Oil and Gas Extraction",Corporation / Corporate Entity,2023-08-02T00:00:00.000,Enterprise Operator Vendor Cybersecurity Audits
TGNR NLA LLC,TGNR NLA LLC,717 TEXAS ST STE 2000,HOUSTON,TX,77002,211130,"Mining, Quarrying, and Oil and Gas Extraction",Corporation / Corporate Entity,2023-08-02T00:00:00.000,Enterprise Operator Vendor Cybersecurity Audits
TGT OIL & GAS SERVICES LLC,TGT OIL & GAS SERVICES LLC,1304 LANGHAM CREEK DR STE 440,HOUSTON,TX,77084,213112,"Mining, Quarrying, and Oil and Gas Extraction",Corporation / Corporate Entity,2024-01-31T00:00:00.000,Enterprise Operator Vendor Cybersecurity Audits
THE CAVINS CORPORATION,THE CAVINS CORPORATION,6215 THOMAS RD,HOUSTON,TX,77041,213112,"Mining, Quarrying, and Oil and Gas Extraction",Texas Corporation,1971-10-26T00:00:00.000,Enterprise Operator Vendor Cybersecurity Audits
THE LASS CORPORATION,THE LASS CORPORATION,10497 TOWN AND COUNTRY WAY STE 420,HOUSTON,TX,77024,213112,"Mining, Quarrying, and Oil and Gas Extraction",Texas Corporation,2018-10-11T00:00:00.000,Enterprise Operator Vendor Cybersecurity Audits
THE PHENOM GROUP LLC,THE PHENOM GROUP LLC,221 AIRTEX DR,HOUSTON,TX,77090,333132,"Manufacturing (Metals, Machinery, Electronics)",Limited Liability Company (LLC),2015-06-04T00:00:00.000,Enterprise Operator Vendor Cybersecurity Audits
"THE PLAZA GROUP, INC","THE PLAZA GROUP, INC.",1177 WEST LOOP S STE 1450,HOUSTON,TX,77027,211120,"Mining, Quarrying, and Oil and Gas Extraction",Texas Corporation,2016-12-16T00:00:00.000,Enterprise Operator Vendor Cybersecurity Audits
THE SEVEN DRILLING TECHNOLOGY,"THE SEVEN DRILLING TECHNOLOGY, LTD CO.",10303 PAVONIA DR,HOUSTON,TX,77095,213112,"Mining, Quarrying, and Oil and Gas Extraction",Limited Liability Company (LLC),2019-05-31T00:00:00.000,Enterprise Operator Vendor Cybersecurity Audits
TIGER INDUSTRIES INC,"TIGER INDUSTRIES GROUP, INC.",11955 FM 529 RD,HOUSTON,TX,77041,333132,"Manufacturing (Metals, Machinery, Electronics)",Texas Corporation,2017-07-12T00:00:00.000,Enterprise Operator Vendor Cybersecurity Audits
TIGER INDUSTRIES INC,"TIGER INDUSTRIES GROUP, INC.",8909 JACKRABBIT RD STE B,HOUSTON,TX,77095,333132,"Manufacturing (Metals, Machinery, Electronics)",Texas Corporation,2023-05-17T00:00:00.000,Enterprise Operator Vendor Cybersecurity Audits
"TITAN MANUFACTURING, INC.","TITAN MANUFACTURING, INC.",9447 BAMBOO RD,HOUSTON,TX,77041,333132,"Manufacturing (Metals, Machinery, Electronics)",Texas Corporation,2026-01-06T00:00:00.000,Enterprise Operator Vendor Cybersecurity Audits
TODAY'S VISION,"JAMES KONG, P.A.",955 MCKINNEY ST,HOUSTON,TX,77002,211120,"Mining, Quarrying, and Oil and Gas Extraction",Type AP,2017-01-25T00:00:00.000,Enterprise Operator Vendor Cybersecurity Audits
"TOOLCO PRECISION MACHINE, LLC","TOOLCO PRECISION MACHINE, LLC",14701 PARK ALMEDA DR,HOUSTON,TX,77047,333132,"Manufacturing (Metals, Machinery, Electronics)",Limited Liability Company (LLC),2015-09-30T00:00:00.000,Enterprise Operator Vendor Cybersecurity Audits
"TORRENT ENERGY SERVICES, LLC","TORRENT ENERGY SERVICES, LLC",10350 RICHMOND AVE STE 550,HOUSTON,TX,77042,211130,"Mining, Quarrying, and Oil and Gas Extraction",Corporation / Corporate Entity,2021-10-29T00:00:00.000,Enterprise Operator Vendor Cybersecurity Audits
TOTAL E&P USA,"TOTALENERGIES E&P USA, INC.",1201 LOUISIANA ST STE 1800,HOUSTON,TX,77002,211120,"Mining, Quarrying, and Oil and Gas Extraction",Foreign Corporation (Out-of-State),2007-10-22T00:00:00.000,Enterprise Operator Vendor Cybersecurity Audits
"TOTAL FRAC SOLUTIONS, INC.","TOTAL FRAC SOLUTIONS, INC.",11809 CANEMONT ST,HOUSTON,TX,77035,213112,"Mining, Quarrying, and Oil and Gas Extraction",Texas Corporation,2022-08-19T00:00:00.000,Enterprise Operator Vendor Cybersecurity Audits
TOTAL PETROCHEMICALS USA INC,"TOTALENERGIES PETROCHEMICALS & REFINING USA, INC.",1201 LOUISIANA ST,HOUSTON,TX,77002,211120,"Mining, Quarrying, and Oil and Gas Extraction",Foreign Corporation (Out-of-State),2006-01-18T00:00:00.000,Enterprise Operator Vendor Cybersecurity Audits
"TOUCHSTONE RESOURCES, LLC","TOUCHSTONE RESOURCES, LLC",8003 CREEDE DR,HOUSTON,TX,77040,213112,"Mining, Quarrying, and Oil and Gas Extraction",Limited Liability Company (LLC),2019-09-14T00:00:00.000,Enterprise Operator Vendor Cybersecurity Audits
"TOWER FORCE, L.L.C.","TOWER FORCE, L.L.C.",13510 RALPH CULVER RD,HOUSTON,TX,77086,213112,"Mining, Quarrying, and Oil and Gas Extraction",Limited Liability Company (LLC),2014-03-21T00:00:00.000,Enterprise Operator Vendor Cybersecurity Audits
"TRENDSETTER ENGINEERING, INC.","TRENDSETTER ENGINEERING, INC.",10430 RODGERS RD,HOUSTON,TX,77070,333132,"Manufacturing (Metals, Machinery, Electronics)",Texas Corporation,2022-10-19T00:00:00.000,Enterprise Operator Vendor Cybersecurity Audits
TRILLIUM HOUSTON,"TRILLIUM TRANSPORTATION FUELS, LLC",7530 E OREM DR,HOUSTON,TX,77075,213112,"Mining, Quarrying, and Oil and Gas Extraction",Corporation / Corporate Entity,2025-01-21T00:00:00.000,Enterprise Operator Vendor Cybersecurity Audits
TRILLIUM HOUSTON - LOVES 315,"TRILLIUM TRANSPORTATION FUELS, LLC",3940 N MCCARTY ST,HOUSTON,TX,77013,213112,"Mining, Quarrying, and Oil and Gas Extraction",Corporation / Corporate Entity,2017-01-23T00:00:00.000,Enterprise Operator Vendor Cybersecurity Audits
TRILLIUM TRANSPORTATION - TX,"TRILLIUM TRANSPORTATION FUELS, LLC",2929 ALLEN PKWY STE 4100,HOUSTON,TX,77019,213112,"Mining, Quarrying, and Oil and Gas Extraction",Corporation / Corporate Entity,2018-10-25T00:00:00.000,Enterprise Operator Vendor Cybersecurity Audits
"TRINITY OPERATING (USG), LLC","TRINITY OPERATING (USG), LLC",601 TRAVIS ST STE 1900,HOUSTON,TX,77002,211120,"Mining, Quarrying, and Oil and Gas Extraction",Corporation / Corporate Entity,2018-06-06T00:00:00.000,Enterprise Operator Vendor Cybersecurity Audits
"TSC MANUFACTURING AND SUPPLY, LLC","TSC MANUFACTURING AND SUPPLY, LLC",13788 WEST RD STE 100,HOUSTON,TX,77041,333132,"Manufacturing (Metals, Machinery, Electronics)",Limited Liability Company (LLC),2018-08-07T00:00:00.000,Enterprise Operator Vendor Cybersecurity Audits
TSC OFFSHORE CORPORATION,TSC OFFSHORE CORPORATION,13788 WEST RD STE 100,HOUSTON,TX,77041,213112,"Mining, Quarrying, and Oil and Gas Extraction",Texas Corporation,2017-06-23T00:00:00.000,Enterprise Operator Vendor Cybersecurity Audits
"TUBULAR SOLUTIONS II, INC.","TUBULAR SOLUTIONS, INC.",1401 BRITTMOORE RD,HOUSTON,TX,77043,213111,"Mining, Quarrying, and Oil and Gas Extraction",Texas Corporation,2014-12-04T00:00:00.000,Enterprise Operator Vendor Cybersecurity Audits
TURNKEY PIPE SOLUTIONS,"TURNKEY PIPE WV, LLC",8523 GREEN RIVER DR,HOUSTON,TX,77028,213112,"Mining, Quarrying, and Oil and Gas Extraction",Limited Liability Company (LLC),2026-05-13T00:00:00.000,Enterprise Operator Vendor Cybersecurity Audits
ULTRECOVERY CORPORATION,ULTRECOVERY CORPORATION,4315 SOUTH DR,HOUSTON,TX,77053,211120,"Mining, Quarrying, and Oil and Gas Extraction",Texas Corporation,2023-06-09T00:00:00.000,Enterprise Operator Vendor Cybersecurity Audits
"UNIVERSAL FLUID SERVICES, LLC","UNIVERSAL FLUID SERVICES, LLC",2950 NORTH LOOP W STE 500,HOUSTON,TX,77092,213112,"Mining, Quarrying, and Oil and Gas Extraction",Limited Liability Company (LLC),2014-03-25T00:00:00.000,Enterprise Operator Vendor Cybersecurity Audits
"UNIVERSAL SUBSEA, INC.","UNIVERSAL SUBSEA, INC.",2041 WESTERN VILLAGE LN,HOUSTON,TX,77043,333132,"Manufacturing (Metals, Machinery, Electronics)",Texas Corporation,2024-09-18T00:00:00.000,Enterprise Operator Vendor Cybersecurity Audits
"US ECOLOGY ENERGY WASTE DISPOSAL SERVICES, LLC","US ECOLOGY ENERGY WASTE DISPOSAL SERVICES, LLC",950 ECHO LN STE 357,HOUSTON,TX,77024,213112,"Mining, Quarrying, and Oil and Gas Extraction",Corporation / Corporate Entity,2022-06-17T00:00:00.000,Enterprise Operator Vendor Cybersecurity Audits
UT QUALITY INC.,UT QUALITY INC.,10757 CUTTEN RD BLDG 1,HOUSTON,TX,77066,213112,"Mining, Quarrying, and Oil and Gas Extraction",Foreign Corporation (Out-of-State),2016-04-18T00:00:00.000,Enterprise Operator Vendor Cybersecurity Audits
"VALLOUREC TUBE-ALLOY, LLC","VALLOUREC TUBE-ALLOY, LLC",14333 SOMMERMEYER ST,HOUSTON,TX,77041,333132,"Manufacturing (Metals, Machinery, Electronics)",Corporation / Corporate Entity,2008-01-11T00:00:00.000,Enterprise Operator Vendor Cybersecurity Audits
"VAM USA, LLC","VAM USA, LLC",19210 E HARDY RD,HOUSTON,TX,77073,333132,"Manufacturing (Metals, Machinery, Electronics)",Corporation / Corporate Entity,2009-04-21T00:00:00.000,Enterprise Operator Vendor Cybersecurity Audits
VAQUERO ENERGY CORPORATION,VAQUERO ENERGY CORPORATION,10902 OLYMPIA DR,HOUSTON,TX,77042,211120,"Mining, Quarrying, and Oil and Gas Extraction",Foreign Corporation (Out-of-State),2025-01-04T00:00:00.000,Enterprise Operator Vendor Cybersecurity Audits
VECTR TECHNOLOGIES LLC,VECTR TECHNOLOGIES LLC,15815 WAVERLY DR,HOUSTON,TX,77032,213111,"Mining, Quarrying, and Oil and Gas Extraction",Corporation / Corporate Entity,2019-01-08T00:00:00.000,Enterprise Operator Vendor Cybersecurity Audits
VERDUN OIL & GAS LLC,VERDUN OIL & GAS LLC,55 WAUGH DR STE 400,HOUSTON,TX,77007,213111,"Mining, Quarrying, and Oil and Gas Extraction",Corporation / Corporate Entity,2020-05-21T00:00:00.000,Enterprise Operator Vendor Cybersecurity Audits
VERDUN OIL COMPANY III LLC,VERDUN OIL COMPANY III LLC,945 BUNKER HILL RD STE 1300,HOUSTON,TX,77024,213112,"Mining, Quarrying, and Oil and Gas Extraction",Corporation / Corporate Entity,2025-06-27T00:00:00.000,Enterprise Operator Vendor Cybersecurity Audits
"VERTECHS ENERGY SOLUTIONS, LLC","VERTECHS ENERGY SOLUTIONS, LLC",9999 BELLAIRE BLVD STE 900,HOUSTON,TX,77036,213112,"Mining, Quarrying, and Oil and Gas Extraction",Limited Liability Company (LLC),2020-11-21T00:00:00.000,Enterprise Operator Vendor Cybersecurity Audits
VERTEX RESOURCE SERVICES INC.,VERTEX RESOURCE SERVICES INC.,7223 EMPIRE CENTRAL DR,HOUSTON,TX,77040,213112,"Mining, Quarrying, and Oil and Gas Extraction",Foreign Corporation (Out-of-State),2018-04-10T00:00:00.000,Enterprise Operator Vendor Cybersecurity Audits
"VETCO GRAY, LLC","VETCO GRAY, LLC",4424 W SAM HOUSTON PKWY N STE 100,HOUSTON,TX,77041,333132,"Manufacturing (Metals, Machinery, Electronics)",Corporation / Corporate Entity,2014-10-03T00:00:00.000,Enterprise Operator Vendor Cybersecurity Audits
"VFL ENERGY TECHNOLOGIES, INC.","VFL ENERGY TECHNOLOGIES, INC.",12431 TAYLOR RD,HOUSTON,TX,77041,213112,"Mining, Quarrying, and Oil and Gas Extraction",Texas Corporation,2006-10-13T00:00:00.000,Enterprise Operator Vendor Cybersecurity Audits
VIKING POWER TECHNOLOGIES,VIKING POWER TECHNOLOGIES LLC,5203 AEROPARK DR,HOUSTON,TX,77032,333132,"Manufacturing (Metals, Machinery, Electronics)",Corporation / Corporate Entity,2021-05-05T00:00:00.000,Enterprise Operator Vendor Cybersecurity Audits
VIMES-USA,VIMES USA LLC,2727 SYNOTT RD APT 1806,HOUSTON,TX,77082,213114,"Mining, Quarrying, and Oil and Gas Extraction",Limited Liability Company (LLC),2025-12-31T00:00:00.000,Enterprise Operator Vendor Cybersecurity Audits
"VISTA PIPE & SUPPLY, LLC","VISTA PIPE & SUPPLY, LLC",9215 SOLON RD STE A1,HOUSTON,TX,77064,211120,"Mining, Quarrying, and Oil and Gas Extraction",Limited Liability Company (LLC),2025-10-03T00:00:00.000,Enterprise Operator Vendor Cybersecurity Audits
W&T OFFSHORE INC,"W&T OFFSHORE, INC.",9 GREENWAY PLZ STE 300,HOUSTON,TX,77046,211120,"Mining, Quarrying, and Oil and Gas Extraction",Texas Corporation,2008-04-11T00:00:00.000,Enterprise Operator Vendor Cybersecurity Audits
WALTER OIL & GAS CORPORATION,WALTER OIL & GAS CORPORATION,1100 LOUISIANA ST STE 200,HOUSTON,TX,77002,211120,"Mining, Quarrying, and Oil and Gas Extraction",Texas Corporation,2011-07-12T00:00:00.000,Enterprise Operator Vendor Cybersecurity Audits
"WATER LENS, LLC","WATER LENS, LLC",4265 SAN FELIPE ST STE 1100,HOUSTON,TX,77027,213112,"Mining, Quarrying, and Oil and Gas Extraction",Limited Liability Company (LLC),2023-05-18T00:00:00.000,Enterprise Operator Vendor Cybersecurity Audits
"WATER STANDARD SEPARATION SYSTEMS, LLC","WATER STANDARD SEPARATION SYSTEMS, LLC",5410 TRAFALGAR DR,HOUSTON,TX,77045,211120,"Mining, Quarrying, and Oil and Gas Extraction",Corporation / Corporate Entity,2024-08-23T00:00:00.000,Enterprise Operator Vendor Cybersecurity Audits
WATERBRIDGE TEXAS MIDSTREAM LLC,WATERBRIDGE TEXAS MIDSTREAM LLC,5555 SAN FELIPE ST STE 1200,HOUSTON,TX,77056,213112,"Mining, Quarrying, and Oil and Gas Extraction",Limited Liability Company (LLC),2022-08-27T00:00:00.000,Enterprise Operator Vendor Cybersecurity Audits
WEATHERFORD,"11 DINING, LLC",2000 SAINT JAMES PL,HOUSTON,TX,77056,211120,"Mining, Quarrying, and Oil and Gas Extraction",Corporation / Corporate Entity,2019-07-18T00:00:00.000,Enterprise Operator Vendor Cybersecurity Audits
"WEATHERFORD ARTIFICIAL LIFT SYSTEMS, LLC #14317","WEATHERFORD ARTIFICIAL LIFT SYSTEMS, LLC",2000 SAINT JAMES PL FL 3 ATTN: SALES TAX,HOUSTON,TX,77056,213112,"Mining, Quarrying, and Oil and Gas Extraction",Corporation / Corporate Entity,2021-03-04T00:00:00.000,Enterprise Operator Vendor Cybersecurity Audits
"WEATHERFORD ARTIFICIAL LIFT SYSTEMS, LLC #176776","WEATHERFORD ARTIFICIAL LIFT SYSTEMS, LLC",2000 SAINT JAMES PL,HOUSTON,TX,77056,213112,"Mining, Quarrying, and Oil and Gas Extraction",Corporation / Corporate Entity,2021-06-17T00:00:00.000,Enterprise Operator Vendor Cybersecurity Audits
"WEATHERFORD ARTIFICIAL LIFT SYSTEMS, LLC #70167","WEATHERFORD ARTIFICIAL LIFT SYSTEMS, LLC",2000 SAINT JAMES PL STE A,HOUSTON,TX,77056,333132,"Manufacturing (Metals, Machinery, Electronics)",Corporation / Corporate Entity,2014-01-30T00:00:00.000,Enterprise Operator Vendor Cybersecurity Audits
"WEATHERFORD ARTIFICIAL LIFT SYSTEMS, LLC #89158","WEATHERFORD ARTIFICIAL LIFT SYSTEMS, LLC",2000 SAINT JAMES PL,HOUSTON,TX,77056,333132,"Manufacturing (Metals, Machinery, Electronics)",Corporation / Corporate Entity,2017-02-06T00:00:00.000,Enterprise Operator Vendor Cybersecurity Audits
"WEATHERFORD MANAGEMENT, LLC","WEATHERFORD MANAGEMENT, LLC",2000 SAINT JAMES PL,HOUSTON,TX,77056,213112,"Mining, Quarrying, and Oil and Gas Extraction",Corporation / Corporate Entity,2026-06-18T00:00:00.000,Enterprise Operator Vendor Cybersecurity Audits
"WEATHERFORD U.S., L.P.","WEATHERFORD U.S., L.P.",9600 W GULF BANK RD STE A,HOUSTON,TX,77040,333132,"Manufacturing (Metals, Machinery, Electronics)",Type PF,2011-11-15T00:00:00.000,Enterprise Operator Vendor Cybersecurity Audits
"WEATHERFORD U.S., L.P.","WEATHERFORD U.S., L.P.",9600 W GULF BANK RD,HOUSTON,TX,77040,333132,"Manufacturing (Metals, Machinery, Electronics)",Type PF,2014-01-31T00:00:00.000,Enterprise Operator Vendor Cybersecurity Audits
"WEATHERFORD U.S., L.P.","WEATHERFORD U.S., L.P.",2000 SAINT JAMES PL,HOUSTON,TX,77056,333132,"Manufacturing (Metals, Machinery, Electronics)",Type PF,2014-01-31T00:00:00.000,Enterprise Operator Vendor Cybersecurity Audits
"WEATHERFORD U.S., L.P.","WEATHERFORD U.S., L.P.",2000 SAINT JAMES PL,HOUSTON,TX,77056,333132,"Manufacturing (Metals, Machinery, Electronics)",Type PF,2014-01-31T00:00:00.000,Enterprise Operator Vendor Cybersecurity Audits
"WEATHERFORD U.S., L.P.","WEATHERFORD U.S., L.P.",2000 SAINT JAMES PL,HOUSTON,TX,77056,333132,"Manufacturing (Metals, Machinery, Electronics)",Type PF,2014-02-11T00:00:00.000,Enterprise Operator Vendor Cybersecurity Audits
"WEATHERFORD U.S., L.P.","WEATHERFORD U.S., L.P.",2000 SAINT JAMES PL,HOUSTON,TX,77056,333132,"Manufacturing (Metals, Machinery, Electronics)",Type PF,2014-02-11T00:00:00.000,Enterprise Operator Vendor Cybersecurity Audits
"WEATHERFORD U.S., L.P.","WEATHERFORD U.S., L.P.",2000 SAINT JAMES PL,HOUSTON,TX,77056,333132,"Manufacturing (Metals, Machinery, Electronics)",Type PF,2014-02-11T00:00:00.000,Enterprise Operator Vendor Cybersecurity Audits
"WEATHERFORD U.S., L.P.","WEATHERFORD U.S., L.P.",11909 FM 529 RD,HOUSTON,TX,77041,333132,"Manufacturing (Metals, Machinery, Electronics)",Type PF,2014-03-12T00:00:00.000,Enterprise Operator Vendor Cybersecurity Audits
"WEATHERFORD U.S., L.P.","WEATHERFORD U.S., L.P.",2442 GREENS RD,HOUSTON,TX,77032,213112,"Mining, Quarrying, and Oil and Gas Extraction",Type PF,2023-06-21T00:00:00.000,Enterprise Operator Vendor Cybersecurity Audits
"WEATHERFORD U.S., L.P.","WEATHERFORD U.S., L.P.",15855 DIPLOMATIC PLAZA DR,HOUSTON,TX,77032,213112,"Mining, Quarrying, and Oil and Gas Extraction",Type PF,2023-06-21T00:00:00.000,Enterprise Operator Vendor Cybersecurity Audits
"WEATHERFORD U.S., L.P.","WEATHERFORD U.S., L.P.",11909 SPENCER RD,HOUSTON,TX,77041,333132,"Manufacturing (Metals, Machinery, Electronics)",Type PF,1996-02-01T00:00:00.000,Enterprise Operator Vendor Cybersecurity Audits
"WEATHERFORD U.S., L.P. #10210","WEATHERFORD U.S., L.P.",4420 W GREENS RD,HOUSTON,TX,77066,333132,"Manufacturing (Metals, Machinery, Electronics)",Type PF,2017-02-07T00:00:00.000,Enterprise Operator Vendor Cybersecurity Audits
"WEATHERFORD U.S., L.P. #114147","WEATHERFORD U.S., L.P.",2000 SAINT JAMES PL,HOUSTON,TX,77056,333132,"Manufacturing (Metals, Machinery, Electronics)",Type PF,2017-03-09T00:00:00.000,Enterprise Operator Vendor Cybersecurity Audits
"WEATHERFORD U.S., L.P. #177878","WEATHERFORD U.S., L.P.",2000 SAINT JAMES PL,HOUSTON,TX,77056,333132,"Manufacturing (Metals, Machinery, Electronics)",Type PF,2021-07-14T00:00:00.000,Enterprise Operator Vendor Cybersecurity Audits
"WEATHERFORD U.S., L.P. #337813","WEATHERFORD U.S., L.P.",15855 DIPLOMATIC PLAZA DR,HOUSTON,TX,77032,333132,"Manufacturing (Metals, Machinery, Electronics)",Type PF,2026-09-03T00:00:00.000,Enterprise Operator Vendor Cybersecurity Audits
"WEATHERFORD U.S., L.P. #35115","WEATHERFORD U.S., L.P.",2000 SAINT JAMES PL,HOUSTON,TX,77056,333132,"Manufacturing (Metals, Machinery, Electronics)",Type PF,2018-01-25T00:00:00.000,Enterprise Operator Vendor Cybersecurity Audits
"WEATHERFORD U.S., L.P. #363849","WEATHERFORD U.S., L.P.",4420 W GREENS RD,HOUSTON,TX,77066,333132,"Manufacturing (Metals, Machinery, Electronics)",Type PF,2024-08-07T00:00:00.000,Enterprise Operator Vendor Cybersecurity Audits
"WEATHERFORD U.S., L.P. #364086","WEATHERFORD U.S., L.P.",15450 DIPLOMATIC PLAZA DR,HOUSTON,TX,77032,333132,"Manufacturing (Metals, Machinery, Electronics)",Type PF,2024-08-07T00:00:00.000,Enterprise Operator Vendor Cybersecurity Audits
"WEATHERFORD U.S., L.P. #364607","WEATHERFORD U.S., L.P.",4420 W GREENS RD,HOUSTON,TX,77066,333132,"Manufacturing (Metals, Machinery, Electronics)",Type PF,2024-08-07T00:00:00.000,Enterprise Operator Vendor Cybersecurity Audits
"WEATHERFORD U.S., L.P. #365491","WEATHERFORD U.S., L.P.",4420 W GREENS RD,HOUSTON,TX,77066,333132,"Manufacturing (Metals, Machinery, Electronics)",Type PF,2024-08-07T00:00:00.000,Enterprise Operator Vendor Cybersecurity Audits
"WEATHERFORD U.S., L.P. #366041","WEATHERFORD U.S., L.P.",9933 REGAL ROW,HOUSTON,TX,77040,333132,"Manufacturing (Metals, Machinery, Electronics)",Type PF,2026-09-03T00:00:00.000,Enterprise Operator Vendor Cybersecurity Audits
"WEATHERFORD U.S., L.P. #57647","WEATHERFORD U.S., L.P.",2000 SAINT JAMES PL,HOUSTON,TX,77056,333132,"Manufacturing (Metals, Machinery, Electronics)",Type PF,2021-07-13T00:00:00.000,Enterprise Operator Vendor Cybersecurity Audits
"WEATHERFORD U.S., L.P.#232954","WEATHERFORD U.S., L.P.",11939 ALDINE WESTFIELD RD,HOUSTON,TX,77093,333132,"Manufacturing (Metals, Machinery, Electronics)",Type PF,2021-06-18T00:00:00.000,Enterprise Operator Vendor Cybersecurity Audits
"WEATHERFORD U.S., L.P.#337930","WEATHERFORD U.S., L.P.",11909 FM 529 RD,HOUSTON,TX,77041,333132,"Manufacturing (Metals, Machinery, Electronics)",Type PF,2021-06-18T00:00:00.000,Enterprise Operator Vendor Cybersecurity Audits
"WEATHERFORD U.S., L.P.#338357","WEATHERFORD U.S., L.P.",2000 SAINT JAMES PL,HOUSTON,TX,77056,333132,"Manufacturing (Metals, Machinery, Electronics)",Type PF,2021-06-18T00:00:00.000,Enterprise Operator Vendor Cybersecurity Audits
WELDFIT LLC,WELDFIT LLC,4135 DAYCO ST,HOUSTON,TX,77092,333132,"Manufacturing (Metals, Machinery, Electronics)",Limited Liability Company (LLC),1976-05-12T00:00:00.000,Enterprise Operator Vendor Cybersecurity Audits
WELL CONVEYOR LLC,WELL CONVEYOR LLC,3733 WESTHEIMER RD STE 1 PMB 1014,HOUSTON,TX,77027,213112,"Mining, Quarrying, and Oil and Gas Extraction",Corporation / Corporate Entity,2025-12-11T00:00:00.000,Enterprise Operator Vendor Cybersecurity Audits
WELLBORE INTEGRITY SOLUTIONS LLC,WELLBORE INTEGRITY SOLUTIONS LLC,1310 RANKIN RD BLDG 18,HOUSTON,TX,77073,213111,"Mining, Quarrying, and Oil and Gas Extraction",Corporation / Corporate Entity,2020-01-29T00:00:00.000,Enterprise Operator Vendor Cybersecurity Audits
"WELLMATICS, LLC","WELLMATICS, LLC",6770 MCHARD RD,HOUSTON,TX,77053,333132,"Manufacturing (Metals, Machinery, Electronics)",Corporation / Corporate Entity,2023-07-28T00:00:00.000,Enterprise Operator Vendor Cybersecurity Audits
WELLNITE SERVICES,WELLNITE SERVICES,10200 BELLAIRE BLVD,HOUSTON,TX,77072,213112,"Mining, Quarrying, and Oil and Gas Extraction",Type PB,2008-02-01T00:00:00.000,Enterprise Operator Vendor Cybersecurity Audits
"WESTERN FALCON, INC.","WESTERN FALCON, LLC",11011 SHELDON RD,HOUSTON,TX,77044,333132,"Manufacturing (Metals, Machinery, Electronics)",Limited Liability Company (LLC),2013-02-28T00:00:00.000,Enterprise Operator Vendor Cybersecurity Audits
WESTERNGECO L.L.C.,WESTERNGECO L.L.C.,10001 RICHMOND AVE,HOUSTON,TX,77042,213112,"Mining, Quarrying, and Oil and Gas Extraction",Corporation / Corporate Entity,2001-02-20T00:00:00.000,Enterprise Operator Vendor Cybersecurity Audits
WHDTECH LLC,WHDTECH LLC,5855 CUNNINGHAM RD,HOUSTON,TX,77041,213111,"Mining, Quarrying, and Oil and Gas Extraction",Limited Liability Company (LLC),2024-12-03T00:00:00.000,Enterprise Operator Vendor Cybersecurity Audits
"WILD WELL CONTROL, INC.","WILD WELL CONTROL, INC.",2202 OIL CENTER CT,HOUSTON,TX,77073,213112,"Mining, Quarrying, and Oil and Gas Extraction",Texas Corporation,2004-05-05T00:00:00.000,Enterprise Operator Vendor Cybersecurity Audits
WORLDWIDE OILFIELD MACHINE INC,"WORLDWIDE OILFIELD MACHINE, INC.",11809 CANEMONT ST,HOUSTON,TX,77035,333132,"Manufacturing (Metals, Machinery, Electronics)",Texas Corporation,1991-08-07T00:00:00.000,Enterprise Operator Vendor Cybersecurity Audits
WORLDWIDE WELLPRO LLC,GLOBAL WELLPRO LLC,18001 ALDINE WESTFIELD RD,HOUSTON,TX,77073,333132,"Manufacturing (Metals, Machinery, Electronics)",Corporation / Corporate Entity,2017-04-13T00:00:00.000,Enterprise Operator Vendor Cybersecurity Audits
"WWT INTERNATIONAL COILED TUBING SERVICES, LLC","WWT INTERNATIONAL COILED TUBING SERVICES, LLC",9758 WHITHORN DR,HOUSTON,TX,77095,333132,"Manufacturing (Metals, Machinery, Electronics)",Limited Liability Company (LLC),2022-04-21T00:00:00.000,Enterprise Operator Vendor Cybersecurity Audits
"WWT INTERNATIONAL DRILLING TOOL SERVICES, LLC","WWT INTERNATIONAL DRILLING TOOL SERVICES, LLC",9758 WHITHORN DR,HOUSTON,TX,77095,333132,"Manufacturing (Metals, Machinery, Electronics)",Corporation / Corporate Entity,1998-02-04T00:00:00.000,Enterprise Operator Vendor Cybersecurity Audits
WYATT FIELD SERVICE COMPANY,"WYATT FIELD SERVICE COMPANY, LLC",15415 KATY FWY STE 800,HOUSTON,TX,77094,213112,"Mining, Quarrying, and Oil and Gas Extraction",Limited Liability Company (LLC),2012-02-08T00:00:00.000,Enterprise Operator Vendor Cybersecurity Audits
X-ENERGY PRESSURE CONTROL,X-ENERGY PRESSURE CONTROL LLC,9800 RICHMOND AVE STE 520,HOUSTON,TX,77042,333132,"Manufacturing (Metals, Machinery, Electronics)",Limited Liability Company (LLC),2026-07-09T00:00:00.000,Enterprise Operator Vendor Cybersecurity Audits
XTREMEX MINING TECHNOLOGY INC.,XTREMEX MINING TECHNOLOGY INC.,777 POST OAK BLVD STE 730,HOUSTON,TX,77056,213114,"Mining, Quarrying, and Oil and Gas Extraction",Foreign Corporation (Out-of-State),2023-10-12T00:00:00.000,Enterprise Operator Vendor Cybersecurity Audits
ZENRG SERVICES LLC,"ZENRG SERVICES, INC.",1177 WEST LOOP S STE 1717,HOUSTON,TX,77027,211130,"Mining, Quarrying, and Oil and Gas Extraction",Foreign Corporation (Out-of-State),2023-03-17T00:00:00.000,Enterprise Operator Vendor Cybersecurity Audits
"ZUPT, LLC","ZUPT, LLC",6614 GANT RD,HOUSTON,TX,77066,213112,"Mining, Quarrying, and Oil and Gas Extraction",Limited Liability Company (LLC),2023-04-06T00:00:00.000,Enterprise Operator Vendor Cybersecurity Audits
